repository,path,sha,url
AADavilaGonzalez/investigacion-verano-2026,main.py,c44ccef516ba95bf67164a25f471ed2be43f335a,https://github.com/AADavilaGonzalez/investigacion-verano-2026/blob/b5d3f8b07ebafb9775facc839dbda20eb43f8e9d/main.py
aajonaa/llc-reproduce,scripts/pedestrain_dynamics1.py,67a71aa51bb52e5c18f57ee65bdbfb44742f4a5a,https://github.com/aajonaa/llc-reproduce/blob/ba70469b5840ce6ae1ca8b517ee76a7967893938/scripts/pedestrain_dynamics1.py
aajonaa/llc-reproduce,scripts/pedestrain_plot.py,d26766688f40c4cbe09d5acaf852c08a494d4c9f,https://github.com/aajonaa/llc-reproduce/blob/ba70469b5840ce6ae1ca8b517ee76a7967893938/scripts/pedestrain_plot.py
aajonaa/llc-reproduce,src/LorenzDynamics.py,16a96c937852487384ebaa67c7ba4d6f0fe0d619,https://github.com/aajonaa/llc-reproduce/blob/ba70469b5840ce6ae1ca8b517ee76a7967893938/src/LorenzDynamics.py
aajonaa/llc-reproduce,src/example.py,3cfb6f6d0e5e8f1ac9ea37a6e3ea43ca341a9596,https://github.com/aajonaa/llc-reproduce/blob/ba70469b5840ce6ae1ca8b517ee76a7967893938/src/example.py
aajonaa/llc-reproduce,src/pedestrian_dynamics.py,17dea64bab4ab7acbc658e241188859b7115f85e,https://github.com/aajonaa/llc-reproduce/blob/ba70469b5840ce6ae1ca8b517ee76a7967893938/src/pedestrian_dynamics.py
aajonaa/llc-reproduce,src/predator_plot.py,46aee22eee4b8a27baa1194900f2e8780ae289b1,https://github.com/aajonaa/llc-reproduce/blob/ba70469b5840ce6ae1ca8b517ee76a7967893938/src/predator_plot.py
aajonaa/llc-reproduce,src/real_epidemic_dynamics.py,20de4c8d85fcc3ec9f243f3931437984872eb7fb,https://github.com/aajonaa/llc-reproduce/blob/ba70469b5840ce6ae1ca8b517ee76a7967893938/src/real_epidemic_dynamics.py
AakilAhamed/Fuel-blend-properties-prediction,Fuel_blend_properties_prediction_.ipynb,15c82428a6337e1e50994725e53c1b484029c118,https://github.com/AakilAhamed/Fuel-blend-properties-prediction/blob/ff9aba632fbff9ac1a957ff60eca1f8bb116b34f/Fuel_blend_properties_prediction_.ipynb
aaronzoll/Inexact_Smooth_PEP,.gitignore/Junk/symb_reg_test.py,aa20c73eada966359bd1794638bbc8e8dea26afd,https://github.com/aaronzoll/Inexact_Smooth_PEP/blob/a839c2464a64cb60e10c2345beb979b59340c55d/.gitignore/Junk/symb_reg_test.py
aaroshdahal/phase_field_fracture_ml,src/data_analysis/collect_results.py,cc6385ebc28c9bc8179d784d3f33a7e749babbb0,https://github.com/aaroshdahal/phase_field_fracture_ml/blob/61d764348c6c2b0acccb77730187d7d456f8a003/src/data_analysis/collect_results.py
aaroshdahal/phase_field_fracture_ml,src/data_analysis/exploratory_analysis.ipynb,f6c6a1c7a7d2cc2e2d2650ecc7786e8e3cae577a,https://github.com/aaroshdahal/phase_field_fracture_ml/blob/61d764348c6c2b0acccb77730187d7d456f8a003/src/data_analysis/exploratory_analysis.ipynb
ABI-Software/ftuutils,src/ftuutils/templates/Neuman2DirichletSRDDEC.pyt,a35fa9a1ded4fc1c32063118726076ce1a24cb1a,https://github.com/ABI-Software/ftuutils/blob/f645188ef25ba0fbcdcc73d34327986605e47749/src/ftuutils/templates/Neuman2DirichletSRDDEC.pyt
abon11/Graphene_Strength_Surface,stress_strain_map.py,338c70b0f06695fa215767cf4285eebbee5d16e9,https://github.com/abon11/Graphene_Strength_Surface/blob/ea79ab289962cb7761ab5822a4465b25bf1cb1fe/stress_strain_map.py
ABrain-One/nn-stat,ab/stat/universal_pysr.py,7106d293c6fe65b909e446986539d36b7899e208,https://github.com/ABrain-One/nn-stat/blob/960b7c291f2a866fc3f173d021f3d3f690e6312c/ab/stat/universal_pysr.py
ACME-MG/symbolic,symbolic/models/__old__/creep.py,809dee7783eea6b4a434f2cf28e5613c7eb978e4,https://github.com/ACME-MG/symbolic/blob/5e66add393fcb70dabbe1e5e9fd6cc32f1f7fca2/symbolic/models/__old__/creep.py
ACME-MG/symbolic,symbolic/models/__old__/creep_scaled.py,22090101220d51e79eecb082541f94c2c4f541a7,https://github.com/ACME-MG/symbolic/blob/5e66add393fcb70dabbe1e5e9fd6cc32f1f7fca2/symbolic/models/__old__/creep_scaled.py
ACME-MG/symbolic,symbolic/models/__old__/creep_tes.py,e7577ffc9f1cb95847ae919aa8b99cd40b2231a8,https://github.com/ACME-MG/symbolic/blob/5e66add393fcb70dabbe1e5e9fd6cc32f1f7fca2/symbolic/models/__old__/creep_tes.py
ACME-MG/symbolic,symbolic/models/__old__/creep_tes2.py,c7ba0690c004ede37a80264a9880076c43703e47,https://github.com/ACME-MG/symbolic/blob/5e66add393fcb70dabbe1e5e9fd6cc32f1f7fca2/symbolic/models/__old__/creep_tes2.py
ACME-MG/symbolic,symbolic/models/__old__/kr_th.py,6179bf933c6fac404ba32e1602c1658087c67184,https://github.com/ACME-MG/symbolic/blob/5e66add393fcb70dabbe1e5e9fd6cc32f1f7fca2/symbolic/models/__old__/kr_th.py
ACME-MG/symbolic,symbolic/models/__old__/simple.py,55a96b28273cfcfa9694ea40c25c00e852b38a00,https://github.com/ACME-MG/symbolic/blob/5e66add393fcb70dabbe1e5e9fd6cc32f1f7fca2/symbolic/models/__old__/simple.py
ACME-MG/symbolic,symbolic/models/__old__/tensile.py,d9800a6259c48b1a990cdeb729fb6088da1d6442,https://github.com/ACME-MG/symbolic/blob/5e66add393fcb70dabbe1e5e9fd6cc32f1f7fca2/symbolic/models/__old__/tensile.py
ACME-MG/symbolic,symbolic/models/__old__/tensile_tes.py,fa6a7a4764c6467004926caaed707c758092d4fb,https://github.com/ACME-MG/symbolic/blob/5e66add393fcb70dabbe1e5e9fd6cc32f1f7fca2/symbolic/models/__old__/tensile_tes.py
ACME-MG/symbolic,symbolic/models/__old__/theta.py,dd4cd3c79c7d3644dc8b569bac6af84865e73489,https://github.com/ACME-MG/symbolic/blob/5e66add393fcb70dabbe1e5e9fd6cc32f1f7fca2/symbolic/models/__old__/theta.py
ACME-MG/symbolic,symbolic/models/cbc.py,6260ca884cd5e27cc78db50b6ab8e62d6de186ae,https://github.com/ACME-MG/symbolic/blob/5e66add393fcb70dabbe1e5e9fd6cc32f1f7fca2/symbolic/models/cbc.py
ACME-MG/symbolic,symbolic/models/creep.py,41d47735e9baf7b8c448aff78f92cacdc63a6d81,https://github.com/ACME-MG/symbolic/blob/5e66add393fcb70dabbe1e5e9fd6cc32f1f7fca2/symbolic/models/creep.py
ACME-MG/symbolic,symbolic/models/creep_scaled.py,42d790060c5ae54d169daa0f3f049d9823b4b379,https://github.com/ACME-MG/symbolic/blob/5e66add393fcb70dabbe1e5e9fd6cc32f1f7fca2/symbolic/models/creep_scaled.py
ACME-MG/symbolic,symbolic/models/creep_scaled_ox.py,2bf62ef392f237c3a32bec5a76b01acc872bd929,https://github.com/ACME-MG/symbolic/blob/5e66add393fcb70dabbe1e5e9fd6cc32f1f7fca2/symbolic/models/creep_scaled_ox.py
ACME-MG/symbolic,symbolic/models/creep_split.py,6ed168606ad643924ad920c6b9ed5499007512b7,https://github.com/ACME-MG/symbolic/blob/5e66add393fcb70dabbe1e5e9fd6cc32f1f7fca2/symbolic/models/creep_split.py
ACME-MG/symbolic,symbolic/models/custom/custom.py,59bd594a12a8e2d9d73ddadfd3ab5089ea161f30,https://github.com/ACME-MG/symbolic/blob/5e66add393fcb70dabbe1e5e9fd6cc32f1f7fca2/symbolic/models/custom/custom.py
ACME-MG/symbolic,symbolic/models/custom/ps.py,ef099531acf6f2d6da1f5e89fc0b62315a15cdc6,https://github.com/ACME-MG/symbolic/blob/5e66add393fcb70dabbe1e5e9fd6cc32f1f7fca2/symbolic/models/custom/ps.py
ACME-MG/symbolic,symbolic/models/custom/ps2.py,bde1865f4860367070b5b57b1a66398647356039,https://github.com/ACME-MG/symbolic/blob/5e66add393fcb70dabbe1e5e9fd6cc32f1f7fca2/symbolic/models/custom/ps2.py
ACME-MG/symbolic,symbolic/models/custom/st.py,b139747ddb3b192bc05d7caff63633f6d5cf752e,https://github.com/ACME-MG/symbolic/blob/5e66add393fcb70dabbe1e5e9fd6cc32f1f7fca2/symbolic/models/custom/st.py
ACME-MG/symbolic,symbolic/models/custom/st2.py,2a0a4d2a3ab5fad1a77627babce804f1a9cfcb07,https://github.com/ACME-MG/symbolic/blob/5e66add393fcb70dabbe1e5e9fd6cc32f1f7fca2/symbolic/models/custom/st2.py
ACME-MG/symbolic,symbolic/models/custom/st3.py,824f868bceb130ad5cb6d0ef6b3eae3d1b615bde,https://github.com/ACME-MG/symbolic/blob/5e66add393fcb70dabbe1e5e9fd6cc32f1f7fca2/symbolic/models/custom/st3.py
ACME-MG/symbolic,symbolic/models/d_creep.py,b16044964cb675288ecfb6b651588a9eb8252b0f,https://github.com/ACME-MG/symbolic/blob/5e66add393fcb70dabbe1e5e9fd6cc32f1f7fca2/symbolic/models/d_creep.py
ACME-MG/symbolic,symbolic/models/kr/kr_T.py,bba31c8d895f1de2e70fa3fc64f448fff6430e6b,https://github.com/ACME-MG/symbolic/blob/5e66add393fcb70dabbe1e5e9fd6cc32f1f7fca2/symbolic/models/kr/kr_T.py
ACME-MG/symbolic,symbolic/models/kr/kr_T2.py,54129ee778c5421f9dd5507ff4bc56ec94d4905a,https://github.com/ACME-MG/symbolic/blob/5e66add393fcb70dabbe1e5e9fd6cc32f1f7fca2/symbolic/models/kr/kr_T2.py
ACME-MG/symbolic,symbolic/models/kr/kr_base.py,696faaf04dc5b3c3aca486d1758491d196953d24,https://github.com/ACME-MG/symbolic/blob/5e66add393fcb70dabbe1e5e9fd6cc32f1f7fca2/symbolic/models/kr/kr_base.py
ACME-MG/symbolic,symbolic/models/old_basic.py,42dbc7a98748f7f00aeaa0062153fd5829c35971,https://github.com/ACME-MG/symbolic/blob/5e66add393fcb70dabbe1e5e9fd6cc32f1f7fca2/symbolic/models/old_basic.py
ACME-MG/symbolic,symbolic/models/old_creep.py,809dee7783eea6b4a434f2cf28e5613c7eb978e4,https://github.com/ACME-MG/symbolic/blob/5e66add393fcb70dabbe1e5e9fd6cc32f1f7fca2/symbolic/models/old_creep.py
adil-rasheed/ham,DDED/DDED-SyntheticDataGEP.ipynb,d9e166cab9c50b2d09415e060094f27ffa1b541e,https://github.com/adil-rasheed/ham/blob/5a3e12d3e7ada7a9f7a3445e4d0ea805da3ac5f5/DDED/DDED-SyntheticDataGEP.ipynb
adpena/comma-lab,tools/pr101_pysr_cmaes_trajectory_symbolic_regression.py,bc943e41a0879bf66eb8cc4d3c6c958d3da7cb4d,https://github.com/adpena/comma-lab/blob/8ac6908767c659f632a1d40828062b0058136aae/tools/pr101_pysr_cmaes_trajectory_symbolic_regression.py
adrn/torusimaging-paper2,notebooks/symbolic-regression/symbolic_regression_stuff.py,0ccf89e7171d4b9920199ef71d61aa03791898c3,https://github.com/adrn/torusimaging-paper2/blob/d146c73246a9b874cbdd54aaf66897226fb2be95/notebooks/symbolic-regression/symbolic_regression_stuff.py
AdvayMonga/cell-type-classifier,src/symbolic_regression/discover_relationships.py,dc8fb215408e912d33655581370be11dba110709,https://github.com/AdvayMonga/cell-type-classifier/blob/1237cf81b9c39c0887e24261b874e209ee6b6990/src/symbolic_regression/discover_relationships.py
AdvayMonga/cell-type-classifier,src/symbolic_regression/feature_engineering.py,adb9148f78ea27060897da92ad2b90847aa80d03,https://github.com/AdvayMonga/cell-type-classifier/blob/1237cf81b9c39c0887e24261b874e209ee6b6990/src/symbolic_regression/feature_engineering.py
AdvayMonga/cell-type-classifier,src/symbolic_regression/visualization.py,9fb91484a1681d5f3ecc3af3e8ceb2b45431f9f6,https://github.com/AdvayMonga/cell-type-classifier/blob/1237cf81b9c39c0887e24261b874e209ee6b6990/src/symbolic_regression/visualization.py
afhamahmed1/rocket-latitude-equation,docs/superpowers/plans/2026-05-11-benchmark-results-remediation.md,4a331715fbdc7a393d7947c51d5dd8fb2998ac9b,https://github.com/afhamahmed1/rocket-latitude-equation/blob/a0878f2590dbbc3d6d03ccbafca571cbed38e144/docs/superpowers/plans/2026-05-11-benchmark-results-remediation.md
afhamahmed1/rocket-latitude-equation,src/benchmark_models.py,2cc7943220c3bb026d7af70bf389b193021733e2,https://github.com/afhamahmed1/rocket-latitude-equation/blob/a0878f2590dbbc3d6d03ccbafca571cbed38e144/src/benchmark_models.py
afhamahmed1/rocket-latitude-equation,src/benchmark_pysr_env.py,f44ba5aa90e9df76eb6981153a55f2b6d3dfb71f,https://github.com/afhamahmed1/rocket-latitude-equation/blob/a0878f2590dbbc3d6d03ccbafca571cbed38e144/src/benchmark_pysr_env.py
afhamahmed1/rocket-latitude-equation,src/benchmark_pysr_preflight.py,5a9fa7fe5ee889081a17d321d56ea70a3a1982b0,https://github.com/afhamahmed1/rocket-latitude-equation/blob/a0878f2590dbbc3d6d03ccbafca571cbed38e144/src/benchmark_pysr_preflight.py
afonsoCarreira1/EnergyAwareProgramming,ml/train.py,07a7852cb4cb8dc5709780a0ebb45e25e640cfdd,https://github.com/afonsoCarreira1/EnergyAwareProgramming/blob/b67cadd99f359e8dd7190ca052068f046c164906/ml/train.py
Aieyup/GarchModeli_01,README.md,cf1702c72925928b0cd4fd0e4156f8255712050c,https://github.com/Aieyup/GarchModeli_01/blob/80f632c7d63f71201989fa46ddcba08ebff70721/README.md
Aieyup/GarchModeli_01,README.tr.md,1a982f1d46cf363b0c67d20c87ac1c1ee6a85b39,https://github.com/Aieyup/GarchModeli_01/blob/80f632c7d63f71201989fa46ddcba08ebff70721/README.tr.md
Aieyup/GarchModeli_01,main_symbolic_discovery.py,c17cb6e5f03cc87f200e1d468435bc7755ee6e9f,https://github.com/Aieyup/GarchModeli_01/blob/80f632c7d63f71201989fa46ddcba08ebff70721/main_symbolic_discovery.py
Aieyup/GarchModeli_01,models/symbolic_discovery.py,9e3faef83e8bb07b879a1aedab136de3c85da865,https://github.com/Aieyup/GarchModeli_01/blob/80f632c7d63f71201989fa46ddcba08ebff70721/models/symbolic_discovery.py
ajith4134/pattern-brain,pattern_brain/nodes/decomposition.py,f1765f2c990342d2f0f561fd04d980f3dbbd84dc,https://github.com/ajith4134/pattern-brain/blob/2bb5ae19d079483c1ea60754d826c94ed9649730/pattern_brain/nodes/decomposition.py
ajsummers/symbal,symbal/main.py,9ae10008b6aec3038286b5505bf5286dcc141075,https://github.com/ajsummers/symbal/blob/3ef755b228db72a86a6921d36b3af2d55d3740e8/symbal/main.py
akashgpt/PYSR_material_interactions,H2_H2O_immiscibility_curves__20240711_MalikB(V1a).ipynb,038129aaa3f12148028fa67c5f36a3a9b0347436,https://github.com/akashgpt/PYSR_material_interactions/blob/6bda5067ef1fc0b28e73ec6b5642c243cae84c6a/H2_H2O_immiscibility_curves__20240711_MalikB(V1a).ipynb
AkioLua/Symbolic-Equation-Discovery,src/m3_symbolic_regression/symbolic.py,2a64f52b2fe5fce82251f2699dee4db086cb0cd8,https://github.com/AkioLua/Symbolic-Equation-Discovery/blob/ceea64c693fd15109c51507ea71c98986a54882b/src/m3_symbolic_regression/symbolic.py
AkiseF/Bioinformatica,Practica12_Modelo_QSAR.ipynb,c603fc6c6c520b07dd59125ac962d82f8e74d266,https://github.com/AkiseF/Bioinformatica/blob/4e26b35ef57c60d4c24beeed7c154d998e5190ae/Practica12_Modelo_QSAR.ipynb
AkshayMalige/hls4ml,hls4ml/utils/symbolic_utils.py,9bafedc053e68829e70bcf74fd3c26bd6298b5f9,https://github.com/AkshayMalige/hls4ml/blob/c9fdea122221aa76ac27102cc332e34b10c95e6c/hls4ml/utils/symbolic_utils.py
AkshayMalige/hls4ml,test/pytest/test_sr.py,272450b65810e548132b5a421cbc0ee3c825181e,https://github.com/AkshayMalige/hls4ml/blob/c9fdea122221aa76ac27102cc332e34b10c95e6c/test/pytest/test_sr.py
alangu-hep/symbolic-surrogates,notebooks/run_tests.ipynb,3aa06de3782546357267f3a6a2ae3af523bf18cc,https://github.com/alangu-hep/symbolic-surrogates/blob/abc27ab5d285f6c3f6ae3e00fc69444bf1bd76d0/notebooks/run_tests.ipynb
alangu-hep/symbolic-surrogates,src/handlers/model_handler.py,86b8d9bc2b3255af3faa5683fe320d15565de053,https://github.com/alangu-hep/symbolic-surrogates/blob/abc27ab5d285f6c3f6ae3e00fc69444bf1bd76d0/src/handlers/model_handler.py
alangu-hep/symbolic-surrogates,src/metrics/interpretability.py,1de9a20f4f58be1faf28f3904ecd57d16a53f9da,https://github.com/alangu-hep/symbolic-surrogates/blob/abc27ab5d285f6c3f6ae3e00fc69444bf1bd76d0/src/metrics/interpretability.py
alangu-hep/symbolic-surrogates,src/ml_utils/surrogates.py,06623fd1be8b6bd34fad43cdcae24cb634b7b5e2,https://github.com/alangu-hep/symbolic-surrogates/blob/abc27ab5d285f6c3f6ae3e00fc69444bf1bd76d0/src/ml_utils/surrogates.py
albertbuchard/causal-pipe,docs/api_reference.md,6599caf9c3d1971afd4028aadb425d42db3fdfe4,https://github.com/albertbuchard/causal-pipe/blob/0b8c0324415e5d123949a019a92b2d9b4447d532/docs/api_reference.md
albertotonda/symbolic-regression-conformal-prediction,src/run_experiments.py,b27aba34219b5c75d510394a1d9fda508d2a72a4,https://github.com/albertotonda/symbolic-regression-conformal-prediction/blob/564c2f0fa2533f13c7594840bc93f4322db2e967/src/run_experiments.py
albertotonda/symbolic-regression-conformal-prediction,src/run_experiments_sr.py,ee75078d262b655037eeb27e7484ed2463f23f5c,https://github.com/albertotonda/symbolic-regression-conformal-prediction/blob/564c2f0fa2533f13c7594840bc93f4322db2e967/src/run_experiments_sr.py
albertotonda/symbolic-regression-ode-systems,src/learn_equations.py,88987d5ee1abe2ba9e2ae6e46825245b3fc41dac,https://github.com/albertotonda/symbolic-regression-ode-systems/blob/f4050248154a7aef99ed6e0a3b497f8e6d4bf867/src/learn_equations.py
albertotonda/symbolic-regression-ode-systems,utils/run_pysr_on_different_approximations.py,d146dcd0860c206235a17f55ebb8640cac283169,https://github.com/albertotonda/symbolic-regression-ode-systems/blob/f4050248154a7aef99ed6e0a3b497f8e6d4bf867/utils/run_pysr_on_different_approximations.py
albertotonda/symbolic-regression-ode-systems,utils/test.py,0ce22a988063fe6f8afd464105d4d2ca484b58b2,https://github.com/albertotonda/symbolic-regression-ode-systems/blob/f4050248154a7aef99ed6e0a3b497f8e6d4bf867/utils/test.py
albertotonda/symbolic-regression-ode-systems,utils/test_odebench.py,455daca3c099861c7aebfad86f39282fcb2eae01,https://github.com/albertotonda/symbolic-regression-ode-systems/blob/f4050248154a7aef99ed6e0a3b497f8e6d4bf867/utils/test_odebench.py
albertotonda/symbolic-regression-vs-ensembles,results_20260513/openml_ctr23_statistics.csv,b0a25aa435644d78af58bcdd1c821a8a11d6a2e7,https://github.com/albertotonda/symbolic-regression-vs-ensembles/blob/6597e02a884a7192e3cb5c86da11d3591b946e2b/results_20260513/openml_ctr23_statistics.csv
albertotonda/symbolic-regression-vs-ensembles,src/_debugging_pysr_ordinal_regression.py,3c5bc0b06bc7d89a326161dac2f84852af8f9963,https://github.com/albertotonda/symbolic-regression-vs-ensembles/blob/6597e02a884a7192e3cb5c86da11d3591b946e2b/src/_debugging_pysr_ordinal_regression.py
albertotonda/symbolic-regression-vs-ensembles,src/analyze_equations_deeper.py,1a9efd1b80dba066aae07b101c4d6fcce8889fc1,https://github.com/albertotonda/symbolic-regression-vs-ensembles/blob/6597e02a884a7192e3cb5c86da11d3591b946e2b/src/analyze_equations_deeper.py
albertotonda/symbolic-regression-vs-ensembles,src/analyze_equations_simplify.py,d9c51a9d60862eda906bd05a7c3ac3580fd90ff0,https://github.com/albertotonda/symbolic-regression-vs-ensembles/blob/6597e02a884a7192e3cb5c86da11d3591b946e2b/src/analyze_equations_simplify.py
albertotonda/symbolic-regression-vs-ensembles,src/analyze_improvements.ipynb,abfb1ec184e87e85a02ac4c2ebb7e96270975cd0,https://github.com/albertotonda/symbolic-regression-vs-ensembles/blob/6597e02a884a7192e3cb5c86da11d3591b946e2b/src/analyze_improvements.ipynb
albertotonda/symbolic-regression-vs-ensembles,src/analyze_results.ipynb,0536227b9f3afd72e5793537b85f741befd0a72f,https://github.com/albertotonda/symbolic-regression-vs-ensembles/blob/6597e02a884a7192e3cb5c86da11d3591b946e2b/src/analyze_results.ipynb
albertotonda/symbolic-regression-vs-ensembles,src/make_latex_equation_block.py,4cd1d2e80f4ab743326fb8fd643acd86b594f4a4,https://github.com/albertotonda/symbolic-regression-vs-ensembles/blob/6597e02a884a7192e3cb5c86da11d3591b946e2b/src/make_latex_equation_block.py
albertotonda/symbolic-regression-vs-ensembles,src/make_plots.ipynb,ad9fa0b2a932b739461bcead7a42e6964b8c18f3,https://github.com/albertotonda/symbolic-regression-vs-ensembles/blob/6597e02a884a7192e3cb5c86da11d3591b946e2b/src/make_plots.ipynb
albertotonda/symbolic-regression-vs-ensembles,src/make_simplified_expressions.jl,2dafb2457bf23c50096895c566cd41c6d2398be3,https://github.com/albertotonda/symbolic-regression-vs-ensembles/blob/6597e02a884a7192e3cb5c86da11d3591b946e2b/src/make_simplified_expressions.jl
albertotonda/symbolic-regression-vs-ensembles,src/test_openml_ctr23.py,cf22fe8b577082982d4bb03c085b3c147e6e0302,https://github.com/albertotonda/symbolic-regression-vs-ensembles/blob/6597e02a884a7192e3cb5c86da11d3591b946e2b/src/test_openml_ctr23.py
alexandrojim/TP5-students,exo1.md,b9a1ea8e35e01ad7b4f6c0b572fc4a75ea6079cb,https://github.com/alexandrojim/TP5-students/blob/4e19be473eb7ef07b139185c82d21a810b209b5d/exo1.md
AlexGoldie/learn-rl-algorithms,README.md,e7fa1eb1e432f07179c80b5ed8a024e8f8ba9b25,https://github.com/AlexGoldie/learn-rl-algorithms/blob/5c52f68641b330dafe3804873cd54265af3a8cec/README.md
AlexGoldie/learn-rl-algorithms,algorithms/learning_algorithms/symbolic_distillation/lpo_symbolic_distil.py,752713d6c0c5452ce4721d396e05c38d15a00f59,https://github.com/AlexGoldie/learn-rl-algorithms/blob/5c52f68641b330dafe3804873cd54265af3a8cec/algorithms/learning_algorithms/symbolic_distillation/lpo_symbolic_distil.py
AlexGoldie/learn-rl-algorithms,algorithms/learning_algorithms/symbolic_distillation/no_feat_symbolic_distil.py,ff0fe14863f3dbe2f4223eed8f17b9ba5ddeb669,https://github.com/AlexGoldie/learn-rl-algorithms/blob/5c52f68641b330dafe3804873cd54265af3a8cec/algorithms/learning_algorithms/symbolic_distillation/no_feat_symbolic_distil.py
AlexGoldie/learn-rl-algorithms,algorithms/learning_algorithms/symbolic_distillation/open_ff_symbolic_distil.py,21c102a6e3cb058eb42ed50836d137abf9c6af80,https://github.com/AlexGoldie/learn-rl-algorithms/blob/5c52f68641b330dafe3804873cd54265af3a8cec/algorithms/learning_algorithms/symbolic_distillation/open_ff_symbolic_distil.py
alexon1033/AlexSackett_SymbollicRegression,aifeyn/experimental/run.py,b669f7dfdcc0c4e6fbffc9125e762c6b1f8a6a67,https://github.com/alexon1033/AlexSackett_SymbollicRegression/blob/f74c4bf624e91d7202a683d4ae481f5d21e14f51/aifeyn/experimental/run.py
alexon1033/AlexSackett_SymbollicRegression,pysr/experimental/batterySR.py,d1d4ddda9566969b060051c7aee406636200a847,https://github.com/alexon1033/AlexSackett_SymbollicRegression/blob/f74c4bf624e91d7202a683d4ae481f5d21e14f51/pysr/experimental/batterySR.py
alexon1033/AlexSackett_SymbollicRegression,pysr/experimental/pysr_run.py,2626342d2e078ad098990988dfd71e0c1dd36caf,https://github.com/alexon1033/AlexSackett_SymbollicRegression/blob/f74c4bf624e91d7202a683d4ae481f5d21e14f51/pysr/experimental/pysr_run.py
alexon1033/AlexSackett_SymbollicRegression,pysr/experimental/run.py,b669f7dfdcc0c4e6fbffc9125e762c6b1f8a6a67,https://github.com/alexon1033/AlexSackett_SymbollicRegression/blob/f74c4bf624e91d7202a683d4ae481f5d21e14f51/pysr/experimental/run.py
alexon1033/AlexSackett_SymbollicRegression,pysr/gaussian/pysr_run.py,2626342d2e078ad098990988dfd71e0c1dd36caf,https://github.com/alexon1033/AlexSackett_SymbollicRegression/blob/f74c4bf624e91d7202a683d4ae481f5d21e14f51/pysr/gaussian/pysr_run.py
alexon1033/AlexSackett_SymbollicRegression,pysr/runge/pysr_run.py,aeea0ba6b2054272838c9b918c05002a9d58019e,https://github.com/alexon1033/AlexSackett_SymbollicRegression/blob/f74c4bf624e91d7202a683d4ae481f5d21e14f51/pysr/runge/pysr_run.py
alexpayne556-collab/quantum-ai-trader_v1.1,core/logic_engine.py,c9ee1ddfb419c4b4d2d5ae755f2133c97753401e,https://github.com/alexpayne556-collab/quantum-ai-trader_v1.1/blob/2da7534c65f8227d310938f26b717a1deb3e54a7/core/logic_engine.py
Alice-Shimada/PyCDE,pysr_experiment.py,065585b971566fc466c9edc4ba52bcd0949e06a3,https://github.com/Alice-Shimada/PyCDE/blob/48c143a1165aeec6a49fdbfdfa13eadbffbd10f0/pysr_experiment.py
Alice-Shimada/PyCDE,source/regression.py,2d12aac6fab98ebc17e360fd49686ec789fe328f,https://github.com/Alice-Shimada/PyCDE/blob/48c143a1165aeec6a49fdbfdfa13eadbffbd10f0/source/regression.py
alirezadaghigh99/Code-Generation-Benchmark,PySR/pysr/sr.py,632f0341d1f4c897ac5d739950ad30c9afee2408,https://github.com/alirezadaghigh99/Code-Generation-Benchmark/blob/545d9ccadc9f935f22c77e1f82b6dac754596f5a/PySR/pysr/sr.py
Alkistis/Hubble-SR,HubbleRate.ipynb,b7c01aa476255296223e63ef51467d60ddf16d93,https://github.com/Alkistis/Hubble-SR/blob/38d01316068f24b71992b96ccfe28c89d9cdfe00/HubbleRate.ipynb
americast/EpiGPT,src/experiments/run_simplicity_bias.py,d61180b4541d612d1bb08841196b24a9d18137da,https://github.com/americast/EpiGPT/blob/906db83675ae527a77a1e33d73cfeacb528aaee8/src/experiments/run_simplicity_bias.py
ameya98/ActionAngleNetworks,action_angle_networks/notebooks/conservation_laws.ipynb,8a625dbf2940ebc220b53d2647622cb5470e895e,https://github.com/ameya98/ActionAngleNetworks/blob/0ad6f4eaad61433700b556895fcea4be5e6fd062/action_angle_networks/notebooks/conservation_laws.ipynb
Amin9666/GeoResearch,fault_ae/symbolic_regression.py,31e74a6ba415913b3b3e9f3cc4c6821ce00a0989,https://github.com/Amin9666/GeoResearch/blob/d9b0816f8d08f2396534c4c651162639d704514f/fault_ae/symbolic_regression.py
Amin9666/GeoResearch,iris/comparison.py,b7445fc79399f69cf42751e2a2e22db2ce27ddc8,https://github.com/Amin9666/GeoResearch/blob/d9b0816f8d08f2396534c4c651162639d704514f/iris/comparison.py
Amin9666/GeoResearch,iris/symbolic_regression.py,5c9c503ce0056bb8f0cc9be232350e2551c3eeba,https://github.com/Amin9666/GeoResearch/blob/d9b0816f8d08f2396534c4c651162639d704514f/iris/symbolic_regression.py
AndreasGeorgiou03/Interpretable-Structural-Dynamics,notebooks/pysr.ipynb,8f5db4ab2cd9155c8981eedf9b65926a8af15e55,https://github.com/AndreasGeorgiou03/Interpretable-Structural-Dynamics/blob/d961eee62ad82fcf1109a090c2a8da36ff21de78/notebooks/pysr.ipynb
AndreasGeorgiou03/Interpretable-Structural-Dynamics,src/project/experiments/README_pysr_3dof.md,61068748aa41d1f55a9baff75dc63ee1ddc5943b,https://github.com/AndreasGeorgiou03/Interpretable-Structural-Dynamics/blob/d961eee62ad82fcf1109a090c2a8da36ff21de78/src/project/experiments/README_pysr_3dof.md
AndreasGeorgiou03/Interpretable-Structural-Dynamics,src/project/experiments/pysr_3dof.py,ec4f23fedae8455f5f9c3b5e6a44a11ab2cf28df,https://github.com/AndreasGeorgiou03/Interpretable-Structural-Dynamics/blob/d961eee62ad82fcf1109a090c2a8da36ff21de78/src/project/experiments/pysr_3dof.py
Andrew01221/PSY299,symbolicregression.py,4faae9cc68c1f3687e5f28e7857ade48b50aa5ab,https://github.com/Andrew01221/PSY299/blob/74a7659d438ebc3422744f5ef1257278b3db042e/symbolicregression.py
andrewni2002/DALex,srbench/experiment/methods/PySRRegressor.py,cea9f1e1e0c927025266db4751bb7a8bbb19f031,https://github.com/andrewni2002/DALex/blob/fed2ec3982203bc07022864718e644c99c92fd28/srbench/experiment/methods/PySRRegressor.py
andrewni2002/DALex,srbench/experiment/symbolic_algs.py,eb496179b5a6d765a48ec6fe63f724c26b7b0544,https://github.com/andrewni2002/DALex/blob/fed2ec3982203bc07022864718e644c99c92fd28/srbench/experiment/symbolic_algs.py
anekjolner/Master,Models/PySRegressor.py,707e7bedad48067dd6c56fb7a32ba86e7f3f1f30,https://github.com/anekjolner/Master/blob/0eb15e56469948c4d7a7309fcf5229c2a1b3a3e7/Models/PySRegressor.py
ankitgarg7703/Pysr,README.md,417fc605c8dab83186fc97f8bbe1e748953e23ba,https://github.com/ankitgarg7703/Pysr/blob/06a70dd785b93c6198262d301d21996b433ff28a/README.md
ankitgarg7703/Pysr,benchmarks/hyperparamopt.py,e6f4b1cf03c41aa2325d7b67ba1b3316741ac481,https://github.com/ankitgarg7703/Pysr/blob/06a70dd785b93c6198262d301d21996b433ff28a/benchmarks/hyperparamopt.py
ankitgarg7703/Pysr,docs/_api.md,bbc6c1f2f2a1f5c3e033adf765bec3fbe77fa058,https://github.com/ankitgarg7703/Pysr/blob/06a70dd785b93c6198262d301d21996b433ff28a/docs/_api.md
ankitgarg7703/Pysr,docs/gen_param_docs.py,8b12ab9bff7b56c827aadb5c7069906651a921f6,https://github.com/ankitgarg7703/Pysr/blob/06a70dd785b93c6198262d301d21996b433ff28a/docs/gen_param_docs.py
ankitgarg7703/Pysr,docs/operators.md,1777d28d6f4d1929533c30e088235227a155d1e7,https://github.com/ankitgarg7703/Pysr/blob/06a70dd785b93c6198262d301d21996b433ff28a/docs/operators.md
ankitgarg7703/Pysr,docs/tuning.md,aac4d1260695cca40d4c64022383260ba2b6dd22,https://github.com/ankitgarg7703/Pysr/blob/06a70dd785b93c6198262d301d21996b433ff28a/docs/tuning.md
ankitgarg7703/Pysr,example.py,e3b7deeecb1530f38f9e88b67ef80e33d1216b9b,https://github.com/ankitgarg7703/Pysr/blob/06a70dd785b93c6198262d301d21996b433ff28a/example.py
ankitgarg7703/Pysr,examples/pysr_demo.ipynb,31d475985155eb461c12acd49e4b274d6ec25caf,https://github.com/ankitgarg7703/Pysr/blob/06a70dd785b93c6198262d301d21996b433ff28a/examples/pysr_demo.ipynb
ankitgarg7703/Pysr,pysr/__init__.py,99c6a9742ed526d4b13bb86be4ff4865a99c7406,https://github.com/ankitgarg7703/Pysr/blob/06a70dd785b93c6198262d301d21996b433ff28a/pysr/__init__.py
ankitgarg7703/Pysr,pysr/deprecated.py,ecfeb45e59ad9475015152082ff2330ffb1c2671,https://github.com/ankitgarg7703/Pysr/blob/06a70dd785b93c6198262d301d21996b433ff28a/pysr/deprecated.py
ankitgarg7703/Pysr,pysr/julia_helpers.py,7918c5e6d254ed0a9df08a13d4deee971c3cece9,https://github.com/ankitgarg7703/Pysr/blob/06a70dd785b93c6198262d301d21996b433ff28a/pysr/julia_helpers.py
ankitgarg7703/Pysr,pysr/sr.py,d824b52c26550992f78dd99cdd4bdec13f16a51b,https://github.com/ankitgarg7703/Pysr/blob/06a70dd785b93c6198262d301d21996b433ff28a/pysr/sr.py
ankitgarg7703/Pysr,pysr/test/test.py,120f34d08c503d949bac77171060ab207bc5cb7a,https://github.com/ankitgarg7703/Pysr/blob/06a70dd785b93c6198262d301d21996b433ff28a/pysr/test/test.py
ankitgarg7703/Pysr,pysr/test/test_jax.py,aaafb97cf6b3be04987c56df7f2c87c83baf3ae6,https://github.com/ankitgarg7703/Pysr/blob/06a70dd785b93c6198262d301d21996b433ff28a/pysr/test/test_jax.py
ankitgarg7703/Pysr,pysr/test/test_torch.py,5a71af71ff55decc488a86fb47cbe99bb90a231d,https://github.com/ankitgarg7703/Pysr/blob/06a70dd785b93c6198262d301d21996b433ff28a/pysr/test/test_torch.py
anmpahwa/CE5540,book/content/lecture_24.ipynb,756736c61c62d4945343b4cfd3042cf56afb4e44,https://github.com/anmpahwa/CE5540/blob/567f14aa7b98b85fdb2655baa2889fba6c2972ce/book/content/lecture_24.ipynb
anonymoussubmission2026-reproduce/EvoDiverse,equation_discovery/symbolicreg/bench/searchers/pysr.py,8fd0db3074f5093627a854c0b6d5d809967b69b6,https://github.com/anonymoussubmission2026-reproduce/EvoDiverse/blob/792a5f166ddb27c4b18a6b06fb92ec4b4d431f3f/equation_discovery/symbolicreg/bench/searchers/pysr.py
antolonappan/kSZscaler,Notebooks/test5.ipynb,d4e6b86fa4be637044058bf05c0de7bc05788a82,https://github.com/antolonappan/kSZscaler/blob/484977fba69ced2be6c6d8c62ee69eab4ed8dd5a/Notebooks/test5.ipynb
antonyxsik/EQ_Discovery_4Climate,Fellow_A/functions.py,cb37380eb61e75b666dd28b8c18460dc5d64096d,https://github.com/antonyxsik/EQ_Discovery_4Climate/blob/3b459492c2ef1f739a2f6ea96bcb9ae21008e53b/Fellow_A/functions.py
antonyxsik/EQ_Discovery_4Climate,Fellow_A/old_notebooks/old_data_exploration.ipynb,5a89d5f921082e3e5377a2883d46201fc72d3cbe,https://github.com/antonyxsik/EQ_Discovery_4Climate/blob/3b459492c2ef1f739a2f6ea96bcb9ae21008e53b/Fellow_A/old_notebooks/old_data_exploration.ipynb
antonyxsik/EQ_Discovery_4Climate,REU_L_G/DataPlotIntros_Greta.ipynb,91d197c2580deaec6d5c83d96fc043acce276a67,https://github.com/antonyxsik/EQ_Discovery_4Climate/blob/3b459492c2ef1f739a2f6ea96bcb9ae21008e53b/REU_L_G/DataPlotIntros_Greta.ipynb
antonyxsik/EQ_Discovery_4Climate,REU_L_G/entrainment_velocity_equation_discovery.ipynb,021e561a1f36fa2f84e8113703edbe35326341f8,https://github.com/antonyxsik/EQ_Discovery_4Climate/blob/3b459492c2ef1f739a2f6ea96bcb9ae21008e53b/REU_L_G/entrainment_velocity_equation_discovery.ipynb
Aphiticus/Riemann-Symbolic-Regression-Theory,Zeta Equation Search.py,a2b1b1bca9c295152846e7cb1f559e96f4e46cd6,https://github.com/Aphiticus/Riemann-Symbolic-Regression-Theory/blob/1e7f6e37385ba3320cea22a518aab9a89dc09228/Zeta Equation Search.py
arachraf/testhls4ml,hls4ml/utils/symbolic_utils.py,9bafedc053e68829e70bcf74fd3c26bd6298b5f9,https://github.com/arachraf/testhls4ml/blob/631332cb8ffb59e5d0316b0e7d4cc9233a3bb552/hls4ml/utils/symbolic_utils.py
arachraf/testhls4ml,test/pytest/test_sr.py,272450b65810e548132b5a421cbc0ee3c825181e,https://github.com/arachraf/testhls4ml/blob/631332cb8ffb59e5d0316b0e7d4cc9233a3bb552/test/pytest/test_sr.py
aRcHmaGe333/ECOmpile,ECOmpile Complete Publication.md,919f969676bfd1dd0d53b15517e3abc79abb4961,https://github.com/aRcHmaGe333/ECOmpile/blob/7d92e146247f658fd41253577b77ccbcfd824fc4/ECOmpile%20Complete%20Publication.md
arghyadutta/AIComplexSystems,10-notebook.ipynb,da7708f0ee8421a73d0d57c6aebbc02e4a9ce959,https://github.com/arghyadutta/AIComplexSystems/blob/f243f070cda18d70226fef7365d4854d2d9491ec/10-notebook.ipynb
ari-maller/tng-code,pipeline.py,e8a30c21e16c6944ed839e2ddce2ba722921f619,https://github.com/ari-maller/tng-code/blob/278867413592d40fa739355ef1d31332ed470795/pipeline.py
Armanmeraj/Mirage-AI,src/run_symbolic.py,433bfd10292c44c25ebaa69e3232894a8cc62492,https://github.com/Armanmeraj/Mirage-AI/blob/62a98219b48750798796acb0a83e74b0f561c8c4/src/run_symbolic.py
Armanmeraj/Mirage-AI,src/run_symbolic_two_body.py,46a4fcc2f7d1434d38a9eda486bc2d3b26139409,https://github.com/Armanmeraj/Mirage-AI/blob/62a98219b48750798796acb0a83e74b0f561c8c4/src/run_symbolic_two_body.py
arnablahiry/SymReg-L1-Norm,archive/pysr_legacy/cosmo_symreg.py,05c8b893ee691c89d71edeb616768529eefc8585,https://github.com/arnablahiry/SymReg-L1-Norm/blob/20b610d8a6125e14052283b4563d0bdc46e49b3c/archive/pysr_legacy/cosmo_symreg.py
arnablahiry/SymReg-L1-Norm,methods/pysr/covariance_diagonal/cosmo_covariance_diagonal_pysr.py,ed0c8eaddc358044c84d5da6e6860bcc0ba8ed90,https://github.com/arnablahiry/SymReg-L1-Norm/blob/20b610d8a6125e14052283b4563d0bdc46e49b3c/methods/pysr/covariance_diagonal/cosmo_covariance_diagonal_pysr.py
arnablahiry/SymReg-L1-Norm,methods/pysr/direct/cosmo_symreg_S8.py,8120e6953206fbb6f60020b6eceec4c26d874006,https://github.com/arnablahiry/SymReg-L1-Norm/blob/20b610d8a6125e14052283b4563d0bdc46e49b3c/methods/pysr/direct/cosmo_symreg_S8.py
arnablahiry/SymReg-L1-Norm,methods/pysr/direct/cosmo_symreg_direct.py,c779872c4f2651002b065983d5bf7354f720284b,https://github.com/arnablahiry/SymReg-L1-Norm/blob/20b610d8a6125e14052283b4563d0bdc46e49b3c/methods/pysr/direct/cosmo_symreg_direct.py
arnablahiry/SymReg-L1-Norm,methods/pysr/per_bin_covariance/cosmo_per_bin_covariance_pysr.py,37d0e15a3b26af6bb342122c7b5c98c2da8937a7,https://github.com/arnablahiry/SymReg-L1-Norm/blob/20b610d8a6125e14052283b4563d0bdc46e49b3c/methods/pysr/per_bin_covariance/cosmo_per_bin_covariance_pysr.py
ArthurTouati/Calcul_symbolique_IA,exo4.py,d3c46b3b91ed75cd0b63ddf0561bfddb99ea08c8,https://github.com/ArthurTouati/Calcul_symbolique_IA/blob/6dc346cf26d5fa5c85a41de381f2d65683e51a43/exo4.py
artifact-opensource/reasonatp,core/symbolic_regressor.py,f14c72347cd4133f386c111ec0e34574d889d152,https://github.com/artifact-opensource/reasonatp/blob/385e3bcc82abb7f7d7feb8bbef59f7e4450855a5/core/symbolic_regressor.py
artur-shlyapnikov/hn-distill,data/raw/comments/46006598.json,2843300612a185b36e75a953057b76be4d4491cc,https://github.com/artur-shlyapnikov/hn-distill/blob/7eb5ab8d3f10a32c8f269701eed58674c6aedb0a/data/raw/comments/46006598.json
AryaK21/vde-symblic-control,src/run_pysr.py,f9b6dbd5efa89728d83d3ba2aaa84275d041f50f,https://github.com/AryaK21/vde-symblic-control/blob/3673f802d771137cf14195e0f00f78b5f4e90acd/src/run_pysr.py
asfandyarazhar13/dycote,run_pipeline.py,63576916bb68086c4662d495a244a871340c23a2,https://github.com/asfandyarazhar13/dycote/blob/42580f30dbaebf7810991690a54fe97b163d9834/run_pipeline.py
ast0815/covfit,derating_approximation.ipynb,e0d450105e4480d455d94077d3cdf72de611e8d7,https://github.com/ast0815/covfit/blob/2b7eb16cc6c1a47d5d054094b786f2162162f815/derating_approximation.ipynb
astroautomata/PySR,.github/workflows/CI.yml,908b73ee2a259eac9cab33d1190cbe1b2af517a7,https://github.com/astroautomata/PySR/blob/61e656a858212ad82fd50b93864a11e633d89ba8/.github/workflows/CI.yml
astroautomata/PySR,CHANGELOG.md,10cae715c0178b92a8296e14427149f6b3302c8f,https://github.com/astroautomata/PySR/blob/61e656a858212ad82fd50b93864a11e633d89ba8/CHANGELOG.md
astroautomata/PySR,README.md,62f5756261eee0c5673c7d3816da622cf1f8ca55,https://github.com/astroautomata/PySR/blob/61e656a858212ad82fd50b93864a11e633d89ba8/README.md
astroautomata/PySR,benchmarks/hyperparamopt.py,385fc64476d765cb2039f400d5f570e1fb0c5f87,https://github.com/astroautomata/PySR/blob/61e656a858212ad82fd50b93864a11e633d89ba8/benchmarks/hyperparamopt.py
astroautomata/PySR,docs/gen_param_docs.py,be26f217ca4d95662f595b9e19ae9d5fb870534b,https://github.com/astroautomata/PySR/blob/61e656a858212ad82fd50b93864a11e633d89ba8/docs/gen_param_docs.py
astroautomata/PySR,docs/src/_api_template.md,28cfa315568a93c3060e2ef9239378ccde46b0ff,https://github.com/astroautomata/PySR/blob/61e656a858212ad82fd50b93864a11e633d89ba8/docs/src/_api_template.md
astroautomata/PySR,docs/src/backend.md,801f353cb51a6a7bec1d776945a8c3dd1b0ea3c9,https://github.com/astroautomata/PySR/blob/61e656a858212ad82fd50b93864a11e633d89ba8/docs/src/backend.md
astroautomata/PySR,docs/src/examples.md,138dc12cea811501d9892d235395b94a25c38411,https://github.com/astroautomata/PySR/blob/61e656a858212ad82fd50b93864a11e633d89ba8/docs/src/examples.md
astroautomata/PySR,docs/src/operators.md,be1f161359a213a9a11bb7dc785cf437f3193328,https://github.com/astroautomata/PySR/blob/61e656a858212ad82fd50b93864a11e633d89ba8/docs/src/operators.md
astroautomata/PySR,docs/src/options.md,7a8f5c11e0e2c36340d7d4f0c6985e577b984bff,https://github.com/astroautomata/PySR/blob/61e656a858212ad82fd50b93864a11e633d89ba8/docs/src/options.md
astroautomata/PySR,docs/src/tuning.md,443789e49903805ccf2f6155bedf6de4165d4a37,https://github.com/astroautomata/PySR/blob/61e656a858212ad82fd50b93864a11e633d89ba8/docs/src/tuning.md
astroautomata/PySR,example.py,c39cab9cc4bc8a0ec7ff2f274c68c5d2b43c8922,https://github.com/astroautomata/PySR/blob/61e656a858212ad82fd50b93864a11e633d89ba8/example.py
astroautomata/PySR,pysr/__init__.py,3e3f7c8bef02bb17b947f199f9492511b5d8d586,https://github.com/astroautomata/PySR/blob/61e656a858212ad82fd50b93864a11e633d89ba8/pysr/__init__.py
astroautomata/PySR,pysr/deprecated.py,8905f28238b773349952545d81cf1b50a7623e1f,https://github.com/astroautomata/PySR/blob/61e656a858212ad82fd50b93864a11e633d89ba8/pysr/deprecated.py
astroautomata/PySR,pysr/sr.py,f09b8bc50dcdd735d777c717e900a97e3fe2513f,https://github.com/astroautomata/PySR/blob/61e656a858212ad82fd50b93864a11e633d89ba8/pysr/sr.py
astroautomata/PySR,pysr/test/params.py,10de46c997adc2bb90f7f366cb5baf65c4e68899,https://github.com/astroautomata/PySR/blob/61e656a858212ad82fd50b93864a11e633d89ba8/pysr/test/params.py
astroautomata/PySR,pysr/test/test_autodiff.py,367df0f79ce5df61012c25b4852bc9398e003d11,https://github.com/astroautomata/PySR/blob/61e656a858212ad82fd50b93864a11e633d89ba8/pysr/test/test_autodiff.py
astroautomata/PySR,pysr/test/test_jax.py,d261afcf5043da6f9c345b6b8360c7cf9ef4d91c,https://github.com/astroautomata/PySR/blob/61e656a858212ad82fd50b93864a11e633d89ba8/pysr/test/test_jax.py
astroautomata/PySR,pysr/test/test_main.py,b703ff752bb250ad2dd01e9cf362728b21be0354,https://github.com/astroautomata/PySR/blob/61e656a858212ad82fd50b93864a11e633d89ba8/pysr/test/test_main.py
astroautomata/PySR,pysr/test/test_nb.ipynb,0a2050a2aa9de4bc98b9cb281000b71bcf1c0905,https://github.com/astroautomata/PySR/blob/61e656a858212ad82fd50b93864a11e633d89ba8/pysr/test/test_nb.ipynb
astroautomata/PySR,pysr/test/test_slurm.py,bda248c91c2e6ff4bba37835a5869f5ec9eb25a8,https://github.com/astroautomata/PySR/blob/61e656a858212ad82fd50b93864a11e633d89ba8/pysr/test/test_slurm.py
astroautomata/PySR,pysr/test/test_startup.py,8bd81cd932570f5ecfd1221f510dd680472b5e12,https://github.com/astroautomata/PySR/blob/61e656a858212ad82fd50b93864a11e633d89ba8/pysr/test/test_startup.py
astroautomata/PySR,pysr/test/test_torch.py,e66e7d960640852f4c8bc44d6478d375ccab6ce3,https://github.com/astroautomata/PySR/blob/61e656a858212ad82fd50b93864a11e633d89ba8/pysr/test/test_torch.py
astroautomata/SymTorch,docs/_build/html/_modules/symtorch/SymbolicModel.html,dcd35ed71b1a5a350f719136c2945842999bbd14,https://github.com/astroautomata/SymTorch/blob/5bcb4c85298d43aac64199cee1f48e06c7f96da4/docs/_build/html/_modules/symtorch/SymbolicModel.html
astroautomata/SymTorch,docs/_build/html/_sources/api_reference.rst.txt,b36632bbd280e10d36ea5827162d7efee346db1f,https://github.com/astroautomata/SymTorch/blob/5bcb4c85298d43aac64199cee1f48e06c7f96da4/docs/_build/html/_sources/api_reference.rst.txt
astroautomata/SymTorch,docs/_build/html/_sources/demos/api_demos/getting_started_demo.ipynb.txt,ae33dcf753ba165ce20b74e53e3ff3e06279f713,https://github.com/astroautomata/SymTorch/blob/5bcb4c85298d43aac64199cee1f48e06c7f96da4/docs/_build/html/_sources/demos/api_demos/getting_started_demo.ipynb.txt
astroautomata/SymTorch,docs/_build/html/_sources/demos/api_demos/pruning_demo.ipynb.txt,c619a9450004d6db9983f4084046d315b7ab110e,https://github.com/astroautomata/SymTorch/blob/5bcb4c85298d43aac64199cee1f48e06c7f96da4/docs/_build/html/_sources/demos/api_demos/pruning_demo.ipynb.txt
astroautomata/SymTorch,docs/_build/html/_sources/demos/api_demos/slime_demo.ipynb.txt,496557174d8d09a615e63ca84990c29aa7f296ee,https://github.com/astroautomata/SymTorch/blob/5bcb4c85298d43aac64199cee1f48e06c7f96da4/docs/_build/html/_sources/demos/api_demos/slime_demo.ipynb.txt
astroautomata/SymTorch,docs/_build/html/_sources/demos/llm_maths_demo.ipynb.txt,c89becccc79a86cf201aa83c96ef923770ff7951,https://github.com/astroautomata/SymTorch/blob/5bcb4c85298d43aac64199cee1f48e06c7f96da4/docs/_build/html/_sources/demos/llm_maths_demo.ipynb.txt
astroautomata/SymTorch,docs/_build/html/_sources/demos/pinns_demo.ipynb.txt,65fb32c96f780e0f367547363d3deb57c6a4c39c,https://github.com/astroautomata/SymTorch/blob/5bcb4c85298d43aac64199cee1f48e06c7f96da4/docs/_build/html/_sources/demos/pinns_demo.ipynb.txt
astroautomata/SymTorch,docs/_build/html/api_reference.html,6ca99c1ab982174e4139c6c37a50c454c641a36b,https://github.com/astroautomata/SymTorch/blob/5bcb4c85298d43aac64199cee1f48e06c7f96da4/docs/_build/html/api_reference.html
astroautomata/SymTorch,docs/_build/html/demos/api_demos/getting_started_demo.html,174bf33aecc4b6204d860844482d88b62f5c4f6d,https://github.com/astroautomata/SymTorch/blob/5bcb4c85298d43aac64199cee1f48e06c7f96da4/docs/_build/html/demos/api_demos/getting_started_demo.html
astroautomata/SymTorch,docs/_build/html/demos/api_demos/pruning_demo.html,561d88572a46392fc0fe42cb5bd21ef42aa166d4,https://github.com/astroautomata/SymTorch/blob/5bcb4c85298d43aac64199cee1f48e06c7f96da4/docs/_build/html/demos/api_demos/pruning_demo.html
astroautomata/SymTorch,docs/_build/html/demos/api_demos/slime_demo.html,8fe8794d8e929eb43d7dc029f1c46f84644ac06e,https://github.com/astroautomata/SymTorch/blob/5bcb4c85298d43aac64199cee1f48e06c7f96da4/docs/_build/html/demos/api_demos/slime_demo.html
astroautomata/SymTorch,docs/_build/html/demos/llm_maths_demo.html,17ab3efc57a6d8a89e1dceda3a069fd5d5d0e283,https://github.com/astroautomata/SymTorch/blob/5bcb4c85298d43aac64199cee1f48e06c7f96da4/docs/_build/html/demos/llm_maths_demo.html
astroautomata/SymTorch,docs/_build/html/demos/pinns_demo.html,340c284b5d145a4d855bebb616e280aab1dfc288,https://github.com/astroautomata/SymTorch/blob/5bcb4c85298d43aac64199cee1f48e06c7f96da4/docs/_build/html/demos/pinns_demo.html
astroautomata/SymTorch,docs/_build/jupyter_execute/demos/api_demos/getting_started_demo.ipynb,c7543c4d767c2f9bab571e9148ac2337df58d786,https://github.com/astroautomata/SymTorch/blob/5bcb4c85298d43aac64199cee1f48e06c7f96da4/docs/_build/jupyter_execute/demos/api_demos/getting_started_demo.ipynb
astroautomata/SymTorch,docs/_build/jupyter_execute/demos/api_demos/pruning_demo.ipynb,57bded990503d871db92e7e364fa723e7df1a949,https://github.com/astroautomata/SymTorch/blob/5bcb4c85298d43aac64199cee1f48e06c7f96da4/docs/_build/jupyter_execute/demos/api_demos/pruning_demo.ipynb
astroautomata/SymTorch,docs/_build/jupyter_execute/demos/api_demos/slime_demo.ipynb,dc099a3e8db21094b234654aad0755a28f1db708,https://github.com/astroautomata/SymTorch/blob/5bcb4c85298d43aac64199cee1f48e06c7f96da4/docs/_build/jupyter_execute/demos/api_demos/slime_demo.ipynb
astroautomata/SymTorch,docs/_build/jupyter_execute/demos/llm_maths_demo.ipynb,c3549626e08900b623a957471fe504ee7839b44d,https://github.com/astroautomata/SymTorch/blob/5bcb4c85298d43aac64199cee1f48e06c7f96da4/docs/_build/jupyter_execute/demos/llm_maths_demo.ipynb
astroautomata/SymTorch,docs/_build/jupyter_execute/demos/pinns_demo.ipynb,26589a11a90f4aa0b6af5881bde106ea9443156a,https://github.com/astroautomata/SymTorch/blob/5bcb4c85298d43aac64199cee1f48e06c7f96da4/docs/_build/jupyter_execute/demos/pinns_demo.ipynb
astroautomata/SymTorch,docs/api_reference.rst,b36632bbd280e10d36ea5827162d7efee346db1f,https://github.com/astroautomata/SymTorch/blob/5bcb4c85298d43aac64199cee1f48e06c7f96da4/docs/api_reference.rst
astroautomata/SymTorch,docs/demos/api_demos/getting_started_demo.ipynb,ae33dcf753ba165ce20b74e53e3ff3e06279f713,https://github.com/astroautomata/SymTorch/blob/5bcb4c85298d43aac64199cee1f48e06c7f96da4/docs/demos/api_demos/getting_started_demo.ipynb
astroautomata/SymTorch,docs/demos/api_demos/pruning_demo.ipynb,c619a9450004d6db9983f4084046d315b7ab110e,https://github.com/astroautomata/SymTorch/blob/5bcb4c85298d43aac64199cee1f48e06c7f96da4/docs/demos/api_demos/pruning_demo.ipynb
astroautomata/SymTorch,docs/demos/api_demos/slime_demo.ipynb,496557174d8d09a615e63ca84990c29aa7f296ee,https://github.com/astroautomata/SymTorch/blob/5bcb4c85298d43aac64199cee1f48e06c7f96da4/docs/demos/api_demos/slime_demo.ipynb
astroautomata/SymTorch,tests/SymbolicModel_tests.py,440889f4c064f6453f403c409414ef2d4ab1ee78,https://github.com/astroautomata/SymTorch/blob/5bcb4c85298d43aac64199cee1f48e06c7f96da4/tests/SymbolicModel_tests.py
astrockragh/Mangrove,pysr_final/eqs_mstar_obj.ipynb,99dc9a8c84aaf3b14dbc187ab36f4549ce8dee60,https://github.com/astrockragh/Mangrove/blob/7c00646aeca47c484b5dae52ba6e4598c0367fe2/pysr_final/eqs_mstar_obj.ipynb
astrockragh/Mangrove,pysr_final/final_only_pysr.py,51b053df029de31079cc028b1c54d53a753a70c3,https://github.com/astrockragh/Mangrove/blob/7c00646aeca47c484b5dae52ba6e4598c0367fe2/pysr_final/final_only_pysr.py
astrockragh/Mangrove,pysr_final/investigate_eqs_mstar.ipynb,93dccb8d403637259391e0182e601c546a22dac9,https://github.com/astrockragh/Mangrove/blob/7c00646aeca47c484b5dae52ba6e4598c0367fe2/pysr_final/investigate_eqs_mstar.ipynb
AthulKunjipurayil/MLNuclear,symbolicNuclear.ipynb,f88b0ed982b81b5af44b44cd903d1f1e2a3f1b3e,https://github.com/AthulKunjipurayil/MLNuclear/blob/12dc86f9994f8ecc06917c9979e075d33b56f658/symbolicNuclear.ipynb
AtishayJain2503/UGP_Equation_Discovery,discovery/pysr_method.py,b01d1d8d7eb4e64b1ef3e74175c048a3dc9d5add,https://github.com/AtishayJain2503/UGP_Equation_Discovery/blob/586c3c5d7ac33621d580aa0a68646e0432e789bf/discovery/pysr_method.py
AtishayJain2503/UGP_Equation_Discovery,discovery/symbolic_grammar.py,8ad37075502da9f908083e146bba1b72c56b4d9f,https://github.com/AtishayJain2503/UGP_Equation_Discovery/blob/586c3c5d7ac33621d580aa0a68646e0432e789bf/discovery/symbolic_grammar.py
AutoResearch/autora-user-cookiecutter,{{ cookiecutter.__project_slug }}/example_workflows/mathematical_model_discovery.py,9843b437640ec3dae64cd15ea4bd9743338b5610,https://github.com/AutoResearch/autora-user-cookiecutter/blob/bef45a5f739e57bbf1c4c03e9349aa266218cf0c/{{ cookiecutter.__project_slug }}/example_workflows/mathematical_model_discovery.py
AveraGE0/NKI,src/modeling/symbolic_regression.py,60c289f889601490ca46d97408dd7b6eb329fe14,https://github.com/AveraGE0/NKI/blob/f3769c52113aebacba482c8e67f74803d11c8a70/src/modeling/symbolic_regression.py
avitai/opifex,src/opifex/discovery/symbolic.py,aaa81b05bf3db22298c34805105e3febcb4a4a89,https://github.com/avitai/opifex/blob/9f906dc96c83debd3c55b77aa3f15c8a9224c4f2/src/opifex/discovery/symbolic.py
Awallace3/d4_dimers,symbolic_regression/learning.py,c93d1cc88d0b19734d5dea3d875cf2cf29d8c379,https://github.com/Awallace3/d4_dimers/blob/26c282e3fe47cc2eb975ff045d427b42c8c2ffcd/symbolic_regression/learning.py
Awwal41/Droplet-Film-Theory-Development,docs/_build/_sources/usage_examples.rst.txt,ae2d9e3fac414736afcf2e76e432492d611dba50,https://github.com/Awwal41/Droplet-Film-Theory-Development/blob/f48c57bf368bc5a2e4072c6d373824fec3bcd141/docs/_build/_sources/usage_examples.rst.txt
Awwal41/Droplet-Film-Theory-Development,docs/_build/usage_examples.html,0e337f697d67928fbcb6c8746be8bd52bd7a09e7,https://github.com/Awwal41/Droplet-Film-Theory-Development/blob/f48c57bf368bc5a2e4072c6d373824fec3bcd141/docs/_build/usage_examples.html
Awwal41/Droplet-Film-Theory-Development,docs/source/usage_examples.rst,ae2d9e3fac414736afcf2e76e432492d611dba50,https://github.com/Awwal41/Droplet-Film-Theory-Development/blob/f48c57bf368bc5a2e4072c6d373824fec3bcd141/docs/source/usage_examples.rst
Awwal41/Droplet-Film-Theory-Development,models/PySR.ipynb,69b5c56565c2e9b96d56510952c112fbc0cd1ec9,https://github.com/Awwal41/Droplet-Film-Theory-Development/blob/f48c57bf368bc5a2e4072c6d373824fec3bcd141/models/PySR.ipynb
Axect/magi-researchers,examples/damped_oscillator_comparison/claude.md,6e112f982194019331e5faccc341100bd33b71e9,https://github.com/Axect/magi-researchers/blob/9343c611032e30eefde51635c998305dfbbcecb9/examples/damped_oscillator_comparison/claude.md
Axect/TMC_SR,run_sr.py,08263d4f20bf079d7f49c9c08a7b0f8843b16ab9,https://github.com/Axect/TMC_SR/blob/2515482ade343b1735cb097ea9cac20e1453933c/run_sr.py
ayoakin/AI_ML_Guides,Symbolic_Regression.ipynb,7ea6fedfc9fd44802e094cdce49d2a277a5c1b1b,https://github.com/ayoakin/AI_ML_Guides/blob/706b7c0a8a60027206af2f20c5059d66dec35a7f/Symbolic_Regression.ipynb
ayushs2k1/JEPA_feynman,feynman_symbolic_local_project.ipynb,d3f11515878648c877311cd0ea564d46a1dbc640,https://github.com/ayushs2k1/JEPA_feynman/blob/493d79b7564349b90650b9db5b79c7dec3c24e2a/feynman_symbolic_local_project.ipynb
badulion/grind,symbolic_regression.py,f6b12f15ef7098d1190c788fbfbab840925b10fd,https://github.com/badulion/grind/blob/38a14dbee3fa3d50487c64887084b1e80892d885/symbolic_regression.py
badulion/grind,symbolic_regression_eval.py,7bda5a8092fbd6c44c1af1192ea3d874787360dc,https://github.com/badulion/grind/blob/38a14dbee3fa3d50487c64887084b1e80892d885/symbolic_regression_eval.py
bansme/pytorch_work,anomaly_detection/llm_time/experiments/run_simplicity_bias.py,d61180b4541d612d1bb08841196b24a9d18137da,https://github.com/bansme/pytorch_work/blob/678d5950d837a483ec62d85ef1109a7b79cde46b/anomaly_detection/llm_time/experiments/run_simplicity_bias.py
BarteMaz/Metody-i-algorytmy-optymalizacji,lab05/zad5.ipynb,7794df3ddfff133d5c09406a7e4e7d0c18621245,https://github.com/BarteMaz/Metody-i-algorytmy-optymalizacji/blob/73bd9e40baf2a49d755ace830abea4d592101a43/lab05/zad5.ipynb
bartmanski/Algorytmy-Ewolucyjne,Lista 5/srsd-benchmark-main/external/pysr/runner.py,06e9683bff860dca4f59d18ade6a4078d8cadaae,https://github.com/bartmanski/Algorytmy-Ewolucyjne/blob/71b72c89982720ad688a211c3d161f1c4a6ad2ef/Lista%205/srsd-benchmark-main/external/pysr/runner.py
bcdannyboy/euclid,docs/plans/2026-04-21-euclid-enhancement-master-plan.md,d84dbd0e795c57a57fdb32e763b26008e005ea37,https://github.com/bcdannyboy/euclid/blob/72d6a20251931a0607c75ee7a734e992c3aa35f1/docs/plans/2026-04-21-euclid-enhancement-master-plan.md
bcdannyboy/euclid,src/euclid/search/engines/pysr_engine.py,572138979df5dfe57f28c9c35a830e09ba624221,https://github.com/bcdannyboy/euclid/blob/72d6a20251931a0607c75ee7a734e992c3aa35f1/src/euclid/search/engines/pysr_engine.py
BenjaminWhipple/Hybrid-NODEs-Biology,Estimation and Hyperparameter Optimization/Mechanism_Uncertainty/Glycolysis_Analysis/Symbolic_Distillation.py,4785a3dcf925f4ab81d5cd154a7fcb9137ef5627,https://github.com/BenjaminWhipple/Hybrid-NODEs-Biology/blob/65a555bc091594897efcd098391d3db55bafb61b/Estimation and Hyperparameter Optimization/Mechanism_Uncertainty/Glycolysis_Analysis/Symbolic_Distillation.py
bhushanrajs/distribution_factors_pySR,df_PySR.ipynb,c5463d4dbaaed2aae6f8540bb06eaef53ae44c21,https://github.com/bhushanrajs/distribution_factors_pySR/blob/030d18b0611381731703bb642cc80a1d0c2c37f0/df_PySR.ipynb
bhushanrajs/distribution_factors_pySR,df_skew_correction_PySR.ipynb,2bb3168b29b7d994865df9ed9f3ebd5242bf5913,https://github.com/bhushanrajs/distribution_factors_pySR/blob/030d18b0611381731703bb642cc80a1d0c2c37f0/df_skew_correction_PySR.ipynb
bhushanrajs/sciml_project,project_PySR_BM.ipynb,adaa663876ced1131bd71006da41fb514c767098,https://github.com/bhushanrajs/sciml_project/blob/0e24dc8879b40eec2647e32f3470d100e6a496f9/project_PySR_BM.ipynb
bhushanrajs/sciml_project,project_PySR_bm1.ipynb,a56ad01be0f148a61906555857c7f37e0bd80c9f,https://github.com/bhushanrajs/sciml_project/blob/0e24dc8879b40eec2647e32f3470d100e6a496f9/project_PySR_bm1.ipynb
bhushanrajs/sciml_project,project_PySR_bm2-1.ipynb,6dd9c48f4f1c972e1a5399af6e34f6415e5ba75b,https://github.com/bhushanrajs/sciml_project/blob/0e24dc8879b40eec2647e32f3470d100e6a496f9/project_PySR_bm2-1.ipynb
bhushanrajs/sciml_project,project_PySR_bm2.ipynb,37ba16b44fb78e44fcf515c4d6c19eaa92fd4470,https://github.com/bhushanrajs/sciml_project/blob/0e24dc8879b40eec2647e32f3470d100e6a496f9/project_PySR_bm2.ipynb
big-data-lab-umbc/big-data-reu,2024-projects/team-1/Benchmarking Existing Symbolic Regression Models/Code/benchmark_pysr.py,267e33e294bb38efd0e2c9f29dcb69421bd5ab88,https://github.com/big-data-lab-umbc/big-data-reu/blob/ecc0af12a7e9451854a28672beb2bdcc7ff28457/2024-projects/team-1/Benchmarking Existing Symbolic Regression Models/Code/benchmark_pysr.py
big-data-lab-umbc/big-data-reu,2024-projects/team-1/Benchmarking Existing Symbolic Regression Models/Code/benchmark_pysr_simplified.py,99d65a82365cf6a0a36166d180e1470340eb4e74,https://github.com/big-data-lab-umbc/big-data-reu/blob/ecc0af12a7e9451854a28672beb2bdcc7ff28457/2024-projects/team-1/Benchmarking%20Existing%20Symbolic%20Regression%20Models/Code/benchmark_pysr_simplified.py
bilgesi/SR-LLM-Integration,src/sr_models.py,62c5abc66b04f57b58ec8af447abc006df88bffe,https://github.com/bilgesi/SR-LLM-Integration/blob/1508a3701c2d30c6c776b33762656639d999bc42/src/sr_models.py
biminkoju/cses,formula.py,3cde7de1bf47698b3610ae2a74d36d757d7b517c,https://github.com/biminkoju/cses/blob/48d920232ff22a88cf4f5c1d442efd2118b43bfa/formula.py
blabo25226/eml-sr_biodata,eml-sr_model_fourth_AI/step2_pysr.py,e9c1e7325c447835189038fd24c19cd0bf78da36,https://github.com/blabo25226/eml-sr_biodata/blob/72ff9a4dd58c061299200f9491e12f8ac18502d3/eml-sr_model_fourth_AI/step2_pysr.py
BlakePR/ME595ML,pysr_lecture.ipynb,c1c3d5accca2efa1deb75d82bad9248f0a1f5722,https://github.com/BlakePR/ME595ML/blob/c8995202e2aa22a474445e6de6c74cbf3c5bc0b4/pysr_lecture.ipynb
BlinkZer0/Phys-MCP,packages/python-worker/ml_augmentation.py,155ea87fc1df29148504111f3d95d4052766f598,https://github.com/BlinkZer0/Phys-MCP/blob/98dce123a3d027b6cd3c321c028111d28da82cf4/packages/python-worker/ml_augmentation.py
bmcnns/offline-gp,.ipynb_checkpoints/train-checkpoint.py,eafbf8ef41cbc6ca99b9c236b933215c1b8bebd3,https://github.com/bmcnns/offline-gp/blob/88f539467b2c4044d24889990c693515f1646133/.ipynb_checkpoints/train-checkpoint.py
bmcnns/offline-gp,methods/pysr/.ipynb_checkpoints/train-checkpoint.py,cca45888012567599d84d656fb63666722ba448c,https://github.com/bmcnns/offline-gp/blob/88f539467b2c4044d24889990c693515f1646133/methods/pysr/.ipynb_checkpoints/train-checkpoint.py
bmcnns/offline-gp,methods/pysr/train.py,17a074fd61137750da73a5b4844aa6622de86ee8,https://github.com/bmcnns/offline-gp/blob/88f539467b2c4044d24889990c693515f1646133/methods/pysr/train.py
bmcnns/offline-gp,train.py,eafbf8ef41cbc6ca99b9c236b933215c1b8bebd3,https://github.com/bmcnns/offline-gp/blob/88f539467b2c4044d24889990c693515f1646133/train.py
bnssaanirudh/MetaLearnX,core/frontier/math_causality.py,75fef85a1be3624d6432afa4339c064699fe192b,https://github.com/bnssaanirudh/MetaLearnX/blob/364a4b886822fc41911c50dfdc545d9d8d69c14d/core/frontier/math_causality.py
boronhub/preheat-simfhe,plot.py,b5f655d22db99af1d5a0e341de5fce38526e9e41,https://github.com/boronhub/preheat-simfhe/blob/03513b5fb8ca39f1a73996b3a43e8dd06c2c1b9d/plot.py
boronhub/preheat-simfhe,train_pysr.py,8a8c89531e328715c8889d4e1d319abe3f638c2b,https://github.com/boronhub/preheat-simfhe/blob/03513b5fb8ca39f1a73996b3a43e8dd06c2c1b9d/train_pysr.py
brandon-imstepf/UCM_AD_ML,"datasets/Imstepf_RBFs-oos-(0,1,20)/Oct_4_sin_cos/model.txt",c0fabf1b86449b891388ce2531b9e5870902c786,"https://github.com/brandon-imstepf/UCM_AD_ML/blob/fb6731a8c62f21875ea22d272bb16d1b56b42109/datasets/Imstepf_RBFs-oos-(0,1,20)/Oct_4_sin_cos/model.txt"
brandon-imstepf/UCM_AD_ML,"datasets/Imstepf_RBFs-oos-(0,1,20)/Sept_30/model.txt",aa635d4a52199aa9f40c513ff920b8634cb959fd,"https://github.com/brandon-imstepf/UCM_AD_ML/blob/fb6731a8c62f21875ea22d272bb16d1b56b42109/datasets/Imstepf_RBFs-oos-(0,1,20)/Sept_30/model.txt"
brandon-imstepf/UCM_AD_ML,"datasets/RBFs-n-oos-(-1,1,20)/oct_7_binary_only/model.txt",0d7efa75027c804a1ddb49100faafbcdb9206883,"https://github.com/brandon-imstepf/UCM_AD_ML/blob/fb6731a8c62f21875ea22d272bb16d1b56b42109/datasets/RBFs-n-oos-(-1,1,20)/oct_7_binary_only/model.txt"
brandon-imstepf/UCM_AD_ML,pysr_train_v3.jl,d8b34f528950b52ef5ac012c50996ebdebed0c3d,https://github.com/brandon-imstepf/UCM_AD_ML/blob/fb6731a8c62f21875ea22d272bb16d1b56b42109/pysr_train_v3.jl
brandon-imstepf/UCM_AD_ML,pysr_train_v9.py,97da4fc192fe50bfa3a7572c27277b5113e8f098,https://github.com/brandon-imstepf/UCM_AD_ML/blob/fb6731a8c62f21875ea22d272bb16d1b56b42109/pysr_train_v9.py
brandon-imstepf/UCM_AD_ML,test.py,cb2a3abca39cb6c58ecc0f6add55e469eac88014,https://github.com/brandon-imstepf/UCM_AD_ML/blob/fb6731a8c62f21875ea22d272bb16d1b56b42109/test.py
Breta01/coral-operations-research,CORAL/examples/frontier_cs_research/symbolic_regression__mccormick/seed/statement.md,6a6ae91f0e25230af85685e496ab7e186f586771,https://github.com/Breta01/coral-operations-research/blob/58130eb3acebd04d2cfc219e8d08b70f6b506709/CORAL/examples/frontier_cs_research/symbolic_regression__mccormick/seed/statement.md
Breta01/coral-operations-research,CORAL/examples/frontier_cs_research/symbolic_regression__peaks/seed/statement.md,ed3929c0d7c7008f089adcd14783a297b436bb96,https://github.com/Breta01/coral-operations-research/blob/58130eb3acebd04d2cfc219e8d08b70f6b506709/CORAL/examples/frontier_cs_research/symbolic_regression__peaks/seed/statement.md
Breta01/coral-operations-research,CORAL/examples/frontier_cs_research/symbolic_regression__ripple/seed/statement.md,8d545a03329f06c8d7326ba37dd8972eea80c8ae,https://github.com/Breta01/coral-operations-research/blob/58130eb3acebd04d2cfc219e8d08b70f6b506709/CORAL/examples/frontier_cs_research/symbolic_regression__ripple/seed/statement.md
bshepp/mneme,docs/course/11_symbolic_regression.md,69722010ca697b99740a9eb3751479c1fd8dd9c3,https://github.com/bshepp/mneme/blob/e3225bd05b118d694ea0e1238ecd6648b0277747/docs/course/11_symbolic_regression.md
bshepp/mneme,src/mneme/models/symbolic.py,7adf4088b668b9a1926d3f1789d83b7c98890ae2,https://github.com/bshepp/mneme/blob/e3225bd05b118d694ea0e1238ecd6648b0277747/src/mneme/models/symbolic.py
c0mpli/aisaac,aisaac/premise/symbolic_regression.py,452cd7f18d2b63b5e7d4e8022352272ce06dbebf,https://github.com/c0mpli/aisaac/blob/81bedecd2ec5b8ab4514757cd53d0c10040a2cf5/aisaac/premise/symbolic_regression.py
Calvinwhow/CircuitPyPer,calvin_utils/statistical_utils/symbolic_regression.py,488ed4900649dcda1a90072171c16fc5f95c52ba,https://github.com/Calvinwhow/CircuitPyPer/blob/2d5ef295689c962f4d682e9749b5737a0a5b90c0/calvin_utils/statistical_utils/symbolic_regression.py
carlosal1015/neural-networks-aplications,src/Day3.ipynb,0f887722380cec865d715ba84c78aeeb9da2d29a,https://github.com/carlosal1015/neural-networks-aplications/blob/9ab55c3ff3dd244fcdcb7088df8bfc75fee58cbf/src/Day3.ipynb
CasHoekstra/SQR,DONT_USE.py,4b9a77e938959a7707f3ee366c379c2cd8ad9ca0,https://github.com/CasHoekstra/SQR/blob/57f0d0964e7d85d0e58ae4f10ad6896847897cb0/DONT_USE.py
CasHoekstra/SQR,paper/generate_heteroskedastic.py,705005f562d3a3526876e1aeb01f3bdcd2781b52,https://github.com/CasHoekstra/SQR/blob/57f0d0964e7d85d0e58ae4f10ad6896847897cb0/paper/generate_heteroskedastic.py
CasHoekstra/SQR,sqr.ipynb,c9dcdf5e6baea991433aaf01a3c72d265af6e1c3,https://github.com/CasHoekstra/SQR/blob/57f0d0964e7d85d0e58ae4f10ad6896847897cb0/sqr.ipynb
CasHoekstra/SQR,sqr.py,3942bf02215c2721aed25e5fe200e999688cb34c,https://github.com/CasHoekstra/SQR/blob/57f0d0964e7d85d0e58ae4f10ad6896847897cb0/sqr.py
CasHoekstra/SQR,sqr_sampling.py,95865a2628b3dc9e7fbf0c50fa21950ffc2d7ebb,https://github.com/CasHoekstra/SQR/blob/57f0d0964e7d85d0e58ae4f10ad6896847897cb0/sqr_sampling.py
cavalab/srbench,experiment/methods/pysr/regressor.py,9067021cd6187b7b986667004ce5a91f3cf283f7,https://github.com/cavalab/srbench/blob/5b456d5108522c4da89aded2f07e0fb2bee4a3a4/experiment/methods/pysr/regressor.py
cavalab/srbench,experiment/symbolic_algs.py,7b38e6b1210ef3c73bcaf7c79ab9e441543c577e,https://github.com/cavalab/srbench/blob/5b456d5108522c4da89aded2f07e0fb2bee4a3a4/experiment/symbolic_algs.py
ccnu-mathits/ADM,Simulated_evaluation/LawParser.py,55a3b64a56f7d6a713a7bd99b6a674e4be187d5e,https://github.com/ccnu-mathits/ADM/blob/9a0a711889390aa75b88ffcb2f0eef802048b99e/Simulated_evaluation/LawParser.py
cdclaxton/learning,Python/DataScience/symbolic-regression/simple_function.py,dd58bdc45acff7b236a1b8cf3aa2c2da609ecb66,https://github.com/cdclaxton/learning/blob/f6b874c66d95e85de90432f91a2d017b82484271/Python/DataScience/symbolic-regression/simple_function.py
cdiazbas/ESPD2024,transitTime_notebook.ipynb,900b48297e9a0bc4217987b8c99a8aedd67423d4,https://github.com/cdiazbas/ESPD2024/blob/b505c91b21eda19216a7292ece36fd75aa62086f/transitTime_notebook.ipynb
chaipattira/degen_detector,degen_detector/implicit_fit.py,2a265251ccd88b97a26acbd87e640ea4b597c7c9,https://github.com/chaipattira/degen_detector/blob/ae1f0cbe1bdf5080e74408453d6dc132b261f080/degen_detector/implicit_fit.py
Charlene717/advanced-methods-interactive-tutorial,symbolic-regression.html,5a93e4fc8c8199f9ae0571438066c9f7aa75d2b7,https://github.com/Charlene717/advanced-methods-interactive-tutorial/blob/757596208c9730a903196bae91ed44313a1496bf/symbolic-regression.html
ChauyeubacToLam/Toiyeuhuyenmai,PySmartPLS/core/nonlinear_engine.py,70ecb65ffa4f7d77ff1d00b88d0a47b80baf69ee,https://github.com/ChauyeubacToLam/Toiyeuhuyenmai/blob/fca9d89d6342d1a3641d9c0575ed04ab33907e3b/PySmartPLS/core/nonlinear_engine.py
ChecinskiBartlomiej/M-AI-Agents-Interaction,symbolic_regression/formula_symbolic_regression.py,81ad2976ce7ecf7459e0a291385db5094eddd8cb,https://github.com/ChecinskiBartlomiej/M-AI-Agents-Interaction/blob/eed332c54d3bffb02be608d2efa9be303ee08c67/symbolic_regression/formula_symbolic_regression.py
ChengAo21/sr_rough_ks,results/SR_train.py,aaf5be934d1c58b26fac142bb2cd56d27bf222b9,https://github.com/ChengAo21/sr_rough_ks/blob/93d6f5a7142866eae8ef8acff86693dd70f202a1/results/SR_train.py
ChenxiHeCam/DenoisedSR,frontend/analysis/eval_noise_comparison.py,ac01a249fb22faa9767c9f8cc32ab33e28a460a4,https://github.com/ChenxiHeCam/DenoisedSR/blob/bafbec420c98fe3b6431bc4b18f608d3012c6103/frontend/analysis/eval_noise_comparison.py
ChenxiHeCam/DenoisedSR,frontend/analysis/inspect_highr2.py,a1ce995499bc341c7d5d37cf5130649209b7b809,https://github.com/ChenxiHeCam/DenoisedSR/blob/bafbec420c98fe3b6431bc4b18f608d3012c6103/frontend/analysis/inspect_highr2.py
ChenxiHeCam/DenoisedSR,frontend/analysis/verify_experiment.py,ba4e9b9fb71fc9d4f1bf9b7a836a4fd121ebaa4f,https://github.com/ChenxiHeCam/DenoisedSR/blob/bafbec420c98fe3b6431bc4b18f608d3012c6103/frontend/analysis/verify_experiment.py
ChenxiHeCam/DenoisedSR,frontend/eval/eval_external_3way.py,844ab4ec6b9603a7b2cff2690dd133d82d1e8f93,https://github.com/ChenxiHeCam/DenoisedSR/blob/bafbec420c98fe3b6431bc4b18f608d3012c6103/frontend/eval/eval_external_3way.py
ChenxiHeCam/DenoisedSR,frontend/eval/eval_numeric_equiv.py,67ec1cdc00050f11a36b7b2e610ece7417287df0,https://github.com/ChenxiHeCam/DenoisedSR/blob/bafbec420c98fe3b6431bc4b18f608d3012c6103/frontend/eval/eval_numeric_equiv.py
ChenxiHeCam/DenoisedSR,frontend/eval/eval_pse_50dim.py,b0efd869cba31f467f6906af5834a0d341ea5772,https://github.com/ChenxiHeCam/DenoisedSR/blob/bafbec420c98fe3b6431bc4b18f608d3012c6103/frontend/eval/eval_pse_50dim.py
ChenxiHeCam/DenoisedSR,frontend/eval/eval_pysr_frontend.py,179a6afcbfa8797ce01484c8457723a66b01bb27,https://github.com/ChenxiHeCam/DenoisedSR/blob/bafbec420c98fe3b6431bc4b18f608d3012c6103/frontend/eval/eval_pysr_frontend.py
ChenxiHeCam/DenoisedSR,frontend/eval/eval_pysr_srsd.py,5e66d0c1d46d58841b9397388d71f6b345458f79,https://github.com/ChenxiHeCam/DenoisedSR/blob/bafbec420c98fe3b6431bc4b18f608d3012c6103/frontend/eval/eval_pysr_srsd.py
ChenxiHeCam/DenoisedSR,frontend/eval/eval_pysr_srsd_20distractor.py,e3d6d0161870c2511c834a4f199bdfc36385a19e,https://github.com/ChenxiHeCam/DenoisedSR/blob/bafbec420c98fe3b6431bc4b18f608d3012c6103/frontend/eval/eval_pysr_srsd_20distractor.py
ChenxiHeCam/DenoisedSR,frontend/eval/eval_speed.py,cf37b4384906d43aebb6d8b287fcb549028574f4,https://github.com/ChenxiHeCam/DenoisedSR/blob/bafbec420c98fe3b6431bc4b18f608d3012c6103/frontend/eval/eval_speed.py
ChenxiHeCam/DenoisedSR,frontend/eval/eval_speed_vars.py,1cfd3ebea41843a4d31865242c4a432cf1352193,https://github.com/ChenxiHeCam/DenoisedSR/blob/bafbec420c98fe3b6431bc4b18f608d3012c6103/frontend/eval/eval_speed_vars.py
ChenxiHeCam/DenoisedSR,frontend/eval/run_real591_fullvars.py,4fa817b2593499e882ffe749e409226920b20292,https://github.com/ChenxiHeCam/DenoisedSR/blob/bafbec420c98fe3b6431bc4b18f608d3012c6103/frontend/eval/run_real591_fullvars.py
ChenxiHeCam/DenoisedSR,frontend/eval/run_real591_verify.py,ce50d6f6f1ec5ea3ed2ea8e9fbb58335c1bce499,https://github.com/ChenxiHeCam/DenoisedSR/blob/bafbec420c98fe3b6431bc4b18f608d3012c6103/frontend/eval/run_real591_verify.py
cheyennejarman/SymbReg_KelpForest_Simulations,code/CQLS_scripts/BN_asymm_100DataPoints_Cont/code/implement_BN_PySR.py,17def502111c3bdc055de45494422c331ef2aa89,https://github.com/cheyennejarman/SymbReg_KelpForest_Simulations/blob/85495aff3f3b9f3605a85ea06611b997ddfa2815/code/CQLS_scripts/BN_asymm_100DataPoints_Cont/code/implement_BN_PySR.py
cheyennejarman/SymbReg_KelpForest_Simulations,code/CQLS_scripts/BN_asymm_100DataPoints_Disc/code/implement_BN_PySR.py,d26e9794b796b9e1fb4fcda1e5934a888a012169,https://github.com/cheyennejarman/SymbReg_KelpForest_Simulations/blob/85495aff3f3b9f3605a85ea06611b997ddfa2815/code/CQLS_scripts/BN_asymm_100DataPoints_Disc/code/implement_BN_PySR.py
cheyennejarman/SymbReg_KelpForest_Simulations,code/CQLS_scripts/BN_asymm_100DataPoints_x0x2_Cont/code/implement_BN_PySR.py,a1a5eaa09bbfaa4f651deda203e45d71cc201894,https://github.com/cheyennejarman/SymbReg_KelpForest_Simulations/blob/85495aff3f3b9f3605a85ea06611b997ddfa2815/code/CQLS_scripts/BN_asymm_100DataPoints_x0x2_Cont/code/implement_BN_PySR.py
cheyennejarman/SymbReg_KelpForest_Simulations,code/CQLS_scripts/BN_asymm_100DataPoints_x0x2_Disc/code/implement_BN_PySR.py,5c059686e048979a7330b63174220b0163b4ff76,https://github.com/cheyennejarman/SymbReg_KelpForest_Simulations/blob/85495aff3f3b9f3605a85ea06611b997ddfa2815/code/CQLS_scripts/BN_asymm_100DataPoints_x0x2_Disc/code/implement_BN_PySR.py
cheyennejarman/SymbReg_KelpForest_Simulations,code/CQLS_scripts/BN_asymm_10DataPoints_Cont/code/implement_BN_PySR.py,17def502111c3bdc055de45494422c331ef2aa89,https://github.com/cheyennejarman/SymbReg_KelpForest_Simulations/blob/85495aff3f3b9f3605a85ea06611b997ddfa2815/code/CQLS_scripts/BN_asymm_10DataPoints_Cont/code/implement_BN_PySR.py
cheyennejarman/SymbReg_KelpForest_Simulations,code/CQLS_scripts/BN_asymm_10DataPoints_Disc/code/implement_BN_PySR.py,3b99add87936608de436cbc0b96e09f265931716,https://github.com/cheyennejarman/SymbReg_KelpForest_Simulations/blob/85495aff3f3b9f3605a85ea06611b997ddfa2815/code/CQLS_scripts/BN_asymm_10DataPoints_Disc/code/implement_BN_PySR.py
cheyennejarman/SymbReg_KelpForest_Simulations,code/CQLS_scripts/BN_asymm_25DataPoints_Cont/code/implement_BN_PySR.py,17def502111c3bdc055de45494422c331ef2aa89,https://github.com/cheyennejarman/SymbReg_KelpForest_Simulations/blob/85495aff3f3b9f3605a85ea06611b997ddfa2815/code/CQLS_scripts/BN_asymm_25DataPoints_Cont/code/implement_BN_PySR.py
cheyennejarman/SymbReg_KelpForest_Simulations,code/CQLS_scripts/BN_asymm_25DataPoints_Disc/code/implement_BN_PySR.py,a75cee4ca8b3b5a65e9292961bccaf7f22641e98,https://github.com/cheyennejarman/SymbReg_KelpForest_Simulations/blob/85495aff3f3b9f3605a85ea06611b997ddfa2815/code/CQLS_scripts/BN_asymm_25DataPoints_Disc/code/implement_BN_PySR.py
cheyennejarman/SymbReg_KelpForest_Simulations,code/CQLS_scripts/BN_asymm_50DataPoints_Cont/code/implement_BN_PySR.py,17def502111c3bdc055de45494422c331ef2aa89,https://github.com/cheyennejarman/SymbReg_KelpForest_Simulations/blob/85495aff3f3b9f3605a85ea06611b997ddfa2815/code/CQLS_scripts/BN_asymm_50DataPoints_Cont/code/implement_BN_PySR.py
cheyennejarman/SymbReg_KelpForest_Simulations,code/CQLS_scripts/BN_asymm_50DataPoints_Disc/code/implement_BN_PySR.py,155a754eaa60d435c442fe8c2f9f296b65699bd1,https://github.com/cheyennejarman/SymbReg_KelpForest_Simulations/blob/85495aff3f3b9f3605a85ea06611b997ddfa2815/code/CQLS_scripts/BN_asymm_50DataPoints_Disc/code/implement_BN_PySR.py
cheyennejarman/SymbReg_KelpForest_Simulations,code/CQLS_scripts/BN_asymm_5DataPoints_Cont/code/implement_BN_PySR.py,17def502111c3bdc055de45494422c331ef2aa89,https://github.com/cheyennejarman/SymbReg_KelpForest_Simulations/blob/85495aff3f3b9f3605a85ea06611b997ddfa2815/code/CQLS_scripts/BN_asymm_5DataPoints_Cont/code/implement_BN_PySR.py
cheyennejarman/SymbReg_KelpForest_Simulations,code/CQLS_scripts/BN_asymm_5DataPoints_Disc/code/implement_BN_PySR.py,453eed14579f2c359c1de11a76033c132dc250e4,https://github.com/cheyennejarman/SymbReg_KelpForest_Simulations/blob/85495aff3f3b9f3605a85ea06611b997ddfa2815/code/CQLS_scripts/BN_asymm_5DataPoints_Disc/code/implement_BN_PySR.py
cheyennejarman/SymbReg_KelpForest_Simulations,code/CQLS_scripts/BN_asymm_HighNoise_100DataPoints/code/implement_BN_PySR.py,17def502111c3bdc055de45494422c331ef2aa89,https://github.com/cheyennejarman/SymbReg_KelpForest_Simulations/blob/85495aff3f3b9f3605a85ea06611b997ddfa2815/code/CQLS_scripts/BN_asymm_HighNoise_100DataPoints/code/implement_BN_PySR.py
cheyennejarman/SymbReg_KelpForest_Simulations,code/CQLS_scripts/BN_asymm_HighNoise_10DataPoints/code/implement_BN_PySR.py,17def502111c3bdc055de45494422c331ef2aa89,https://github.com/cheyennejarman/SymbReg_KelpForest_Simulations/blob/85495aff3f3b9f3605a85ea06611b997ddfa2815/code/CQLS_scripts/BN_asymm_HighNoise_10DataPoints/code/implement_BN_PySR.py
cheyennejarman/SymbReg_KelpForest_Simulations,code/CQLS_scripts/BN_asymm_HighNoise_50DataPoints/code/implement_BN_PySR.py,17def502111c3bdc055de45494422c331ef2aa89,https://github.com/cheyennejarman/SymbReg_KelpForest_Simulations/blob/85495aff3f3b9f3605a85ea06611b997ddfa2815/code/CQLS_scripts/BN_asymm_HighNoise_50DataPoints/code/implement_BN_PySR.py
cheyennejarman/SymbReg_KelpForest_Simulations,code/CQLS_scripts/BN_asymm_HighNoise_5DataPoints/code/implement_BN_PySR.py,17def502111c3bdc055de45494422c331ef2aa89,https://github.com/cheyennejarman/SymbReg_KelpForest_Simulations/blob/85495aff3f3b9f3605a85ea06611b997ddfa2815/code/CQLS_scripts/BN_asymm_HighNoise_5DataPoints/code/implement_BN_PySR.py
cheyennejarman/SymbReg_KelpForest_Simulations,code/CQLS_scripts/BN_asymm_LowNoise_100DataPoints/code/implement_BN_PySR.py,17def502111c3bdc055de45494422c331ef2aa89,https://github.com/cheyennejarman/SymbReg_KelpForest_Simulations/blob/85495aff3f3b9f3605a85ea06611b997ddfa2815/code/CQLS_scripts/BN_asymm_LowNoise_100DataPoints/code/implement_BN_PySR.py
cheyennejarman/SymbReg_KelpForest_Simulations,code/CQLS_scripts/BN_asymm_LowNoise_10DataPoints/code/implement_BN_PySR.py,17def502111c3bdc055de45494422c331ef2aa89,https://github.com/cheyennejarman/SymbReg_KelpForest_Simulations/blob/85495aff3f3b9f3605a85ea06611b997ddfa2815/code/CQLS_scripts/BN_asymm_LowNoise_10DataPoints/code/implement_BN_PySR.py
cheyennejarman/SymbReg_KelpForest_Simulations,code/CQLS_scripts/BN_asymm_LowNoise_25DataPoints/code/implement_BN_PySR.py,17def502111c3bdc055de45494422c331ef2aa89,https://github.com/cheyennejarman/SymbReg_KelpForest_Simulations/blob/85495aff3f3b9f3605a85ea06611b997ddfa2815/code/CQLS_scripts/BN_asymm_LowNoise_25DataPoints/code/implement_BN_PySR.py
cheyennejarman/SymbReg_KelpForest_Simulations,code/CQLS_scripts/BN_asymm_LowNoise_50DataPoints/code/implement_BN_PySR.py,17def502111c3bdc055de45494422c331ef2aa89,https://github.com/cheyennejarman/SymbReg_KelpForest_Simulations/blob/85495aff3f3b9f3605a85ea06611b997ddfa2815/code/CQLS_scripts/BN_asymm_LowNoise_50DataPoints/code/implement_BN_PySR.py
cheyennejarman/SymbReg_KelpForest_Simulations,code/CQLS_scripts/BN_asymm_LowNoise_5DataPoints/code/implement_BN_PySR.py,17def502111c3bdc055de45494422c331ef2aa89,https://github.com/cheyennejarman/SymbReg_KelpForest_Simulations/blob/85495aff3f3b9f3605a85ea06611b997ddfa2815/code/CQLS_scripts/BN_asymm_LowNoise_5DataPoints/code/implement_BN_PySR.py
cheyennejarman/SymbReg_KelpForest_Simulations,code/CQLS_scripts/BN_symm_100DataPoints_Cont/code/implement_BN_PySR.py,17def502111c3bdc055de45494422c331ef2aa89,https://github.com/cheyennejarman/SymbReg_KelpForest_Simulations/blob/85495aff3f3b9f3605a85ea06611b997ddfa2815/code/CQLS_scripts/BN_symm_100DataPoints_Cont/code/implement_BN_PySR.py
cheyennejarman/SymbReg_KelpForest_Simulations,code/CQLS_scripts/BN_symm_100DataPoints_Disc/code/implement_BN_PySR.py,1b8aa8d406480b95f969e74c2ba73f5dbbb8500d,https://github.com/cheyennejarman/SymbReg_KelpForest_Simulations/blob/85495aff3f3b9f3605a85ea06611b997ddfa2815/code/CQLS_scripts/BN_symm_100DataPoints_Disc/code/implement_BN_PySR.py
cheyennejarman/SymbReg_KelpForest_Simulations,code/CQLS_scripts/BN_symm_10DataPoints_Cont/code/implement_BN_PySR.py,17def502111c3bdc055de45494422c331ef2aa89,https://github.com/cheyennejarman/SymbReg_KelpForest_Simulations/blob/85495aff3f3b9f3605a85ea06611b997ddfa2815/code/CQLS_scripts/BN_symm_10DataPoints_Cont/code/implement_BN_PySR.py
cheyennejarman/SymbReg_KelpForest_Simulations,code/CQLS_scripts/BN_symm_25DataPoints_Cont/code/implement_BN_PySR.py,17def502111c3bdc055de45494422c331ef2aa89,https://github.com/cheyennejarman/SymbReg_KelpForest_Simulations/blob/85495aff3f3b9f3605a85ea06611b997ddfa2815/code/CQLS_scripts/BN_symm_25DataPoints_Cont/code/implement_BN_PySR.py
cheyennejarman/SymbReg_KelpForest_Simulations,code/CQLS_scripts/BN_symm_25DataPoints_Disc/code/implement_BN_PySR.py,39cd298cc02272f3b3d361f28660732feeafb64d,https://github.com/cheyennejarman/SymbReg_KelpForest_Simulations/blob/85495aff3f3b9f3605a85ea06611b997ddfa2815/code/CQLS_scripts/BN_symm_25DataPoints_Disc/code/implement_BN_PySR.py
cheyennejarman/SymbReg_KelpForest_Simulations,code/CQLS_scripts/BN_symm_50DataPoints_Cont/code/implement_BN_PySR.py,17def502111c3bdc055de45494422c331ef2aa89,https://github.com/cheyennejarman/SymbReg_KelpForest_Simulations/blob/85495aff3f3b9f3605a85ea06611b997ddfa2815/code/CQLS_scripts/BN_symm_50DataPoints_Cont/code/implement_BN_PySR.py
cheyennejarman/SymbReg_KelpForest_Simulations,code/CQLS_scripts/BN_symm_50DataPoints_Disc/code/implement_BN_PySR.py,4986eea935e9873e2ad5ada4d507f8ef89b62492,https://github.com/cheyennejarman/SymbReg_KelpForest_Simulations/blob/85495aff3f3b9f3605a85ea06611b997ddfa2815/code/CQLS_scripts/BN_symm_50DataPoints_Disc/code/implement_BN_PySR.py
cheyennejarman/SymbReg_KelpForest_Simulations,code/CQLS_scripts/BN_symm_5DataPoints_Cont/code/implement_BN_PySR.py,17def502111c3bdc055de45494422c331ef2aa89,https://github.com/cheyennejarman/SymbReg_KelpForest_Simulations/blob/85495aff3f3b9f3605a85ea06611b997ddfa2815/code/CQLS_scripts/BN_symm_5DataPoints_Cont/code/implement_BN_PySR.py
cheyennejarman/SymbReg_KelpForest_Simulations,code/CQLS_scripts/BN_symm_5DataPoints_Disc/code/implement_BN_PySR.py,3b99add87936608de436cbc0b96e09f265931716,https://github.com/cheyennejarman/SymbReg_KelpForest_Simulations/blob/85495aff3f3b9f3605a85ea06611b997ddfa2815/code/CQLS_scripts/BN_symm_5DataPoints_Disc/code/implement_BN_PySR.py
chrishowes55/m4r,simulate_fcpg.py,1c37d56a83172824fff1c4eef42678d249832343,https://github.com/chrishowes55/m4r/blob/e469f1208fc0f58820d028f0c8ad0bc0fa2bd0be/simulate_fcpg.py
ChristianDai/Partical_analyis_tool,Model_Setting.py,38f8e0e3fc60655f48e289a61bb2da4e5794cd66,https://github.com/ChristianDai/Partical_analyis_tool/blob/ed11f3f043a875a275beb7848f2ed7427691aa67/Model_Setting.py
ChristianDai/Partical_analyis_tool,run_pysr.py,6d7d7ed935846ed0d48aed440c5e6efb290d1e22,https://github.com/ChristianDai/Partical_analyis_tool/blob/ed11f3f043a875a275beb7848f2ed7427691aa67/run_pysr.py
ChristianDai/Partical_analyis_tool,white_box_modelling_page.py,c5a8c42679a40658751d18a4090d34693c753e6b,https://github.com/ChristianDai/Partical_analyis_tool/blob/ed11f3f043a875a275beb7848f2ed7427691aa67/white_box_modelling_page.py
cmcneile/symbolic-regression-project,sym_regress_one.ipynb,da716ccd51db898165a8b3cdbc4c69c24efd4403,https://github.com/cmcneile/symbolic-regression-project/blob/bdfe615bd913aa93595ff0d6e0427ad77580f1d9/sym_regress_one.ipynb
cmcneile/symbolic_regression_lattice,fit.py,2a5ddf3613b5f1754d3fc7288fa29f5b07306879,https://github.com/cmcneile/symbolic_regression_lattice/blob/f45902264d26c2adc15346e6b95f25bcc87661f2/fit.py
cmcneile/symbolic_regression_lattice,model_list.py,bc47b2515cbe0ca2c42da4db54bf9173c5e256c6,https://github.com/cmcneile/symbolic_regression_lattice/blob/f45902264d26c2adc15346e6b95f25bcc87661f2/model_list.py
cmpatino/optimal-observables,src/optimal_observables/optimization/explainers.py,3b3db303017231e0377db1f41d7d6c4e43508b0c,https://github.com/cmpatino/optimal-observables/blob/477f90678a45f6a0cae1afc8ac318aa41002e2d5/src/optimal_observables/optimization/explainers.py
Computational-Biology-TUe/conditional-ude,symbolic-regression/symbolic-regression.ipy,145acd4e6dd309eb6398e4a51057f2fa98c0511e,https://github.com/Computational-Biology-TUe/conditional-ude/blob/bff936ffca97d5eb69287f38ab7d80710dc4e2f8/symbolic-regression/symbolic-regression.ipy
cool-japan/phop,crates/phop-bench/scripts/pysr_feynman.py,d385fc6832f2504dda0fcb0dbd45f5630d914b41,https://github.com/cool-japan/phop/blob/74f9f631983809f444db68bb957e54f71e6e12a5/crates/phop-bench/scripts/pysr_feynman.py
cool-japan/phop,crates/phop-bench/scripts/pysr_headtohead.py,06f6beb420d1405efbc2a023f57f0f95f13bd19e,https://github.com/cool-japan/phop/blob/74f9f631983809f444db68bb957e54f71e6e12a5/crates/phop-bench/scripts/pysr_headtohead.py
cool-japan/scirs,scirs2-symbolic/bench-comparison/run_pysr.py,a35da5837a7f9feb031e10561053bf2256a4db24,https://github.com/cool-japan/scirs/blob/bbab1516414a720bee6932d51f2f10f29b0266bf/scirs2-symbolic/bench-comparison/run_pysr.py
cosmologicmind/sdgft-machine-learning,src/sdgft_ml/loop/distillation.py,624851635c53caa7ee45583330785936bae4cf55,https://github.com/cosmologicmind/sdgft-machine-learning/blob/90aaac6a9590c2a2f7f2a023a3f3d9b4dd551e46/src/sdgft_ml/loop/distillation.py
costanmatteo/AZIMUTH,causal_chamber/symbolic_analysis.py,0cd58a190cd550cb76082c924a901d2be617c4d7,https://github.com/costanmatteo/AZIMUTH/blob/e87cd423f02f27b015464f478a8875b28d345712/causal_chamber/symbolic_analysis.py
CP3-Origins/cp3-bench,bench/methods/pysr/procedure.py,5c0e585efaafb9c66b2e5d6d77665ce0ee773a7b,https://github.com/CP3-Origins/cp3-bench/blob/4f1dda50bcd8c3e5222f5908afd2a2406f8ab808/bench/methods/pysr/procedure.py
CP3-Origins/cp3-bench,bench/methods/pysr/tests/test_procedure.py,084483e8122e09ef5dbe0a66a82b9dac39ee7be0,https://github.com/CP3-Origins/cp3-bench/blob/4f1dda50bcd8c3e5222f5908afd2a2406f8ab808/bench/methods/pysr/tests/test_procedure.py
CTF-for-Science/llmtime,experiments/run_simplicity_bias.py,015e02923ee8562f2ce22ab6b4447db02dc0fbe7,https://github.com/CTF-for-Science/llmtime/blob/502f9e0f636dff12ec3edc4818e288edc4d1e6e8/experiments/run_simplicity_bias.py
cttmayi/pylib,pytest/ai/ml/sr.py,5ea86f8b1154c23709cbc9900a88b1c790c55d16,https://github.com/cttmayi/pylib/blob/17cc824c5c898e652ad4991c4cc2ef2998b58443/pytest/ai/ml/sr.py
curryhowardbadnullpointergood/AI-Law-Finder,Code/Final_Sub_v3/PySR_Denoise_Model/clean.py,1a668c167f034e7d9b16b640963ee927aaa17c21,https://github.com/curryhowardbadnullpointergood/AI-Law-Finder/blob/cd40c9eff49f7e1c2f18598db46d9738d7395fa1/Code/Final_Sub_v3/PySR_Denoise_Model/clean.py
curryhowardbadnullpointergood/AI-Law-Finder,Code/Final_Sub_v3/PySR_Denoise_Model/noise_equations_iterative.py,8117f6da5311afff45086f98b74aafe0df47370d,https://github.com/curryhowardbadnullpointergood/AI-Law-Finder/blob/cd40c9eff49f7e1c2f18598db46d9738d7395fa1/Code/Final_Sub_v3/PySR_Denoise_Model/noise_equations_iterative.py
curryhowardbadnullpointergood/AI-Law-Finder,Code/Final_Sub_v3/PySR_Denoise_Model/noise_equations_random.py,88e30151b2acbc44b88232ae579387deb36e008a,https://github.com/curryhowardbadnullpointergood/AI-Law-Finder/blob/cd40c9eff49f7e1c2f18598db46d9738d7395fa1/Code/Final_Sub_v3/PySR_Denoise_Model/noise_equations_random.py
curryhowardbadnullpointergood/AI-Law-Finder,Code/Final_Sub_v3/PySR_Noise_Model/clean.py,1a668c167f034e7d9b16b640963ee927aaa17c21,https://github.com/curryhowardbadnullpointergood/AI-Law-Finder/blob/cd40c9eff49f7e1c2f18598db46d9738d7395fa1/Code/Final_Sub_v3/PySR_Noise_Model/clean.py
curryhowardbadnullpointergood/AI-Law-Finder,Code/Final_Sub_v3/PySR_Noise_Model/noise_equations_iterative.py,6be85d0794f438a9abf58410ce012a6e01da573b,https://github.com/curryhowardbadnullpointergood/AI-Law-Finder/blob/cd40c9eff49f7e1c2f18598db46d9738d7395fa1/Code/Final_Sub_v3/PySR_Noise_Model/noise_equations_iterative.py
curryhowardbadnullpointergood/AI-Law-Finder,Code/Final_Sub_v3/PySR_Noise_Model/noise_equations_random.py,96efa949a44a2fbfecfa6cba3ccacd8dd3b795eb,https://github.com/curryhowardbadnullpointergood/AI-Law-Finder/blob/cd40c9eff49f7e1c2f18598db46d9738d7395fa1/Code/Final_Sub_v3/PySR_Noise_Model/noise_equations_random.py
curryhowardbadnullpointergood/AI-Law-Finder,Code/Final_Sub_v3/PySR_Noise_Model/noise_equations_random_3.py,2ecef928ec4a0a332391fb005db8cc2ded3f9136,https://github.com/curryhowardbadnullpointergood/AI-Law-Finder/blob/cd40c9eff49f7e1c2f18598db46d9738d7395fa1/Code/Final_Sub_v3/PySR_Noise_Model/noise_equations_random_3.py
curryhowardbadnullpointergood/AI-Law-Finder,Code/PySR_Denoise_Model/noise_equations_iterative.py,8117f6da5311afff45086f98b74aafe0df47370d,https://github.com/curryhowardbadnullpointergood/AI-Law-Finder/blob/cd40c9eff49f7e1c2f18598db46d9738d7395fa1/Code/PySR_Denoise_Model/noise_equations_iterative.py
curryhowardbadnullpointergood/AI-Law-Finder,Code/PySR_Denoise_Model/noise_equations_random.py,88e30151b2acbc44b88232ae579387deb36e008a,https://github.com/curryhowardbadnullpointergood/AI-Law-Finder/blob/cd40c9eff49f7e1c2f18598db46d9738d7395fa1/Code/PySR_Denoise_Model/noise_equations_random.py
curryhowardbadnullpointergood/AI-Law-Finder,Code/PySR_Noise_Model/noise_equations_iterative.py,6be85d0794f438a9abf58410ce012a6e01da573b,https://github.com/curryhowardbadnullpointergood/AI-Law-Finder/blob/cd40c9eff49f7e1c2f18598db46d9738d7395fa1/Code/PySR_Noise_Model/noise_equations_iterative.py
curryhowardbadnullpointergood/AI-Law-Finder,Code/PySR_Noise_Model/noise_equations_random.py,96efa949a44a2fbfecfa6cba3ccacd8dd3b795eb,https://github.com/curryhowardbadnullpointergood/AI-Law-Finder/blob/cd40c9eff49f7e1c2f18598db46d9738d7395fa1/Code/PySR_Noise_Model/noise_equations_random.py
curryhowardbadnullpointergood/AI-Law-Finder,Code/PySR_Noise_Model/noise_equations_random_3.py,2ecef928ec4a0a332391fb005db8cc2ded3f9136,https://github.com/curryhowardbadnullpointergood/AI-Law-Finder/blob/cd40c9eff49f7e1c2f18598db46d9738d7395fa1/Code/PySR_Noise_Model/noise_equations_random_3.py
curryhowardbadnullpointergood/AI-Law-Finder,Code/SymbolicRegressor/eval.py,827e71e131ed98b9d97491ea6e05a810885b2719,https://github.com/curryhowardbadnullpointergood/AI-Law-Finder/blob/cd40c9eff49f7e1c2f18598db46d9738d7395fa1/Code/SymbolicRegressor/eval.py
curryhowardbadnullpointergood/AI-Law-Finder,Code/eval.py,10bdef1ff6b889ef496a24f2458ca9090ce30857,https://github.com/curryhowardbadnullpointergood/AI-Law-Finder/blob/cd40c9eff49f7e1c2f18598db46d9738d7395fa1/Code/eval.py
curryhowardbadnullpointergood/AI-Law-Finder,FinalReport/FinalReport.tex,0be22d2fabd8cb1196c637028901eb748f9b2366,https://github.com/curryhowardbadnullpointergood/AI-Law-Finder/blob/cd40c9eff49f7e1c2f18598db46d9738d7395fa1/FinalReport/FinalReport.tex
curryhowardbadnullpointergood/AI-Law-Finder,FinalReport/FinalReport_2.tex,124f9f540af208190186a935df62d2c509584eb4,https://github.com/curryhowardbadnullpointergood/AI-Law-Finder/blob/cd40c9eff49f7e1c2f18598db46d9738d7395fa1/FinalReport/FinalReport_2.tex
curryhowardbadnullpointergood/AI-Law-Finder,FinalReport/FinalReport_3.tex,a8524c7ecce1c038728c8d316432ebf32c574b47,https://github.com/curryhowardbadnullpointergood/AI-Law-Finder/blob/cd40c9eff49f7e1c2f18598db46d9738d7395fa1/FinalReport/FinalReport_3.tex
curryhowardbadnullpointergood/AI-Law-Finder,FinalReport/FinalReport_4.tex,eab1bdca9f825ee713bc935ee591d736e3691a97,https://github.com/curryhowardbadnullpointergood/AI-Law-Finder/blob/cd40c9eff49f7e1c2f18598db46d9738d7395fa1/FinalReport/FinalReport_4.tex
curryhowardbadnullpointergood/AI-Law-Finder,FinalReport/Interim/Intermin.tex,f4a0d4c4a482453adb8c81991fe7baa1fde9d32c,https://github.com/curryhowardbadnullpointergood/AI-Law-Finder/blob/cd40c9eff49f7e1c2f18598db46d9738d7395fa1/FinalReport/Interim/Intermin.tex
curryhowardbadnullpointergood/AI-Law-Finder,FinalReport/Interim/short_Interim.tex,443a1b9f54d07d26c548764aa04367ffe52dde7b,https://github.com/curryhowardbadnullpointergood/AI-Law-Finder/blob/cd40c9eff49f7e1c2f18598db46d9738d7395fa1/FinalReport/Interim/short_Interim.tex
curryhowardbadnullpointergood/AI-Law-Finder,PySR_Denoise_Model/clean.py,1a668c167f034e7d9b16b640963ee927aaa17c21,https://github.com/curryhowardbadnullpointergood/AI-Law-Finder/blob/cd40c9eff49f7e1c2f18598db46d9738d7395fa1/PySR_Denoise_Model/clean.py
curryhowardbadnullpointergood/AI-Law-Finder,PySR_Denoise_Model/noise_equations_iterative.py,ce236a3a27521209d0a29552c1c22d3598dca0c5,https://github.com/curryhowardbadnullpointergood/AI-Law-Finder/blob/cd40c9eff49f7e1c2f18598db46d9738d7395fa1/PySR_Denoise_Model/noise_equations_iterative.py
curryhowardbadnullpointergood/AI-Law-Finder,PySR_Denoise_Model/noise_equations_random.py,82aadf9299889140b14fc35f5d252a2ffe9d3633,https://github.com/curryhowardbadnullpointergood/AI-Law-Finder/blob/cd40c9eff49f7e1c2f18598db46d9738d7395fa1/PySR_Denoise_Model/noise_equations_random.py
CXY0112/SGN,1wave/3pySR_sulamte.py,fb25b1977e3a8ade4b2cda0ca9b32d5090fafa1e,https://github.com/CXY0112/SGN/blob/62a3af7bd0d16dcdbdfdf184ffb9cdd54b8b11a4/1wave/3pySR_sulamte.py
CXY0112/SGN,3NavierStokes/3pySR_sulamte.py,82c9ea1c56777576832de1d8104e20bed4e0515e,https://github.com/CXY0112/SGN/blob/62a3af7bd0d16dcdbdfdf184ffb9cdd54b8b11a4/3NavierStokes/3pySR_sulamte.py
cyrilgabriele/DeepLearning,src/interpretability/kan_symbolic.py,a217f9e8547b58e321a2e272b5b2d9861432c385,https://github.com/cyrilgabriele/DeepLearning/blob/40c2801680c5a71cffac6d388984fd1a0319378c/src/interpretability/kan_symbolic.py
czs-school-23/DataLibrary,CosmicRays/PySR/run-pysr.py,82be57e642362f0de3425604e3b6b0b03afda203,https://github.com/czs-school-23/DataLibrary/blob/25f4dd15345db3f08392199103b22ccd05fbd5e6/CosmicRays/PySR/run-pysr.py
d2k-daniel/KAN_Analysis,find_suitable_symbolic_function.ipynb,177f40ddac15ffcea3d8e57c922247a82900390c,https://github.com/d2k-daniel/KAN_Analysis/blob/f7751a9cfb1230141092912756b2a969f3e1ae40/find_suitable_symbolic_function.ipynb
D4san/MS-ComAvanzada,Machine Learning/README.md,0d2b428095a05c2384af2984849f7187fcf92635,https://github.com/D4san/MS-ComAvanzada/blob/2047177392a55e19c91612fb295d5023745eac7a/Machine Learning/README.md
D4san/MS-ComAvanzada,Machine Learning/scripts/fit_all.py,1339bf52441b2754617d821401ede363872f0163,https://github.com/D4san/MS-ComAvanzada/blob/2047177392a55e19c91612fb295d5023745eac7a/Machine Learning/scripts/fit_all.py
D4san/MS-ComAvanzada,Machine Learning/scripts/fit_band M_model.py,50c101ffa2f404a780c45406f9a2e4cdd7ee97ad,https://github.com/D4san/MS-ComAvanzada/blob/2047177392a55e19c91612fb295d5023745eac7a/Machine Learning/scripts/fit_band M_model.py
D4san/MS-ComAvanzada,Machine Learning/scripts/fit_band.py,06c09f7198d632d460500cb5009f68069ca5310b,https://github.com/D4san/MS-ComAvanzada/blob/2047177392a55e19c91612fb295d5023745eac7a/Machine%20Learning/scripts/fit_band.py
daattavya98/MathWorld-learning-homology,conj-refute/src/conj_refute_env/env/ga_formula.py,7718bf9a29647d0eab0c1317c3ad2e560fa7fa6a,https://github.com/daattavya98/MathWorld-learning-homology/blob/ad4c4d7a32ea9b3174def1ec7f4d27129c6aa044/conj-refute/src/conj_refute_env/env/ga_formula.py
DABS-Dynamics/kepler-ldm-law-discovery,README.md,e89285361bb14949256e19b5dfaad7a4c31d41bf,https://github.com/DABS-Dynamics/kepler-ldm-law-discovery/blob/b30e66bd06ce3d2b19707773b6833be0d7da34f4/README.md
DABS-Dynamics/kepler-ldm-law-discovery,kepler_ldm_law_discovery_paper.md,bad1aed398105784c758600d4752fc7975429e29,https://github.com/DABS-Dynamics/kepler-ldm-law-discovery/blob/b30e66bd06ce3d2b19707773b6833be0d7da34f4/kepler_ldm_law_discovery_paper.md
dafnep4/Dafne-Petrelli-s-coding,julia_pysr_pynb.ipynb,ab1b7d6d7a3d8769b7f4ef7ec94b551bd1f2f191,https://github.com/dafnep4/Dafne-Petrelli-s-coding/blob/71223b7f9c8e04678b514120844f74a42a2f5d14/julia_pysr_pynb.ipynb
daniel-j-zou/srsd_bench,external/pysr/runner.py,06e9683bff860dca4f59d18ade6a4078d8cadaae,https://github.com/daniel-j-zou/srsd_bench/blob/1ef72b1e931bc492dff5b8dfe108692c54977c56/external/pysr/runner.py
DanielePessina/Personalised-PBPK-Demo,pharmacokinetics/tests/test_symbolic_regression.py,8021b2846bff3a3d3ca98f57047282ffb8c0e40d,https://github.com/DanielePessina/Personalised-PBPK-Demo/blob/b4aba8d3275bf772c9c053facb705764640a3818/pharmacokinetics/tests/test_symbolic_regression.py
danielveigasilva/SMNLMS-SR,SMNLMS.py,2da4c52031ae6ceb79592e369b2557c844368b62,https://github.com/danielveigasilva/SMNLMS-SR/blob/baa9f9c98fa5a7b96c38655af9610378dfe29391/SMNLMS.py
danielveigasilva/SMNLMS-SR,SMNLMS_SR.ipynb,4cf68ac8eb6af33f7deec3213e0fe25e7b9e659b,https://github.com/danielveigasilva/SMNLMS-SR/blob/baa9f9c98fa5a7b96c38655af9610378dfe29391/SMNLMS_SR.ipynb
DaniilLaptev/pinns,experiments/kans/testing_symbolic_formulas.ipynb,ff303deb185545a016ed7cfe7dc67467696941d7,https://github.com/DaniilLaptev/pinns/blob/f6c495f5bb14fcb8d21b5d8b82d50b3c9dbffea4/experiments/kans/testing_symbolic_formulas.ipynb
Danyanne/BesselML,BesselML/main.py,1ca86e54cc3bfbb94caf0e8466d7884152cf71ec,https://github.com/Danyanne/BesselML/blob/62e6a64fbe50d2d5e1cf93ce10badda29e0e6d57/BesselML/main.py
Danyanne/BesselML,examples/PySR_fixed_structure.ipynb,bf7d8740b34691f8c77acbe78e7c8f2876df07a4,https://github.com/Danyanne/BesselML/blob/62e6a64fbe50d2d5e1cf93ce10badda29e0e6d57/examples/PySR_fixed_structure.ipynb
DarktIOff/DeepEGB,docs/DEVELOPMENT.md,d6f8f6a3b95e2fe9676db4d886b68cbf4a60fb00,https://github.com/DarktIOff/DeepEGB/blob/6ead0645d6bb8a855f7b994bf34e26e0b50725dc/docs/DEVELOPMENT.md
DarktIOff/DeepEGB,src/deepegb/search/pysr_search.py,5be9f9720d74cdf32a3e54974e45fe6f7e9306b4,https://github.com/DarktIOff/DeepEGB/blob/6ead0645d6bb8a855f7b994bf34e26e0b50725dc/src/deepegb/search/pysr_search.py
Davi-SB/Battery-Analysis,Regularized Evolution Regressor/SR.py,5e0f39f541b610a0ea6f97b241224c76a8686f5e,https://github.com/Davi-SB/Battery-Analysis/blob/7defab25e9097c25e5a58258118dfc2e5922c4d3/Regularized Evolution Regressor/SR.py
David-Li0406/meta-skill-evloving,AutoSkill/SkillBank/ConvSkill/english_gpt4_8_GLM4.7/symbolic-regression-for-constants-using-pysr/SKILL.md,18f523111ed6b3cfa3ecb1179fc5b986bd49c9e1,https://github.com/David-Li0406/meta-skill-evloving/blob/a864b5c287984f1fe1a04c9a91dc0c6a7b386735/AutoSkill/SkillBank/ConvSkill/english_gpt4_8_GLM4.7/symbolic-regression-for-constants-using-pysr/SKILL.md
DavidEngland/ABL,ML/ML_Curvature_Corrections_Guide.md,cf8400ae872730b9b205370ba40c970d80a1fac3,https://github.com/DavidEngland/ABL/blob/796c1516bf7d233474a2ffe46e5b906e2bf7cb41/ML/ML_Curvature_Corrections_Guide.md
DavidEngland/ABL,ML/Symbolic Regression Ri_c.md,a65ce4d3f13a9b2b6ef0604f333faf886679c63c,https://github.com/DavidEngland/ABL/blob/796c1516bf7d233474a2ffe46e5b906e2bf7cb41/ML/Symbolic Regression Ri_c.md
DavisAI1974/Markets,odcore/symbolic.py,fe434dcf8030057bad6157b36291024aa7165a87,https://github.com/DavisAI1974/Markets/blob/5299f534e4ef21575f3de508985509ae6d957e3f/odcore/symbolic.py
dcldyhb/XAI_for_Microgrid_Optimization,PySR_gamma/analyze_ieee33_whole_gamma_programmatic.py,270b8b9ccba4d77628b6ee47eeebb77f438b7e53,https://github.com/dcldyhb/XAI_for_Microgrid_Optimization/blob/32cdb062eff8c953b6b3c46a331f1f2974e32ec7/PySR_gamma/analyze_ieee33_whole_gamma_programmatic.py
dcldyhb/XAI_test,PySR_gamma/analyze_ieee33_whole_gamma_programmatic.py,2dfae12d8fdb69d2350009f95ae1e25e3d21d695,https://github.com/dcldyhb/XAI_test/blob/30aba8289f9d659d630cbc7f3e02916f6ce35af1/PySR_gamma/analyze_ieee33_whole_gamma_programmatic.py
deep-symbolic-mathematics/llm-srbench,methods/lasr/searcher.py,8a998521e3e0f954ef24a55f7cc2078286dc50ea,https://github.com/deep-symbolic-mathematics/llm-srbench/blob/6fdbe409b75ea749c0a93c69b6861637d804dec4/methods/lasr/searcher.py
deep-symbolic-mathematics/surfacebench,methods/PySR/pysr_searcher.py,7a4c4d806e7f94be20c2fe7cbc48f472c2085e74,https://github.com/deep-symbolic-mathematics/surfacebench/blob/619bcb0aa17cd80694798c5ca92283cd9a4e6ba4/methods/PySR/pysr_searcher.py
deepmodeling/AI4S-agent-tools,servers/Symbolic_regression/src/symbolic_regression.py,6732220ef8948c15b070d83cba447aa0e554ad72,https://github.com/deepmodeling/AI4S-agent-tools/blob/9ddc8c1c45c7c11dd456044697f59d668d42e708/servers/Symbolic_regression/src/symbolic_regression.py
deepmodeling/build-your-agent,agents/SRAgent/Nexusagent_SR/tool/pysr.py,d3f934c384744baf122c16c022d06d346fc993a8,https://github.com/deepmodeling/build-your-agent/blob/401798b59078b8544ee1abc98898eccf2f540d81/agents/SRAgent/Nexusagent_SR/tool/pysr.py
Deeprockz22/IMS135-Exam-Prep,notebooks/examples_model_discovery.ipynb,7d8677dcb9b91a804267a4b85ab05686e470956f,https://github.com/Deeprockz22/IMS135-Exam-Prep/blob/c1160bb11d691425cdb9377e4528d0c997dea65c/notebooks/examples_model_discovery.ipynb
Devisri-B/Susceptible-Infected-Removed-Model,src/sir/pipeline/symbolic_recovery.py,b0dde5c39284673bd4f91a597bc25b28b075eb4d,https://github.com/Devisri-B/Susceptible-Infected-Removed-Model/blob/400e90046948aec2910a390e1e23bd2e37cb6d25/src/sir/pipeline/symbolic_recovery.py
Dibyasha2305/pysr-paper-reproduction,experiments/symbolic_surrogate_esol/step3_symbolic_surrogate.py,681ca127f557f2ff05bc55097d43d292d7f7fd3c,https://github.com/Dibyasha2305/pysr-paper-reproduction/blob/608e5cc20a9c8935ff5b697dc414a7d6c39c739a/experiments/symbolic_surrogate_esol/step3_symbolic_surrogate.py
Dibyasha2305/pysr-paper-reproduction,experiments/symbolic_surrogate_esol/step5_stability.py,e20976a7d90de081c8d805d1f60488ec7a62a979,https://github.com/Dibyasha2305/pysr-paper-reproduction/blob/608e5cc20a9c8935ff5b697dc414a7d6c39c739a/experiments/symbolic_surrogate_esol/step5_stability.py
Dibyasha2305/pysr-paper-reproduction,experiments/symbolic_surrogate_esol/step6_direct_symbolic.py,394840415570ccfffe81d94cd19c332d561ccb27,https://github.com/Dibyasha2305/pysr-paper-reproduction/blob/608e5cc20a9c8935ff5b697dc414a7d6c39c739a/experiments/symbolic_surrogate_esol/step6_direct_symbolic.py
Dibyasha2305/pysr-paper-reproduction,friedman1_pysr.py,86dcba39c842b47a893a1e73782d8b25f58f3d0f,https://github.com/Dibyasha2305/pysr-paper-reproduction/blob/608e5cc20a9c8935ff5b697dc414a7d6c39c739a/friedman1_pysr.py
Dibyasha2305/pysr-paper-reproduction,friedman2_pysr.py,885a24183839c44997a86629cd2a085d41e4ba29,https://github.com/Dibyasha2305/pysr-paper-reproduction/blob/608e5cc20a9c8935ff5b697dc414a7d6c39c739a/friedman2_pysr.py
Dibyasha2305/pysr-paper-reproduction,nguyen5.py,72d0f3c20956d9de8e597968d408cbca354c067a,https://github.com/Dibyasha2305/pysr-paper-reproduction/blob/608e5cc20a9c8935ff5b697dc414a7d6c39c739a/nguyen5.py
DILiS-lab/ude-crosstalk-discovery,code/utils/symbolic_new_regression_multi.py,4a563ffe414e0bf7117b0c1be9829f25d74b4f0b,https://github.com/DILiS-lab/ude-crosstalk-discovery/blob/11cf46025ce10b266676ce8aaaa9e587942aeb65/code/utils/symbolic_new_regression_multi.py
DILiS-lab/ude-crosstalk-discovery,code/utils/symbolic_regression.py,141c186fa871265edcbdaf20a8540e3539c8a626,https://github.com/DILiS-lab/ude-crosstalk-discovery/blob/11cf46025ce10b266676ce8aaaa9e587942aeb65/code/utils/symbolic_regression.py
divelab/AIRS,OpenODE/DIF/CEL/experiments/MAML_exp.py,e69e20b2579a55caec4d7360283213ea4bc60f06,https://github.com/divelab/AIRS/blob/4a16c68a7da707c521019067dec51c227c10de45/OpenODE/DIF/CEL/experiments/MAML_exp.py
dleiferives/softmaxxing,test_sr.py,5452ddb789d728b8a595110b74c612c9a1a4da10,https://github.com/dleiferives/softmaxxing/blob/319bdf5586e8d4ffe7fb42d92f3af0987e21cad4/test_sr.py
donymorph/deep_2Dlidar_localization,symbolic_regression_test/sr.py,ca4f2e806f447e6d100b65f44bb81c0354990e89,https://github.com/donymorph/deep_2Dlidar_localization/blob/06471584adffe41840cea9beb616cbc1bb0a131d/symbolic_regression_test/sr.py
dr-guangtou/hongshao,experiments/exp12_symbolic_regression/run.py,06b70d2d9d8e023398fa977c3bd64544b7865e91,https://github.com/dr-guangtou/hongshao/blob/3156582f5d2322b5861493fb81c7c186c92102c8/experiments/exp12_symbolic_regression/run.py
dr-guangtou/hongshao,experiments/exp13_outskirt_limit/run.py,ffbf42fee2243414930dc634fa8fef4219c2bc77,https://github.com/dr-guangtou/hongshao/blob/3156582f5d2322b5861493fb81c7c186c92102c8/experiments/exp13_outskirt_limit/run.py
dr-guangtou/hongshao,experiments/exp17_c200c_nonlinear/run.py,33e574cc3be7f9611bd27b4051fda55fb29ee52b,https://github.com/dr-guangtou/hongshao/blob/3156582f5d2322b5861493fb81c7c186c92102c8/experiments/exp17_c200c_nonlinear/run.py
Dr-Yehia/corrosion-rc-beam-optimizer,colab_part2_pysr.py,8ccedd5e65abf234e21084910f9fa75893e3018a,https://github.com/Dr-Yehia/corrosion-rc-beam-optimizer/blob/fc5fd725f61adae6e482d995f22a31a4e6ac9a4a/colab_part2_pysr.py
Dr-Yehia/corrosion-rc-beam-optimizer,colab_v5_ratio_fix.py,5868cdc4037de0fd249c3fa38985077f2bc7e2cf,https://github.com/Dr-Yehia/corrosion-rc-beam-optimizer/blob/fc5fd725f61adae6e482d995f22a31a4e6ac9a4a/colab_v5_ratio_fix.py
Dr-Yehia/corrosion-rc-beam-optimizer,colab_v6_final.py,53b64c6ef27d8c9316d6f7cef0efdc987aabd000,https://github.com/Dr-Yehia/corrosion-rc-beam-optimizer/blob/fc5fd725f61adae6e482d995f22a31a4e6ac9a4a/colab_v6_final.py
Dr-Yehia/corrosion-rc-beam-optimizer,colab_v7_final.py,94bbf98e6c7e12516926f1529d17056feff5e216,https://github.com/Dr-Yehia/corrosion-rc-beam-optimizer/blob/fc5fd725f61adae6e482d995f22a31a4e6ac9a4a/colab_v7_final.py
Dr-Yehia/corrosion-rc-beam-optimizer,fire_resistance_pipeline.py,e87790b58fd4b25b15b08b069c1f32642370c00a,https://github.com/Dr-Yehia/corrosion-rc-beam-optimizer/blob/fc5fd725f61adae6e482d995f22a31a4e6ac9a4a/fire_resistance_pipeline.py
Dr-Yehia/corrosion-rc-beam-optimizer,fire_resistance_pipeline_v2_optimal.py,c8df2ed09bad17ad0294666d2ecb04f2ea27e0a6,https://github.com/Dr-Yehia/corrosion-rc-beam-optimizer/blob/fc5fd725f61adae6e482d995f22a31a4e6ac9a4a/fire_resistance_pipeline_v2_optimal.py
Dr-Yehia/corrosion-rc-beam-optimizer,resultss/pysr_stacking_moead_selector.py.bak_before_kaggle_hardening,6fd206a991a91a3a1d9607a3e1a8a2a4736e7a10,https://github.com/Dr-Yehia/corrosion-rc-beam-optimizer/blob/fc5fd725f61adae6e482d995f22a31a4e6ac9a4a/resultss/pysr_stacking_moead_selector.py.bak_before_kaggle_hardening
Dr-Yehia/corrosion-rc-beam-optimizer,src/symbolic_regression.py,0977a6a27941f98ea5713c134f5646af0ba1e673,https://github.com/Dr-Yehia/corrosion-rc-beam-optimizer/blob/fc5fd725f61adae6e482d995f22a31a4e6ac9a4a/src/symbolic_regression.py
Dr-Yehia/Stability-book,في ماده الاستقرار في الاستيل او الحديد اريد ان امر.md,0ba091e8eb4dc3886328a2d9b53024c516741499,https://github.com/Dr-Yehia/Stability-book/blob/b14d97b10659efd5b71fdd314b85748d4a9041a9/في ماده الاستقرار في الاستيل او الحديد اريد ان امر.md
drorjac/FieldSense,core/examples/02_pysr_basics.ipynb,4c73a5eb5268607cf69697d42d485a61736f0b1a,https://github.com/drorjac/FieldSense/blob/7a64f489ff565576f59c3503ad4e35b1cede9096/core/examples/02_pysr_basics.ipynb
drorjac/FieldSense,core/scientific_packages/PYSR.md,fedf2a29efb32507e847e16e137eb87c3f751b0b,https://github.com/drorjac/FieldSense/blob/7a64f489ff565576f59c3503ad4e35b1cede9096/core/scientific_packages/PYSR.md
DrShushen/IGSR,src/igsr/method/LibraryAugmentedSymbolicRegression.jl/experiments/model.py,1523fa8f95ef6e928d3409f86092bca6e67d9d2a,https://github.com/DrShushen/IGSR/blob/44af1f48ce0881987cc996657b5e5c60b8661e4f/src/igsr/method/LibraryAugmentedSymbolicRegression.jl/experiments/model.py
DrShushen/IGSR,src/igsr/method/LibraryAugmentedSymbolicRegression.jl/pysr/__init__.py,e71e19905d8a12e926a9478e0185457fad2e3366,https://github.com/DrShushen/IGSR/blob/44af1f48ce0881987cc996657b5e5c60b8661e4f/src/igsr/method/LibraryAugmentedSymbolicRegression.jl/pysr/__init__.py
DrShushen/IGSR,src/igsr/method/LibraryAugmentedSymbolicRegression.jl/pysr/deprecated.py,d879273503f32aede157d8bcc44907b4abc4063d,https://github.com/DrShushen/IGSR/blob/44af1f48ce0881987cc996657b5e5c60b8661e4f/src/igsr/method/LibraryAugmentedSymbolicRegression.jl/pysr/deprecated.py
DrShushen/IGSR,src/igsr/method/LibraryAugmentedSymbolicRegression.jl/pysr/sr.py,aa9cdaa61a09e4f02d98b09a2eefba7b87bed2d2,https://github.com/DrShushen/IGSR/blob/44af1f48ce0881987cc996657b5e5c60b8661e4f/src/igsr/method/LibraryAugmentedSymbolicRegression.jl/pysr/sr.py
DrShushen/IGSR,src/igsr/method/LibraryAugmentedSymbolicRegression.jl/pysr/test/params.py,54da4ac7df74c7175551da865fa79eff9d52dc30,https://github.com/DrShushen/IGSR/blob/44af1f48ce0881987cc996657b5e5c60b8661e4f/src/igsr/method/LibraryAugmentedSymbolicRegression.jl/pysr/test/params.py
DrShushen/IGSR,src/igsr/method/LibraryAugmentedSymbolicRegression.jl/pysr/test/test.py,cc7640c1f0646bf7ccdc0d51293ab0eff32cb854,https://github.com/DrShushen/IGSR/blob/44af1f48ce0881987cc996657b5e5c60b8661e4f/src/igsr/method/LibraryAugmentedSymbolicRegression.jl/pysr/test/test.py
DrShushen/IGSR,src/igsr/method/LibraryAugmentedSymbolicRegression.jl/pysr/test/test_jax.py,f3ce3a3291ebb8f14a31caed902654726c8db217,https://github.com/DrShushen/IGSR/blob/44af1f48ce0881987cc996657b5e5c60b8661e4f/src/igsr/method/LibraryAugmentedSymbolicRegression.jl/pysr/test/test_jax.py
DrShushen/IGSR,src/igsr/method/LibraryAugmentedSymbolicRegression.jl/pysr/test/test_nb.ipynb,aa41cab8b839c3f4cb08a4c290129c9c99f87a91,https://github.com/DrShushen/IGSR/blob/44af1f48ce0881987cc996657b5e5c60b8661e4f/src/igsr/method/LibraryAugmentedSymbolicRegression.jl/pysr/test/test_nb.ipynb
DrShushen/IGSR,src/igsr/method/LibraryAugmentedSymbolicRegression.jl/pysr/test/test_startup.py,8bc78a6c1796d1b5bf37145f31646e0be80213a9,https://github.com/DrShushen/IGSR/blob/44af1f48ce0881987cc996657b5e5c60b8661e4f/src/igsr/method/LibraryAugmentedSymbolicRegression.jl/pysr/test/test_startup.py
DrShushen/IGSR,src/igsr/method/LibraryAugmentedSymbolicRegression.jl/pysr/test/test_torch.py,8dd5e34e2f6fc2cfb0e1be7ca479895ee06bb33e,https://github.com/DrShushen/IGSR/blob/44af1f48ce0881987cc996657b5e5c60b8661e4f/src/igsr/method/LibraryAugmentedSymbolicRegression.jl/pysr/test/test_torch.py
DrShushen/IGSR,src/igsr/method/lasr.py,dac38d168d2b46af6d2b49b6e36cd1d5c62bb870,https://github.com/DrShushen/IGSR/blob/44af1f48ce0881987cc996657b5e5c60b8661e4f/src/igsr/method/lasr.py
DrShushen/IGSR,src/igsr/method/pysr.py,b88392ef70d3f9d71c9ba5722b956e380765971b,https://github.com/DrShushen/IGSR/blob/44af1f48ce0881987cc996657b5e5c60b8661e4f/src/igsr/method/pysr.py
dschlesinger/openadmet-pxr,src/models/symbolic_regression.py,a83eeaa8cc74e1707fd4426f856ef267355d0524,https://github.com/dschlesinger/openadmet-pxr/blob/2da5eeb4752f9d25a27605574d2adabe92624f93/src/models/symbolic_regression.py
dslsdzc/myideas,经济/stock/src/factors/nonlinear_factors.py,2b01fe87d05851850eaf6356bc39616e8f395dda,https://github.com/dslsdzc/myideas/blob/c7955d1289b08174182aa7a5c02ea55388ef6830/经济/stock/src/factors/nonlinear_factors.py
dtolgay/niagara_analyze_hden_metallicity_turbulence_isrf_radius,symbollic_regression/functions_symbollic_regression.py,0e30ff821cd232d58e9091ef72ea7ec4d82f52d4,https://github.com/dtolgay/niagara_analyze_hden_metallicity_turbulence_isrf_radius/blob/5e521c2cf39d5ead5a5232ba4493f35265ad6552/symbollic_regression/functions_symbollic_regression.py
dtolgay/niagara_analyze_hden_metallicity_turbulence_isrf_radius,symbollic_regression/symbollic_regression_to_data.ipynb,ee45a3c80a4906492f2d89ac14d7448a6a288e5b,https://github.com/dtolgay/niagara_analyze_hden_metallicity_turbulence_isrf_radius/blob/5e521c2cf39d5ead5a5232ba4493f35265ad6552/symbollic_regression/symbollic_regression_to_data.ipynb
dtolgay/niagara_analyze_hden_metallicity_turbulence_isrf_radius,symbollic_regression/test.ipynb,624e831c2edcfd0fc30bf340f6788b902267041f,https://github.com/dtolgay/niagara_analyze_hden_metallicity_turbulence_isrf_radius/blob/5e521c2cf39d5ead5a5232ba4493f35265ad6552/symbollic_regression/test.ipynb
dtolgay/niagara_analyze_hden_metallicity_turbulence_isrf_radius,symbollic_regression/train_model.py,b604a667e677bb351289b445bc6a85b96b553099,https://github.com/dtolgay/niagara_analyze_hden_metallicity_turbulence_isrf_radius/blob/5e521c2cf39d5ead5a5232ba4493f35265ad6552/symbollic_regression/train_model.py
Duy19/ma_code,costfunction/evaluateFunctions.py,fab62e7711be9d59f60f1e8f84896aa5d772dbc1,https://github.com/Duy19/ma_code/blob/b2e2c7859fa24f9a3a44e33f25006aa0099e937f/costfunction/evaluateFunctions.py
Duy19/ma_code,costfunction/fitting.py,3def7991781b94b0b312fd76addcffbfd6ea000a,https://github.com/Duy19/ma_code/blob/b2e2c7859fa24f9a3a44e33f25006aa0099e937f/costfunction/fitting.py
Duy19/ma_code,costfunction/plotting.py,416eb29b228133b96ac386c974173a493ec0fe13,https://github.com/Duy19/ma_code/blob/b2e2c7859fa24f9a3a44e33f25006aa0099e937f/costfunction/plotting.py
Dwill6978/Testing,peterdsharpe-AeroSandbox-f290df9/studies/AeroBuildup_LL_unsweep_calibration/make_fits_pysr.py,8657ac9046cf49c2f5827ca0189e5ac275695daa,https://github.com/Dwill6978/Testing/blob/0a8114964fd051944bb1f2cddb70024a9247fafb/peterdsharpe-AeroSandbox-f290df9/studies/AeroBuildup_LL_unsweep_calibration/make_fits_pysr.py
Dwill6978/Testing,peterdsharpe-AeroSandbox-f290df9/studies/ControlSurfaceEffectiveness/fit.py,874870065be9d498df737ab4361b4a3cf68ae475,https://github.com/Dwill6978/Testing/blob/0a8114964fd051944bb1f2cddb70024a9247fafb/peterdsharpe-AeroSandbox-f290df9/studies/ControlSurfaceEffectiveness/fit.py
Dwill6978/Testing,peterdsharpe-AeroSandbox-f290df9/studies/ControlSurfaceEffectiveness/pysr_fit.py,8a31721e96f4a1d0dd91d1d1603cc54c388acd38,https://github.com/Dwill6978/Testing/blob/0a8114964fd051944bb1f2cddb70024a9247fafb/peterdsharpe-AeroSandbox-f290df9/studies/ControlSurfaceEffectiveness/pysr_fit.py
Dwill6978/Testing,peterdsharpe-AeroSandbox-f290df9/studies/MachFitting/CriticalMach/generate_and_fit_critical_mach.py,e11ef0d05b0d7cf29d6f6842a27f3d833f52336e,https://github.com/Dwill6978/Testing/blob/0a8114964fd051944bb1f2cddb70024a9247fafb/peterdsharpe-AeroSandbox-f290df9/studies/MachFitting/CriticalMach/generate_and_fit_critical_mach.py
Dwill6978/Testing,peterdsharpe-AeroSandbox-f290df9/studies/SuperellipseProperties/perimeter_fit.py,b37b93ab010ab485083867ab16ac434d05b2a15f,https://github.com/Dwill6978/Testing/blob/0a8114964fd051944bb1f2cddb70024a9247fafb/peterdsharpe-AeroSandbox-f290df9/studies/SuperellipseProperties/perimeter_fit.py
earaujoassis/computer-science,graduate-works/ufabc-symbolic-regression-project/runners/solution_pysr.py,86e73fee1357bddef166e21883031d90feb10c20,https://github.com/earaujoassis/computer-science/blob/5a0bc52e26537f7a89cc226ff99704536a2bc2de/graduate-works/ufabc-symbolic-regression-project/runners/solution_pysr.py
eather0056/Catenary-Model-Estimation-and-MPC-Control-for-ROV-Tethered-Systems,PySRTrainingScript.py,c251d05b99e69c15cb2a3fad25642a176ef0959e,https://github.com/eather0056/Catenary-Model-Estimation-and-MPC-Control-for-ROV-Tethered-Systems/blob/c53d58082bea88921db0643f96fe8ec52a02f4e2/PySRTrainingScript.py
eather0056/Catenary-Model-Estimation-and-MPC-Control-for-ROV-Tethered-Systems,Temp/equaion_extaction.py,bcf2da1d91eb3fd246c15583d32221689f630d5a,https://github.com/eather0056/Catenary-Model-Estimation-and-MPC-Control-for-ROV-Tethered-Systems/blob/c53d58082bea88921db0643f96fe8ec52a02f4e2/Temp/equaion_extaction.py
eather0056/Catenary-Model-Estimation-and-MPC-Control-for-ROV-Tethered-Systems,Temp/improve_train.py,1250955f475f93035e379d966b4590e2bf712f6a,https://github.com/eather0056/Catenary-Model-Estimation-and-MPC-Control-for-ROV-Tethered-Systems/blob/c53d58082bea88921db0643f96fe8ec52a02f4e2/Temp/improve_train.py
eather0056/Catenary-Model-Estimation-and-MPC-Control-for-ROV-Tethered-Systems,cluster_run/symbolic_regression_wandb.py,4d9baf440ee0a16e6e2888200c85fab96303c59d,https://github.com/eather0056/Catenary-Model-Estimation-and-MPC-Control-for-ROV-Tethered-Systems/blob/c53d58082bea88921db0643f96fe8ec52a02f4e2/cluster_run/symbolic_regression_wandb.py
eather0056/Catenary-Model-Estimation-and-MPC-Control-for-ROV-Tethered-Systems,lagrangian/LagrangianModelEstimator.py,632b9516248de603adf21bbda93aaa488edacf39,https://github.com/eather0056/Catenary-Model-Estimation-and-MPC-Control-for-ROV-Tethered-Systems/blob/c53d58082bea88921db0643f96fe8ec52a02f4e2/lagrangian/LagrangianModelEstimator.py
eather0056/Catenary-Model-Estimation-and-MPC-Control-for-ROV-Tethered-Systems,lagrangian/lagrangian_pipeline.py,73f79d827dae4e5b6e8633a0810542de3c1fbf2e,https://github.com/eather0056/Catenary-Model-Estimation-and-MPC-Control-for-ROV-Tethered-Systems/blob/c53d58082bea88921db0643f96fe8ec52a02f4e2/lagrangian/lagrangian_pipeline.py
eather0056/Catenary-Model-Estimation-and-MPC-Control-for-ROV-Tethered-Systems,lagrangian/lagrangian_pipeline_old.py,72b7336bc89e60e87d8c8568cf308cddff3d8b8f,https://github.com/eather0056/Catenary-Model-Estimation-and-MPC-Control-for-ROV-Tethered-Systems/blob/c53d58082bea88921db0643f96fe8ec52a02f4e2/lagrangian/lagrangian_pipeline_old.py
eather0056/Catenary-Model-Estimation-and-MPC-Control-for-ROV-Tethered-Systems,simple.py,003886533187894972a818e4286012fc5703bcdc,https://github.com/eather0056/Catenary-Model-Estimation-and-MPC-Control-for-ROV-Tethered-Systems/blob/c53d58082bea88921db0643f96fe8ec52a02f4e2/simple.py
ECNU-ICALK/AutoSkill,SkillBank/ConvSkill/english_gpt4_8_GLM4.7/symbolic-regression-for-constants-using-pysr/SKILL.md,18f523111ed6b3cfa3ecb1179fc5b986bd49c9e1,https://github.com/ECNU-ICALK/AutoSkill/blob/94c47ca488d4ba4117d20272e66d49b9877e68cf/SkillBank/ConvSkill/english_gpt4_8_GLM4.7/symbolic-regression-for-constants-using-pysr/SKILL.md
edfink234/RCPDE,EdwardF/scripts/CrapLearnInvertedPenulum.py,d6ed8d254ef32ebfb2e72f777fbd762eebefdfa2,https://github.com/edfink234/RCPDE/blob/c76020527f1ccf8cc7923882aaa667f2e62fc688/EdwardF/scripts/CrapLearnInvertedPenulum.py
edfink234/RCPDE,EdwardF/scripts/PaulVariationalPotential.py,c567c40bc9f81cd59a70a056dd14516b0708d5de,https://github.com/edfink234/RCPDE/blob/c76020527f1ccf8cc7923882aaa667f2e62fc688/EdwardF/scripts/PaulVariationalPotential.py
edu-passos/sr-regime-characterization,src/symbolic_structural_profiling/models/ensemble.py,0098c3a21b4107cfa4a872c72bcc5141f7ce9f8a,https://github.com/edu-passos/sr-regime-characterization/blob/6e7f7f0c798de07823ee448695ec7b5d1cfc32e3/src/symbolic_structural_profiling/models/ensemble.py
edu-passos/sr-regime-characterization,tests/test_pysr_artifacts.py,bc8e5ed748e92052d6849d820c6b6504b1b60943,https://github.com/edu-passos/sr-regime-characterization/blob/6e7f7f0c798de07823ee448695ec7b5d1cfc32e3/tests/test_pysr_artifacts.py
eelregit/5par,robust_gomp/symb/univ_pivot/pysr_pivot.py,b83265f4f3813fa0542550dfe399e5b59863ad42,https://github.com/eelregit/5par/blob/0402d19c5d413333f93ef266a4ed9baff2ef9440/robust_gomp/symb/univ_pivot/pysr_pivot.py
eelregit/5par,robust_gomp/symb/univ_tilt/pysr_tilt.py,4daffc6b23178b74d032065e29d34c14cc489bbb,https://github.com/eelregit/5par/blob/0402d19c5d413333f93ef266a4ed9baff2ef9440/robust_gomp/symb/univ_tilt/pysr_tilt.py
eelregit/5par,symb/pareto.py,9c4465785cb813863de1799f5faf14d68aca4084,https://github.com/eelregit/5par/blob/0402d19c5d413333f93ef266a4ed9baff2ef9440/symb/pareto.py
eelregit/5par,symb/univ_pivot/pysr_pivot.py,399172adeff56711f561d6888cfd1f3484b3fd01,https://github.com/eelregit/5par/blob/0402d19c5d413333f93ef266a4ed9baff2ef9440/symb/univ_pivot/pysr_pivot.py
eelregit/5par,symb/univ_tilt/pysr_tilt.py,569ecccf9e11325e983ca1f086c860cc293c5d21,https://github.com/eelregit/5par/blob/0402d19c5d413333f93ef266a4ed9baff2ef9440/symb/univ_tilt/pysr_tilt.py
ehsan-vahabzadeh/Mixing-in-UHS,PostFun/Other/Linear_regression.py,3a0295203fc88aaf1363c0a5ad68f77b0b918489,https://github.com/ehsan-vahabzadeh/Mixing-in-UHS/blob/96b2c47b9e1419e0fc2850a05fadc8b55e700f4c/PostFun/Other/Linear_regression.py
ehsan-vahabzadeh/Mixing-in-UHS,PostFun/correlation_feature.py,a9fc5e2af7ee489f340a7be70d1f67990865ef28,https://github.com/ehsan-vahabzadeh/Mixing-in-UHS/blob/96b2c47b9e1419e0fc2850a05fadc8b55e700f4c/PostFun/correlation_feature.py
ehsan-vahabzadeh/UHS-in-Aquifers,Aquifer/PostFun/Other/Linear_regression.py,3a0295203fc88aaf1363c0a5ad68f77b0b918489,https://github.com/ehsan-vahabzadeh/UHS-in-Aquifers/blob/cd39ee15f52a1bdcb24d00db9189bc36afcfb428/Aquifer/PostFun/Other/Linear_regression.py
ehsan-vahabzadeh/UHS-in-Aquifers,Aquifer/PostFun/correlation_feature.py,a9fc5e2af7ee489f340a7be70d1f67990865ef28,https://github.com/ehsan-vahabzadeh/UHS-in-Aquifers/blob/cd39ee15f52a1bdcb24d00db9189bc36afcfb428/Aquifer/PostFun/correlation_feature.py
ehsan-vahabzadeh/UHS-in-Aquifers,Mixing-in-UHS/PostFun/Other/Linear_regression.py,3a0295203fc88aaf1363c0a5ad68f77b0b918489,https://github.com/ehsan-vahabzadeh/UHS-in-Aquifers/blob/cd39ee15f52a1bdcb24d00db9189bc36afcfb428/Mixing-in-UHS/PostFun/Other/Linear_regression.py
ehsan-vahabzadeh/UHS-in-Aquifers,Mixing-in-UHS/PostFun/correlation_feature.py,a9fc5e2af7ee489f340a7be70d1f67990865ef28,https://github.com/ehsan-vahabzadeh/UHS-in-Aquifers/blob/cd39ee15f52a1bdcb24d00db9189bc36afcfb428/Mixing-in-UHS/PostFun/correlation_feature.py
elizabethsztan/symbolic_distillation_GNNs,symbolic_reg.py,a29ed4c71bbf052fda0ed081bef69150db9a2f62,https://github.com/elizabethsztan/symbolic_distillation_GNNs/blob/8df39290cae0fc5e6079dfa4d549400912f4ccd6/symbolic_reg.py
epiblasfunds/options-pricing,doc/docs/dashboard/global/symbolic-regression.md,32f62a25c0ab7d26bd02a8308ceaa7da1d3b7a24,https://github.com/epiblasfunds/options-pricing/blob/ad1512ac9ecb074c518ea7b520da5885e5e3c233/doc/docs/dashboard/global/symbolic-regression.md
epiblasfunds/options-pricing,doc/site/dashboard/global/symbolic-regression/index.html,b07614b967cd2221158f4f4a8cca91c35fe35f0d,https://github.com/epiblasfunds/options-pricing/blob/ad1512ac9ecb074c518ea7b520da5885e5e3c233/doc/site/dashboard/global/symbolic-regression/index.html
epiblasfunds/options-pricing,latex/chapters/app7_reg_symbolic.tex,824cf2a8a59ba55f4e0a85b2e3c634d2c737b65f,https://github.com/epiblasfunds/options-pricing/blob/ad1512ac9ecb074c518ea7b520da5885e5e3c233/latex/chapters/app7_reg_symbolic.tex
epiblasfunds/options-pricing,src/model2dashboard/artifact_builders.py,6b2338f77f9989a870e5b8d0000490d670866d0a,https://github.com/epiblasfunds/options-pricing/blob/ad1512ac9ecb074c518ea7b520da5885e5e3c233/src/model2dashboard/artifact_builders.py
epiblasfunds/options-pricing,tests/model2dashboard/test_artifact_builders.py,e8e70dd2a2cefa501dbc986b83cd55f9dc2b8a5d,https://github.com/epiblasfunds/options-pricing/blob/ad1512ac9ecb074c518ea7b520da5885e5e3c233/tests/model2dashboard/test_artifact_builders.py
EricSchles/causal_bundle,causal_bundle/bilevel/symbolic.py,201aefb366dc86215685e29959d56da9e6d27ff1,https://github.com/EricSchles/causal_bundle/blob/f653cac01e687c03f4952f5d69271cf3987ed6b7/causal_bundle/bilevel/symbolic.py
EricSchles/causal_bundle,causal_bundle/optimizers/joint_optimizer.py,e7a1b4662ad16c66deeab17bfc90d5a49f073877,https://github.com/EricSchles/causal_bundle/blob/f653cac01e687c03f4952f5d69271cf3987ed6b7/causal_bundle/optimizers/joint_optimizer.py
EricSchles/causal_bundle,causal_bundle/symbolic/equation_extractor.py,e31eeb1d317f00d8a376722309e2e561a810e67f,https://github.com/EricSchles/causal_bundle/blob/f653cac01e687c03f4952f5d69271cf3987ed6b7/causal_bundle/symbolic/equation_extractor.py
EricSchles/causal_bundle,causal_bundle/symbolic/pysr_interface.py,03d73a6d3c91ed0059c26d7630e7ead1a400dbf6,https://github.com/EricSchles/causal_bundle/blob/f653cac01e687c03f4952f5d69271cf3987ed6b7/causal_bundle/symbolic/pysr_interface.py
EricSchles/causal_bundle,examples/geometric_effect_estimator_example.py,65d452748ad568f06d862b0dcf28565d5fbc2908,https://github.com/EricSchles/causal_bundle/blob/f653cac01e687c03f4952f5d69271cf3987ed6b7/examples/geometric_effect_estimator_example.py
ErikHartman/PepBind,src/binding_score_function/predictive_equation/classification.py,900075c04136878d7788183deccf9dbcaedecae3,https://github.com/ErikHartman/PepBind/blob/4c8b0eb4a157ca1eef8d73de30976062cfdbd221/src/binding_score_function/predictive_equation/classification.py
ErikHartman/PepBind,src/binding_score_function/predictive_equation/regression.py,cd6de3442fbd28123b633164c63bbae7f817552e,https://github.com/ErikHartman/PepBind/blob/4c8b0eb4a157ca1eef8d73de30976062cfdbd221/src/binding_score_function/predictive_equation/regression.py
erusseil/mvsr,main.py,e68401103941f46363a2eda0808f72d03525835d,https://github.com/erusseil/mvsr/blob/b39ba792605d8ab08071d0e4fd2acd40c220ab5e/main.py
esarna/metody-i-algorytmy-optymalizacji,lab5/pysr_demo.ipynb,3835a61a613138a078f8a45a6f8ada8478f61ea5,https://github.com/esarna/metody-i-algorytmy-optymalizacji/blob/b6c1b163f7e2f344db422695dc0afc1ecdf46e02/lab5/pysr_demo.ipynb
EstevaoMGomes/GoLP_IN_EG,src/analysis/LWFA1D_analysis.py,0e233c7272f1441af4c2d3a3dcc709f5c3db2ac0,https://github.com/EstevaoMGomes/GoLP_IN_EG/blob/5b89c552293ccc64917ad25f8cffa108d5d14450/src/analysis/LWFA1D_analysis.py
EstevaoMGomes/GoLP_IN_EG,src/analysis/gaussian_analysis.py,79a6f2df13202c80ab6639713161d0807f19f17d,https://github.com/EstevaoMGomes/GoLP_IN_EG/blob/5b89c552293ccc64917ad25f8cffa108d5d14450/src/analysis/gaussian_analysis.py
EstevaoMGomes/GoLP_IN_EG,src/analysis/twostream_analysis.py,5dbbe9cc7031a51e28e8e72b30b129557c25d9f8,https://github.com/EstevaoMGomes/GoLP_IN_EG/blob/5b89c552293ccc64917ad25f8cffa108d5d14450/src/analysis/twostream_analysis.py
EstevaoMGomes/GoLP_IN_EG,src/analysis/twostream_parameter_analysis.py,3fea6005f73a2113ec316315b44ce2ee9a1ddbbf,https://github.com/EstevaoMGomes/GoLP_IN_EG/blob/5b89c552293ccc64917ad25f8cffa108d5d14450/src/analysis/twostream_parameter_analysis.py
EstevaoMGomes/GoLP_IN_EG,src/examples/pysr_example.py,5bdcf248db1a37a31f34aaf63cfff22b9b1fbabe,https://github.com/EstevaoMGomes/GoLP_IN_EG/blob/5b89c552293ccc64917ad25f8cffa108d5d14450/src/examples/pysr_example.py
EstevaoMGomes/GoLP_IN_EG,src/examples/pysr_intro.ipynb,336a29f3156bbea1732848d46a7682cffb729dbf,https://github.com/EstevaoMGomes/GoLP_IN_EG/blob/5b89c552293ccc64917ad25f8cffa108d5d14450/src/examples/pysr_intro.ipynb
eunsu-park/study-hub,content/en/Machine_Learning/24_Symbolic_Regression.md,604a581d66da1c4562778670e265a371f8d138bf,https://github.com/eunsu-park/study-hub/blob/2f2e85a8717fee24f2aecab11b45c08c7e1e880e/content/en/Machine_Learning/24_Symbolic_Regression.md
eunsu-park/study-hub,content/ko/Machine_Learning/24_Symbolic_Regression.md,2f989726737a6b76988d56fb0d19c6b0bb2671df,https://github.com/eunsu-park/study-hub/blob/2f2e85a8717fee24f2aecab11b45c08c7e1e880e/content/ko/Machine_Learning/24_Symbolic_Regression.md
ev-watson/orbit_ml,notebooks/symb_regr.ipynb,d8a7e255de9002603e5f394b541e33f0f363b466,https://github.com/ev-watson/orbit_ml/blob/05ac2cacf9acb281e8571c4162d134743cd21684/notebooks/symb_regr.ipynb
ev-watson/orbit_ml,pysr_main.py,7bd6f4a75daf73c1d8e6b5ef448753bfdbcd9134,https://github.com/ev-watson/orbit_ml/blob/05ac2cacf9acb281e8571c4162d134743cd21684/pysr_main.py
EyringMLClimateGroup/grundner23james_EquationDiscovery_CloudCover,sec3_data-driven_modeling/sec33_symbolic_regression_fits/pysr_on_dyamond_regimes_with_physical_constraints.ipynb,cdcb06fb61adec322e017c29bd08acf2d8be5cfe,https://github.com/EyringMLClimateGroup/grundner23james_EquationDiscovery_CloudCover/blob/bd83291fb45df2bd4d4abddce626d5a735d414ec/sec3_data-driven_modeling/sec33_symbolic_regression_fits/pysr_on_dyamond_regimes_with_physical_constraints.ipynb
EyringMLClimateGroup/grundner23james_EquationDiscovery_CloudCover,sec3_data-driven_modeling/sec33_symbolic_regression_fits/pysr_on_dyamond_regimes_with_physical_constraints_backup.ipynb,9765e8d7ab6a8e035b8bf149b1f9adbd10d98f28,https://github.com/EyringMLClimateGroup/grundner23james_EquationDiscovery_CloudCover/blob/bd83291fb45df2bd4d4abddce626d5a735d414ec/sec3_data-driven_modeling/sec33_symbolic_regression_fits/pysr_on_dyamond_regimes_with_physical_constraints_backup.ipynb
FAIR-UMN/FAIR-UMN-CDMS,src/symbolic regression/sr_one.py,e68976489a36932f9082fc24b5ccf70bac85eb63,https://github.com/FAIR-UMN/FAIR-UMN-CDMS/blob/3502132236e70d2e73be17f6029e6645ef1793a1/src/symbolic%20regression/sr_one.py
FAIR-UMN/FAIR-UMN-CDMS,src/symbolic regression/sr_three.py,2606bc264eeb41b3cd921855f06e2b9c19ec9d7b,https://github.com/FAIR-UMN/FAIR-UMN-CDMS/blob/3502132236e70d2e73be17f6029e6645ef1793a1/src/symbolic%20regression/sr_three.py
FAIR-UMN/FAIR-UMN-CDMS,src/symbolic regression/sr_two.py,0f5f38d34ba36e482669746fe8875de3b212aea1,https://github.com/FAIR-UMN/FAIR-UMN-CDMS/blob/3502132236e70d2e73be17f6029e6645ef1793a1/src/symbolic%20regression/sr_two.py
fallofpheonix/sira,src/sira/symbolic/pysr_wrapper.py,21068c4d35fe01d702f31cfb0535b85dfe5b181a,https://github.com/fallofpheonix/sira/blob/e25d18dc13f39e3ab0de69df539a8e4c4ac4f3b1/src/sira/symbolic/pysr_wrapper.py
farocrown/Simreg,Notebooks/defending_graphs.ipynb,ffc7b52f054ed957074389d002a9b6a56dcb4f28,https://github.com/farocrown/Simreg/blob/be0b1867404808ffb2556f9b6873a6fb4c46e93b/Notebooks/defending_graphs.ipynb
farocrown/Simreg,Notebooks/sr_cl_ee_extrapolation.ipynb,46d7fb5fddc944ed5ea50cae683ddacb86bcd2c6,https://github.com/farocrown/Simreg/blob/be0b1867404808ffb2556f9b6873a6fb4c46e93b/Notebooks/sr_cl_ee_extrapolation.ipynb
farocrown/Simreg,Notebooks/sr_cmb_cl.ipynb,2c0625e72f1f8d4e2408642566dbdf58f0156c90,https://github.com/farocrown/Simreg/blob/be0b1867404808ffb2556f9b6873a6fb4c46e93b/Notebooks/sr_cmb_cl.ipynb
farocrown/Simreg,Notebooks/sr_cmb_cl_graphs.ipynb,6d5e0633c94e942f943244c175f1841c25c34c14,https://github.com/farocrown/Simreg/blob/be0b1867404808ffb2556f9b6873a6fb4c46e93b/Notebooks/sr_cmb_cl_graphs.ipynb
farocrown/Simreg,Notebooks/sr_tf1.ipynb,1e89f40becc0de6dbf4e2bf3d866a7995be47826,https://github.com/farocrown/Simreg/blob/be0b1867404808ffb2556f9b6873a6fb4c46e93b/Notebooks/sr_tf1.ipynb
farocrown/Simreg,Notebooks/sr_tf_test_hypercube.ipynb,b5ea40f086bf16b5e87d62abab421e33c4f9a178,https://github.com/farocrown/Simreg/blob/be0b1867404808ffb2556f9b6873a6fb4c46e93b/Notebooks/sr_tf_test_hypercube.ipynb
farocrown/Simreg,Scripts/sr_cmb_cl1.py,41cc182a358ad744031d3cbd15098ca0f28cbe20,https://github.com/farocrown/Simreg/blob/be0b1867404808ffb2556f9b6873a6fb4c46e93b/Scripts/sr_cmb_cl1.py
farocrown/Simreg,Scripts/sr_cmb_clee_elltau.py,78ea92c6ee19702a5522e9db63308435c939ca14,https://github.com/farocrown/Simreg/blob/be0b1867404808ffb2556f9b6873a6fb4c46e93b/Scripts/sr_cmb_clee_elltau.py
farocrown/Simreg,Scripts/sr_tf_16cosmo.py,68a8e51d41900666c65e3171a97fee67df5cb740,https://github.com/farocrown/Simreg/blob/be0b1867404808ffb2556f9b6873a6fb4c46e93b/Scripts/sr_tf_16cosmo.py
farocrown/Simreg,Scripts/sr_tf_64cosmo.py,f2c87936e1b25baefd6702f592eb242844fa83c4,https://github.com/farocrown/Simreg/blob/be0b1867404808ffb2556f9b6873a6fb4c46e93b/Scripts/sr_tf_64cosmo.py
fastmachinelearning/hls4ml,hls4ml/utils/symbolic_utils.py,9bafedc053e68829e70bcf74fd3c26bd6298b5f9,https://github.com/fastmachinelearning/hls4ml/blob/b98439c0c58829e278dcfccf118c8ca41a1fb0b9/hls4ml/utils/symbolic_utils.py
fastmachinelearning/hls4ml,test/pytest/test_sr.py,afca78d60ab402b9fd3dab2d41fa55d828f9105a,https://github.com/fastmachinelearning/hls4ml/blob/b98439c0c58829e278dcfccf118c8ca41a1fb0b9/test/pytest/test_sr.py
fastmachinelearning/hls4ml-tutorial,part8_symbolic_regression.ipynb,c46578e312fe55d73abfae4977a92f2882ae0d7b,https://github.com/fastmachinelearning/hls4ml-tutorial/blob/59ead335b8917d4d76b2fc80118be3eb3ea6dfde/part8_symbolic_regression.ipynb
feanored/SymbolicEW,A-CompareSR.py,26461a3a32a02b6d8e4860a9ce7806d885a0bda0,https://github.com/feanored/SymbolicEW/blob/c1b29073ad8e966464ece424c573365417752aa7/A-CompareSR.py
feanored/SymbolicEW,metricas_plots.py,edefefb3e778917442baa9b39176d6626fd5756e,https://github.com/feanored/SymbolicEW/blob/c1b29073ad8e966464ece424c573365417752aa7/metricas_plots.py
FedejGon/NN-CC,Duffing/Fig3/Fig3_Duffing_CCs.py,fbeaf576eff6a790540e87c5dbb5caefba153e89,https://github.com/FedejGon/NN-CC/blob/ac62d8012bba268ad8807e8ad4d50fa665a6c7ec/Duffing/Fig3/Fig3_Duffing_CCs.py
FedejGon/NN-CC,Duffing/Fig5_and_8/NN-CC/Duffing_base_script_NN_CC.py,3811b0e5f6e74b2521e546a84ae029459880d664,https://github.com/FedejGon/NN-CC/blob/ac62d8012bba268ad8807e8ad4d50fa665a6c7ec/Duffing/Fig5_and_8/NN-CC/Duffing_base_script_NN_CC.py
FedejGon/NN-CC,Duffing/Fig5_and_8/SR-CC/Duffing_base_script_SR_CC.py,e0575b62dd312d47b2912dc7dd037079fb8187f8,https://github.com/FedejGon/NN-CC/blob/ac62d8012bba268ad8807e8ad4d50fa665a6c7ec/Duffing/Fig5_and_8/SR-CC/Duffing_base_script_SR_CC.py
FedejGon/NN-CC,Duffing/Fig7_phase_space/Duffing_baseline_script_pruned_phase_space.py,159a3010e6ce465f989417017b16d6f8c52e3372,https://github.com/FedejGon/NN-CC/blob/ac62d8012bba268ad8807e8ad4d50fa665a6c7ec/Duffing/Fig7_phase_space/Duffing_baseline_script_pruned_phase_space.py
FedejGon/NN-CC,Duffing/Figs_F14_F15_Appendix_F/F15cd_SINDy_Poly_CC/Duffing_noise_x_SINDy_CC_SR.py,075e41574abb7156695961758b2785912f85209b,https://github.com/FedejGon/NN-CC/blob/ac62d8012bba268ad8807e8ad4d50fa665a6c7ec/Duffing/Figs_F14_F15_Appendix_F/F15cd_SINDy_Poly_CC/Duffing_noise_x_SINDy_CC_SR.py
FedejGon/NN-CC,Duffing/Figs_F14_F15_Appendix_F/F15cd_SINDy_Poly_CC/tests_hidden/only_SINDy_CC_and_Poly/Duffing_noise_x_SINDy_CC.py,574a7718f206f6c84c33a574b5186972ba457a86,https://github.com/FedejGon/NN-CC/blob/ac62d8012bba268ad8807e8ad4d50fa665a6c7ec/Duffing/Figs_F14_F15_Appendix_F/F15cd_SINDy_Poly_CC/tests_hidden/only_SINDy_CC_and_Poly/Duffing_noise_x_SINDy_CC.py
FedejGon/NN-CC,Duffing/Figs_F14_F15_Appendix_F/F15cd_SINDy_Poly_CC/tests_hidden/test_equations/Duffing_noise_x_SINDy_CC.py,574a7718f206f6c84c33a574b5186972ba457a86,https://github.com/FedejGon/NN-CC/blob/ac62d8012bba268ad8807e8ad4d50fa665a6c7ec/Duffing/Figs_F14_F15_Appendix_F/F15cd_SINDy_Poly_CC/tests_hidden/test_equations/Duffing_noise_x_SINDy_CC.py
FedejGon/NN-CC,Duffing/Figs_F14_F15_Appendix_F/F15ef_SR_CC/Duffing_noise_x_SR_CC.py,a3745a851aa3e34a4de06f0e0161c437ea7ad031,https://github.com/FedejGon/NN-CC/blob/ac62d8012bba268ad8807e8ad4d50fa665a6c7ec/Duffing/Figs_F14_F15_Appendix_F/F15ef_SR_CC/Duffing_noise_x_SR_CC.py
FedejGon/NN-CC,Duffing/Figs_F14_F15_Appendix_F/F15ef_SR_CC/tests_hidden/Duffing_base_script_SR_CC.py,e0575b62dd312d47b2912dc7dd037079fb8187f8,https://github.com/FedejGon/NN-CC/blob/ac62d8012bba268ad8807e8ad4d50fa665a6c7ec/Duffing/Figs_F14_F15_Appendix_F/F15ef_SR_CC/tests_hidden/Duffing_base_script_SR_CC.py
FedejGon/NN-CC,Duffing/Figs_F14_F15_Appendix_F/F15ef_SR_CC/tests_hidden/Duffing_base_script_SR_CC_test.py,527adc050dcbc7aef74d6e0a3667ea28d55bf6fa,https://github.com/FedejGon/NN-CC/blob/ac62d8012bba268ad8807e8ad4d50fa665a6c7ec/Duffing/Figs_F14_F15_Appendix_F/F15ef_SR_CC/tests_hidden/Duffing_base_script_SR_CC_test.py
FedejGon/NN-CC,Duffing/Figs_F14_F15_Appendix_F/F15ef_SR_CC/tests_hidden/Duffing_baseline_script_pruned_noise_on_x.py,9d854387935d785eaefe753c4a75f2ecceca611b,https://github.com/FedejGon/NN-CC/blob/ac62d8012bba268ad8807e8ad4d50fa665a6c7ec/Duffing/Figs_F14_F15_Appendix_F/F15ef_SR_CC/tests_hidden/Duffing_baseline_script_pruned_noise_on_x.py
FedejGon/NN-CC,Duffing/Figs_F14_F15_Appendix_F/F15ef_SR_CC/tests_hidden/test_equations/Duffing_noise_x_SR_CC.py,0d403291ef6c657591ee7531ff12c7e4cf1d46f5,https://github.com/FedejGon/NN-CC/blob/ac62d8012bba268ad8807e8ad4d50fa665a6c7ec/Duffing/Figs_F14_F15_Appendix_F/F15ef_SR_CC/tests_hidden/test_equations/Duffing_noise_x_SR_CC.py
FedejGon/NN-CC,Duffing/Figs_F14_F15_Appendix_F/FigF14_plotSG_only.py,4f2bdc8806f2d446b08ab2f6fcfaad129c2f3904,https://github.com/FedejGon/NN-CC/blob/ac62d8012bba268ad8807e8ad4d50fa665a6c7ec/Duffing/Figs_F14_F15_Appendix_F/FigF14_plotSG_only.py
FedejGon/NN-CC,Duffing/other_extra_tests/test_parametric_variants/Duffing_base_test_parametric.py,62e1ae9be86c3b98ea1587eb98fa38200eb38084,https://github.com/FedejGon/NN-CC/blob/ac62d8012bba268ad8807e8ad4d50fa665a6c7ec/Duffing/other_extra_tests/test_parametric_variants/Duffing_base_test_parametric.py
FedejGon/NN-CC,Duffing/other_extra_tests/test_parametric_variants/second_test_bias_noise_mean/Duffing_base_test_parametric.py,20e8d031f0c6307da4bc65068fdc9a90d31a1f71,https://github.com/FedejGon/NN-CC/blob/ac62d8012bba268ad8807e8ad4d50fa665a6c7ec/Duffing/other_extra_tests/test_parametric_variants/second_test_bias_noise_mean/Duffing_base_test_parametric.py
FedejGon/NN-CC,Duffing_base_script.py,8c6b443fe59734c9be0d012f45b9af2dd74dc6ec,https://github.com/FedejGon/NN-CC/blob/ac62d8012bba268ad8807e8ad4d50fa665a6c7ec/Duffing_base_script.py
FedejGon/NN-CC,Duffing_base_script_only_NN-CC_variants.py,5f7d064696a71af4b9f49ef345287e2ba20d046c,https://github.com/FedejGon/NN-CC/blob/ac62d8012bba268ad8807e8ad4d50fa665a6c7ec/Duffing_base_script_only_NN-CC_variants.py
FedejGon/NN-CC,Stick-slip/Fig11_Fig12_CCs_and_RMSE/SR-CC/stick-slip_base_script_SR_CC_new.py,6fef2daa39f61532c7e6b838796a7c21b1b02085,https://github.com/FedejGon/NN-CC/blob/ac62d8012bba268ad8807e8ad4d50fa665a6c7ec/Stick-slip/Fig11_Fig12_CCs_and_RMSE/SR-CC/stick-slip_base_script_SR_CC_new.py
FedejGon/NN-CC,Stick-slip/FigF16_F17_Appendix_F/SINDy_Poly_CC/stick-slip_noise_x_SINDy_CC.py,3369c7235d1768eee0cb6e25cfd3147901b521f8,https://github.com/FedejGon/NN-CC/blob/ac62d8012bba268ad8807e8ad4d50fa665a6c7ec/Stick-slip/FigF16_F17_Appendix_F/SINDy_Poly_CC/stick-slip_noise_x_SINDy_CC.py
FedejGon/NN-CC,Stick-slip/FigF16_F17_Appendix_F/SR_CC/stick-slip_noise_x_SR_CC.py,c10ffc95077cbba38e4e69cd0d2beb3eb228b55a,https://github.com/FedejGon/NN-CC/blob/ac62d8012bba268ad8807e8ad4d50fa665a6c7ec/Stick-slip/FigF16_F17_Appendix_F/SR_CC/stick-slip_noise_x_SR_CC.py
FedejGon/NN-CC,Stick-slip/FigF16_F17_Appendix_F/stick-slip_plotSG_filter_noise_x.py,985160b7f566662478c1f46f503019c96c234cd1,https://github.com/FedejGon/NN-CC/blob/ac62d8012bba268ad8807e8ad4d50fa665a6c7ec/Stick-slip/FigF16_F17_Appendix_F/stick-slip_plotSG_filter_noise_x.py
FedejGon/pyCC.id,docs/build/html/_sources/functions_postprocessing.rst.txt,a391e0a6695c3baa45b3028846f13705c80f1cbb,https://github.com/FedejGon/pyCC.id/blob/d8dcb33c478332fdcb30ca6a66840d374b29011e/docs/build/html/_sources/functions_postprocessing.rst.txt
FedejGon/pyCC.id,docs/build/html/_sources/functions_simulate.rst.txt,78e53b21e856a79ea3b2844f8ce87ffd5686a899,https://github.com/FedejGon/pyCC.id/blob/d8dcb33c478332fdcb30ca6a66840d374b29011e/docs/build/html/_sources/functions_simulate.rst.txt
FedejGon/pyCC.id,docs/build/html/_sources/functions_train.rst.txt,a49f1425a8a778f28ad3f194a058ec02315291f7,https://github.com/FedejGon/pyCC.id/blob/d8dcb33c478332fdcb30ca6a66840d374b29011e/docs/build/html/_sources/functions_train.rst.txt
FedejGon/pyCC.id,docs/build/html/functions_postprocessing.html,36a75df27ef7b5cee9d11b9c78967bddb9a3d9ab,https://github.com/FedejGon/pyCC.id/blob/d8dcb33c478332fdcb30ca6a66840d374b29011e/docs/build/html/functions_postprocessing.html
FedejGon/pyCC.id,docs/build/html/functions_simulate.html,266b30c8238cc7691d7273b132316e8c487633eb,https://github.com/FedejGon/pyCC.id/blob/d8dcb33c478332fdcb30ca6a66840d374b29011e/docs/build/html/functions_simulate.html
FedejGon/pyCC.id,docs/build/html/functions_train.html,082174f089c9a36f066e7d7b4e821eecb20a3fe4,https://github.com/FedejGon/pyCC.id/blob/d8dcb33c478332fdcb30ca6a66840d374b29011e/docs/build/html/functions_train.html
FedejGon/pyCC.id,docs/source/functions_postprocessing.rst,a391e0a6695c3baa45b3028846f13705c80f1cbb,https://github.com/FedejGon/pyCC.id/blob/d8dcb33c478332fdcb30ca6a66840d374b29011e/docs/source/functions_postprocessing.rst
FedejGon/pyCC.id,docs/source/functions_train.rst,a49f1425a8a778f28ad3f194a058ec02315291f7,https://github.com/FedejGon/pyCC.id/blob/d8dcb33c478332fdcb30ca6a66840d374b29011e/docs/source/functions_train.rst
FedejGon/pyCC.id,pycc/post_processing_SymbR.py,163c6e26d1a719c4aab92cdde06975c94c68c1bc,https://github.com/FedejGon/pyCC.id/blob/d8dcb33c478332fdcb30ca6a66840d374b29011e/pycc/post_processing_SymbR.py
FedejGon/pyCC.id,pycc/simulate_SymbR_only_SR.py,f2d607a8394caadd8fea26cecea4a2944cc05d49,https://github.com/FedejGon/pyCC.id/blob/d8dcb33c478332fdcb30ca6a66840d374b29011e/pycc/simulate_SymbR_only_SR.py
feizhanxia/Symbolic-Regression-test,bag_symbolic_sr.ipynb,82f0ccd8c505cdffa4f2cd149400ced0e93c28be,https://github.com/feizhanxia/Symbolic-Regression-test/blob/038e1821ab145b241f40b9c290174840bf51485b/bag_symbolic_sr.ipynb
feizhanxia/Symbolic-Regression-test,pysr_tutorial.ipynb,a867a4b69324a46f2f65fb185a18f6abce01196d,https://github.com/feizhanxia/Symbolic-Regression-test/blob/038e1821ab145b241f40b9c290174840bf51485b/pysr_tutorial.ipynb
felipeminuzzi/PySR_ocean,src/old_symb_ocean.py,ad86900865fd8a15d6476b4079c842e0975c39e1,https://github.com/felipeminuzzi/PySR_ocean/blob/e2abdd7daa347b105fa62bb5e0fa00266d4cd5fe/src/old_symb_ocean.py
felipeminuzzi/PySR_ocean,src/test.py,6022dae15df9001f8842e9a0e90b7d6699492c9f,https://github.com/felipeminuzzi/PySR_ocean/blob/e2abdd7daa347b105fa62bb5e0fa00266d4cd5fe/src/test.py
ferhaterata/learning-randomized-reductions,src/bitween/main.py,c99d3840e945b59157be6cbd7dd5c9a1682c47ed,https://github.com/ferhaterata/learning-randomized-reductions/blob/e13d4b59f6d23051c73e07cfc447336da84e7bd2/src/bitween/main.py
fingoldo/mlframe,docs/pysr_fe_upgrade_research.md,e67d492a43fb9c5a5f7ea6d5b93a0969a6ea44b8,https://github.com/fingoldo/mlframe/blob/ee384bb5cf505516c0604773f658bd9a00b66b17/docs/pysr_fe_upgrade_research.md
fingoldo/mlframe,src/mlframe/feature_engineering/basic.py,58eb9a56394e4e502c01c9ed188fe6c31b188f39,https://github.com/fingoldo/mlframe/blob/ee384bb5cf505516c0604773f658bd9a00b66b17/src/mlframe/feature_engineering/basic.py
fingoldo/mlframe,src/mlframe/feature_engineering/bruteforce.py,1f441987c389941d811fca5e3149a39c0336886a,https://github.com/fingoldo/mlframe/blob/ee384bb5cf505516c0604773f658bd9a00b66b17/src/mlframe/feature_engineering/bruteforce.py
fingoldo/mlframe,src/mlframe/feature_engineering/pysr_operators.py,4465a18ff004e9c44540715c4c045cbf3d57db52,https://github.com/fingoldo/mlframe/blob/328f639470bad8a21f62d8e71e98f5c9129fd265/src/mlframe/feature_engineering/pysr_operators.py
fingoldo/mlframe,src/mlframe/training/_preprocessing_configs.py,a12b22d6030fc521a9ae35c4b27e816aa81f469f,https://github.com/fingoldo/mlframe/blob/ee384bb5cf505516c0604773f658bd9a00b66b17/src/mlframe/training/_preprocessing_configs.py
fingoldo/mlframe,src/mlframe/training/pipeline/__init__.py,6ef51a627b49996e1fed3a9da60ed4f8146d8930,https://github.com/fingoldo/mlframe/blob/ee384bb5cf505516c0604773f658bd9a00b66b17/src/mlframe/training/pipeline/__init__.py
fingoldo/mlframe,tests/feature_engineering/test_biz_val_bruteforce.py,37495c13d088608e62ca92585dea99ab241aae52,https://github.com/fingoldo/mlframe/blob/328f639470bad8a21f62d8e71e98f5c9129fd265/tests/feature_engineering/test_biz_val_bruteforce.py
fingoldo/mlframe,tests/feature_engineering/test_bruteforce_pysr_polars_and_rename.py,f30cccd846d9e672d86ac3f9de7f92b02cacb027,https://github.com/fingoldo/mlframe/blob/ee384bb5cf505516c0604773f658bd9a00b66b17/tests/feature_engineering/test_bruteforce_pysr_polars_and_rename.py
fingoldo/mlframe,tests/feature_engineering/test_pysr_operators.py,1172ade40402efe5a9fa29f5e09f1db34c5747cb,https://github.com/fingoldo/mlframe/blob/328f639470bad8a21f62d8e71e98f5c9129fd265/tests/feature_engineering/test_pysr_operators.py
fingoldo/mlframe,tests/feature_engineering/test_run_pysr_fe_delegation.py,d9bcf852d8f561815e8cf4152d9b0de611ae76de,https://github.com/fingoldo/mlframe/blob/328f639470bad8a21f62d8e71e98f5c9129fd265/tests/feature_engineering/test_run_pysr_fe_delegation.py
fingoldo/mlframe,tests/training/pipeline/test_pipeline_cache_collision_across_boosters.py,b8005e6e7e1609bea40a490af1f0b176c0fae4a4,https://github.com/fingoldo/mlframe/blob/ee384bb5cf505516c0604773f658bd9a00b66b17/tests/training/pipeline/test_pipeline_cache_collision_across_boosters.py
fingoldo/mlframe,tests/training/test_fe_pysr_seed.py,0e720ca44fb90c5b5e89d174e99ab96cf154a8d9,https://github.com/fingoldo/mlframe/blob/ee384bb5cf505516c0604773f658bd9a00b66b17/tests/training/test_fe_pysr_seed.py
fitriaramlan/model-selection-criteria,codes/model_trainer.py,328b2321219b95e83187c6b2c34d9c2734e71cc8,https://github.com/fitriaramlan/model-selection-criteria/blob/5774967283d282ea43449697bb1cac859449a380/codes/model_trainer.py
fitriaramlan/sr-msc-es,model_trainer.py,b49700ac8b2ad787b987156d2e27777194e0f24d,https://github.com/fitriaramlan/sr-msc-es/blob/d6119e26725587378799438e74376064ed514071/model_trainer.py
flapbat/cmb_lensing_tail,.ipynb_checkpoints/curve_fit-checkpoint.ipynb,15b12995aeb8ffd411298be3507c5df228ac83b6,https://github.com/flapbat/cmb_lensing_tail/blob/f9e65762bc8c3054c51f031d1058a48e0a1cf07f/.ipynb_checkpoints/curve_fit-checkpoint.ipynb
flapbat/cmb_lensing_tail,.ipynb_checkpoints/fit_analysis-checkpoint.ipynb,4a1fc147db96f2010bbfc0842af2ef3f0395e54a,https://github.com/flapbat/cmb_lensing_tail/blob/f9e65762bc8c3054c51f031d1058a48e0a1cf07f/.ipynb_checkpoints/fit_analysis-checkpoint.ipynb
flapbat/cmb_lensing_tail,.ipynb_checkpoints/linear_regression-checkpoint.ipynb,58652ceb1d59bb1f88c311267d415fb152c06614,https://github.com/flapbat/cmb_lensing_tail/blob/f9e65762bc8c3054c51f031d1058a48e0a1cf07f/.ipynb_checkpoints/linear_regression-checkpoint.ipynb
flapbat/cmb_lensing_tail,.ipynb_checkpoints/pysr_run1-checkpoint.py,dfc9087033ef1a8f9ee20e4d29183a52cca61611,https://github.com/flapbat/cmb_lensing_tail/blob/f9e65762bc8c3054c51f031d1058a48e0a1cf07f/.ipynb_checkpoints/pysr_run1-checkpoint.py
flapbat/cmb_lensing_tail,.ipynb_checkpoints/pysr_run1_h-checkpoint.py,1cd1d79c7e1bd59e088653e592c0cd40f26f14e4,https://github.com/flapbat/cmb_lensing_tail/blob/f9e65762bc8c3054c51f031d1058a48e0a1cf07f/.ipynb_checkpoints/pysr_run1_h-checkpoint.py
flapbat/cmb_lensing_tail,.ipynb_checkpoints/pysr_run_w-checkpoint.py,9cb1ae37837bbe42f692b7e82d8f9139d359ae41,https://github.com/flapbat/cmb_lensing_tail/blob/f9e65762bc8c3054c51f031d1058a48e0a1cf07f/.ipynb_checkpoints/pysr_run_w-checkpoint.py
flapbat/cmb_lensing_tail,camb_analysis.ipynb,27cfbef1c241e1ee3653f3c3c0da172c4302fe61,https://github.com/flapbat/cmb_lensing_tail/blob/f9e65762bc8c3054c51f031d1058a48e0a1cf07f/camb_analysis.ipynb
flapbat/cmb_lensing_tail,lin_reg_ommh2/.ipynb_checkpoints/curve_fit-checkpoint.ipynb,709768441fb9d9a3e1f6a6f6be044b007c2d2f18,https://github.com/flapbat/cmb_lensing_tail/blob/f9e65762bc8c3054c51f031d1058a48e0a1cf07f/lin_reg_ommh2/.ipynb_checkpoints/curve_fit-checkpoint.ipynb
flapbat/cmb_lensing_tail,lin_reg_ommh2/.ipynb_checkpoints/linear_regression-checkpoint.ipynb,f24996dac41e90eddef73d6b3ff5390f72ded193,https://github.com/flapbat/cmb_lensing_tail/blob/f9e65762bc8c3054c51f031d1058a48e0a1cf07f/lin_reg_ommh2/.ipynb_checkpoints/linear_regression-checkpoint.ipynb
flapbat/cmb_lensing_tail,lin_reg_ommh2/curve_fit.ipynb,4363d66e9550d5f3c9f009d115e046bdde677155,https://github.com/flapbat/cmb_lensing_tail/blob/f9e65762bc8c3054c51f031d1058a48e0a1cf07f/lin_reg_ommh2/curve_fit.ipynb
flapbat/cmb_lensing_tail,lin_reg_ommh2/linear_regression.ipynb,f24996dac41e90eddef73d6b3ff5390f72ded193,https://github.com/flapbat/cmb_lensing_tail/blob/f9e65762bc8c3054c51f031d1058a48e0a1cf07f/lin_reg_ommh2/linear_regression.ipynb
flapbat/cmb_lensing_tail,loss_function.ipynb,d202bb65655f0830c43ca95466533efa1392b5e9,https://github.com/flapbat/cmb_lensing_tail/blob/f9e65762bc8c3054c51f031d1058a48e0a1cf07f/loss_function.ipynb
flapbat/cmb_lensing_tail,pysr_analysis/.ipynb_checkpoints/fit_analysis-checkpoint.ipynb,6414236984a5d2b29cbea326393a460efa808f85,https://github.com/flapbat/cmb_lensing_tail/blob/f9e65762bc8c3054c51f031d1058a48e0a1cf07f/pysr_analysis/.ipynb_checkpoints/fit_analysis-checkpoint.ipynb
flapbat/cmb_lensing_tail,pysr_analysis/.ipynb_checkpoints/pysr_run1-checkpoint.py,dfc9087033ef1a8f9ee20e4d29183a52cca61611,https://github.com/flapbat/cmb_lensing_tail/blob/f9e65762bc8c3054c51f031d1058a48e0a1cf07f/pysr_analysis/.ipynb_checkpoints/pysr_run1-checkpoint.py
flapbat/cmb_lensing_tail,pysr_analysis/.ipynb_checkpoints/pysr_run_all-checkpoint.py,b1b56440d546b2fa14e8b421639d1c809f9b6d25,https://github.com/flapbat/cmb_lensing_tail/blob/f9e65762bc8c3054c51f031d1058a48e0a1cf07f/pysr_analysis/.ipynb_checkpoints/pysr_run_all-checkpoint.py
flapbat/cmb_lensing_tail,pysr_analysis/fit_figures.ipynb,a963b23b23d0ef9fe728ba5f91c8cf6689abbd00,https://github.com/flapbat/cmb_lensing_tail/blob/f9e65762bc8c3054c51f031d1058a48e0a1cf07f/pysr_analysis/fit_figures.ipynb
flapbat/cmb_lensing_tail,pysr_analysis/pysr_run1.py,dfc9087033ef1a8f9ee20e4d29183a52cca61611,https://github.com/flapbat/cmb_lensing_tail/blob/f9e65762bc8c3054c51f031d1058a48e0a1cf07f/pysr_analysis/pysr_run1.py
flapbat/cmb_lensing_tail,pysr_analysis/pysr_run1_h.py,1cd1d79c7e1bd59e088653e592c0cd40f26f14e4,https://github.com/flapbat/cmb_lensing_tail/blob/f9e65762bc8c3054c51f031d1058a48e0a1cf07f/pysr_analysis/pysr_run1_h.py
flapbat/cmb_lensing_tail,pysr_analysis/pysr_run_all.py,3517fcd6444cf00e0ddce3c2885f620b558ceca3,https://github.com/flapbat/cmb_lensing_tail/blob/f9e65762bc8c3054c51f031d1058a48e0a1cf07f/pysr_analysis/pysr_run_all.py
flapbat/cosmo_learning,pysr_example.ipynb,5afaf7d55e65c56137fad6f5731fa1750e025a38,https://github.com/flapbat/cosmo_learning/blob/a4d80e421b395239f096b7572db6643126e8cbe9/pysr_example.ipynb
flo338/pinn-for-sigmoid,physics_informed_neural_network.ipynb,9b97a5b85deec0b308a179cbcc2cc0984d4423f7,https://github.com/flo338/pinn-for-sigmoid/blob/3b35e9fd7b8f1e257c596d78d308c5dcfbd50083/physics_informed_neural_network.ipynb
florensdietz/ML4Physics_final_project,symbolic_regression.ipynb,36dd9cb5cba19a9c19ec5a3f952e8498746123b2,https://github.com/florensdietz/ML4Physics_final_project/blob/9db8bcd8e158a071e061e0820afbbbc81a961880/symbolic_regression.ipynb
flowcean/flowcean,examples/passive_circuit/run.py,a1c1cd81dcd19303481b9bdcf302a5925348fbcb,https://github.com/flowcean/flowcean/blob/41c197fd491134d6fa7de6421053272192fd5d67/examples/passive_circuit/run.py
folivetti/eggp_paper_GECCO,realworld_experiment/PySR_realworld_wrapper.py,5ff398007a5fe238f20510ecfe3cc4b3be174273,https://github.com/folivetti/eggp_paper_GECCO/blob/32f2a2026894f4ccd7b12ff5942e4667d16a00c6/realworld_experiment/PySR_realworld_wrapper.py
folivetti/eggp_paper_GECCO,srbench_experiment/PySR_srbench_wrapper.py,c054ee8980354dd6ce15283069fac68d1b21b39d,https://github.com/folivetti/eggp_paper_GECCO/blob/32f2a2026894f4ccd7b12ff5942e4667d16a00c6/srbench_experiment/PySR_srbench_wrapper.py
folivetti/srtree-opt,runPySR.py,57ff796ef0e026a944b94af41825bc2e7f4fdf38,https://github.com/folivetti/srtree-opt/blob/ba60d04d5a8385c383fd24e38b40a6b64c74c349/runPySR.py
folivetti/symreg-course,ExtraTopics/ModelValidation.md,7f0675d8077bbd3c369ac4644bc3b99410d5ffaa,https://github.com/folivetti/symreg-course/blob/c0f0fb0300a69241bf0e0a3f9a5f0a5a0c515181/ExtraTopics/ModelValidation.md
folivetti/symreg-course,SymbolicRegression/BenchmarkingAndTools.md,89acc09be3d28760f04f6c25e872c644c59dfb8a,https://github.com/folivetti/symreg-course/blob/c0f0fb0300a69241bf0e0a3f9a5f0a5a0c515181/SymbolicRegression/BenchmarkingAndTools.md
folivetti/symreg-course,scripts/.ipynb_checkpoints/Plots-checkpoint.ipynb,8b2c89b2ec3eb9e4a3f6091c973b18b485e5aaec,https://github.com/folivetti/symreg-course/blob/c0f0fb0300a69241bf0e0a3f9a5f0a5a0c515181/scripts/.ipynb_checkpoints/Plots-checkpoint.ipynb
folivetti/symreg-course,scripts/Plots.ipynb,8b2c89b2ec3eb9e4a3f6091c973b18b485e5aaec,https://github.com/folivetti/symreg-course/blob/c0f0fb0300a69241bf0e0a3f9a5f0a5a0c515181/scripts/Plots.ipynb
Forbu/pinn_loss_torch,pySR_analysis/symbolic_inference.py,b7a977c2ab7cecf73faac77a0a9643568c629569,https://github.com/Forbu/pinn_loss_torch/blob/f3ca79994a8bf7e57b44ab8ddbb7a76b10706fea/pySR_analysis/symbolic_inference.py
francescoTheSantis/Mixture-of-CB-Experts,setup_environment.py,7da5c21708e334b2f255b20113a4e176373d1ab4,https://github.com/francescoTheSantis/Mixture-of-CB-Experts/blob/a1c594f3dfe3ef88977705c05746a490ea7b8804/setup_environment.py
francescoTheSantis/Mixture-of-CB-Experts,src/utilities.py,1df0a8aed193fe38bada96357dfc7735144682c5,https://github.com/francescoTheSantis/Mixture-of-CB-Experts/blob/a1c594f3dfe3ef88977705c05746a490ea7b8804/src/utilities.py
FrederikBornemann/SyReAL,notebooks/PySR_scoring_07_09_22.ipynb,5af79e40812c04f4a219f77f43bd7924fb10b1f9,https://github.com/FrederikBornemann/SyReAL/blob/936f7735d937b9ed1de842c8cefe9967b22e50e2/notebooks/PySR_scoring_07_09_22.ipynb
FrederikBornemann/SyReAL,notebooks/pareto_front_example.ipynb,0b4a723b91897f42714b697c1daab677d4bc877b,https://github.com/FrederikBornemann/SyReAL/blob/936f7735d937b9ed1de842c8cefe9967b22e50e2/notebooks/pareto_front_example.ipynb
Freeee0818/RuixiLab,pysr_module/pysr_service.py,46e0a33edd15f95f529395b6f87f34690acbdecd,https://github.com/Freeee0818/RuixiLab/blob/f48f19484a1f4c5112c241bd3484a1c29ddb78aa/pysr_module/pysr_service.py
frekkoz3/Optimization-for-AI,General/Notebooks/Exercises/Ex9_PySR.ipynb,e5f6eeb4fb1221f548227530360e4439440403f7,https://github.com/frekkoz3/Optimization-for-AI/blob/a293b6143edd5f21ab71781399c0e7ed01ff2d89/General/Notebooks/Exercises/Ex9_PySR.ipynb
frlinaker/promptlearn,docs/related_work.md,68a870661ca3bf6fd23eea1bbcb98ce2d7569c48,https://github.com/frlinaker/promptlearn/blob/29e9a4094f5f84f215578386085ad0b632685e72/docs/related_work.md
FrontierCS/Frontier-CS,research/problems/symbolic_regression/mccormick/readme,6a6ae91f0e25230af85685e496ab7e186f586771,https://github.com/FrontierCS/Frontier-CS/blob/6d597dfb60be9e592881aef051b94e30d197c436/research/problems/symbolic_regression/mccormick/readme
FrontierCS/Frontier-CS,research/problems/symbolic_regression/ripple/readme,8d545a03329f06c8d7326ba37dd8972eea80c8ae,https://github.com/FrontierCS/Frontier-CS/blob/6d597dfb60be9e592881aef051b94e30d197c436/research/problems/symbolic_regression/ripple/readme
FrontierCS/Frontier-CS,research/solutions/symbolic_regression/mccormick/deepseekreasoner_1.py,eb4d2b0eb7f2cf6ddabcc955a3dd57a76b015408,https://github.com/FrontierCS/Frontier-CS/blob/6d597dfb60be9e592881aef051b94e30d197c436/research/solutions/symbolic_regression/mccormick/deepseekreasoner_1.py
FrontierCS/Frontier-CS,research/solutions/symbolic_regression/mccormick/deepseekreasoner_2.py,bcc75d75b9fd539ec8e175b35391b231442841a7,https://github.com/FrontierCS/Frontier-CS/blob/6d597dfb60be9e592881aef051b94e30d197c436/research/solutions/symbolic_regression/mccormick/deepseekreasoner_2.py
FrontierCS/Frontier-CS,research/solutions/symbolic_regression/mccormick/deepseekreasoner_3.py,1f36d5a9244aaa8e34f0951da7acdaa31a3f41ee,https://github.com/FrontierCS/Frontier-CS/blob/6d597dfb60be9e592881aef051b94e30d197c436/research/solutions/symbolic_regression/mccormick/deepseekreasoner_3.py
FrontierCS/Frontier-CS,research/solutions/symbolic_regression/mccormick/deepseekreasoner_4.py,7fe70597be1ee5be3c48721c2aa5afc040418a5e,https://github.com/FrontierCS/Frontier-CS/blob/6d597dfb60be9e592881aef051b94e30d197c436/research/solutions/symbolic_regression/mccormick/deepseekreasoner_4.py
FrontierCS/Frontier-CS,research/solutions/symbolic_regression/mccormick/gemini2.5pro.py,ec792d12acc66b70b7aea1c58eb59d3af91f55a2,https://github.com/FrontierCS/Frontier-CS/blob/6d597dfb60be9e592881aef051b94e30d197c436/research/solutions/symbolic_regression/mccormick/gemini2.5pro.py
FrontierCS/Frontier-CS,research/solutions/symbolic_regression/mccormick/gemini2.5pro_1.py,5edb0105f365a49433303f33213438e67a310b3a,https://github.com/FrontierCS/Frontier-CS/blob/6d597dfb60be9e592881aef051b94e30d197c436/research/solutions/symbolic_regression/mccormick/gemini2.5pro_1.py
FrontierCS/Frontier-CS,research/solutions/symbolic_regression/mccormick/gemini2.5pro_2.py,83bb8cb1ad2602d7b70148af0e413153cb6ded4d,https://github.com/FrontierCS/Frontier-CS/blob/6d597dfb60be9e592881aef051b94e30d197c436/research/solutions/symbolic_regression/mccormick/gemini2.5pro_2.py
FrontierCS/Frontier-CS,research/solutions/symbolic_regression/mccormick/gemini2.5pro_3.py,a3530e54f92dee5c9428b7f8b12b80a89df6bc36,https://github.com/FrontierCS/Frontier-CS/blob/6d597dfb60be9e592881aef051b94e30d197c436/research/solutions/symbolic_regression/mccormick/gemini2.5pro_3.py
FrontierCS/Frontier-CS,research/solutions/symbolic_regression/mccormick/gemini2.5pro_4.py,8641f20439c7c098ddcdc53dc8b83bc79a19ef6c,https://github.com/FrontierCS/Frontier-CS/blob/6d597dfb60be9e592881aef051b94e30d197c436/research/solutions/symbolic_regression/mccormick/gemini2.5pro_4.py
FrontierCS/Frontier-CS,research/solutions/symbolic_regression/mccormick/gemini3pro.py,52c7107a878650c81a8478100fa5fc5c4df8ffb9,https://github.com/FrontierCS/Frontier-CS/blob/6d597dfb60be9e592881aef051b94e30d197c436/research/solutions/symbolic_regression/mccormick/gemini3pro.py
FrontierCS/Frontier-CS,research/solutions/symbolic_regression/mccormick/gemini3pro_1.py,f2ee59f48cfb2ee59a9cff676fe90f2f50b118d7,https://github.com/FrontierCS/Frontier-CS/blob/6d597dfb60be9e592881aef051b94e30d197c436/research/solutions/symbolic_regression/mccormick/gemini3pro_1.py
FrontierCS/Frontier-CS,research/solutions/symbolic_regression/mccormick/gemini3pro_2.py,ea960a419d129797ff6db53f117c616018e94d0e,https://github.com/FrontierCS/Frontier-CS/blob/6d597dfb60be9e592881aef051b94e30d197c436/research/solutions/symbolic_regression/mccormick/gemini3pro_2.py
FrontierCS/Frontier-CS,research/solutions/symbolic_regression/mccormick/gemini3pro_3.py,781241bf12f389dee20f402e02d3e389dcbd002c,https://github.com/FrontierCS/Frontier-CS/blob/6d597dfb60be9e592881aef051b94e30d197c436/research/solutions/symbolic_regression/mccormick/gemini3pro_3.py
FrontierCS/Frontier-CS,research/solutions/symbolic_regression/mccormick/gemini3pro_4.py,1fe60dbe1b9e77d52575732263c0e710deaa5e77,https://github.com/FrontierCS/Frontier-CS/blob/6d597dfb60be9e592881aef051b94e30d197c436/research/solutions/symbolic_regression/mccormick/gemini3pro_4.py
FrontierCS/Frontier-CS,research/solutions/symbolic_regression/mccormick/grok4fastreasoning.py,9132bbf423de7dfa19c092d7ca662c4812c4cb93,https://github.com/FrontierCS/Frontier-CS/blob/6d597dfb60be9e592881aef051b94e30d197c436/research/solutions/symbolic_regression/mccormick/grok4fastreasoning.py
FrontierCS/Frontier-CS,research/solutions/symbolic_regression/mccormick/grok4fastreasoning_1.py,40004f64c7c69259d9d75449030e7c1888af1f80,https://github.com/FrontierCS/Frontier-CS/blob/6d597dfb60be9e592881aef051b94e30d197c436/research/solutions/symbolic_regression/mccormick/grok4fastreasoning_1.py
FrontierCS/Frontier-CS,research/solutions/symbolic_regression/mccormick/grok4fastreasoning_2.py,261191374efe2ddac8ccc551813ccbe143e25c92,https://github.com/FrontierCS/Frontier-CS/blob/6d597dfb60be9e592881aef051b94e30d197c436/research/solutions/symbolic_regression/mccormick/grok4fastreasoning_2.py
FrontierCS/Frontier-CS,research/solutions/symbolic_regression/mccormick/grok4fastreasoning_3.py,ea1792d814ae593f8970cc998b2276b4ebfac73c,https://github.com/FrontierCS/Frontier-CS/blob/6d597dfb60be9e592881aef051b94e30d197c436/research/solutions/symbolic_regression/mccormick/grok4fastreasoning_3.py
FrontierCS/Frontier-CS,research/solutions/symbolic_regression/mccormick/grok4fastreasoning_4.py,37d8d1dec0a1c43ea4f649972a06498d06b7ae9d,https://github.com/FrontierCS/Frontier-CS/blob/6d597dfb60be9e592881aef051b94e30d197c436/research/solutions/symbolic_regression/mccormick/grok4fastreasoning_4.py
FrontierCS/Frontier-CS,research/solutions/symbolic_regression/mixed_polyexp_4d/deepseekreasoner.py,6aec0da4a5824b985be14efc741298f902117ae0,https://github.com/FrontierCS/Frontier-CS/blob/6d597dfb60be9e592881aef051b94e30d197c436/research/solutions/symbolic_regression/mixed_polyexp_4d/deepseekreasoner.py
FrontierCS/Frontier-CS,research/solutions/symbolic_regression/mixed_polyexp_4d/deepseekreasoner_1.py,1aa6b7ad95a0ff21b7728378beec54b44d15aee4,https://github.com/FrontierCS/Frontier-CS/blob/6d597dfb60be9e592881aef051b94e30d197c436/research/solutions/symbolic_regression/mixed_polyexp_4d/deepseekreasoner_1.py
FrontierCS/Frontier-CS,research/solutions/symbolic_regression/mixed_polyexp_4d/deepseekreasoner_2.py,e24574dc0e376d1b850f9adf87e7cff7085cb12a,https://github.com/FrontierCS/Frontier-CS/blob/6d597dfb60be9e592881aef051b94e30d197c436/research/solutions/symbolic_regression/mixed_polyexp_4d/deepseekreasoner_2.py
FrontierCS/Frontier-CS,research/solutions/symbolic_regression/mixed_polyexp_4d/deepseekreasoner_4.py,d9673cbcf404662207f8f988640915d62d58b558,https://github.com/FrontierCS/Frontier-CS/blob/6d597dfb60be9e592881aef051b94e30d197c436/research/solutions/symbolic_regression/mixed_polyexp_4d/deepseekreasoner_4.py
FrontierCS/Frontier-CS,research/solutions/symbolic_regression/mixed_polyexp_4d/gemini2.5pro.py,55e38ebc1c471f538e100cea6c59fff3cde739af,https://github.com/FrontierCS/Frontier-CS/blob/6d597dfb60be9e592881aef051b94e30d197c436/research/solutions/symbolic_regression/mixed_polyexp_4d/gemini2.5pro.py
FrontierCS/Frontier-CS,research/solutions/symbolic_regression/mixed_polyexp_4d/gemini2.5pro_1.py,d3724fec611ace16908b3a57b05f72ace48caf69,https://github.com/FrontierCS/Frontier-CS/blob/6d597dfb60be9e592881aef051b94e30d197c436/research/solutions/symbolic_regression/mixed_polyexp_4d/gemini2.5pro_1.py
FrontierCS/Frontier-CS,research/solutions/symbolic_regression/mixed_polyexp_4d/gemini2.5pro_4.py,e787cb9af1fe7d130936926e18dae9c1586f02ce,https://github.com/FrontierCS/Frontier-CS/blob/6d597dfb60be9e592881aef051b94e30d197c436/research/solutions/symbolic_regression/mixed_polyexp_4d/gemini2.5pro_4.py
FrontierCS/Frontier-CS,research/solutions/symbolic_regression/mixed_polyexp_4d/gemini3pro.py,29d101651d24ff3f8adde7e29610bd3c9c9169c2,https://github.com/FrontierCS/Frontier-CS/blob/6d597dfb60be9e592881aef051b94e30d197c436/research/solutions/symbolic_regression/mixed_polyexp_4d/gemini3pro.py
FrontierCS/Frontier-CS,research/solutions/symbolic_regression/mixed_polyexp_4d/gemini3pro_1.py,992d73e11da0e2f9b7ca46361c176ce46a954099,https://github.com/FrontierCS/Frontier-CS/blob/6d597dfb60be9e592881aef051b94e30d197c436/research/solutions/symbolic_regression/mixed_polyexp_4d/gemini3pro_1.py
FrontierCS/Frontier-CS,research/solutions/symbolic_regression/mixed_polyexp_4d/gemini3pro_2.py,1f14bb734470fbcb14263f8bd1f67bde912170ac,https://github.com/FrontierCS/Frontier-CS/blob/6d597dfb60be9e592881aef051b94e30d197c436/research/solutions/symbolic_regression/mixed_polyexp_4d/gemini3pro_2.py
FrontierCS/Frontier-CS,research/solutions/symbolic_regression/mixed_polyexp_4d/gemini3pro_3.py,8e28ff9a94abc05a216a7299003569926e7d51e3,https://github.com/FrontierCS/Frontier-CS/blob/6d597dfb60be9e592881aef051b94e30d197c436/research/solutions/symbolic_regression/mixed_polyexp_4d/gemini3pro_3.py
FrontierCS/Frontier-CS,research/solutions/symbolic_regression/mixed_polyexp_4d/gemini3pro_4.py,333649defd008a4c47f0abf2a8e5960258d2022b,https://github.com/FrontierCS/Frontier-CS/blob/6d597dfb60be9e592881aef051b94e30d197c436/research/solutions/symbolic_regression/mixed_polyexp_4d/gemini3pro_4.py
FrontierCS/Frontier-CS,research/solutions/symbolic_regression/mixed_polyexp_4d/gpt5.1_2.py,d27605b888060b6c10b6a4cf92cd0d4db809e05a,https://github.com/FrontierCS/Frontier-CS/blob/6d597dfb60be9e592881aef051b94e30d197c436/research/solutions/symbolic_regression/mixed_polyexp_4d/gpt5.1_2.py
FrontierCS/Frontier-CS,research/solutions/symbolic_regression/mixed_polyexp_4d/gpt5.1_4.py,6aefa626e25971af96e1a995ebe83b95d3ad5f28,https://github.com/FrontierCS/Frontier-CS/blob/6d597dfb60be9e592881aef051b94e30d197c436/research/solutions/symbolic_regression/mixed_polyexp_4d/gpt5.1_4.py
FrontierCS/Frontier-CS,research/solutions/symbolic_regression/mixed_polyexp_4d/grok4fastreasoning.py,db9d3975ca6cc4d40fd04f40d51e7868eae74da0,https://github.com/FrontierCS/Frontier-CS/blob/6d597dfb60be9e592881aef051b94e30d197c436/research/solutions/symbolic_regression/mixed_polyexp_4d/grok4fastreasoning.py
FrontierCS/Frontier-CS,research/solutions/symbolic_regression/mixed_polyexp_4d/grok4fastreasoning_1.py,5c85fc1f9b24d80a73341aca2984a31742a1abf2,https://github.com/FrontierCS/Frontier-CS/blob/6d597dfb60be9e592881aef051b94e30d197c436/research/solutions/symbolic_regression/mixed_polyexp_4d/grok4fastreasoning_1.py
FrontierCS/Frontier-CS,research/solutions/symbolic_regression/mixed_polyexp_4d/grok4fastreasoning_2.py,f02d30b7876f9b525f00f86ebb0448766dd9138e,https://github.com/FrontierCS/Frontier-CS/blob/6d597dfb60be9e592881aef051b94e30d197c436/research/solutions/symbolic_regression/mixed_polyexp_4d/grok4fastreasoning_2.py
FrontierCS/Frontier-CS,research/solutions/symbolic_regression/mixed_polyexp_4d/grok4fastreasoning_3.py,ebb46b4e503ed04c47100bed6e587ad5537c99a4,https://github.com/FrontierCS/Frontier-CS/blob/6d597dfb60be9e592881aef051b94e30d197c436/research/solutions/symbolic_regression/mixed_polyexp_4d/grok4fastreasoning_3.py
FrontierCS/Frontier-CS,research/solutions/symbolic_regression/mixed_polyexp_4d/grok4fastreasoning_4.py,5c85fc1f9b24d80a73341aca2984a31742a1abf2,https://github.com/FrontierCS/Frontier-CS/blob/6d597dfb60be9e592881aef051b94e30d197c436/research/solutions/symbolic_regression/mixed_polyexp_4d/grok4fastreasoning_4.py
FrontierCS/Frontier-CS,research/solutions/symbolic_regression/peaks/deepseekreasoner.py,00bbff18eb605b2bab9067b4b4d8535614161bc4,https://github.com/FrontierCS/Frontier-CS/blob/6d597dfb60be9e592881aef051b94e30d197c436/research/solutions/symbolic_regression/peaks/deepseekreasoner.py
FrontierCS/Frontier-CS,research/solutions/symbolic_regression/peaks/deepseekreasoner_1.py,c1f558cc46820c6650b4585badb9a918a50fd49f,https://github.com/FrontierCS/Frontier-CS/blob/6d597dfb60be9e592881aef051b94e30d197c436/research/solutions/symbolic_regression/peaks/deepseekreasoner_1.py
FrontierCS/Frontier-CS,research/solutions/symbolic_regression/peaks/deepseekreasoner_2.py,22f4abd507b1b975562320320d6af7baf36f80b8,https://github.com/FrontierCS/Frontier-CS/blob/6d597dfb60be9e592881aef051b94e30d197c436/research/solutions/symbolic_regression/peaks/deepseekreasoner_2.py
FrontierCS/Frontier-CS,research/solutions/symbolic_regression/peaks/deepseekreasoner_3.py,100da6a269a39fca41ed9ad5c5e9432f7208ca23,https://github.com/FrontierCS/Frontier-CS/blob/6d597dfb60be9e592881aef051b94e30d197c436/research/solutions/symbolic_regression/peaks/deepseekreasoner_3.py
FrontierCS/Frontier-CS,research/solutions/symbolic_regression/peaks/gemini2.5pro.py,cdfde8f392f6c6fcf6b88e27cba8fb479dd554dd,https://github.com/FrontierCS/Frontier-CS/blob/6d597dfb60be9e592881aef051b94e30d197c436/research/solutions/symbolic_regression/peaks/gemini2.5pro.py
FrontierCS/Frontier-CS,research/solutions/symbolic_regression/peaks/gemini2.5pro_1.py,9732a3400fd5729ed4af887bb07eb79739ae9c9e,https://github.com/FrontierCS/Frontier-CS/blob/6d597dfb60be9e592881aef051b94e30d197c436/research/solutions/symbolic_regression/peaks/gemini2.5pro_1.py
FrontierCS/Frontier-CS,research/solutions/symbolic_regression/peaks/gemini2.5pro_3.py,1e7ff09c1eca2c6bcf0fe2e352f2dc069c53d8d8,https://github.com/FrontierCS/Frontier-CS/blob/6d597dfb60be9e592881aef051b94e30d197c436/research/solutions/symbolic_regression/peaks/gemini2.5pro_3.py
FrontierCS/Frontier-CS,research/solutions/symbolic_regression/peaks/gemini3pro.py,bb8cb58cf29075224dfe8a39294aa59e91ad6110,https://github.com/FrontierCS/Frontier-CS/blob/6d597dfb60be9e592881aef051b94e30d197c436/research/solutions/symbolic_regression/peaks/gemini3pro.py
FrontierCS/Frontier-CS,research/solutions/symbolic_regression/peaks/gemini3pro_1.py,4159b34f21fbe57c9d399b12e5a7d5663c1a6372,https://github.com/FrontierCS/Frontier-CS/blob/6d597dfb60be9e592881aef051b94e30d197c436/research/solutions/symbolic_regression/peaks/gemini3pro_1.py
FrontierCS/Frontier-CS,research/solutions/symbolic_regression/peaks/gemini3pro_2.py,7633b0ed009a2b312ac2cebc22d8338ea8a98b2c,https://github.com/FrontierCS/Frontier-CS/blob/6d597dfb60be9e592881aef051b94e30d197c436/research/solutions/symbolic_regression/peaks/gemini3pro_2.py
FrontierCS/Frontier-CS,research/solutions/symbolic_regression/peaks/gemini3pro_3.py,134d4bab59b45d9ff615f5a550b515b954ea4551,https://github.com/FrontierCS/Frontier-CS/blob/6d597dfb60be9e592881aef051b94e30d197c436/research/solutions/symbolic_regression/peaks/gemini3pro_3.py
FrontierCS/Frontier-CS,research/solutions/symbolic_regression/peaks/gemini3pro_4.py,a9e9ffabe54e783c8c8e86a9f422ba453cdf4895,https://github.com/FrontierCS/Frontier-CS/blob/6d597dfb60be9e592881aef051b94e30d197c436/research/solutions/symbolic_regression/peaks/gemini3pro_4.py
FrontierCS/Frontier-CS,research/solutions/symbolic_regression/peaks/gpt5.1_2.py,501e8ce03b7865b525339fc102390c82eee4094d,https://github.com/FrontierCS/Frontier-CS/blob/6d597dfb60be9e592881aef051b94e30d197c436/research/solutions/symbolic_regression/peaks/gpt5.1_2.py
FrontierCS/Frontier-CS,research/solutions/symbolic_regression/peaks/grok4fastreasoning.py,a34fdd8718897c46c2cfbf11fad4e4ca1866e09f,https://github.com/FrontierCS/Frontier-CS/blob/6d597dfb60be9e592881aef051b94e30d197c436/research/solutions/symbolic_regression/peaks/grok4fastreasoning.py
FrontierCS/Frontier-CS,research/solutions/symbolic_regression/peaks/grok4fastreasoning_1.py,a34fdd8718897c46c2cfbf11fad4e4ca1866e09f,https://github.com/FrontierCS/Frontier-CS/blob/6d597dfb60be9e592881aef051b94e30d197c436/research/solutions/symbolic_regression/peaks/grok4fastreasoning_1.py
FrontierCS/Frontier-CS,research/solutions/symbolic_regression/peaks/grok4fastreasoning_2.py,73c82d1f9656c2f3eb3a265f16257fadb8e18f27,https://github.com/FrontierCS/Frontier-CS/blob/6d597dfb60be9e592881aef051b94e30d197c436/research/solutions/symbolic_regression/peaks/grok4fastreasoning_2.py
FrontierCS/Frontier-CS,research/solutions/symbolic_regression/peaks/grok4fastreasoning_3.py,80272adf6ffe08230780fd91a94ea3da57afd2da,https://github.com/FrontierCS/Frontier-CS/blob/6d597dfb60be9e592881aef051b94e30d197c436/research/solutions/symbolic_regression/peaks/grok4fastreasoning_3.py
FrontierCS/Frontier-CS,research/solutions/symbolic_regression/peaks/grok4fastreasoning_4.py,bf5805e6c69551b51d53f56a279272fc8262f6e3,https://github.com/FrontierCS/Frontier-CS/blob/6d597dfb60be9e592881aef051b94e30d197c436/research/solutions/symbolic_regression/peaks/grok4fastreasoning_4.py
FrontierCS/Frontier-CS,research/solutions/symbolic_regression/ripple/deepseekreasoner_2.py,45a7c9ea51c53ee13654208279b66857fed769d4,https://github.com/FrontierCS/Frontier-CS/blob/6d597dfb60be9e592881aef051b94e30d197c436/research/solutions/symbolic_regression/ripple/deepseekreasoner_2.py
FrontierCS/Frontier-CS,research/solutions/symbolic_regression/ripple/deepseekreasoner_3.py,839e6dae6dabb42e7395b86fcec3495654b4e024,https://github.com/FrontierCS/Frontier-CS/blob/6d597dfb60be9e592881aef051b94e30d197c436/research/solutions/symbolic_regression/ripple/deepseekreasoner_3.py
FrontierCS/Frontier-CS,research/solutions/symbolic_regression/ripple/deepseekreasoner_4.py,16abd9a7c31d3f9834b56142f7e994082cf6e685,https://github.com/FrontierCS/Frontier-CS/blob/6d597dfb60be9e592881aef051b94e30d197c436/research/solutions/symbolic_regression/ripple/deepseekreasoner_4.py
FrontierCS/Frontier-CS,research/solutions/symbolic_regression/ripple/gemini2.5pro.py,8dac8dbcfb2b7ceabe20f7e201f54aaadd3fd4ee,https://github.com/FrontierCS/Frontier-CS/blob/6d597dfb60be9e592881aef051b94e30d197c436/research/solutions/symbolic_regression/ripple/gemini2.5pro.py
FrontierCS/Frontier-CS,research/solutions/symbolic_regression/ripple/gemini2.5pro_2.py,1c2abb7c510c80b5e2f4f1fce105b7ded6ce3fcd,https://github.com/FrontierCS/Frontier-CS/blob/6d597dfb60be9e592881aef051b94e30d197c436/research/solutions/symbolic_regression/ripple/gemini2.5pro_2.py
FrontierCS/Frontier-CS,research/solutions/symbolic_regression/ripple/gemini2.5pro_3.py,e160be0926da27a584f974559e69d52a39889e47,https://github.com/FrontierCS/Frontier-CS/blob/6d597dfb60be9e592881aef051b94e30d197c436/research/solutions/symbolic_regression/ripple/gemini2.5pro_3.py
FrontierCS/Frontier-CS,research/solutions/symbolic_regression/ripple/gemini2.5pro_4.py,7655cf0577ce87c306dd479ff909e58a1edf7f17,https://github.com/FrontierCS/Frontier-CS/blob/6d597dfb60be9e592881aef051b94e30d197c436/research/solutions/symbolic_regression/ripple/gemini2.5pro_4.py
FrontierCS/Frontier-CS,research/solutions/symbolic_regression/ripple/gemini3pro.py,65ddfb3f0f45430fb68c8d142c731936eef62e67,https://github.com/FrontierCS/Frontier-CS/blob/6d597dfb60be9e592881aef051b94e30d197c436/research/solutions/symbolic_regression/ripple/gemini3pro.py
FrontierCS/Frontier-CS,research/solutions/symbolic_regression/ripple/gemini3pro_1.py,21d22be65c2005c6f3fa89975af95b8fafc370e2,https://github.com/FrontierCS/Frontier-CS/blob/6d597dfb60be9e592881aef051b94e30d197c436/research/solutions/symbolic_regression/ripple/gemini3pro_1.py
FrontierCS/Frontier-CS,research/solutions/symbolic_regression/ripple/gemini3pro_2.py,ccdf4578e29137187213e8612447666d011c0196,https://github.com/FrontierCS/Frontier-CS/blob/6d597dfb60be9e592881aef051b94e30d197c436/research/solutions/symbolic_regression/ripple/gemini3pro_2.py
FrontierCS/Frontier-CS,research/solutions/symbolic_regression/ripple/gemini3pro_3.py,4c14c485fb46e5e876080e1bd516e1dc47d0801c,https://github.com/FrontierCS/Frontier-CS/blob/6d597dfb60be9e592881aef051b94e30d197c436/research/solutions/symbolic_regression/ripple/gemini3pro_3.py
FrontierCS/Frontier-CS,research/solutions/symbolic_regression/ripple/gemini3pro_4.py,b75760d3a323f044139d504731eaa75214646a31,https://github.com/FrontierCS/Frontier-CS/blob/6d597dfb60be9e592881aef051b94e30d197c436/research/solutions/symbolic_regression/ripple/gemini3pro_4.py
FrontierCS/Frontier-CS,research/solutions/symbolic_regression/ripple/gpt5.1.py,0f4b5402fd0afe616ad590f652c330e2c07a51cc,https://github.com/FrontierCS/Frontier-CS/blob/6d597dfb60be9e592881aef051b94e30d197c436/research/solutions/symbolic_regression/ripple/gpt5.1.py
FrontierCS/Frontier-CS,research/solutions/symbolic_regression/ripple/grok4fastreasoning.py,95f95f70b5e8734b816e8dea5a135e644be67be7,https://github.com/FrontierCS/Frontier-CS/blob/6d597dfb60be9e592881aef051b94e30d197c436/research/solutions/symbolic_regression/ripple/grok4fastreasoning.py
FrontierCS/Frontier-CS,research/solutions/symbolic_regression/ripple/grok4fastreasoning_1.py,c04cf05eae538800bd3f7e2daa0ceebeda60dd02,https://github.com/FrontierCS/Frontier-CS/blob/6d597dfb60be9e592881aef051b94e30d197c436/research/solutions/symbolic_regression/ripple/grok4fastreasoning_1.py
FrontierCS/Frontier-CS,research/solutions/symbolic_regression/ripple/grok4fastreasoning_2.py,50b15885ab5e8fbfc9c54127ddcaba8fa8bf2eae,https://github.com/FrontierCS/Frontier-CS/blob/6d597dfb60be9e592881aef051b94e30d197c436/research/solutions/symbolic_regression/ripple/grok4fastreasoning_2.py
FrontierCS/Frontier-CS,research/solutions/symbolic_regression/ripple/grok4fastreasoning_3.py,7fa4c675f0f89b517020087eecd9ff377d50c6b2,https://github.com/FrontierCS/Frontier-CS/blob/6d597dfb60be9e592881aef051b94e30d197c436/research/solutions/symbolic_regression/ripple/grok4fastreasoning_3.py
FrontierCS/Frontier-CS,research/solutions/symbolic_regression/ripple/grok4fastreasoning_4.py,d6e15a6c91751de2e9a6c992abcba1ec90d45bc2,https://github.com/FrontierCS/Frontier-CS/blob/6d597dfb60be9e592881aef051b94e30d197c436/research/solutions/symbolic_regression/ripple/grok4fastreasoning_4.py
FrontierCS/Frontier-CS,research/solutions/symbolic_regression/sincos/deepseekreasoner.py,be41bff0e982de712377ba886f055f5ccbf8a7de,https://github.com/FrontierCS/Frontier-CS/blob/6d597dfb60be9e592881aef051b94e30d197c436/research/solutions/symbolic_regression/sincos/deepseekreasoner.py
FrontierCS/Frontier-CS,research/solutions/symbolic_regression/sincos/deepseekreasoner_1.py,53b5b1c886fa65330a394713bfa6e57d50d02db5,https://github.com/FrontierCS/Frontier-CS/blob/6d597dfb60be9e592881aef051b94e30d197c436/research/solutions/symbolic_regression/sincos/deepseekreasoner_1.py
FrontierCS/Frontier-CS,research/solutions/symbolic_regression/sincos/deepseekreasoner_2.py,55485a3305d7b8968e7ebc9962df395a587e36ed,https://github.com/FrontierCS/Frontier-CS/blob/6d597dfb60be9e592881aef051b94e30d197c436/research/solutions/symbolic_regression/sincos/deepseekreasoner_2.py
FrontierCS/Frontier-CS,research/solutions/symbolic_regression/sincos/deepseekreasoner_3.py,ff989c51e5b5aba3ad148c83cf99147b3e9f1554,https://github.com/FrontierCS/Frontier-CS/blob/6d597dfb60be9e592881aef051b94e30d197c436/research/solutions/symbolic_regression/sincos/deepseekreasoner_3.py
FrontierCS/Frontier-CS,research/solutions/symbolic_regression/sincos/deepseekreasoner_4.py,ce0f05efdb97c6ff5e9b8ad1c3a3cb40ec7567d9,https://github.com/FrontierCS/Frontier-CS/blob/6d597dfb60be9e592881aef051b94e30d197c436/research/solutions/symbolic_regression/sincos/deepseekreasoner_4.py
FrontierCS/Frontier-CS,research/solutions/symbolic_regression/sincos/gemini2.5pro.py,7a2595f315cd10f05da722e305f2a067908db5ac,https://github.com/FrontierCS/Frontier-CS/blob/6d597dfb60be9e592881aef051b94e30d197c436/research/solutions/symbolic_regression/sincos/gemini2.5pro.py
FrontierCS/Frontier-CS,research/solutions/symbolic_regression/sincos/gemini2.5pro_1.py,3fa7c5534fa05fdd9414e29ceea802c94e718041,https://github.com/FrontierCS/Frontier-CS/blob/6d597dfb60be9e592881aef051b94e30d197c436/research/solutions/symbolic_regression/sincos/gemini2.5pro_1.py
FrontierCS/Frontier-CS,research/solutions/symbolic_regression/sincos/gemini2.5pro_2.py,d8085289ce8f51e107e9571bc8e3b2130a0940f2,https://github.com/FrontierCS/Frontier-CS/blob/6d597dfb60be9e592881aef051b94e30d197c436/research/solutions/symbolic_regression/sincos/gemini2.5pro_2.py
FrontierCS/Frontier-CS,research/solutions/symbolic_regression/sincos/gemini2.5pro_3.py,c0ce81100d97d9965fee9bac65b706b5e5e2468e,https://github.com/FrontierCS/Frontier-CS/blob/6d597dfb60be9e592881aef051b94e30d197c436/research/solutions/symbolic_regression/sincos/gemini2.5pro_3.py
FrontierCS/Frontier-CS,research/solutions/symbolic_regression/sincos/gemini2.5pro_4.py,955bd627eec1b4898259e5b7561a88782b6bbcdf,https://github.com/FrontierCS/Frontier-CS/blob/6d597dfb60be9e592881aef051b94e30d197c436/research/solutions/symbolic_regression/sincos/gemini2.5pro_4.py
FrontierCS/Frontier-CS,research/solutions/symbolic_regression/sincos/gemini3pro.py,53da105c31b51db43701fdb440469e58d31470e6,https://github.com/FrontierCS/Frontier-CS/blob/6d597dfb60be9e592881aef051b94e30d197c436/research/solutions/symbolic_regression/sincos/gemini3pro.py
FrontierCS/Frontier-CS,research/solutions/symbolic_regression/sincos/gemini3pro_1.py,9b842a40b4edfd303b9a24b0d25050ec78c56a56,https://github.com/FrontierCS/Frontier-CS/blob/6d597dfb60be9e592881aef051b94e30d197c436/research/solutions/symbolic_regression/sincos/gemini3pro_1.py
FrontierCS/Frontier-CS,research/solutions/symbolic_regression/sincos/gemini3pro_2.py,ccbcf06e112ed79b2ed9c803d7ecc561d09c884e,https://github.com/FrontierCS/Frontier-CS/blob/6d597dfb60be9e592881aef051b94e30d197c436/research/solutions/symbolic_regression/sincos/gemini3pro_2.py
FrontierCS/Frontier-CS,research/solutions/symbolic_regression/sincos/gemini3pro_3.py,841d5625e2ed1f519bee6395ec072265ee55347d,https://github.com/FrontierCS/Frontier-CS/blob/6d597dfb60be9e592881aef051b94e30d197c436/research/solutions/symbolic_regression/sincos/gemini3pro_3.py
FrontierCS/Frontier-CS,research/solutions/symbolic_regression/sincos/gemini3pro_4.py,756d28a59f20d5541bd8ee360fe0aa7d08279a77,https://github.com/FrontierCS/Frontier-CS/blob/6d597dfb60be9e592881aef051b94e30d197c436/research/solutions/symbolic_regression/sincos/gemini3pro_4.py
FrontierCS/Frontier-CS,research/solutions/symbolic_regression/sincos/gpt5.2_4.py,7296ee995429a59feeebf75805f46dcec2610ae5,https://github.com/FrontierCS/Frontier-CS/blob/6d597dfb60be9e592881aef051b94e30d197c436/research/solutions/symbolic_regression/sincos/gpt5.2_4.py
FrontierCS/Frontier-CS,research/solutions/symbolic_regression/sincos/grok4fastreasoning.py,73c82d1f9656c2f3eb3a265f16257fadb8e18f27,https://github.com/FrontierCS/Frontier-CS/blob/6d597dfb60be9e592881aef051b94e30d197c436/research/solutions/symbolic_regression/sincos/grok4fastreasoning.py
FrontierCS/Frontier-CS,research/solutions/symbolic_regression/sincos/grok4fastreasoning_1.py,5742f463e2f387c8a1cc5c9110bdc950cfd2caa9,https://github.com/FrontierCS/Frontier-CS/blob/6d597dfb60be9e592881aef051b94e30d197c436/research/solutions/symbolic_regression/sincos/grok4fastreasoning_1.py
FrontierCS/Frontier-CS,research/solutions/symbolic_regression/sincos/grok4fastreasoning_2.py,73c82d1f9656c2f3eb3a265f16257fadb8e18f27,https://github.com/FrontierCS/Frontier-CS/blob/6d597dfb60be9e592881aef051b94e30d197c436/research/solutions/symbolic_regression/sincos/grok4fastreasoning_2.py
FrontierCS/Frontier-CS,research/solutions/symbolic_regression/sincos/grok4fastreasoning_3.py,73c82d1f9656c2f3eb3a265f16257fadb8e18f27,https://github.com/FrontierCS/Frontier-CS/blob/6d597dfb60be9e592881aef051b94e30d197c436/research/solutions/symbolic_regression/sincos/grok4fastreasoning_3.py
FrontierCS/Frontier-CS,research/solutions/symbolic_regression/sincos/grok4fastreasoning_4.py,73c82d1f9656c2f3eb3a265f16257fadb8e18f27,https://github.com/FrontierCS/Frontier-CS/blob/6d597dfb60be9e592881aef051b94e30d197c436/research/solutions/symbolic_regression/sincos/grok4fastreasoning_4.py
fxbandito/CLAUDECODE_MBO,Dockerfile,0c92b4cedc7af99db711f958b3e227733d74b990,https://github.com/fxbandito/CLAUDECODE_MBO/blob/038cef3c8bba4a9b337e69b99d21d4687ac18ace/Dockerfile
fxbandito/CLAUDECODE_MBO,src/models/a24_symbolic_regression/pysr.py,51f7eabd4c3dc66afeb000df0311477fbaeff54f,https://github.com/fxbandito/CLAUDECODE_MBO/blob/038cef3c8bba4a9b337e69b99d21d4687ac18ace/src/models/a24_symbolic_regression/pysr.py
gabrielmoreira/agent-skills-mirror,mirrors/repos/ECNU-ICALK@AutoSkill/SkillBank/ConvSkill/english_gpt4_8_GLM4.7/symbolic-regression-for-constants-using-pysr/SKILL.md,18f523111ed6b3cfa3ecb1179fc5b986bd49c9e1,https://github.com/gabrielmoreira/agent-skills-mirror/blob/31c0fc5442c98c55152af71c2065ef4e906c5d0c/mirrors/repos/ECNU-ICALK@AutoSkill/SkillBank/ConvSkill/english_gpt4_8_GLM4.7/symbolic-regression-for-constants-using-pysr/SKILL.md
GalSim-developers/JAX-GalSim,dev/notebooks/moffat_maxk_interp.ipynb,0486afb3f15f84c98cf79591c5e0d6637498b3c7,https://github.com/GalSim-developers/JAX-GalSim/blob/9b25b7de36be6807c31767b94282f93a07063043/dev/notebooks/moffat_maxk_interp.ipynb
Garthzzz/Physics-Informed-Symbolic-Regression,algorithms/00_Core.ipynb,4600acec3a6a80ea966ff976308ade53eec9e0c7,https://github.com/Garthzzz/Physics-Informed-Symbolic-Regression/blob/4c9dae311914463e52f9ab09f349b5346188be8c/algorithms/00_Core.ipynb
Garthzzz/Physics-Informed-Symbolic-Regression,algorithms/06_PySR.ipynb,9a753d5e105fd44faf692cfb355218366130b18b,https://github.com/Garthzzz/Physics-Informed-Symbolic-Regression/blob/4c9dae311914463e52f9ab09f349b5346188be8c/algorithms/06_PySR.ipynb
GCaptainNemo/Electronegativity-Under-Pressure,src/find_formula/find_formula.py,8e3f832ed3bd06c5fcd44ad4c40621413b549476,https://github.com/GCaptainNemo/Electronegativity-Under-Pressure/blob/441096c1a067a2aafe88ed52b705fd0669eb8a8b/src/find_formula/find_formula.py
gddeazevedo/rgpe,notebooks/experiment_11_riemann_features_v2.ipynb,a8aba992cc9e13414fafd518c9675cd0525ffbc7,https://github.com/gddeazevedo/rgpe/blob/8747338138440227daa364de3bf486b9f83e6aec/notebooks/experiment_11_riemann_features_v2.ipynb
GDS-Education-Community-of-Practice/DSECOP,Automated_Object_Detection/03_auto_tracking.py,6121f5d243dbf67c28d463b0bc88dea5eaa9dd0d,https://github.com/GDS-Education-Community-of-Practice/DSECOP/blob/7cadcad1ce3df39a741424e3c38e4c55ea1749de/Automated_Object_Detection/03_auto_tracking.py
generalroboticslab/automated_discovery_of_continuous_dynamics_from_videos,models/callbacks.py,0df2065dfeca76c8c9584169d26968e540e2594f,https://github.com/generalroboticslab/automated_discovery_of_continuous_dynamics_from_videos/blob/cf0ff1be5c12a7d83670f19244f0d114f221b844/models/callbacks.py
generalroboticslab/sym2real,dynamics_model/datadriven/symbolic_regression.py,b56ded41318aa3d602752b9dcc055c22c14dd040,https://github.com/generalroboticslab/sym2real/blob/7adf40496100092d7ffbd36fd8434407d0c515bd/dynamics_model/datadriven/symbolic_regression.py
gHashTag/t27,scripts/pysr_trinity_blind_test.py,d36aeeed4748cd5bd3846578ab462166c851e3ab,https://github.com/gHashTag/t27/blob/83fbff00f2b1282cb5db67c99c09089c531e2200/scripts/pysr_trinity_blind_test.py
gHashTag/t27,scripts/pysr_trinity_blind_test_v2.py,ac677b64edab45b47542959cc1da27a662afabd2,https://github.com/gHashTag/t27/blob/83fbff00f2b1282cb5db67c99c09089c531e2200/scripts/pysr_trinity_blind_test_v2.py
gHashTag/t27,scripts/pysr_true_blind_test.py,209187fdcb2e3d469d3bb071afdf786249547a4f,https://github.com/gHashTag/t27/blob/83fbff00f2b1282cb5db67c99c09089c531e2200/scripts/pysr_true_blind_test.py
Giang-Dang/computer-science-news,xai/inherently-interpretable-models/2026-01-01-comparative-analysis-interpretable-ml-methods.md,21e3eaf523e960534b5eb886947737c1531f7b47,https://github.com/Giang-Dang/computer-science-news/blob/6af315e362b6de28a8b038f11ebe9ebda31fb0fe/xai/inherently-interpretable-models/2026-01-01-comparative-analysis-interpretable-ml-methods.md
Glottocrisio/WikiWooW,SyReg.py,5ce075349374167bf9274322b6e74bd6b9d5a604,https://github.com/Glottocrisio/WikiWooW/blob/e2e83016a25dda90350ce18c1bc7232eb8256b92/SyReg.py
gobbleyourdong/open_problems,math/ns_blowup/dead_probes/pysr_core_width.py,262370d3b4a15bb5eabef0cc23c217dd0f8527c5,https://github.com/gobbleyourdong/open_problems/blob/ae68b78aab261523b3c6af2c415d39a3501b9a8e/math/ns_blowup/dead_probes/pysr_core_width.py
gobbleyourdong/open_problems,math/ns_blowup/dead_probes/symreg_dense.py,4678e5a49d1ded57b04619a4c31e323069dd669e,https://github.com/gobbleyourdong/open_problems/blob/ae68b78aab261523b3c6af2c415d39a3501b9a8e/math/ns_blowup/dead_probes/symreg_dense.py
gobbleyourdong/open_problems,math/ns_blowup/dead_probes/symreg_euler.py,64d5be51b0ce820c89fb6b3d1e7d2d8fa6c2648d,https://github.com/gobbleyourdong/open_problems/blob/ae68b78aab261523b3c6af2c415d39a3501b9a8e/math/ns_blowup/dead_probes/symreg_euler.py
GongJr0/MacroSim,macrosim/BaseVarModel.py,cbfff523957c55cd8c64d0d46f0d59465c0deecb,https://github.com/GongJr0/MacroSim/blob/dc02993ee0f09137743116f49c076eb9168f62d8/macrosim/BaseVarModel.py
GongJr0/MacroSim,macrosim/EqSearch.py,48b9a8a80391c47a1aa2b2861aa55930a4a3b425,https://github.com/GongJr0/MacroSim/blob/dc02993ee0f09137743116f49c076eb9168f62d8/macrosim/EqSearch.py
GongJr0/MacroSim,macrosim/GrowthDetector.py,1231b791abe7e1822b1537ed22b0fa266bb517fd,https://github.com/GongJr0/MacroSim/blob/dc02993ee0f09137743116f49c076eb9168f62d8/macrosim/GrowthDetector.py
GongJr0/MacroSim,macrosim/Utils.py,1d8848b83d495068047e11bf4096195e5b5df4f0,https://github.com/GongJr0/MacroSim/blob/dc02993ee0f09137743116f49c076eb9168f62d8/macrosim/Utils.py
GongJr0/SymbolicDSGE,tests/regression/test_symbolic_regression_contract.py,5ec174c3a20acd502173a87c4c38509cbf91e609,https://github.com/GongJr0/SymbolicDSGE/blob/4e0d0b3406be9c72d01e8c8afb75efe5f8f561c9/tests/regression/test_symbolic_regression_contract.py
Gotsmy/FBA-Hyb,MPMs/HELPER_functions_02.py,4bf796f5e988f0d332f2112961177041d8e3551b,https://github.com/Gotsmy/FBA-Hyb/blob/69ec6519c69db3cee7b8d4b981c3a77f46f9f2dd/MPMs/HELPER_functions_02.py
Gotsmy/FBA-Hyb,prol_fba_data/02_run_SR_on_FBA.py,13bcfeba63b4c152e9aec04a73d1dc074c0a537b,https://github.com/Gotsmy/FBA-Hyb/blob/69ec6519c69db3cee7b8d4b981c3a77f46f9f2dd/prol_fba_data/02_run_SR_on_FBA.py
Gotsmy/FBA-Hyb,prol_fba_data/03_build_fba_surrogate.ipynb,269133a7ce4f738fc12d9c126f8d76f3ca70728f,https://github.com/Gotsmy/FBA-Hyb/blob/69ec6519c69db3cee7b8d4b981c3a77f46f9f2dd/prol_fba_data/03_build_fba_surrogate.ipynb
Gotsmy/FBA-Hyb,prol_model_data/MPM_141B/ANN2SR_03/script_set_1.py,5b4be4d2e7b3fa00781576825ccf078f7c5b1257,https://github.com/Gotsmy/FBA-Hyb/blob/69ec6519c69db3cee7b8d4b981c3a77f46f9f2dd/prol_model_data/MPM_141B/ANN2SR_03/script_set_1.py
Gotsmy/FBA-Hyb,prol_model_data/MPM_141B/ANN2SR_03/script_set_10.py,b91fc54f1df5ffbdbabd637d89fb37a0e9815b6d,https://github.com/Gotsmy/FBA-Hyb/blob/69ec6519c69db3cee7b8d4b981c3a77f46f9f2dd/prol_model_data/MPM_141B/ANN2SR_03/script_set_10.py
Gotsmy/FBA-Hyb,prol_model_data/MPM_141B/ANN2SR_03/script_set_11.py,ac1305cefc290e9e26b3cfc5bdc8a2bc5723cdc7,https://github.com/Gotsmy/FBA-Hyb/blob/69ec6519c69db3cee7b8d4b981c3a77f46f9f2dd/prol_model_data/MPM_141B/ANN2SR_03/script_set_11.py
Gotsmy/FBA-Hyb,prol_model_data/MPM_141B/ANN2SR_03/script_set_12.py,88840fbdfc4d3c32472cdda26176cc94e62b38fc,https://github.com/Gotsmy/FBA-Hyb/blob/69ec6519c69db3cee7b8d4b981c3a77f46f9f2dd/prol_model_data/MPM_141B/ANN2SR_03/script_set_12.py
Gotsmy/FBA-Hyb,prol_model_data/MPM_141B/ANN2SR_03/script_set_2.py,9adb154dae6bd03a65f08d35cfd2653a351942d5,https://github.com/Gotsmy/FBA-Hyb/blob/69ec6519c69db3cee7b8d4b981c3a77f46f9f2dd/prol_model_data/MPM_141B/ANN2SR_03/script_set_2.py
Gotsmy/FBA-Hyb,prol_model_data/MPM_141B/ANN2SR_03/script_set_3.py,627fb67531bd9855286c8ec2d5bbe3bc27435f4e,https://github.com/Gotsmy/FBA-Hyb/blob/69ec6519c69db3cee7b8d4b981c3a77f46f9f2dd/prol_model_data/MPM_141B/ANN2SR_03/script_set_3.py
Gotsmy/FBA-Hyb,prol_model_data/MPM_141B/ANN2SR_03/script_set_4.py,3aca9f869826d33e91cb2099bcb13946f703b7b1,https://github.com/Gotsmy/FBA-Hyb/blob/69ec6519c69db3cee7b8d4b981c3a77f46f9f2dd/prol_model_data/MPM_141B/ANN2SR_03/script_set_4.py
Gotsmy/FBA-Hyb,prol_model_data/MPM_141B/ANN2SR_03/script_set_5.py,60e7a46acf2f95469bbdfc6ee1e2bcd3151e92c0,https://github.com/Gotsmy/FBA-Hyb/blob/69ec6519c69db3cee7b8d4b981c3a77f46f9f2dd/prol_model_data/MPM_141B/ANN2SR_03/script_set_5.py
Gotsmy/FBA-Hyb,prol_model_data/MPM_141B/ANN2SR_03/script_set_6.py,0cb84c5c133f5371584cc30a87f10312995c29a5,https://github.com/Gotsmy/FBA-Hyb/blob/69ec6519c69db3cee7b8d4b981c3a77f46f9f2dd/prol_model_data/MPM_141B/ANN2SR_03/script_set_6.py
Gotsmy/FBA-Hyb,prol_model_data/MPM_141B/ANN2SR_03/script_set_7.py,5a94ba2cbbb32c1b6470e52d9c766f5757a0b303,https://github.com/Gotsmy/FBA-Hyb/blob/69ec6519c69db3cee7b8d4b981c3a77f46f9f2dd/prol_model_data/MPM_141B/ANN2SR_03/script_set_7.py
Gotsmy/FBA-Hyb,prol_model_data/MPM_141B/ANN2SR_03/script_set_8.py,221f044d49d80277a60d05749d1ab194cd35a132,https://github.com/Gotsmy/FBA-Hyb/blob/69ec6519c69db3cee7b8d4b981c3a77f46f9f2dd/prol_model_data/MPM_141B/ANN2SR_03/script_set_8.py
Gotsmy/FBA-Hyb,prol_model_data/MPM_141B/ANN2SR_03/script_set_9.py,1df87900cf5b765afe3f0833113b24ac280eb3c1,https://github.com/Gotsmy/FBA-Hyb/blob/69ec6519c69db3cee7b8d4b981c3a77f46f9f2dd/prol_model_data/MPM_141B/ANN2SR_03/script_set_9.py
Gotsmy/FBA-Hyb,prol_model_data/MPM_142B/ANN2SR_03/script_set_1.py,2e4f1b5128af2a49fe17c3b51eb70cbd8c8a6741,https://github.com/Gotsmy/FBA-Hyb/blob/69ec6519c69db3cee7b8d4b981c3a77f46f9f2dd/prol_model_data/MPM_142B/ANN2SR_03/script_set_1.py
Gotsmy/FBA-Hyb,prol_model_data/MPM_142B/ANN2SR_03/script_set_10.py,ff4ab9be880c3c769a3073ba8dccb957d3446910,https://github.com/Gotsmy/FBA-Hyb/blob/69ec6519c69db3cee7b8d4b981c3a77f46f9f2dd/prol_model_data/MPM_142B/ANN2SR_03/script_set_10.py
Gotsmy/FBA-Hyb,prol_model_data/MPM_142B/ANN2SR_03/script_set_11.py,52fe26d21d2d3b080a5b21c7bd37ca5b44df19d2,https://github.com/Gotsmy/FBA-Hyb/blob/69ec6519c69db3cee7b8d4b981c3a77f46f9f2dd/prol_model_data/MPM_142B/ANN2SR_03/script_set_11.py
Gotsmy/FBA-Hyb,prol_model_data/MPM_142B/ANN2SR_03/script_set_12.py,1b585642397d8f448a46a0293bf527c4af4a35aa,https://github.com/Gotsmy/FBA-Hyb/blob/69ec6519c69db3cee7b8d4b981c3a77f46f9f2dd/prol_model_data/MPM_142B/ANN2SR_03/script_set_12.py
Gotsmy/FBA-Hyb,prol_model_data/MPM_142B/ANN2SR_03/script_set_2.py,72600a6b43cb4064dea5162ce3e446e4c8071b67,https://github.com/Gotsmy/FBA-Hyb/blob/69ec6519c69db3cee7b8d4b981c3a77f46f9f2dd/prol_model_data/MPM_142B/ANN2SR_03/script_set_2.py
Gotsmy/FBA-Hyb,prol_model_data/MPM_142B/ANN2SR_03/script_set_3.py,53050adf6d9c65940c0bf90f2abafccddecd0a6b,https://github.com/Gotsmy/FBA-Hyb/blob/69ec6519c69db3cee7b8d4b981c3a77f46f9f2dd/prol_model_data/MPM_142B/ANN2SR_03/script_set_3.py
Gotsmy/FBA-Hyb,prol_model_data/MPM_142B/ANN2SR_03/script_set_4.py,8a2bc5e170dba918a3650dd0cb3e2849233d3b47,https://github.com/Gotsmy/FBA-Hyb/blob/69ec6519c69db3cee7b8d4b981c3a77f46f9f2dd/prol_model_data/MPM_142B/ANN2SR_03/script_set_4.py
Gotsmy/FBA-Hyb,prol_model_data/MPM_142B/ANN2SR_03/script_set_5.py,8866d9ea6cebe51ffb8ca81fedcdc654bc68f8d7,https://github.com/Gotsmy/FBA-Hyb/blob/69ec6519c69db3cee7b8d4b981c3a77f46f9f2dd/prol_model_data/MPM_142B/ANN2SR_03/script_set_5.py
Gotsmy/FBA-Hyb,prol_model_data/MPM_142B/ANN2SR_03/script_set_6.py,ea39294d56ee4d6f0d4823e3c8d5072976774aec,https://github.com/Gotsmy/FBA-Hyb/blob/69ec6519c69db3cee7b8d4b981c3a77f46f9f2dd/prol_model_data/MPM_142B/ANN2SR_03/script_set_6.py
Gotsmy/FBA-Hyb,prol_model_data/MPM_142B/ANN2SR_03/script_set_7.py,0777982ccce99c96e9236d62087ba8dc634f41d8,https://github.com/Gotsmy/FBA-Hyb/blob/69ec6519c69db3cee7b8d4b981c3a77f46f9f2dd/prol_model_data/MPM_142B/ANN2SR_03/script_set_7.py
Gotsmy/FBA-Hyb,prol_model_data/MPM_142B/ANN2SR_03/script_set_8.py,6d1823bc74e2df9395645f132f9fa947adb38720,https://github.com/Gotsmy/FBA-Hyb/blob/69ec6519c69db3cee7b8d4b981c3a77f46f9f2dd/prol_model_data/MPM_142B/ANN2SR_03/script_set_8.py
Gotsmy/FBA-Hyb,prol_model_data/MPM_142B/ANN2SR_03/script_set_9.py,af90924df355b2406454de8eeb2af4e69f719a74,https://github.com/Gotsmy/FBA-Hyb/blob/69ec6519c69db3cee7b8d4b981c3a77f46f9f2dd/prol_model_data/MPM_142B/ANN2SR_03/script_set_9.py
Gotsmy/FBA-Hyb,prol_model_data/MPM_143B/ANN2SR_03/script_set_1.py,43e9aee4d81d770d467ba122bfa3870ed6cd6fc9,https://github.com/Gotsmy/FBA-Hyb/blob/69ec6519c69db3cee7b8d4b981c3a77f46f9f2dd/prol_model_data/MPM_143B/ANN2SR_03/script_set_1.py
Gotsmy/FBA-Hyb,prol_model_data/MPM_143B/ANN2SR_03/script_set_10.py,a0ca55e1b936832f6e0236474541e8d2d5649acc,https://github.com/Gotsmy/FBA-Hyb/blob/69ec6519c69db3cee7b8d4b981c3a77f46f9f2dd/prol_model_data/MPM_143B/ANN2SR_03/script_set_10.py
Gotsmy/FBA-Hyb,prol_model_data/MPM_143B/ANN2SR_03/script_set_11.py,660963868279e09d6218ddd54f22e0f7bf2b1e8f,https://github.com/Gotsmy/FBA-Hyb/blob/69ec6519c69db3cee7b8d4b981c3a77f46f9f2dd/prol_model_data/MPM_143B/ANN2SR_03/script_set_11.py
Gotsmy/FBA-Hyb,prol_model_data/MPM_143B/ANN2SR_03/script_set_12.py,c54cdb0fdcf2ff3b361739e0247b9d139f042bf7,https://github.com/Gotsmy/FBA-Hyb/blob/69ec6519c69db3cee7b8d4b981c3a77f46f9f2dd/prol_model_data/MPM_143B/ANN2SR_03/script_set_12.py
Gotsmy/FBA-Hyb,prol_model_data/MPM_143B/ANN2SR_03/script_set_2.py,924cb4b63afbea3855cd14cfd22b100d19d659b0,https://github.com/Gotsmy/FBA-Hyb/blob/69ec6519c69db3cee7b8d4b981c3a77f46f9f2dd/prol_model_data/MPM_143B/ANN2SR_03/script_set_2.py
Gotsmy/FBA-Hyb,prol_model_data/MPM_143B/ANN2SR_03/script_set_3.py,ddb727bbf4827c626a09c01091b96b56e1dd0e54,https://github.com/Gotsmy/FBA-Hyb/blob/69ec6519c69db3cee7b8d4b981c3a77f46f9f2dd/prol_model_data/MPM_143B/ANN2SR_03/script_set_3.py
Gotsmy/FBA-Hyb,prol_model_data/MPM_143B/ANN2SR_03/script_set_4.py,8e47d4e5f1b2d7f5d9c949c02ab0993bb9f617df,https://github.com/Gotsmy/FBA-Hyb/blob/69ec6519c69db3cee7b8d4b981c3a77f46f9f2dd/prol_model_data/MPM_143B/ANN2SR_03/script_set_4.py
Gotsmy/FBA-Hyb,prol_model_data/MPM_143B/ANN2SR_03/script_set_5.py,584e2d056bd28094b74493c82e1ae3dc1d10e0a7,https://github.com/Gotsmy/FBA-Hyb/blob/69ec6519c69db3cee7b8d4b981c3a77f46f9f2dd/prol_model_data/MPM_143B/ANN2SR_03/script_set_5.py
Gotsmy/FBA-Hyb,prol_model_data/MPM_143B/ANN2SR_03/script_set_6.py,c251ee51be07054ed16d84b11523da05ef9cb02a,https://github.com/Gotsmy/FBA-Hyb/blob/69ec6519c69db3cee7b8d4b981c3a77f46f9f2dd/prol_model_data/MPM_143B/ANN2SR_03/script_set_6.py
Gotsmy/FBA-Hyb,prol_model_data/MPM_143B/ANN2SR_03/script_set_7.py,a61f90e35f760faa2a9904fa46125714fd808cec,https://github.com/Gotsmy/FBA-Hyb/blob/69ec6519c69db3cee7b8d4b981c3a77f46f9f2dd/prol_model_data/MPM_143B/ANN2SR_03/script_set_7.py
Gotsmy/FBA-Hyb,prol_model_data/MPM_143B/ANN2SR_03/script_set_8.py,e449327b86e7b1c1a00e74a9d10bdaacec305298,https://github.com/Gotsmy/FBA-Hyb/blob/69ec6519c69db3cee7b8d4b981c3a77f46f9f2dd/prol_model_data/MPM_143B/ANN2SR_03/script_set_8.py
Gotsmy/FBA-Hyb,prol_model_data/MPM_143B/ANN2SR_03/script_set_9.py,02e8f628336e5a32423826512ba693ae077d7ec4,https://github.com/Gotsmy/FBA-Hyb/blob/69ec6519c69db3cee7b8d4b981c3a77f46f9f2dd/prol_model_data/MPM_143B/ANN2SR_03/script_set_9.py
Gotsmy/FBA-Hyb,prol_model_data/MPM_144B/ANN2SR_03/script_set_1.py,f1095f9ef42ce5de541d9e77201e9cf241b6a936,https://github.com/Gotsmy/FBA-Hyb/blob/69ec6519c69db3cee7b8d4b981c3a77f46f9f2dd/prol_model_data/MPM_144B/ANN2SR_03/script_set_1.py
Gotsmy/FBA-Hyb,prol_model_data/MPM_144B/ANN2SR_03/script_set_10.py,0df6d7c274e5dba7115e3d6a5256e8e14244885e,https://github.com/Gotsmy/FBA-Hyb/blob/69ec6519c69db3cee7b8d4b981c3a77f46f9f2dd/prol_model_data/MPM_144B/ANN2SR_03/script_set_10.py
Gotsmy/FBA-Hyb,prol_model_data/MPM_144B/ANN2SR_03/script_set_11.py,576bbb3c9ff8a10467ae754478f5c5c5f59b4804,https://github.com/Gotsmy/FBA-Hyb/blob/69ec6519c69db3cee7b8d4b981c3a77f46f9f2dd/prol_model_data/MPM_144B/ANN2SR_03/script_set_11.py
Gotsmy/FBA-Hyb,prol_model_data/MPM_144B/ANN2SR_03/script_set_12.py,a91c7c338a6794d574f28e83df8821539b3fba3b,https://github.com/Gotsmy/FBA-Hyb/blob/69ec6519c69db3cee7b8d4b981c3a77f46f9f2dd/prol_model_data/MPM_144B/ANN2SR_03/script_set_12.py
Gotsmy/FBA-Hyb,prol_model_data/MPM_144B/ANN2SR_03/script_set_2.py,306e2f6884d218c586ba83caf89eb2fc83116b6c,https://github.com/Gotsmy/FBA-Hyb/blob/69ec6519c69db3cee7b8d4b981c3a77f46f9f2dd/prol_model_data/MPM_144B/ANN2SR_03/script_set_2.py
Gotsmy/FBA-Hyb,prol_model_data/MPM_144B/ANN2SR_03/script_set_3.py,50cba86b14653c50aaf83d278538bfa58b0e32d0,https://github.com/Gotsmy/FBA-Hyb/blob/69ec6519c69db3cee7b8d4b981c3a77f46f9f2dd/prol_model_data/MPM_144B/ANN2SR_03/script_set_3.py
Gotsmy/FBA-Hyb,prol_model_data/MPM_144B/ANN2SR_03/script_set_4.py,48495b251eccace56e93d02ff34f8bcdea41d668,https://github.com/Gotsmy/FBA-Hyb/blob/69ec6519c69db3cee7b8d4b981c3a77f46f9f2dd/prol_model_data/MPM_144B/ANN2SR_03/script_set_4.py
Gotsmy/FBA-Hyb,prol_model_data/MPM_144B/ANN2SR_03/script_set_5.py,cd089b70b8841e48dcc770dd51ac2afb807f0167,https://github.com/Gotsmy/FBA-Hyb/blob/69ec6519c69db3cee7b8d4b981c3a77f46f9f2dd/prol_model_data/MPM_144B/ANN2SR_03/script_set_5.py
Gotsmy/FBA-Hyb,prol_model_data/MPM_144B/ANN2SR_03/script_set_6.py,edd0163b889fa9030759e4932ed6fdb528552bd2,https://github.com/Gotsmy/FBA-Hyb/blob/69ec6519c69db3cee7b8d4b981c3a77f46f9f2dd/prol_model_data/MPM_144B/ANN2SR_03/script_set_6.py
Gotsmy/FBA-Hyb,prol_model_data/MPM_144B/ANN2SR_03/script_set_7.py,d9b9a387ac9782381deebf54928647fe0dfd915d,https://github.com/Gotsmy/FBA-Hyb/blob/69ec6519c69db3cee7b8d4b981c3a77f46f9f2dd/prol_model_data/MPM_144B/ANN2SR_03/script_set_7.py
Gotsmy/FBA-Hyb,prol_model_data/MPM_144B/ANN2SR_03/script_set_8.py,5f20ab9d8a1b24b5a039c65a69f020abd0ca7055,https://github.com/Gotsmy/FBA-Hyb/blob/69ec6519c69db3cee7b8d4b981c3a77f46f9f2dd/prol_model_data/MPM_144B/ANN2SR_03/script_set_8.py
Gotsmy/FBA-Hyb,prol_model_data/MPM_144B/ANN2SR_03/script_set_9.py,74600cef3cabe417c5b88e375348d5506f4f402b,https://github.com/Gotsmy/FBA-Hyb/blob/69ec6519c69db3cee7b8d4b981c3a77f46f9f2dd/prol_model_data/MPM_144B/ANN2SR_03/script_set_9.py
Gotsmy/FBA-Hyb,prol_model_data/MPM_145B/ANN2SR_03/script_set_1.py,fded85f5b544b4224c30d638128e6e90e422fe12,https://github.com/Gotsmy/FBA-Hyb/blob/69ec6519c69db3cee7b8d4b981c3a77f46f9f2dd/prol_model_data/MPM_145B/ANN2SR_03/script_set_1.py
Gotsmy/FBA-Hyb,prol_model_data/MPM_145B/ANN2SR_03/script_set_10.py,6c179fe095a6e7ad9dee1fbf9d4422bff5e523e2,https://github.com/Gotsmy/FBA-Hyb/blob/69ec6519c69db3cee7b8d4b981c3a77f46f9f2dd/prol_model_data/MPM_145B/ANN2SR_03/script_set_10.py
Gotsmy/FBA-Hyb,prol_model_data/MPM_145B/ANN2SR_03/script_set_11.py,9f4f637b225be2875d701729519d4ddce2333bc8,https://github.com/Gotsmy/FBA-Hyb/blob/69ec6519c69db3cee7b8d4b981c3a77f46f9f2dd/prol_model_data/MPM_145B/ANN2SR_03/script_set_11.py
Gotsmy/FBA-Hyb,prol_model_data/MPM_145B/ANN2SR_03/script_set_12.py,6af0ae15400c92e13cc2bf93b80046e82b73a619,https://github.com/Gotsmy/FBA-Hyb/blob/69ec6519c69db3cee7b8d4b981c3a77f46f9f2dd/prol_model_data/MPM_145B/ANN2SR_03/script_set_12.py
Gotsmy/FBA-Hyb,prol_model_data/MPM_145B/ANN2SR_03/script_set_2.py,4c49d88c94308217ad80331cc7be804e725d7dd6,https://github.com/Gotsmy/FBA-Hyb/blob/69ec6519c69db3cee7b8d4b981c3a77f46f9f2dd/prol_model_data/MPM_145B/ANN2SR_03/script_set_2.py
Gotsmy/FBA-Hyb,prol_model_data/MPM_145B/ANN2SR_03/script_set_3.py,108fd7c8ffd8c3c2d883a12e50dc0666389b953b,https://github.com/Gotsmy/FBA-Hyb/blob/69ec6519c69db3cee7b8d4b981c3a77f46f9f2dd/prol_model_data/MPM_145B/ANN2SR_03/script_set_3.py
Gotsmy/FBA-Hyb,prol_model_data/MPM_145B/ANN2SR_03/script_set_4.py,8b5f3077be67c62e596bdcb083d1d30fa7dd98c1,https://github.com/Gotsmy/FBA-Hyb/blob/69ec6519c69db3cee7b8d4b981c3a77f46f9f2dd/prol_model_data/MPM_145B/ANN2SR_03/script_set_4.py
Gotsmy/FBA-Hyb,prol_model_data/MPM_145B/ANN2SR_03/script_set_5.py,6f013884b744583e7b42c44dcfb24e38bc5bff0d,https://github.com/Gotsmy/FBA-Hyb/blob/69ec6519c69db3cee7b8d4b981c3a77f46f9f2dd/prol_model_data/MPM_145B/ANN2SR_03/script_set_5.py
Gotsmy/FBA-Hyb,prol_model_data/MPM_145B/ANN2SR_03/script_set_6.py,867af62b68767d4e48ab43b4996d545d01e059ad,https://github.com/Gotsmy/FBA-Hyb/blob/69ec6519c69db3cee7b8d4b981c3a77f46f9f2dd/prol_model_data/MPM_145B/ANN2SR_03/script_set_6.py
Gotsmy/FBA-Hyb,prol_model_data/MPM_145B/ANN2SR_03/script_set_7.py,350cfb653e28e0d7563cc770754257f60eea5ec5,https://github.com/Gotsmy/FBA-Hyb/blob/69ec6519c69db3cee7b8d4b981c3a77f46f9f2dd/prol_model_data/MPM_145B/ANN2SR_03/script_set_7.py
Gotsmy/FBA-Hyb,prol_model_data/MPM_145B/ANN2SR_03/script_set_8.py,68b3906d78922be82d9320e0dfcd819d9412ec52,https://github.com/Gotsmy/FBA-Hyb/blob/69ec6519c69db3cee7b8d4b981c3a77f46f9f2dd/prol_model_data/MPM_145B/ANN2SR_03/script_set_8.py
Gotsmy/FBA-Hyb,prol_model_data/MPM_145B/ANN2SR_03/script_set_9.py,ddcb394f0b46b6ac08a1b3c739d35171da75dd6f,https://github.com/Gotsmy/FBA-Hyb/blob/69ec6519c69db3cee7b8d4b981c3a77f46f9f2dd/prol_model_data/MPM_145B/ANN2SR_03/script_set_9.py
Gotsmy/FBA-Hyb,prol_model_data/MPM_146B/ANN2SR_03/script_set_1.py,70448f8881c6ca778634aa2e93f6dd4be4a9a243,https://github.com/Gotsmy/FBA-Hyb/blob/69ec6519c69db3cee7b8d4b981c3a77f46f9f2dd/prol_model_data/MPM_146B/ANN2SR_03/script_set_1.py
Gotsmy/FBA-Hyb,prol_model_data/MPM_146B/ANN2SR_03/script_set_10.py,20e97a09116c84a85da0196b5b77ad97b39a2ab6,https://github.com/Gotsmy/FBA-Hyb/blob/69ec6519c69db3cee7b8d4b981c3a77f46f9f2dd/prol_model_data/MPM_146B/ANN2SR_03/script_set_10.py
Gotsmy/FBA-Hyb,prol_model_data/MPM_146B/ANN2SR_03/script_set_11.py,d8f5069cc9c2a40db6823db77e3aa20e74b69de3,https://github.com/Gotsmy/FBA-Hyb/blob/69ec6519c69db3cee7b8d4b981c3a77f46f9f2dd/prol_model_data/MPM_146B/ANN2SR_03/script_set_11.py
Gotsmy/FBA-Hyb,prol_model_data/MPM_146B/ANN2SR_03/script_set_12.py,155a779ac930375d7357b8a35bd523c33f71252b,https://github.com/Gotsmy/FBA-Hyb/blob/69ec6519c69db3cee7b8d4b981c3a77f46f9f2dd/prol_model_data/MPM_146B/ANN2SR_03/script_set_12.py
Gotsmy/FBA-Hyb,prol_model_data/MPM_146B/ANN2SR_03/script_set_2.py,8bd319326238d6bc4eb8dad34211a44c9aaccdf8,https://github.com/Gotsmy/FBA-Hyb/blob/69ec6519c69db3cee7b8d4b981c3a77f46f9f2dd/prol_model_data/MPM_146B/ANN2SR_03/script_set_2.py
Gotsmy/FBA-Hyb,prol_model_data/MPM_146B/ANN2SR_03/script_set_3.py,6f50cb2b62b4c4dbdcb6a99249490a61c5f9111c,https://github.com/Gotsmy/FBA-Hyb/blob/69ec6519c69db3cee7b8d4b981c3a77f46f9f2dd/prol_model_data/MPM_146B/ANN2SR_03/script_set_3.py
Gotsmy/FBA-Hyb,prol_model_data/MPM_146B/ANN2SR_03/script_set_4.py,d8478ecd3ae071229464452dfef1c44be60db972,https://github.com/Gotsmy/FBA-Hyb/blob/69ec6519c69db3cee7b8d4b981c3a77f46f9f2dd/prol_model_data/MPM_146B/ANN2SR_03/script_set_4.py
Gotsmy/FBA-Hyb,prol_model_data/MPM_146B/ANN2SR_03/script_set_5.py,ebebaff0ccfd3aec6ba3924e5de8dceca3611282,https://github.com/Gotsmy/FBA-Hyb/blob/69ec6519c69db3cee7b8d4b981c3a77f46f9f2dd/prol_model_data/MPM_146B/ANN2SR_03/script_set_5.py
Gotsmy/FBA-Hyb,prol_model_data/MPM_146B/ANN2SR_03/script_set_6.py,808b14f6d34accf6ef87609e17ada72ed8901fd0,https://github.com/Gotsmy/FBA-Hyb/blob/69ec6519c69db3cee7b8d4b981c3a77f46f9f2dd/prol_model_data/MPM_146B/ANN2SR_03/script_set_6.py
Gotsmy/FBA-Hyb,prol_model_data/MPM_146B/ANN2SR_03/script_set_7.py,e8f517ea4217254c8c630e88606ca23ffc544645,https://github.com/Gotsmy/FBA-Hyb/blob/69ec6519c69db3cee7b8d4b981c3a77f46f9f2dd/prol_model_data/MPM_146B/ANN2SR_03/script_set_7.py
Gotsmy/FBA-Hyb,prol_model_data/MPM_146B/ANN2SR_03/script_set_8.py,05f0ac6fdd18d2933bbd8469f3b7771ae8730be7,https://github.com/Gotsmy/FBA-Hyb/blob/69ec6519c69db3cee7b8d4b981c3a77f46f9f2dd/prol_model_data/MPM_146B/ANN2SR_03/script_set_8.py
Gotsmy/FBA-Hyb,prol_model_data/MPM_146B/ANN2SR_03/script_set_9.py,13cf5199eb11259cede4708d169e04d65d7df3d0,https://github.com/Gotsmy/FBA-Hyb/blob/69ec6519c69db3cee7b8d4b981c3a77f46f9f2dd/prol_model_data/MPM_146B/ANN2SR_03/script_set_9.py
Gotsmy/FBA-Hyb,slim_fba_data/02_run_SR_on_FBA.py,da88f782507cdecfc465e10e349601d6c5993cec,https://github.com/Gotsmy/FBA-Hyb/blob/69ec6519c69db3cee7b8d4b981c3a77f46f9f2dd/slim_fba_data/02_run_SR_on_FBA.py
Gotsmy/FBA-Hyb,slim_fba_data/03_build_fba_surrogate.ipynb,3c394b758d31f0f19745c88fec676bdc40555f88,https://github.com/Gotsmy/FBA-Hyb/blob/69ec6519c69db3cee7b8d4b981c3a77f46f9f2dd/slim_fba_data/03_build_fba_surrogate.ipynb
Gotsmy/FBA-Hyb,slim_model_data/SLIM_03C/ANN2SR_03/script_set_1.py,2b1f34001bf0c1b997220f0630c5167433beeb50,https://github.com/Gotsmy/FBA-Hyb/blob/69ec6519c69db3cee7b8d4b981c3a77f46f9f2dd/slim_model_data/SLIM_03C/ANN2SR_03/script_set_1.py
Gotsmy/FBA-Hyb,slim_model_data/SLIM_03C/ANN2SR_03/script_set_2.py,39a3837a91ba087529755e27e8d12c35bac24733,https://github.com/Gotsmy/FBA-Hyb/blob/69ec6519c69db3cee7b8d4b981c3a77f46f9f2dd/slim_model_data/SLIM_03C/ANN2SR_03/script_set_2.py
Gotsmy/FBA-Hyb,slim_model_data/SLIM_03C/ANN2SR_03/script_set_3.py,6bd28fe516548ddf58315ed262b5ff33304bfb0f,https://github.com/Gotsmy/FBA-Hyb/blob/69ec6519c69db3cee7b8d4b981c3a77f46f9f2dd/slim_model_data/SLIM_03C/ANN2SR_03/script_set_3.py
Gotsmy/FBA-Hyb,slim_model_data/SLIM_03C/ANN2SR_03/script_set_4.py,14a0bf0b89ed0e18a8bc101b5b53b554bf7233d0,https://github.com/Gotsmy/FBA-Hyb/blob/69ec6519c69db3cee7b8d4b981c3a77f46f9f2dd/slim_model_data/SLIM_03C/ANN2SR_03/script_set_4.py
Gotsmy/FBA-Hyb,slim_model_data/SLIM_03C/ANN2SR_03/script_set_5.py,a52917e9d9fdfea3217f5a4454fa4d68984fe443,https://github.com/Gotsmy/FBA-Hyb/blob/69ec6519c69db3cee7b8d4b981c3a77f46f9f2dd/slim_model_data/SLIM_03C/ANN2SR_03/script_set_5.py
Gotsmy/FBA-Hyb,slim_model_data/SLIM_03C/ANN2SR_03/script_set_6.py,16d599818d62d0ff53a0f7e74c352e4a128a306a,https://github.com/Gotsmy/FBA-Hyb/blob/69ec6519c69db3cee7b8d4b981c3a77f46f9f2dd/slim_model_data/SLIM_03C/ANN2SR_03/script_set_6.py
Gotsmy/FBA-Hyb,slim_model_data/SLIM_03C/ANN2SR_03/script_set_7.py,facca46e976e24f6bd7402d5b792a1f4d2e5489e,https://github.com/Gotsmy/FBA-Hyb/blob/69ec6519c69db3cee7b8d4b981c3a77f46f9f2dd/slim_model_data/SLIM_03C/ANN2SR_03/script_set_7.py
Gotsmy/FBA-Hyb,slim_model_data/SLIM_03C/ANN2SR_03/script_set_8.py,5f00fae10c2df15a4b0cedf080ae6480ddea5b85,https://github.com/Gotsmy/FBA-Hyb/blob/69ec6519c69db3cee7b8d4b981c3a77f46f9f2dd/slim_model_data/SLIM_03C/ANN2SR_03/script_set_8.py
gxaurab/GraphTheory-GNNs,pySR_Nepse.ipynb,84d0dbc63fb3b7130535d536b6e0e3011f4605be,https://github.com/gxaurab/GraphTheory-GNNs/blob/d3551aa3b2ad2f7a1e8ce5118462915668d3d39c/pySR_Nepse.ipynb
Gy-Hu/AIG2INV,data2dataset/cex2smt2/symbolic_reg.py,b1dd42ca35faf403ec35c77f0358128f91c8fc53,https://github.com/Gy-Hu/AIG2INV/blob/9c0a5e9415f84a857a66d842f0a1019ae9c9a8e9/data2dataset/cex2smt2/symbolic_reg.py
Gy-Hu/E-Syn,sym_reg/symbolic_reg.py,830b89e17cfc73209a0d4f6268dc0cd0e61c165c,https://github.com/Gy-Hu/E-Syn/blob/692c43a5491a72143d1d30ed320e9fcc1bfd01eb/sym_reg/symbolic_reg.py
Haishi2016/bacon-net,benchmarks/1000-variable-bool/symbolic_regression.py,2941a4ac1f4c36f6a301dccb5170ef5ca8bb8004,https://github.com/Haishi2016/bacon-net/blob/92b75443f4415203ce48bd30b893501a59cf6bba/benchmarks/1000-variable-bool/symbolic_regression.py
Haishi2016/bacon-net,benchmarks/noise-resilience/pysr-breast-cancer-with-noise.py,fc1a8016f3472b21b7d3665171e53bb75f05e4f9,https://github.com/Haishi2016/bacon-net/blob/92b75443f4415203ce48bd30b893501a59cf6bba/benchmarks/noise-resilience/pysr-breast-cancer-with-noise.py
HaohanZou/CoNSAL,Linear_Path_Following/Linear_Path_Following_training.py,4370d9b5f93d247983970facd4fb8ddf0b96bef5,https://github.com/HaohanZou/CoNSAL/blob/9721d9eb6496be792da73a0894f8380c167f6e61/Linear_Path_Following/Linear_Path_Following_training.py
HaohanZou/CoNSAL,Van_Der_Pol_Oscillator/Van_Der_Pol_Oscillator_training.py,0208ab2c004f5db0ddbad15974d7a6d37a343824,https://github.com/HaohanZou/CoNSAL/blob/9721d9eb6496be792da73a0894f8380c167f6e61/Van_Der_Pol_Oscillator/Van_Der_Pol_Oscillator_training.py
haoran-ian/GP_exp,problems/fluid_dynamics/optimization.py,e041e01753d273709e2395a237628c4f86fcf3b8,https://github.com/haoran-ian/GP_exp/blob/5214ebbd586343bd0e83618e413f68df61311d52/problems/fluid_dynamics/optimization.py
HaraldCaap/Symbollic_regression,Wind_Power_Analysis.py,504adceeb35768946c9aa00d5d8e4ad074fb0304,https://github.com/HaraldCaap/Symbollic_regression/blob/5117a6ce3ca310dc0aa62d46b618bc4acd17305f/Wind_Power_Analysis.py
HaraldCaap/Symbollic_regression,symbollic_regression.ipynb,75130e245994c3d0b48a385006d12f695d42f274,https://github.com/HaraldCaap/Symbollic_regression/blob/5117a6ce3ca310dc0aa62d46b618bc4acd17305f/symbollic_regression.ipynb
Hariprashad-Ravikumar/Sivers_TMD_Lattice_Analysis_Mathematica_PySR,PySR/.ipynb_checkpoints/A2B_each_eta-checkpoint.ipynb,6872cbaa5a49b9959a864face3a925cc49f7445b,https://github.com/Hariprashad-Ravikumar/Sivers_TMD_Lattice_Analysis_Mathematica_PySR/blob/df60d530377507699645b601edb2d0998bab6966/PySR/.ipynb_checkpoints/A2B_each_eta-checkpoint.ipynb
Hariprashad-Ravikumar/Sivers_TMD_Lattice_Analysis_Mathematica_PySR,PySR/.ipynb_checkpoints/TMD_try-checkpoint.ipynb,371ef208b9cb061df2cb7301e92966501388ecf3,https://github.com/Hariprashad-Ravikumar/Sivers_TMD_Lattice_Analysis_Mathematica_PySR/blob/df60d530377507699645b601edb2d0998bab6966/PySR/.ipynb_checkpoints/TMD_try-checkpoint.ipynb
Hariprashad-Ravikumar/Sivers_TMD_Lattice_Analysis_Mathematica_PySR,PySR/A12B_all_eta.ipynb,58c306bfa067f9c0cc0e1cbb1ef0a45159d3f570,https://github.com/Hariprashad-Ravikumar/Sivers_TMD_Lattice_Analysis_Mathematica_PySR/blob/df60d530377507699645b601edb2d0998bab6966/PySR/A12B_all_eta.ipynb
Hariprashad-Ravikumar/Sivers_TMD_Lattice_Analysis_Mathematica_PySR,PySR/A2B_all_eta.ipynb,cabfd01564953e4ad6de3e1d87d1594222d719ba,https://github.com/Hariprashad-Ravikumar/Sivers_TMD_Lattice_Analysis_Mathematica_PySR/blob/df60d530377507699645b601edb2d0998bab6966/PySR/A2B_all_eta.ipynb
Hariprashad-Ravikumar/Sivers_TMD_Lattice_Analysis_Mathematica_PySR,PySR/A2B_each_eta.ipynb,d68414a8ff0436a8e2df03b8464741ed1bdb8372,https://github.com/Hariprashad-Ravikumar/Sivers_TMD_Lattice_Analysis_Mathematica_PySR/blob/df60d530377507699645b601edb2d0998bab6966/PySR/A2B_each_eta.ipynb
Hariprashad-Ravikumar/Sivers_TMD_Lattice_Analysis_Mathematica_PySR,PySR/TMD_try.ipynb,371ef208b9cb061df2cb7301e92966501388ecf3,https://github.com/Hariprashad-Ravikumar/Sivers_TMD_Lattice_Analysis_Mathematica_PySR/blob/df60d530377507699645b601edb2d0998bab6966/PySR/TMD_try.ipynb
HarryJ12/Coal2Core,ml_and_data_pipeline/testing_pipeline.ipynb,9016f425371483dd8a635add79e2e718d85a1836,https://github.com/HarryJ12/Coal2Core/blob/dd25c7926d3028de4e4bc95c397505773689cf19/ml_and_data_pipeline/testing_pipeline.ipynb
HarryPotterXTX/FIND,utils/FIND.py,02513cc5ffbd7b62cb7a1e374ac3a2f9dc947812,https://github.com/HarryPotterXTX/FIND/blob/97591ba3f8e9f23a6799f176c242efa5239ccefc/utils/FIND.py
harshitagarwal26/learning-interpretable-dynamics-using-ML,analysis/pysr_validate_unperturbed.py,388bdd5508108f638cdc0842696f66181fb4959a,https://github.com/harshitagarwal26/learning-interpretable-dynamics-using-ML/blob/00effa625d2872c32ff19a76cd92ca54f4a1c15a/analysis/pysr_validate_unperturbed.py
hel-astro-lab/polarcaps,prototypes/synchrotron/integrate_T.py,b7833fdac92972e33edaebbd0bfa93382de2f4f2,https://github.com/hel-astro-lab/polarcaps/blob/afe6185f485de5819e440272f9d8f1c775c08cb2/prototypes/synchrotron/integrate_T.py
hel-astro-lab/polarcaps,prototypes/synchrotron/integrate_T_xi.py,ae3d83e774bcf4d1c8234fd21c277e60d1770a47,https://github.com/hel-astro-lab/polarcaps/blob/afe6185f485de5819e440272f9d8f1c775c08cb2/prototypes/synchrotron/integrate_T_xi.py
hel-astro-lab/polarcaps,prototypes/synchrotron/integrate_Tmin.py,35f57e1c6c98bab70f7d7bd5da4af496329eb580,https://github.com/hel-astro-lab/polarcaps/blob/afe6185f485de5819e440272f9d8f1c775c08cb2/prototypes/synchrotron/integrate_Tmin.py
hel-astro-lab/polarcaps,prototypes/synchrotron/integrate_chixmin.py,827598b6ac3327ccd72fe955ecf951b2ab5ea840,https://github.com/hel-astro-lab/polarcaps/blob/afe6185f485de5819e440272f9d8f1c775c08cb2/prototypes/synchrotron/integrate_chixmin.py
hel-astro-lab/polarcaps,prototypes/synchrotron/integrate_tau.py,96b87c1443824d1077ef0307039ce573512a2af3,https://github.com/hel-astro-lab/polarcaps/blob/afe6185f485de5819e440272f9d8f1c775c08cb2/prototypes/synchrotron/integrate_tau.py
hel-astro-lab/polarcaps,prototypes/synchrotron/integrate_xi.py,e4c8f10c45688d2bcd6a372b7842ae4e1cd9742b,https://github.com/hel-astro-lab/polarcaps/blob/afe6185f485de5819e440272f9d8f1c775c08cb2/prototypes/synchrotron/integrate_xi.py
hftsoi/symbolfit,colab_demo/symbolfit_colab.ipynb,1e206cf72c1dad19d903d6036c698d3c4696bf09,https://github.com/hftsoi/symbolfit/blob/525d574c4d2ce38619be04103da491d522fc38db/colab_demo/symbolfit_colab.ipynb
hftsoi/symbolfit,docs/class.md,363aa8b9fc29ad7a6b675b9bb713908f7980cd8d,https://github.com/hftsoi/symbolfit/blob/525d574c4d2ce38619be04103da491d522fc38db/docs/class.md
hftsoi/symbolfit,docs/demo/notebooks/Toy_dataset_1.ipynb,5030f1bc19b3da9a8b006207f166fdbbc7543032,https://github.com/hftsoi/symbolfit/blob/525d574c4d2ce38619be04103da491d522fc38db/docs/demo/notebooks/Toy_dataset_1.ipynb
hftsoi/symbolfit,docs/demo/notebooks/Toy_dataset_3c.ipynb,9476072e726655cc99f7819f6c512687d6e0580b,https://github.com/hftsoi/symbolfit/blob/525d574c4d2ce38619be04103da491d522fc38db/docs/demo/notebooks/Toy_dataset_3c.ipynb
hftsoi/symbolfit,docs/demo/notebooks/dijet.ipynb,38e322bbf2f35a5585d12d31b20faae97cd9ff0d,https://github.com/hftsoi/symbolfit/blob/525d574c4d2ce38619be04103da491d522fc38db/docs/demo/notebooks/dijet.ipynb
hftsoi/symbolfit,docs/demo/notebooks/dijet_blinded.ipynb,d8e27692c547c596bf7c60a0abbb93fa2527c958,https://github.com/hftsoi/symbolfit/blob/525d574c4d2ce38619be04103da491d522fc38db/docs/demo/notebooks/dijet_blinded.ipynb
hftsoi/symbolfit,docs/demo/notebooks/dijet_template_spec.ipynb,45a0a2a31f7ab3613414661b55a2c21ac18a8226,https://github.com/hftsoi/symbolfit/blob/525d574c4d2ce38619be04103da491d522fc38db/docs/demo/notebooks/dijet_template_spec.ipynb
hftsoi/symbolfit,docs/demo/pysr_configs.md,655e7f2b139149349953028a4b97454bfa924237,https://github.com/hftsoi/symbolfit/blob/525d574c4d2ce38619be04103da491d522fc38db/docs/demo/pysr_configs.md
hftsoi/symbolfit,examples/pysr_configs/pysr_config_gauss.py,1c89b7cbe162a9db164cb2cb0efb72029d99190d,https://github.com/hftsoi/symbolfit/blob/525d574c4d2ce38619be04103da491d522fc38db/examples/pysr_configs/pysr_config_gauss.py
hftsoi/symbolfit,examples/pysr_configs/pysr_config_nogauss.py,3bd3a805b9c5dc9e24fe1bcace5178e5f1cff504,https://github.com/hftsoi/symbolfit/blob/525d574c4d2ce38619be04103da491d522fc38db/examples/pysr_configs/pysr_config_nogauss.py
hftsoi/symbolfit,examples/pysr_configs/pysr_config_template_spec_dijet.py,a5a1d768fa95011ceefa49113c08f64fb18a990a,https://github.com/hftsoi/symbolfit/blob/525d574c4d2ce38619be04103da491d522fc38db/examples/pysr_configs/pysr_config_template_spec_dijet.py
hftsoi/symbolfit,symbolfit/symbolfit.py,01614092d6b906d8132a59d93527c7eca2183e8e,https://github.com/hftsoi/symbolfit/blob/525d574c4d2ce38619be04103da491d522fc38db/symbolfit/symbolfit.py
hftsoi/symbolfit,symbolfit/utils.py,ed4071c0cda1b9039f9cea50a393a61b29feefa1,https://github.com/hftsoi/symbolfit/blob/525d574c4d2ce38619be04103da491d522fc38db/symbolfit/utils.py
hftsoi/symbolfit,tests/test_fit.py,ace37d4a61eb73d54df4904fb4df655389e7e225,https://github.com/hftsoi/symbolfit/blob/525d574c4d2ce38619be04103da491d522fc38db/tests/test_fit.py
hftsoi/symbolic_regression,JetTagger.ipynb,cd2487f948c63a55d3624476dfdf1c8dc47f298a,https://github.com/hftsoi/symbolic_regression/blob/723753e39aaa9bc1c7a69d6adc5b2c7ea6a2852f/JetTagger.ipynb
hftsoi/symbolic_regression,hls.ipynb,bdb3ed89e2571cd48978aceb7c4d2f64780d1938,https://github.com/hftsoi/symbolic_regression/blob/723753e39aaa9bc1c7a69d6adc5b2c7ea6a2852f/hls.ipynb
hftsoi/symbolic_regression,hls4sr_example.ipynb,522d12f2e620424ab7df4a44bb74cd4dab22ad3c,https://github.com/hftsoi/symbolic_regression/blob/723753e39aaa9bc1c7a69d6adc5b2c7ea6a2852f/hls4sr_example.ipynb
hfvcn/kan-symbolic-wind-solar-load-forecasting,modal_jobs/pysr_baseline.py,3dc18838a5515e33feb9d30e827ed30cbaa860cf,https://github.com/hfvcn/kan-symbolic-wind-solar-load-forecasting/blob/7e8c23ae90ec64e100ab44ffec0ec174c6a3878a/modal_jobs/pysr_baseline.py
hol1m4n/HIIGalaxies,Spectral_synthesis/GA.ipynb,10be29d1aefa9370e644143bb3c73021c35fe3a5,https://github.com/hol1m4n/HIIGalaxies/blob/dc666fb2297ef52d2ee6450ff2ff2938dc5d3d1d/Spectral_synthesis/GA.ipynb
hol1m4n/HIIGalaxies,Spectral_synthesis/GeneticTest.py,dd4023193365c5cc575e39c27694a8a8a16d39c5,https://github.com/hol1m4n/HIIGalaxies/blob/dc666fb2297ef52d2ee6450ff2ff2938dc5d3d1d/Spectral_synthesis/GeneticTest.py
hongbingbing0-afk/MatterVial,example_notebooks/ref_index_decoding_and_sr.ipynb,9d2759bb04a1ce09797ea30f6f1afdcc49e3e997,https://github.com/hongbingbing0-afk/MatterVial/blob/28666e4f33254e9e89a683cb4ca606b26fbeb0a5/example_notebooks/ref_index_decoding_and_sr.ipynb
HugoOnghai/SiGeSn_Atomic_Descriptors,.virtual_documents/MEAs_SISSO/SISSO.ipynb,561ad888ce3a897aa95615f9b8767c80214b4150,https://github.com/HugoOnghai/SiGeSn_Atomic_Descriptors/blob/e6b1871c421c520a29f35c9e0c7d185c61c5db65/.virtual_documents/MEAs_SISSO/SISSO.ipynb
HugoOnghai/SiGeSn_Atomic_Descriptors,MEAs_SISSO/SISSO.ipynb,d474aaee264d1a2fbc482532d7e583b3f6c22fbe,https://github.com/HugoOnghai/SiGeSn_Atomic_Descriptors/blob/e6b1871c421c520a29f35c9e0c7d185c61c5db65/MEAs_SISSO/SISSO.ipynb
huijiancai99/Cooks_Membrane,examples/pde/postprocess/basis_sr.py,d286b5e1284f6d3e2517e95139ace97e00025a02,https://github.com/huijiancai99/Cooks_Membrane/blob/970fc9abb3ee1d12631c39d6034d51b57cc59871/examples/pde/postprocess/basis_sr.py
Human-Agent-Society/CORAL,examples/frontier_cs_research/symbolic_regression__mixed_polyexp_4d/seed/statement.md,54c34ea620cbb63b1835ad1d292d15a93d26150c,https://github.com/Human-Agent-Society/CORAL/blob/4b0fcb27effd5444abff136f437bc1aa3cd7f3d1/examples/frontier_cs_research/symbolic_regression__mixed_polyexp_4d/seed/statement.md
Human-Agent-Society/CORAL,examples/frontier_cs_research/symbolic_regression__sincos/seed/statement.md,326ad77bb3c494711d419cd74ea348bcee8d3f71,https://github.com/Human-Agent-Society/CORAL/blob/4b0fcb27effd5444abff136f437bc1aa3cd7f3d1/examples/frontier_cs_research/symbolic_regression__sincos/seed/statement.md
hundong2/hundong2.github.io,_posts/ai/2025-08-04-ai-today.md,05b06567949521f8097661edbb58be6a5f891ed2,https://github.com/hundong2/hundong2.github.io/blob/2cba0243b5bd34e23ee252e64f934d626dc23355/_posts/ai/2025-08-04-ai-today.md
hzy24/PINN-PySR,阻尼谐振荡器pinn+PySR.ipynb,6c04d940f8bbc818ed28d289d24c315568f06e02,https://github.com/hzy24/PINN-PySR/blob/998e0d0c18a579ae462591b432936cdc3098a501/阻尼谐振荡器pinn+PySR.ipynb
Iammohithhh/RL_Phy_Survivor,extraction/symbolic_regressor.py,a8cc5b6cf8f1c01a5f637ac5468e22e197983c44,https://github.com/Iammohithhh/RL_Phy_Survivor/blob/435651a9829bd14bee354247b6ce4c6670215656/extraction/symbolic_regressor.py
Iammohithhh/RL_Phy_Survivor,training/checkpoint_evaluator.py,4be211f126fe2cbd075822a8a753409d37a36f1a,https://github.com/Iammohithhh/RL_Phy_Survivor/blob/435651a9829bd14bee354247b6ce4c6670215656/training/checkpoint_evaluator.py
idea-iitd/GraphTrail,src/gen_formulae.py,3a1517574a3b457e9a82bba063cfa7faf9720b12,https://github.com/idea-iitd/GraphTrail/blob/b288221d3e23267a93bc2eb9339c837fbf5845e5/src/gen_formulae.py
idetiege/Deep-Learning,Examples/PYSR.py,70734df38302896f19663745916d55ab2a69f797,https://github.com/idetiege/Deep-Learning/blob/58489251b3574dba8bcea2cd8ffa66088accf541/Examples/PYSR.py
igorrivin/symbolic_volatility_surface,modeling/adaptive_model_selector.py,4763a57a8bb0658b1695e53519d6462f59a83ffb,https://github.com/igorrivin/symbolic_volatility_surface/blob/1dfd59c59f83991ea1b6acb44301dee7801fb8e2/modeling/adaptive_model_selector.py
igorrivin/symbolic_volatility_surface,modeling/adaptive_model_selector.py.bak,f03f2938d56ebbe6632af4748e8f0fb5d2f80564,https://github.com/igorrivin/symbolic_volatility_surface/blob/1dfd59c59f83991ea1b6acb44301dee7801fb8e2/modeling/adaptive_model_selector.py.bak
igorrivin/symbolic_volatility_surface,modeling/symbolic_regression_dualtrack.py,b7e53a3076500b0de98075350caab936a2661860,https://github.com/igorrivin/symbolic_volatility_surface/blob/1dfd59c59f83991ea1b6acb44301dee7801fb8e2/modeling/symbolic_regression_dualtrack.py
iminfine/inductive-bias-probes,inductivebiasprobes/experiments/physics/fit_symbolic_regression.py,e1d5dbf45b81eb825d07095fc52bc2189f61fece,https://github.com/iminfine/inductive-bias-probes/blob/439ce55a2c04ee6e1fb855a59fed2f1a62014fa6/inductivebiasprobes/experiments/physics/fit_symbolic_regression.py
initgroup/data-editing-system,backend/services/ml_analysis_service.py,14fcb61c04a2032abac3e7451fb46b4f4f02f099,https://github.com/initgroup/data-editing-system/blob/54669a9b098989401e177b5961ca1988d64cd2b1/backend/services/ml_analysis_service.py
intell-sci-comput/PSE,50dim_experiment/run_manyinput_pysr.py,95bda207058519139c8ed34edd86b2c4bf588737,https://github.com/intell-sci-comput/PSE/blob/7105caba63e754150dd3b160443984456ec99cd7/50dim_experiment/run_manyinput_pysr.py
intell-sci-comput/PSE,baselines/algorithms/PySR/NMI_PySR_EMPS.py,55fc49b23d8585e4776b4a9363ae7543df7e9231,https://github.com/intell-sci-comput/PSE/blob/7105caba63e754150dd3b160443984456ec99cd7/baselines/algorithms/PySR/NMI_PySR_EMPS.py
intell-sci-comput/PSE,baselines/algorithms/PySR/NMI_PySR_chaotic.py,f385d7c5b4276a250878f0db2ad689243c23b1a3,https://github.com/intell-sci-comput/PSE/blob/7105caba63e754150dd3b160443984456ec99cd7/baselines/algorithms/PySR/NMI_PySR_chaotic.py
intell-sci-comput/PSE,baselines/algorithms/PySR/NMI_PySR_main_SR.py,835108d16a7943e6f3218b98fcc932fe58388ba7,https://github.com/intell-sci-comput/PSE/blob/7105caba63e754150dd3b160443984456ec99cd7/baselines/algorithms/PySR/NMI_PySR_main_SR.py
intell-sci-comput/PSE,baselines/algorithms/PySR/NMI_PySR_roughpipe.py,6d53ee2ac7d8376dd941feaa310be8ca238e44e0,https://github.com/intell-sci-comput/PSE/blob/7105caba63e754150dd3b160443984456ec99cd7/baselines/algorithms/PySR/NMI_PySR_roughpipe.py
invi-bhagyesh/stoch2sym,notebooks/03_symbolic_recovery.ipynb,f3f7d95a9c7207983b10a0c4be367b117f674fa4,https://github.com/invi-bhagyesh/stoch2sym/blob/2a6b1570654a499e2f28af87df84ad9c68799869/notebooks/03_symbolic_recovery.ipynb
invi-bhagyesh/stoch2sym,notebooks/output/03_symbolic_recovery.ipynb,f501596ab5e0ed5cfea08d026af881e55a979964,https://github.com/invi-bhagyesh/stoch2sym/blob/2a6b1570654a499e2f28af87df84ad9c68799869/notebooks/output/03_symbolic_recovery.ipynb
invi-bhagyesh/stoch2sym,src/symbolic/recovery.py,33f59d0a3865b235206de91e4f4d000a21cfddfb,https://github.com/invi-bhagyesh/stoch2sym/blob/2a6b1570654a499e2f28af87df84ad9c68799869/src/symbolic/recovery.py
isaigm/rediscovering-orbital-mechanics-with-ml,deduction.py,f1459d320648682d85fb842222c0d7f180306268,https://github.com/isaigm/rediscovering-orbital-mechanics-with-ml/blob/7edd9d86fe298310ca666ff5ba2b9051e969edab/deduction.py
ishakabassi/NOVA-Symbolic-Regression-V2,.agent/tasks/traffic_law_discovery_roadmap.md,7714b4ec8150e5573bf51a27697d4e80296d2d70,https://github.com/ishakabassi/NOVA-Symbolic-Regression-V2/blob/e18634988f39a2b44e2e92aad7621a53a15412b1/.agent/tasks/traffic_law_discovery_roadmap.md
ishakabassi/NOVA-Symbolic-Regression-V2,72_module1_richer_lane_change_discovery.py,0c0d2ff7dff04fad7d7234fa66120693eb0b914f,https://github.com/ishakabassi/NOVA-Symbolic-Regression-V2/blob/e18634988f39a2b44e2e92aad7621a53a15412b1/72_module1_richer_lane_change_discovery.py
ishakabassi/NOVA-Symbolic-Regression-V2,discover_car_following_pysr.py,dca620a67ac531bebe642152b5b5c0e98a14cb4c,https://github.com/ishakabassi/NOVA-Symbolic-Regression-V2/blob/e18634988f39a2b44e2e92aad7621a53a15412b1/discover_car_following_pysr.py
ishakabassi/NOVA-Symbolic-Regression-V2,lane_changing/discover_lane_choice_pysr.py,e5626346c8ba60ec1d6daab84c33750b2791913a,https://github.com/ishakabassi/NOVA-Symbolic-Regression-V2/blob/e18634988f39a2b44e2e92aad7621a53a15412b1/lane_changing/discover_lane_choice_pysr.py
ishakabassi/NOVA-Symbolic-Regression-V2,lane_changing/discover_synthetic_lane_change.py,cfdb7c1e8d4ffcbbb22ff97072c3d2d58d69589a,https://github.com/ishakabassi/NOVA-Symbolic-Regression-V2/blob/e18634988f39a2b44e2e92aad7621a53a15412b1/lane_changing/discover_synthetic_lane_change.py
ishakabassi/NOVA-Symbolic-Regression-V2,lane_changing/verify_lane_change_real.py,95899652058b05dd5703f44e445d27c4dd071e15,https://github.com/ishakabassi/NOVA-Symbolic-Regression-V2/blob/e18634988f39a2b44e2e92aad7621a53a15412b1/lane_changing/verify_lane_change_real.py
ishakabassi/NOVA-Symbolic-Regression-V2,week48_cf_full_train_insample_both_engines.py,f3ec10fa6ba9338d6d268b4be8052b314dbe0a7e,https://github.com/ishakabassi/NOVA-Symbolic-Regression-V2/blob/e18634988f39a2b44e2e92aad7621a53a15412b1/week48_cf_full_train_insample_both_engines.py
izumiwen/EML-HeadPlus,src/eml_head/models/baselines.py,b3af05c96a6821f47b713d93ebacec4e39f508d9,https://github.com/izumiwen/EML-HeadPlus/blob/77c97c4fe007965773d287dabc2e8bd09be7d480/src/eml_head/models/baselines.py
j-haralds/MSc_thesis,program/1_BasicEulerNN/1_JH_symbol.ipynb,29d663509be09c1bd89c2eab33d59fe0670dd45c,https://github.com/j-haralds/MSc_thesis/blob/4fec94da8d885d71179fe87b49a4833e57138d43/program/1_BasicEulerNN/1_JH_symbol.ipynb
j-haralds/MSc_thesis,program/1_BasicEulerNN/JH_symbol_decay.ipynb,267018651235e41549a5dc3cb6b3bbfad9f56037,https://github.com/j-haralds/MSc_thesis/blob/4fec94da8d885d71179fe87b49a4833e57138d43/program/1_BasicEulerNN/JH_symbol_decay.ipynb
j-haralds/MSc_thesis,program/5_Multi/sr/First_symbol/2_JH_symbol_multi.ipynb,5b6cdc7502d85369efb01ec9fb1a5d3782c3097e,https://github.com/j-haralds/MSc_thesis/blob/4fec94da8d885d71179fe87b49a4833e57138d43/program/5_Multi/sr/First_symbol/2_JH_symbol_multi.ipynb
j-haralds/MSc_thesis,program/5_Multi/sr/First_symbol/JH_symbol.py,a71091c61f3f163304fbdc93492b2fc77bfb1525,https://github.com/j-haralds/MSc_thesis/blob/4fec94da8d885d71179fe87b49a4833e57138d43/program/5_Multi/sr/First_symbol/JH_symbol.py
j-haralds/MSc_thesis,program/5_Multi/sr/Param_symbol.py,f9ad6dbbb985e9b7fe55c942425e458971f87261,https://github.com/j-haralds/MSc_thesis/blob/4fec94da8d885d71179fe87b49a4833e57138d43/program/5_Multi/sr/Param_symbol.py
j-haralds/MSc_thesis,program/_moving_box/sr_model/SR_lib.py,1a46ea7b2cacf6780e70b1cf60671de450034cc1,https://github.com/j-haralds/MSc_thesis/blob/4fec94da8d885d71179fe87b49a4833e57138d43/program/_moving_box/sr_model/SR_lib.py
Jacinto27/symbolic_regression_py,pysr_symbreg.py,fb897aa667d9cc842dc60f43703f4df0d775b973,https://github.com/Jacinto27/symbolic_regression_py/blob/e3db640e4092eba9fcdb0d1ecd0d615276eccb94/pysr_symbreg.py
JacobChild/DeepLearning,GNN_wNewtonianPhysics_HW9/Class_scratch.py,37253059b42be197dc16481b1f450a864ac6d68d,https://github.com/JacobChild/DeepLearning/blob/6230ff331a04c3f5627e206ad30d839aee887cdb/GNN_wNewtonianPhysics_HW9/Class_scratch.py
JacobToot/DeepLearningPH,functions/sym_reg.py,59a40c3ad489b06b6a1d715359987c9a1f3091ee,https://github.com/JacobToot/DeepLearningPH/blob/03b825650c81f48b9fa74afe5f6dc513091b1ff1/functions/sym_reg.py
jangel19/coal2core-ml-pipeline,PYSR_Equation_Builder.ipynb,9016f425371483dd8a635add79e2e718d85a1836,https://github.com/jangel19/coal2core-ml-pipeline/blob/2fb2fee170632f258f4231f7cb3370b0bfd2920f/PYSR_Equation_Builder.ipynb
Janosik8/UM-Projekt-fianl,First destilation - 5 input attributes/PySR.ipynb,7865d5fe7d033b82c844993cf5e1bd9a9ac4bbc2,https://github.com/Janosik8/UM-Projekt-fianl/blob/294a557b47762cf57ce0315b69a2539aa5e719ca/First destilation - 5 input attributes/PySR.ipynb
Janosik8/UM-Projekt-fianl,destylacja.py,59243b1adc6697caf3a9abf0ab2044c916cacde1,https://github.com/Janosik8/UM-Projekt-fianl/blob/294a557b47762cf57ce0315b69a2539aa5e719ca/destylacja.py
Janosik8/UM-Projekt-fianl,destylacja_airfoil.py,983f4ab22146c53b1d8d46a8db64ace4e8a51942,https://github.com/Janosik8/UM-Projekt-fianl/blob/294a557b47762cf57ce0315b69a2539aa5e719ca/destylacja_airfoil.py
Janosik8/UM-Projekt-fianl,destylacja_wahadlo_tlumione.py,fd721626eeac7af034f36157444f1712aba207e1,https://github.com/Janosik8/UM-Projekt-fianl/blob/294a557b47762cf57ce0315b69a2539aa5e719ca/destylacja_wahadlo_tlumione.py
Janosik8/UM-Projekt-fianl,eksperyment_ood.py,bc5c8c5ed83d378545486f423eff9c03991fae42,https://github.com/Janosik8/UM-Projekt-fianl/blob/294a557b47762cf57ce0315b69a2539aa5e719ca/eksperyment_ood.py
Janosik8/UM-Projekt-fianl,generalizacja_airfoil.py,165c510d4030c57216c64184364e87d5fe709dbc,https://github.com/Janosik8/UM-Projekt-fianl/blob/294a557b47762cf57ce0315b69a2539aa5e719ca/generalizacja_airfoil.py
jatinchowdhury18/ADC_VAModelling_2023,greybox/sympy/main.py,dc1eeee37919abc85d96cd267ac73eff16e30046,https://github.com/jatinchowdhury18/ADC_VAModelling_2023/blob/49922015cb87679fd98326b78301f1a9c9acd315/greybox/sympy/main.py
jcraig949jfi/Prometheus,theseus/docs/frontier_techniques_analysis.md,eb6003836786afcc9e4d92d2506bb8f0d38a98f0,https://github.com/jcraig949jfi/Prometheus/blob/3010c10e516103e38628e00816b021a76f3fb5c0/theseus/docs/frontier_techniques_analysis.md
jeffasante/glassbox,01_maths_demo.ipynb,d898edee0b5998cb6ff8bce844a0cd565a0ca03d,https://github.com/jeffasante/glassbox/blob/b57553de7ae3e1f637b9e5112dd927285c22513e/01_maths_demo.ipynb
jeffasante/glassbox,TROUBLESHOOTING.md,2727d3f71099c470d11adf6500e71966ad43bb8b,https://github.com/jeffasante/glassbox/blob/b57553de7ae3e1f637b9e5112dd927285c22513e/TROUBLESHOOTING.md
jeffasante/glassbox,glassbox/core.py,09fc8dd379554dfa944af6b341df385b0579e497,https://github.com/jeffasante/glassbox/blob/b57553de7ae3e1f637b9e5112dd927285c22513e/glassbox/core.py
JesperNoord/Msc_thesis_battery_surrogate,sr_model/SR_lib.py,53386a37b8cb61d7422bfa9d8ca6fae6944b52ee,https://github.com/JesperNoord/Msc_thesis_battery_surrogate/blob/2dcdf35327ceaf236d93d4ee63fbec7bbbffe214/sr_model/SR_lib.py
jfbbcom/Experience-Sharing-of-the-21st-Huawei-Cup-China-Graduate-Students-Mathematical-Modeling-Competiti,code/代码/问题四代码.ipynb,53a42360d021df230c62a2f55dce5df2383347ef,https://github.com/jfbbcom/Experience-Sharing-of-the-21st-Huawei-Cup-China-Graduate-Students-Mathematical-Modeling-Competiti/blob/95c75c40d1bc19476e6cce32029aba162ab461c7/code/代码/问题四代码.ipynb
JiachenWang512/Cortical_Folding,notebooks/comparison.ipynb,c2b10bcbbed6f77e692b6aab1596f22ab4045a78,https://github.com/JiachenWang512/Cortical_Folding/blob/0befd15b6295f9f15bfeda9edf0978e13292354c/notebooks/comparison.ipynb
jiangnanhugo/APPS-ODE,baselines/odeformer/source_code/odeformer/baselines/pysr_wrapper.py,d6f224d5c6377382593085bbc0a71c349f414d09,https://github.com/jiangnanhugo/APPS-ODE/blob/f2202af3c2fe17a943632e057639681a3d0a0fb1/baselines/odeformer/source_code/odeformer/baselines/pysr_wrapper.py
JiaqiDijon/SPsyINN,trainer/GSR_train.py,e1447243297a9c2ac32231eb2e3be8467d7af08c,https://github.com/JiaqiDijon/SPsyINN/blob/23778bf83bc4773b4d0923a05864a627b1017fdb/trainer/GSR_train.py
jibanCat/lya1d_priya_forecast,docs/PAPER_NOTES.md,68a459d7c7a665cd48ef512bd1b32b207441e769,https://github.com/jibanCat/lya1d_priya_forecast/blob/9094847daabb0a14ecc95f4d34e88660ace335e9/docs/PAPER_NOTES.md
jibanCat/lya1d_priya_forecast,docs/dev/REPRODUCE.md,d074f25fe927d7471ac7c03c3858e00b73ab3e77,https://github.com/jibanCat/lya1d_priya_forecast/blob/9094847daabb0a14ecc95f4d34e88660ace335e9/docs/dev/REPRODUCE.md
jibanCat/lya1d_priya_forecast,docs/dev/superpowers/plans/2026-06-04-stage9-sobolev-loss.md,93408402e2e339f178377f951de6cae79bd47a02,https://github.com/jibanCat/lya1d_priya_forecast/blob/9094847daabb0a14ecc95f4d34e88660ace335e9/docs/dev/superpowers/plans/2026-06-04-stage9-sobolev-loss.md
jibanCat/lya1d_priya_forecast,scripts/refit_one_pair.py,334fe3ebdabb0ae8a81677bb8813405c73757880,https://github.com/jibanCat/lya1d_priya_forecast/blob/9094847daabb0a14ecc95f4d34e88660ace335e9/scripts/refit_one_pair.py
jibanCat/lya1d_priya_forecast,scripts/refit_one_param.py,68a4aa272e620a7d586948b626966aa06da9b06c,https://github.com/jibanCat/lya1d_priya_forecast/blob/9094847daabb0a14ecc95f4d34e88660ace335e9/scripts/refit_one_param.py
jibanCat/lya1d_priya_forecast,scripts/smoke/refit_ap_log_target_smoke.py,cba2df57b695bae29a7b91f352143ec7b2fb8cd8,https://github.com/jibanCat/lya1d_priya_forecast/blob/9094847daabb0a14ecc95f4d34e88660ace335e9/scripts/smoke/refit_ap_log_target_smoke.py
jibanCat/lya1d_priya_forecast,src/priya_forecast/custom_operators.py,38e5d2d80c7ec223ab2c79dede1030dbd10b2a99,https://github.com/jibanCat/lya1d_priya_forecast/blob/9094847daabb0a14ecc95f4d34e88660ace335e9/src/priya_forecast/custom_operators.py
jibanCat/lya1d_priya_forecast,src/priya_forecast/dim_balanced_loss.py,0a3dba2ded6e9798afd46757d7a5a80858112032,https://github.com/jibanCat/lya1d_priya_forecast/blob/9094847daabb0a14ecc95f4d34e88660ace335e9/src/priya_forecast/dim_balanced_loss.py
jibanCat/lya1d_priya_forecast,src/priya_forecast/pysr_hpo.py,9f9217e0f2034203c892225e129e81ad523debdc,https://github.com/jibanCat/lya1d_priya_forecast/blob/9094847daabb0a14ecc95f4d34e88660ace335e9/src/priya_forecast/pysr_hpo.py
jibanCat/lya1d_priya_forecast,src/priya_forecast/refit_1d_pysr.py,871902d75ed54a82ae12b662bd7dc47b6dee78fb,https://github.com/jibanCat/lya1d_priya_forecast/blob/9094847daabb0a14ecc95f4d34e88660ace335e9/src/priya_forecast/refit_1d_pysr.py
jibanCat/lya1d_priya_forecast,src/priya_forecast/refit_multi_d.py,d92c2e0d6cb099da109504abf52e35231729cb16,https://github.com/jibanCat/lya1d_priya_forecast/blob/9094847daabb0a14ecc95f4d34e88660ace335e9/src/priya_forecast/refit_multi_d.py
jibanCat/lya1d_priya_forecast,src/priya_forecast/refit_residual.py,a8e49ea1b4e5a10d714b746cd59cb691277d2482,https://github.com/jibanCat/lya1d_priya_forecast/blob/9094847daabb0a14ecc95f4d34e88660ace335e9/src/priya_forecast/refit_residual.py
jibanCat/lya1d_priya_forecast,tests/test_pysr_dim_balanced_smoke.py,d1f49d1766a68fa8babb24b19836b024043baade,https://github.com/jibanCat/lya1d_priya_forecast/blob/9094847daabb0a14ecc95f4d34e88660ace335e9/tests/test_pysr_dim_balanced_smoke.py
jibanCat/lya1d_priya_forecast,tests/test_stage10_refit_wiring.py,950aac40ef2dbcce8feafa80d529ee7f87f80aa3,https://github.com/jibanCat/lya1d_priya_forecast/blob/9094847daabb0a14ecc95f4d34e88660ace335e9/tests/test_stage10_refit_wiring.py
jibanCat/lya1d_priya_forecast,tests/test_stage9_refit_wiring.py,e70e42c32ca2ad63492dda02c41da1f17d4e93a2,https://github.com/jibanCat/lya1d_priya_forecast/blob/9094847daabb0a14ecc95f4d34e88660ace335e9/tests/test_stage9_refit_wiring.py
jibanCat/MF-SR,MF-SR_emukit_example.ipynb,4b9fc8d5b57bd8ee5285b92d9181053a8571ffb4,https://github.com/jibanCat/MF-SR/blob/a6c2d2c60e9aefa855e6b2726c9a62a0333172d8/MF-SR_emukit_example.ipynb
jibanCat/MF-SR,MF-SR_emukit_example_b.ipynb,cc8a13a1bc54ce82fea644c5a7290c48cfcbe29d,https://github.com/jibanCat/MF-SR/blob/a6c2d2c60e9aefa855e6b2726c9a62a0333172d8/MF-SR_emukit_example_b.ipynb
jibanCat/MF-SR,README.md,cffd7f517c6b11446e4bca6ca97358fe9656a073,https://github.com/jibanCat/MF-SR/blob/a6c2d2c60e9aefa855e6b2726c9a62a0333172d8/README.md
jibanCat/MF-SR,mf_sr/mf_sr.py,553f1429cf188fd7999387defa80d67abbfb487d,https://github.com/jibanCat/MF-SR/blob/a6c2d2c60e9aefa855e6b2726c9a62a0333172d8/mf_sr/mf_sr.py
jibanCat/multi_fidelity_gpflow,mfgpflow/distillation.py,b54c152b2a82885065becfe9731ccc523b4234c0,https://github.com/jibanCat/multi_fidelity_gpflow/blob/a393e2e8524aa10a73adba550b55944b2bcdcf48/mfgpflow/distillation.py
Jie0618/PhysicsRegression,PhysicsRegression.py,eac9cf4041d9c4e610d5e49411b4f5b309b9dbcc,https://github.com/Jie0618/PhysicsRegression/blob/b2586ec02b65f0fe48dfe696b100e545f99a47c7/PhysicsRegression.py
jil095/tinyRNN,analyzing_experiments/analyzing_dynamics.py,fa729c6154cdbcaa90de5b9cb944ca75b51b75f6,https://github.com/jil095/tinyRNN/blob/a8fc159a2b2d451be6756ae244b29b7d991aac1f/analyzing_experiments/analyzing_dynamics.py
jipindan/FactorLab,factors/genetic.py,cc206c2da76345d603ec0392ed904bc3dfb71b04,https://github.com/jipindan/FactorLab/blob/6b91c07e77491c43c94f35506dd179ee945f493a/factors/genetic.py
jkitchin/s26-06642,dsmles/optional/symbolic-regression.ipynb,d450354d8472ea3deeaba786dd934be4cd1db6a5,https://github.com/jkitchin/s26-06642/blob/3352ef2fb897bc250fcd7b20969217daa8dde42c/dsmles/optional/symbolic-regression.ipynb
jliu2006/stablecoin,aj_code/ornstein_uhlenbeck.py,a7ff80a5fdd05f2d1a2353329100d92e478000aa,https://github.com/jliu2006/stablecoin/blob/52345b0d2c092f271dfa8ec037767b9b373a785a/aj_code/ornstein_uhlenbeck.py
jliu2006/stablecoin,aj_code/sde_depreciated.py,72e7b1825a179af227db106112db78ad40a427e1,https://github.com/jliu2006/stablecoin/blob/52345b0d2c092f271dfa8ec037767b9b373a785a/aj_code/sde_depreciated.py
jmmcd/Magpie,experiments/2026-05-11/experiments.ipynb,f1ca1c0822c693d86f0fbafa77d0974700415f5d,https://github.com/jmmcd/Magpie/blob/4e1956f332d74dd9597c8a0c55cf83c9f0979c92/experiments/2026-05-11/experiments.ipynb
jmmcd/Magpie,experiments/2026-05-11/experiments.py,6e32cc3b651f5a44785be6475b1502f3dd921ce8,https://github.com/jmmcd/Magpie/blob/4e1956f332d74dd9597c8a0c55cf83c9f0979c92/experiments/2026-05-11/experiments.py
jmmcd/Magpie,experiments/2026-05-12/experiments.py,95bb5a69ab3b380279f0391189b2dbb61b9c5abf,https://github.com/jmmcd/Magpie/blob/4e1956f332d74dd9597c8a0c55cf83c9f0979c92/experiments/2026-05-12/experiments.py
JoeSpencer1/CS6350_project,src/pde_discovery.py,0bc082e82ace566bd1a0dc2401b0a21beab3dd10,https://github.com/JoeSpencer1/CS6350_project/blob/a57166c2d1d3e28587dd67f429a5ffd5ab76c4a6/src/pde_discovery.py
johnkimhyuntae/symbolic-discovery,symbolic_discovery/solvers/pysr.py,2c1b0b3810889654d3c7e6c02961ffc7bdc8e24c,https://github.com/johnkimhyuntae/symbolic-discovery/blob/c6f709922cdfe589c8b1c0ab05b20a622dc349e6/symbolic_discovery/solvers/pysr.py
JonahMiller/BACON,ml_methods/symbolic_regression.py,5f5671e1de00c6c6ea3974fe45c351297c82d5f3,https://github.com/JonahMiller/BACON/blob/4dbdc957b6409fce57b3dae621cac3c9fb69ccd0/ml_methods/symbolic_regression.py
JonahMiller/BACON,space_of_laws/laws_methods/low_level_pysr.py,e93679601119a25eb594d0681d121cfd5b616d01,https://github.com/JonahMiller/BACON/blob/4dbdc957b6409fce57b3dae621cac3c9fb69ccd0/space_of_laws/laws_methods/low_level_pysr.py
jperez-physics/PyMISR,notebooks/bindingEnergy.ipynb,67cab01760068165d6c90f2b571962f25b0238fc,https://github.com/jperez-physics/PyMISR/blob/cd2940f32c7296f471799cad1d426a31ea90d829/notebooks/bindingEnergy.ipynb
jperez-physics/PyMISR,src/model.py,4e774f59602c3dccdb3e9dca4ee98468a5aeb58d,https://github.com/jperez-physics/PyMISR/blob/cd2940f32c7296f471799cad1d426a31ea90d829/src/model.py
JR-1991/Catalax,docs/neural/universal-ode.mdx,f6f395b7a15034dd923db26b97f449d5e5016600,https://github.com/JR-1991/Catalax/blob/234d0fd1470abc4fbe23aa5577fb1593b6045196/docs/neural/universal-ode.mdx
jss265/595R---Deep-Learning-for-Engineers,In Class/3-17-26 KAVmaybe/KAVmaybe.py,fe1b68507423a721f491468456236430cea4ce03,https://github.com/jss265/595R---Deep-Learning-for-Engineers/blob/cc375ba064be791125cbbef054b0929c77e1d7d8/In%20Class/3-17-26%20KAVmaybe/KAVmaybe.py
jtkillian/PYTHON,apps/walter/exec/docs/v3/tools/symreg/pysr_marxman.py,c10e3258bf30b8f58aa9c4742b22a9ea5cd31047,https://github.com/jtkillian/PYTHON/blob/89180d5eb31baaec7feaf4040301f5112e3448a0/apps/walter/exec/docs/v3/tools/symreg/pysr_marxman.py
juliareuter/flowinGN,GP_flowing.py,538fda3c6db3306f042fac40282ce3ceac7dedf4,https://github.com/juliareuter/flowinGN/blob/58954ad1a5e401a8f3c44167a635b17b5f0e61d9/GP_flowing.py
junwoopark92/revisiting-LLMs-zeroshot-forecaster,experiments/run_simplicity_bias.py,015e02923ee8562f2ce22ab6b4447db02dc0fbe7,https://github.com/junwoopark92/revisiting-LLMs-zeroshot-forecaster/blob/b16107627c592e6002c8c8c3c82c9a0f148fc21c/experiments/run_simplicity_bias.py
Jurajski/pgverse,charts/data_analyzer/symbolic_regressor.py,e9dea82668a390a4c581e8174b19eacbffa43019,https://github.com/Jurajski/pgverse/blob/5cd06280bba3fe714252844efde17809096c7859/charts/data_analyzer/symbolic_regressor.py
jxi24/QuantumIntegralReduction,pole_removal.py,b06bce7dd7dcea303d62d4adefacd1b2b76f4665,https://github.com/jxi24/QuantumIntegralReduction/blob/96c9de67c13b9461d36d2fa04a13b69ef97577f8/pole_removal.py
jxi24/QuantumIntegralReduction,symbolic_regression.py,88bf98f87662f62864345c148da5a12419a2fdfe,https://github.com/jxi24/QuantumIntegralReduction/blob/96c9de67c13b9461d36d2fa04a13b69ef97577f8/symbolic_regression.py
jxi24/QuantumIntegralReduction,test.py,9f5a77eecd968f7f4d09527bd55aac23c7d0ad2c,https://github.com/jxi24/QuantumIntegralReduction/blob/96c9de67c13b9461d36d2fa04a13b69ef97577f8/test.py
jxi24/QuantumIntegralReduction,test2.py,42397a9919c1eeb41cdc946358c0fae60e1b1c3a,https://github.com/jxi24/QuantumIntegralReduction/blob/96c9de67c13b9461d36d2fa04a13b69ef97577f8/test2.py
jyothis-fp/LibraryAugmentedSymbolicRegression.jl-old,experiments/model.py,020dc72ffbd455998db56aae6217af2eecb5aa00,https://github.com/jyothis-fp/LibraryAugmentedSymbolicRegression.jl-old/blob/cb02ad2057995939bbfccd2c5bde32290c138922/experiments/model.py
jyothis-fp/LibraryAugmentedSymbolicRegression.jl-old,pysr/__init__.py,e71e19905d8a12e926a9478e0185457fad2e3366,https://github.com/jyothis-fp/LibraryAugmentedSymbolicRegression.jl-old/blob/cb02ad2057995939bbfccd2c5bde32290c138922/pysr/__init__.py
jyothis-fp/LibraryAugmentedSymbolicRegression.jl-old,pysr/deprecated.py,8905f28238b773349952545d81cf1b50a7623e1f,https://github.com/jyothis-fp/LibraryAugmentedSymbolicRegression.jl-old/blob/cb02ad2057995939bbfccd2c5bde32290c138922/pysr/deprecated.py
jyothis-fp/LibraryAugmentedSymbolicRegression.jl-old,pysr/sr.py,ad7b49c880c977f683a6aaa1c7352667087b46d3,https://github.com/jyothis-fp/LibraryAugmentedSymbolicRegression.jl-old/blob/cb02ad2057995939bbfccd2c5bde32290c138922/pysr/sr.py
jyothis-fp/LibraryAugmentedSymbolicRegression.jl-old,pysr/test/params.py,54da4ac7df74c7175551da865fa79eff9d52dc30,https://github.com/jyothis-fp/LibraryAugmentedSymbolicRegression.jl-old/blob/cb02ad2057995939bbfccd2c5bde32290c138922/pysr/test/params.py
jyothis-fp/LibraryAugmentedSymbolicRegression.jl-old,pysr/test/test.py,a73d3a3a657969c29f5e6413536668ea14d565f1,https://github.com/jyothis-fp/LibraryAugmentedSymbolicRegression.jl-old/blob/cb02ad2057995939bbfccd2c5bde32290c138922/pysr/test/test.py
jyothis-fp/LibraryAugmentedSymbolicRegression.jl-old,pysr/test/test_jax.py,2f2150dc7c4207fb674f82ad1417f9f91bd98d04,https://github.com/jyothis-fp/LibraryAugmentedSymbolicRegression.jl-old/blob/cb02ad2057995939bbfccd2c5bde32290c138922/pysr/test/test_jax.py
jyothis-fp/LibraryAugmentedSymbolicRegression.jl-old,pysr/test/test_nb.ipynb,1cd394ffffeec06b0da93bb909058b3a7a7d9d75,https://github.com/jyothis-fp/LibraryAugmentedSymbolicRegression.jl-old/blob/cb02ad2057995939bbfccd2c5bde32290c138922/pysr/test/test_nb.ipynb
jyothis-fp/LibraryAugmentedSymbolicRegression.jl-old,pysr/test/test_startup.py,8bc78a6c1796d1b5bf37145f31646e0be80213a9,https://github.com/jyothis-fp/LibraryAugmentedSymbolicRegression.jl-old/blob/cb02ad2057995939bbfccd2c5bde32290c138922/pysr/test/test_startup.py
jyothis-fp/LibraryAugmentedSymbolicRegression.jl-old,pysr/test/test_torch.py,e774b1ffeabd55ea0e0f6d6f359c06a0f5e9f31e,https://github.com/jyothis-fp/LibraryAugmentedSymbolicRegression.jl-old/blob/cb02ad2057995939bbfccd2c5bde32290c138922/pysr/test/test_torch.py
k4ntz/COMET,utils.py,2368599ae68d1eac1ce130257edd9ebf7c1f1cb2,https://github.com/k4ntz/COMET/blob/8a590717289945390d8ca1e6cccf9b02381dc155/utils.py
kangaroo-0000/mlcad-artifacts,02_run_pysr_fc2.py,a303fb205f61504f903434b7afdd6917473edbad,https://github.com/kangaroo-0000/mlcad-artifacts/blob/073d5dacf8aa5833e759ead882b4502f21bd28d9/02_run_pysr_fc2.py
kangaroo-0000/mlcad-artifacts,02_run_pysr_fc3_default_ops.py,ec351d7c4e8dc921a16b549b7ea6c1e272bef26f,https://github.com/kangaroo-0000/mlcad-artifacts/blob/073d5dacf8aa5833e759ead882b4502f21bd28d9/02_run_pysr_fc3_default_ops.py
kangaroo-0000/mlcad-artifacts,02_run_pysr_fc3_no_unary.py,b3e91bb6fe43a47fb5b874f622ded43462c16301,https://github.com/kangaroo-0000/mlcad-artifacts/blob/073d5dacf8aa5833e759ead882b4502f21bd28d9/02_run_pysr_fc3_no_unary.py
KarimBraidi/Data-Driven-Modeling-Benchmarking-EOM,final iteration/mass imbalance data/pipeline/_gen_symbolic.py,1045a6db71c80b4b670e0b16348dc98e8ee3768b,https://github.com/KarimBraidi/Data-Driven-Modeling-Benchmarking-EOM/blob/dc0b23b26e31d077020fe06664d013f4a6808050/final iteration/mass imbalance data/pipeline/_gen_symbolic.py
KarimBraidi/Data-Driven-Modeling-Benchmarking-EOM,initial iterations/mass imbalance data/pipeline/_gen_symbolic.py,1045a6db71c80b4b670e0b16348dc98e8ee3768b,https://github.com/KarimBraidi/Data-Driven-Modeling-Benchmarking-EOM/blob/dc0b23b26e31d077020fe06664d013f4a6808050/initial iterations/mass imbalance data/pipeline/_gen_symbolic.py
KaryAlc/HLS4ML,part8_symbolic_regression.ipynb,2bede5bf78e546aa5a0e493073500567eb3b3406,https://github.com/KaryAlc/HLS4ML/blob/927cfb86050575eabf58d2ae40b0ca37c2886d98/part8_symbolic_regression.ipynb
Kausta/l45_mpeq,mpeq/msr/message_to_pysr.py,75237164f2887bbc6ee0495b922af2a8345b1214,https://github.com/Kausta/l45_mpeq/blob/7a42e5bd46495d2e2de55d559d142df5abf38f3c/mpeq/msr/message_to_pysr.py
Kausta/l45_mpeq,mpeq/msr/message_to_pysr_bellman_ford.py,f8b506817dde9a073c793bfcd74dceccc7273d10,https://github.com/Kausta/l45_mpeq/blob/7a42e5bd46495d2e2de55d559d142df5abf38f3c/mpeq/msr/message_to_pysr_bellman_ford.py
Kausta/l45_mpeq,mpeq/msr/message_to_pysr_bfs.py,56ce178566f3f94ca5d74125f7bb84edb7c92e9d,https://github.com/Kausta/l45_mpeq/blob/7a42e5bd46495d2e2de55d559d142df5abf38f3c/mpeq/msr/message_to_pysr_bfs.py
Kausta/l45_mpeq,mpeq/msr/message_to_pysr_binary_search.py,c1f0f3dccf0af8461e42707d49dcdf9f30252a7b,https://github.com/Kausta/l45_mpeq/blob/7a42e5bd46495d2e2de55d559d142df5abf38f3c/mpeq/msr/message_to_pysr_binary_search.py
Kausta/l45_mpeq,mpeq/msr/message_to_pysr_bubble_sort.py,2a641db8da5343babc0b8c56e133a78fe9f1da34,https://github.com/Kausta/l45_mpeq/blob/7a42e5bd46495d2e2de55d559d142df5abf38f3c/mpeq/msr/message_to_pysr_bubble_sort.py
Kausta/l45_mpeq,mpeq/msr/message_to_pysr_insertion_sort.py,44fa9260b4a1ef1125a8f866bffb07a20efdf6b9,https://github.com/Kausta/l45_mpeq/blob/7a42e5bd46495d2e2de55d559d142df5abf38f3c/mpeq/msr/message_to_pysr_insertion_sort.py
Kausta/l45_mpeq,mpeq/sdl_messages_to_equations.ipynb,99bc8a420cf46afccbb32016fde8a3c337e89ba7,https://github.com/Kausta/l45_mpeq/blob/7a42e5bd46495d2e2de55d559d142df5abf38f3c/mpeq/sdl_messages_to_equations.ipynb
kayvondaie/BCI,symbolic_regression_hebbian_index.py,8c90dee410405916a0b145a93cda783e856d5aa1,https://github.com/kayvondaie/BCI/blob/815700b4c8a68407fdd38a9fe8add3c3fb63a5e6/symbolic_regression_hebbian_index.py
kazewong/SymbolicGWPopulation_paper,src/scripts/figure1_subparts.py,dcf3738426649ce2b5489355bb060203defac451,https://github.com/kazewong/SymbolicGWPopulation_paper/blob/98770388f4ab6f0a89d6b2b95dab416f5d6fa17b/src/scripts/figure1_subparts.py
kbpi314/iclust_paper,code/lodi_v3_sims.ipynb,048234960d331ac92fcb05a22b62fb54bea6cd02,https://github.com/kbpi314/iclust_paper/blob/c5b909c3c8ec034355cd6337389ac9d7b0f79a09/code/lodi_v3_sims.ipynb
kcybinski/TetrisCNN_for_spin_systems,analysis_pipeline_1D.py,89f0c5bd2d51a253544929731ffa4c9d48fd1503,https://github.com/kcybinski/TetrisCNN_for_spin_systems/blob/11e863cca9c7aba33ad9ad96d1c06271bc2a2455/analysis_pipeline_1D.py
kdlamb/IceNODE,evaluate.py,56c957bf209ba933ce6027b04864d04cecb89efd,https://github.com/kdlamb/IceNODE/blob/63078e02bdd54061040e0ea3a050d4fbed84832e/evaluate.py
Kenny-Jia/Freeze_sw_L1AD,hls4ml/utils/symbolic_utils.py,9bafedc053e68829e70bcf74fd3c26bd6298b5f9,https://github.com/Kenny-Jia/Freeze_sw_L1AD/blob/88dc3383cd172281b81ef67914c617da2cbf26cf/hls4ml/utils/symbolic_utils.py
KenWuqianghao/Transformer-SR-Benchmarks,pysr_feynman.ipynb,a1a6465d0f5741f3d794ea8e3330198a8d5c3986,https://github.com/KenWuqianghao/Transformer-SR-Benchmarks/blob/7a5889315ffdce82d84d20b662d3de845781a465/pysr_feynman.ipynb
ketema/Euler_Problems,problem957/AI_PANEL_OPTIMIZED_PROMPTS.md,eb607d5869ac6969caac3a893fb9923f91564554,https://github.com/ketema/Euler_Problems/blob/003cc47178ea34ff377754aec2e960b2fa58ec62/problem957/AI_PANEL_OPTIMIZED_PROMPTS.md
ketema/Euler_Problems,problem957/archive/research_docs/CAPABILITY_MATRIX.md,f25a94387006ec6da438afbaccd60c944a6ba950,https://github.com/ketema/Euler_Problems/blob/003cc47178ea34ff377754aec2e960b2fa58ec62/problem957/archive/research_docs/CAPABILITY_MATRIX.md
ketema/Euler_Problems,problem957/prompt2_formula_fitting.py,926ca1c6955ae672270190b55c9c6ad7f9bd1b68,https://github.com/ketema/Euler_Problems/blob/003cc47178ea34ff377754aec2e960b2fa58ec62/problem957/prompt2_formula_fitting.py
Kevin2004-ux/trading_ai,retrain/distill_model.py,a1782b939a5b2e80eedf7a4568f03a06c838257f,https://github.com/Kevin2004-ux/trading_ai/blob/022a71603429f3b88cc22d90137e6f047b36ab9e/retrain/distill_model.py
Kevin2004-ux/trading_ai,retrain/distill_symbolic.py,7ebbb1e7da53c85259fce8205bc38f817a3ef924,https://github.com/Kevin2004-ux/trading_ai/blob/022a71603429f3b88cc22d90137e6f047b36ab9e/retrain/distill_symbolic.py
KevinHaka/Symbolic-Regression-Genetic-Programming,README.md,14edcf276939633c3a1be4934235162d817a9f3d,https://github.com/KevinHaka/Symbolic-Regression-Genetic-Programming/blob/ea5d603a0848986e6d63b40dd40ebe2fa360e1d0/README.md
KevinHaka/Symbolic-Regression-Genetic-Programming,src/symbolic_regression/feature_selections/gppi.py,17bab16c9efbf00bd4948dda43dec1d54e8643e9,https://github.com/KevinHaka/Symbolic-Regression-Genetic-Programming/blob/ea5d603a0848986e6d63b40dd40ebe2fa360e1d0/src/symbolic_regression/feature_selections/gppi.py
KevinHaka/Symbolic-Regression-Genetic-Programming,src/symbolic_regression/feature_selections/gpshap.py,c02c5c7c1e2b7394ef7748b84fdd8aaccb190014,https://github.com/KevinHaka/Symbolic-Regression-Genetic-Programming/blob/ea5d603a0848986e6d63b40dd40ebe2fa360e1d0/src/symbolic_regression/feature_selections/gpshap.py
KevinHaka/Symbolic-Regression-Genetic-Programming,src/symbolic_regression/methods/base.py,013ff1e3b6b06ea405c0f76ddb89cd11af7f9770,https://github.com/KevinHaka/Symbolic-Regression-Genetic-Programming/blob/ea5d603a0848986e6d63b40dd40ebe2fa360e1d0/src/symbolic_regression/methods/base.py
KevinHaka/Symbolic-Regression-Genetic-Programming,src/symbolic_regression/methods/gp.py,e2758a597e88d23cf503d9315197ac5ecef35d1f,https://github.com/KevinHaka/Symbolic-Regression-Genetic-Programming/blob/ea5d603a0848986e6d63b40dd40ebe2fa360e1d0/src/symbolic_regression/methods/gp.py
KevinHaka/Symbolic-Regression-Genetic-Programming,src/symbolic_regression/methods/gppi.py,99a87c1b80dbb5b9e9905a6b37a4218b3e7e846b,https://github.com/KevinHaka/Symbolic-Regression-Genetic-Programming/blob/ea5d603a0848986e6d63b40dd40ebe2fa360e1d0/src/symbolic_regression/methods/gppi.py
KevinHaka/Symbolic-Regression-Genetic-Programming,src/symbolic_regression/methods/gpshap.py,74490e132ee7f31a66d46c8e85f63189ec9fca1b,https://github.com/KevinHaka/Symbolic-Regression-Genetic-Programming/blob/ea5d603a0848986e6d63b40dd40ebe2fa360e1d0/src/symbolic_regression/methods/gpshap.py
KevinHaka/Symbolic-Regression-Genetic-Programming,src/symbolic_regression/utils/model_utils.py,f75cb2ed6e80aab326c61d4d167fc1542460e4f9,https://github.com/KevinHaka/Symbolic-Regression-Genetic-Programming/blob/ea5d603a0848986e6d63b40dd40ebe2fa360e1d0/src/symbolic_regression/utils/model_utils.py
khwahish1509/neuro-symbolic-disease,1_proof_of_concept/stage2_symbolic_regression.py,c28e0c50b44998d7b12b39805630a51bb48836d9,https://github.com/khwahish1509/neuro-symbolic-disease/blob/c47bbe02a34898e5e2494271d10128756c476a28/1_proof_of_concept/stage2_symbolic_regression.py
khwahish1509/neuro-symbolic-disease,2_mechanistic_gpt/experiments/complete_pipeline.py,28587256f032ef3827cc45232ce5b3a05251d669,https://github.com/khwahish1509/neuro-symbolic-disease/blob/c47bbe02a34898e5e2494271d10128756c476a28/2_mechanistic_gpt/experiments/complete_pipeline.py
khwahish1509/neuro-symbolic-disease,2_mechanistic_gpt/experiments/extract_all_equations.py,c66cb8d0d4239642badcd59bace603e533428fe3,https://github.com/khwahish1509/neuro-symbolic-disease/blob/c47bbe02a34898e5e2494271d10128756c476a28/2_mechanistic_gpt/experiments/extract_all_equations.py
khwahish1509/neuro-symbolic-disease,2_mechanistic_gpt/experiments/extract_equations.py,451b550866ae218d34e8da49b5ff49aa2bf29a21,https://github.com/khwahish1509/neuro-symbolic-disease/blob/c47bbe02a34898e5e2494271d10128756c476a28/2_mechanistic_gpt/experiments/extract_equations.py
khwahish1509/RL_SR,setup.sh,03859cfa034d1c8291c2e67a293d2bfe3110095c,https://github.com/khwahish1509/RL_SR/blob/b9975c86a6723eef583e649cddcb5e1328510dc5/setup.sh
khwahish1509/RL_SR,src/sr/symbolic_regressor.py,226f3cca99d80c56ba5becb6d57e6308a18859ad,https://github.com/khwahish1509/RL_SR/blob/b9975c86a6723eef583e649cddcb5e1328510dc5/src/sr/symbolic_regressor.py
kipmadden/1-PRISM-BASE,plugin/prism-base/scripts/run_pysr.py,15134f4e8dad26e8955f39a325903cbb227b27d2,https://github.com/kipmadden/1-PRISM-BASE/blob/554313d6e8c45c601c9590ac56901f4e0229cf29/plugin/prism-base/scripts/run_pysr.py
kKedaRr3/Metody-i-Algorytmy-Optymalizacji,lab05/5.0/pysr_5.0.ipynb,234ed252caba6ad31b3a611f16fb02c554d407a7,https://github.com/kKedaRr3/Metody-i-Algorytmy-Optymalizacji/blob/2522d6604b6fc3288b0e40bd72de21d5ee163247/lab05/5.0/pysr_5.0.ipynb
KlimaJaroslaw/MetodyOptymalizacji,zad5/zad5.ipynb,f7aeab8a91b14169f1983f953d88a41ba3d7ca96,https://github.com/KlimaJaroslaw/MetodyOptymalizacji/blob/05e09356073ed4ebda47acce27eee3e4eb445289/zad5/zad5.ipynb
kmegahed/Stub-CFST-Machine-learning,symbolic_regression.ipynb,6eaca592e21c673097b9afef1ef4c1c433b3a47f,https://github.com/kmegahed/Stub-CFST-Machine-learning/blob/d8cd90374097513f66c99cd46f798bc4ded6b128/symbolic_regression.ipynb
kmsurrao/NILC-Inference-Pipeline,shared/sym_reg.py,e789825bab196254468fc1f49ebc27fc0d34906c,https://github.com/kmsurrao/NILC-Inference-Pipeline/blob/37ce0c2b74884b459aa58f720f3dd2e89c48f2cd/shared/sym_reg.py
komimensah/Symbolic-Regression-for-Trait-Environment-Functions,codes/Spatial_analysis.R,e33041146289b39a923bcc6ab28ee7ff8003c8da,https://github.com/komimensah/Symbolic-Regression-for-Trait-Environment-Functions/blob/9bba215f1c25a383bcf1dc74817c4fca9988e7e1/codes/Spatial_analysis.R
komimensah/Symbolic-Regression-for-Trait-Environment-Functions,codes/main.R,e0a99447fbce7276a5f2280a7f69e790b3130a44,https://github.com/komimensah/Symbolic-Regression-for-Trait-Environment-Functions/blob/9bba215f1c25a383bcf1dc74817c4fca9988e7e1/codes/main.R
kosb123/Punching-shear,코드/경험식.ipynb,a9228118e7c1de1048e7e32fb8a91c78ad6b42ac,https://github.com/kosb123/Punching-shear/blob/4a36b6fb90e9cb0b73d763dc8935239bbe110f02/코드/경험식.ipynb
kpapmath/crypto_microprice,NEURAL_SR.md,54eafe7c8f295ab44ab83775a1a81d430223c367,https://github.com/kpapmath/crypto_microprice/blob/2c04155adeec22cdacbc7cea6b463d76dc34a8cf/NEURAL_SR.md
kraisr/pysr-feynman,symbolic_regression.py,f50116474936fa355d59129bce5c646e8a09adfe,https://github.com/kraisr/pysr-feynman/blob/250a37e4235a42a827e101ddb2428d252c6631c4/symbolic_regression.py
krzysztof-kacprzyk/SemanticODE,experiments/benchmark.py,689b8acc63bde99f37f737c492385a7d7f8429ae,https://github.com/krzysztof-kacprzyk/SemanticODE/blob/da27ed7163ccb1981250551f9a2dbe76ff6b5a8e/experiments/benchmark.py
krzysztof-kacprzyk/SHAREs,experiments/analysis/Figure_6.ipynb,630c162155cdd4020bba8b78a448324434d26bb9,https://github.com/krzysztof-kacprzyk/SHAREs/blob/dc0789fd02527c6080357cd47351abe924d5cf22/experiments/analysis/Figure_6.ipynb
krzysztof-kacprzyk/SHAREs,experiments/analysis/Table_1.ipynb,8859322021876f2d9df1c24f352fcb434bce356e,https://github.com/krzysztof-kacprzyk/SHAREs/blob/dc0789fd02527c6080357cd47351abe924d5cf22/experiments/analysis/Table_1.ipynb
krzysztof-kacprzyk/SHAREs,experiments/analysis/Table_3.ipynb,e0084cf46aabf0db9538eb05c3a57a1a01f48fcd,https://github.com/krzysztof-kacprzyk/SHAREs/blob/dc0789fd02527c6080357cd47351abe924d5cf22/experiments/analysis/Table_3.ipynb
krzysztof-kacprzyk/SHAREs,experiments/pysr_stress_strain.py,d0e724ffbe56403e1fc17dc7abc609d7c614ec0e,https://github.com/krzysztof-kacprzyk/SHAREs/blob/dc0789fd02527c6080357cd47351abe924d5cf22/experiments/pysr_stress_strain.py
krzysztof-kacprzyk/SHAREs,experiments/pysr_temperature.py,7de855d405b34db1cb574cbcf7663f887467bcd5,https://github.com/krzysztof-kacprzyk/SHAREs/blob/dc0789fd02527c6080357cd47351abe924d5cf22/experiments/pysr_temperature.py
krzysztof-kacprzyk/SHAREs,experiments/temperature_study.py,56a2798294047311c313048154ea81ad1b285e26,https://github.com/krzysztof-kacprzyk/SHAREs/blob/dc0789fd02527c6080357cd47351abe924d5cf22/experiments/temperature_study.py
krzysztof-kacprzyk/TIMEVIEW,experiments/baselines.py,936bd3231f076891ad399455a2b4447ade6cebef,https://github.com/krzysztof-kacprzyk/TIMEVIEW/blob/332e83bb7563aa0f4997bf4727eb1f2cb71a7502/experiments/baselines.py
KTMAnimations/astroai,project/notebooks/constraint_ablation.py,ea707e20923ad5dae7d3d396d7cd124747561d7d,https://github.com/KTMAnimations/astroai/blob/101d18b26ff38d754a55d9212c22eedaed7a67bb/project/notebooks/constraint_ablation.py
KTMAnimations/astroai,project/notebooks/convergence_study.py,a89471826f6e82c18da191308e6638c5b5da07c0,https://github.com/KTMAnimations/astroai/blob/101d18b26ff38d754a55d9212c22eedaed7a67bb/project/notebooks/convergence_study.py
KTMAnimations/astroai,project/notebooks/data_requirements.py,40642a1684a88e18e11c9b1a826d3d2a7e3b0e4b,https://github.com/KTMAnimations/astroai/blob/101d18b26ff38d754a55d9212c22eedaed7a67bb/project/notebooks/data_requirements.py
KTMAnimations/astroai,project/notebooks/filter_sensitivity.py,25731ed00e474b1ba5a98b16e76ca43394cb36c0,https://github.com/KTMAnimations/astroai/blob/101d18b26ff38d754a55d9212c22eedaed7a67bb/project/notebooks/filter_sensitivity.py
KTMAnimations/astroai,project/notebooks/phase4_pysr_search.py,1da85bffe197aeb888c28616fdca77e31705b583,https://github.com/KTMAnimations/astroai/blob/101d18b26ff38d754a55d9212c22eedaed7a67bb/project/notebooks/phase4_pysr_search.py
KTMAnimations/astroai,project/notebooks/synthetic_control.py,258e31b5f63ce9291a68bcaef0697d492212b55d,https://github.com/KTMAnimations/astroai/blob/101d18b26ff38d754a55d9212c22eedaed7a67bb/project/notebooks/synthetic_control.py
KTMAnimations/astroai,project/notebooks/task6_reproducibility.py,db0a4f050ba3c4a2db5990329575200d3a583e82,https://github.com/KTMAnimations/astroai/blob/101d18b26ff38d754a55d9212c22eedaed7a67bb/project/notebooks/task6_reproducibility.py
kyksj-1/PhysicsPhasePortraitGenerator,scripts/discover_symbolic_templates.py,aa78425f24be49aa494cebdca0f121853b873981,https://github.com/kyksj-1/PhysicsPhasePortraitGenerator/blob/4c64aa9907bd02e64f2e609e3a0956b098af588c/scripts/discover_symbolic_templates.py
kzhangm02/tide,eval.py,e9312af976c84574126ee562f3f56292bd1fc333,https://github.com/kzhangm02/tide/blob/528d2cf6095fc30b8cf8784c224e2528678ee1fc/eval.py
kzhangm02/tide,regression.py,e9e4fe722799b5c2dc1ff9290ca06c1f9e104a7a,https://github.com/kzhangm02/tide/blob/528d2cf6095fc30b8cf8784c224e2528678ee1fc/regression.py
langkhachhoha/CORAL,examples/frontier_cs_research/symbolic_regression__mccormick/seed/statement.md,6a6ae91f0e25230af85685e496ab7e186f586771,https://github.com/langkhachhoha/CORAL/blob/e1792d1e1941511cddece77051dbfd63d22179ea/examples/frontier_cs_research/symbolic_regression__mccormick/seed/statement.md
langkhachhoha/CORAL,examples/frontier_cs_research/symbolic_regression__mixed_polyexp_4d/seed/statement.md,54c34ea620cbb63b1835ad1d292d15a93d26150c,https://github.com/langkhachhoha/CORAL/blob/e1792d1e1941511cddece77051dbfd63d22179ea/examples/frontier_cs_research/symbolic_regression__mixed_polyexp_4d/seed/statement.md
langkhachhoha/CORAL,examples/frontier_cs_research/symbolic_regression__peaks/seed/statement.md,ed3929c0d7c7008f089adcd14783a297b436bb96,https://github.com/langkhachhoha/CORAL/blob/e1792d1e1941511cddece77051dbfd63d22179ea/examples/frontier_cs_research/symbolic_regression__peaks/seed/statement.md
langkhachhoha/CORAL,examples/frontier_cs_research/symbolic_regression__ripple/seed/statement.md,8d545a03329f06c8d7326ba37dd8972eea80c8ae,https://github.com/langkhachhoha/CORAL/blob/e1792d1e1941511cddece77051dbfd63d22179ea/examples/frontier_cs_research/symbolic_regression__ripple/seed/statement.md
langkhachhoha/CORAL,examples/frontier_cs_research/symbolic_regression__sincos/seed/statement.md,326ad77bb3c494711d419cd74ea348bcee8d3f71,https://github.com/langkhachhoha/CORAL/blob/e1792d1e1941511cddece77051dbfd63d22179ea/examples/frontier_cs_research/symbolic_regression__sincos/seed/statement.md
LcosmosS/S.T.A.R.-Program,docs/star_v3.1.py,017bb1f1392edac4bde73c40259fef0f7e2c74f1,https://github.com/LcosmosS/S.T.A.R.-Program/blob/744274013c3104982e50fed3d1018c3e59b80846/docs/star_v3.1.py
LcosmosS/S.T.A.R.-Program,examples/symbolic_regression_Hz.ipynb,b6ab51ae91ab68b2b62d69e61842c29bc76c55ee,https://github.com/LcosmosS/S.T.A.R.-Program/blob/744274013c3104982e50fed3d1018c3e59b80846/examples/symbolic_regression_Hz.ipynb
LcosmosS/S.T.A.R.-Program,notebooks/symbolic_regression_Hz.ipynb,ba272e19901772441e7e0c6dda206570edfdebc5,https://github.com/LcosmosS/S.T.A.R.-Program/blob/744274013c3104982e50fed3d1018c3e59b80846/notebooks/symbolic_regression_Hz.ipynb
Lee-HS04/simple_AI4S_toy,simple_formula_discoverer.py,73b2e326ccd12ba4f5f7a22d87d12dfea4456b11,https://github.com/Lee-HS04/simple_AI4S_toy/blob/c52427cb9b4363d658629f9df6637a1739098cc1/simple_formula_discoverer.py
lengyuner/lengyuner.github.io,blog/GeneWeave/draft/discussion/computational_approaches.md,b62393ff73e37942cef3a69b0d43070015cf4c17,https://github.com/lengyuner/lengyuner.github.io/blob/9d9951979e38d5500f29d90005d18404707716e2/blog/GeneWeave/draft/discussion/computational_approaches.md
lerouxerwan/EquationDiscovery4ClimateImpact,emulator/emulator.py,ef3c9247bd9cfb137386ba0aa08697c23432277c,https://github.com/lerouxerwan/EquationDiscovery4ClimateImpact/blob/ddfbbb28ea4a1cb902a972aad8ca5d07043f774b/emulator/emulator.py
lerouxerwan/EquationDiscovery4ClimateImpact,emulator/emulator_with_search.py,0ea59645481c24596996021101f3ba0f52834ce5,https://github.com/lerouxerwan/EquationDiscovery4ClimateImpact/blob/ddfbbb28ea4a1cb902a972aad8ca5d07043f774b/emulator/emulator_with_search.py
lerouxerwan/EquationDiscovery4ClimateImpact,projects/mre_for_cluster/main.py,2e26d376c96878f728199b47405c894a6e8ce570,https://github.com/lerouxerwan/EquationDiscovery4ClimateImpact/blob/ddfbbb28ea4a1cb902a972aad8ca5d07043f774b/projects/mre_for_cluster/main.py
lerouxerwan/EquationDiscovery4ClimateImpact,utils/utils_log.py,3dec1dc368430d1912cba9c1640b958c2243a3a1,https://github.com/lerouxerwan/EquationDiscovery4ClimateImpact/blob/ddfbbb28ea4a1cb902a972aad8ca5d07043f774b/utils/utils_log.py
levhulsbergen/SymbolicRegression-RSA,SymbolicRegression-RSA.ipynb,749571469842a10d1773de93536a756f89f13775,https://github.com/levhulsbergen/SymbolicRegression-RSA/blob/c53cf823879d06e6a8131ca2593624fa9020299a/SymbolicRegression-RSA.ipynb
levhulsbergen/SymbolicRegression-RSA,SymbolicRegression_on_RSA.ipynb,ec86a7ff0cb6786605aa0b8aa665a326c4f6ce7e,https://github.com/levhulsbergen/SymbolicRegression-RSA/blob/c53cf823879d06e6a8131ca2593624fa9020299a/SymbolicRegression_on_RSA.ipynb
lewgaowei/qf600_asset_pricing,yz_data/03-machine-learning-symbolic-regression-vGPU.py,354f822f700a8265a67b4a68b0f7cae979b6fe88,https://github.com/lewgaowei/qf600_asset_pricing/blob/d39e5123ac59e9a685a5c038ad028bf11aaf7f30/yz_data/03-machine-learning-symbolic-regression-vGPU.py
lijing-creator/RationalLearning.jl,pysr-aiaaCASE2.py,c4b674c7ab8dc0ab192a8f7f928041a47595dcb0,https://github.com/lijing-creator/RationalLearning.jl/blob/b312a3525b2390d10f2c3a50ea651ab41781f79e/pysr-aiaaCASE2.py
Liushengyu258/PySR,src/exp_robustness.py,7e606e1b111f2a10aec36d840131008695af30e0,https://github.com/Liushengyu258/PySR/blob/407cdc65e16f72fab7f269d85219db5791f6c632/src/exp_robustness.py
Liushengyu258/PySR,src/stage1_exploration.py,418e1fd68aa7d4681d6e6d140c9afa5ea4bda862,https://github.com/Liushengyu258/PySR/blob/407cdc65e16f72fab7f269d85219db5791f6c632/src/stage1_exploration.py
lluisp1999/timeview,experiments/baselines.py,349ff0e693771cf568d9be0f451e9efbc672cf6b,https://github.com/lluisp1999/timeview/blob/370c59d511d44d6d4a9d36c4bc26587fe4ec9948/experiments/baselines.py
lobsterhandz/DRS-Warpdrive-Program,Symbolic regression IIII - quantum.py,a4cabcdb1d16fab3f9d2e792b75116ca112cd2a3,https://github.com/lobsterhandz/DRS-Warpdrive-Program/blob/48532b25d825ea609cee21f3f11ec18c681de477/Symbolic regression IIII - quantum.py
lobsterhandz/DRS-Warpdrive-Program,Symbolic regression_ gravitaional.py,b2a52fab2fe98cbc251816d64b18c5b48c8489e3,https://github.com/lobsterhandz/DRS-Warpdrive-Program/blob/48532b25d825ea609cee21f3f11ec18c681de477/Symbolic regression_ gravitaional.py
lobsterhandz/DRS-Warpdrive-Program,cmb_analysis/cmb_model.py,962b854b26adb906ee80f24da5b1c88f024a2289,https://github.com/lobsterhandz/DRS-Warpdrive-Program/blob/48532b25d825ea609cee21f3f11ec18c681de477/cmb_analysis/cmb_model.py
lobsterhandz/DRS-Warpdrive-Program,cmb_analysis/symbolic_model.py,962b854b26adb906ee80f24da5b1c88f024a2289,https://github.com/lobsterhandz/DRS-Warpdrive-Program/blob/48532b25d825ea609cee21f3f11ec18c681de477/cmb_analysis/symbolic_model.py
lobsterhandz/DRS-Warpdrive-Program,symbolic regression III - blackbody.py,6704d678ec54cc4a86731efadfef6324fa0262da,https://github.com/lobsterhandz/DRS-Warpdrive-Program/blob/48532b25d825ea609cee21f3f11ec18c681de477/symbolic regression III - blackbody.py
lobsterhandz/DRS-Warpdrive-Program,symbolic_regression.py,89637dded615fbb90b60a26708f459474e7cb53b,https://github.com/lobsterhandz/DRS-Warpdrive-Program/blob/48532b25d825ea609cee21f3f11ec18c681de477/symbolic_regression.py
longanisainhertaco/DPF_Unified,scripts/symbolic_regression.py,31e76d56063527bf1bd33ef4f00b21d961f4fca1,https://github.com/longanisainhertaco/DPF_Unified/blob/d666ede76bdb1cbfc09209dd9777fed5ef801f20/scripts/symbolic_regression.py
lorenzobranca/MESA-Emulator,dataset_analyzer.py,b47ffec3057451171be01906cf69659165252f92,https://github.com/lorenzobranca/MESA-Emulator/blob/e1a84af615d985fe1a754d413b1205bd8e298fd2/dataset_analyzer.py
lovcavil/SolverOpti,src/test_srjl/1.py,c8f2d09c24ebe29bb9181d6175b4efe67d0dd10d,https://github.com/lovcavil/SolverOpti/blob/100f173acaef9fab99d4075b1f463526f7e734bd/src/test_srjl/1.py
Lrozzy/hls4ml-tutorial,part8_symbolic_regression.ipynb,2f6a98f72afd849959b430e29c113d4c5ab9456a,https://github.com/Lrozzy/hls4ml-tutorial/blob/40573245c66caa1ade998f42a13b4bbd067f64a2/part8_symbolic_regression.ipynb
Lrozzy/hls4ml_OpenML,part8_symbolic_regression.ipynb,2f6a98f72afd849959b430e29c113d4c5ab9456a,https://github.com/Lrozzy/hls4ml_OpenML/blob/47cf4d856245c776b31be5501780cdb1a19ef52c/part8_symbolic_regression.ipynb
lrspeiser/Geometry-Gated-Gravity,gravity_learn/gravity_learn/distill/distill_to_symbolic.py,b67bbee861fa30498dab720f74c1131b913d2792,https://github.com/lrspeiser/Geometry-Gated-Gravity/blob/a9aaee11f25214b2a896e7dcb208fe254b931f41/gravity_learn/gravity_learn/distill/distill_to_symbolic.py
lrspeiser/Geometry-Gated-Gravity,gravity_learn/gravity_learn/eval/infer_per_galaxy.py,04ac36a15097d711d1e06bccf1acff5fa8ec6129,https://github.com/lrspeiser/Geometry-Gated-Gravity/blob/a9aaee11f25214b2a896e7dcb208fe254b931f41/gravity_learn/gravity_learn/eval/infer_per_galaxy.py
lrspeiser/Geometry-Gated-Gravity,gravity_learn/gravity_learn/train/train_nn_o2.py,6b5cc222a35df47837cfcce741c8ad66bf431cf9,https://github.com/lrspeiser/Geometry-Gated-Gravity/blob/a9aaee11f25214b2a896e7dcb208fe254b931f41/gravity_learn/gravity_learn/train/train_nn_o2.py
lrspeiser/Geometry-Gated-Gravity,gravity_learn/gravity_learn/train/train_o2_ext_sr.py,51ff84619018e54e62c3066abf92f9c1f6e4715b,https://github.com/lrspeiser/Geometry-Gated-Gravity/blob/a9aaee11f25214b2a896e7dcb208fe254b931f41/gravity_learn/gravity_learn/train/train_o2_ext_sr.py
lrspeiser/Geometry-Gated-Gravity,gravity_learn/gravity_learn/train/train_o2_ext_sr_simple.py,1e215744cd45ac4cb9672059fbf9910f27e91786,https://github.com/lrspeiser/Geometry-Gated-Gravity/blob/a9aaee11f25214b2a896e7dcb208fe254b931f41/gravity_learn/gravity_learn/train/train_o2_ext_sr_simple.py
LRudL/gninvert,gninvert/symbolic_regression.py,5cabec2e264afbc6507c9538fe1456188bfc391a,https://github.com/LRudL/gninvert/blob/0f0e64d01f48cd971e92ae0e4403a5acb60198bd/gninvert/symbolic_regression.py
LRudL/gninvert,old_notebooks/pysr_testing.ipynb,c14a2d34311d33340226a6fed6d756f22f6d066e,https://github.com/LRudL/gninvert/blob/0f0e64d01f48cd971e92ae0e4403a5acb60198bd/old_notebooks/pysr_testing.ipynb
lsinfo3/comst-xai-qoe,VI_05_Symbolic_Regression.ipynb,aaf11ec6379cc5fa75ce384dabdf17e62b53b459,https://github.com/lsinfo3/comst-xai-qoe/blob/425fbda5dba1a33031a89212a16013938a733466/VI_05_Symbolic_Regression.ipynb
lstorchi/CurveFittingML,formula_model.ipynb,805246d3f37794b695a8c3b373f0e55259953824,https://github.com/lstorchi/CurveFittingML/blob/b3bd9e7c6037c2637641c3d152c954384f462d40/formula_model.ipynb
lstorchi/ML_Teaching,12_fr.py,b004434c4b6fcc86b876b3f796eef226ee971005,https://github.com/lstorchi/ML_Teaching/blob/d7b16ae0ddb9f80f2eb14ddc4f9cca74dedea038/12_fr.py
lucalavezzo/WRemnantsHelpers,studies/sr/fit.py,016778f76749fd0dc55b96dedcc77fcd4f42f527,https://github.com/lucalavezzo/WRemnantsHelpers/blob/bdc593ef714b83daebd7e95370e654a426c2c586/studies/sr/fit.py
lucalavezzo/WRemnantsHelpers,studies/sr/plot.py,edb5da6ac38bc916706d4ff0061a6ff7b2c8c1b9,https://github.com/lucalavezzo/WRemnantsHelpers/blob/bdc593ef714b83daebd7e95370e654a426c2c586/studies/sr/plot.py
LucasBorges4/Kaggle-Competition-2,docs/search.json,d0b56d3d3839eb2f8bceed814ef22b30a178950c,https://github.com/LucasBorges4/Kaggle-Competition-2/blob/e14a63846d31a08bd30876b8349b5b0c9afbc4e5/docs/search.json
LuckyZ10/kas-llm-learning,projects/dftlammps/physics_ai/symbolic/regression_engine.py,cece84a48b47a0deff56c3893bf6b32d73b7c105,https://github.com/LuckyZ10/kas-llm-learning/blob/05c95ab2dfe234641c24334446603a9c39dee2e6/projects/dftlammps/physics_ai/symbolic/regression_engine.py
ludekrikke/kan-factor-timing,project_plan.md,d37511044e944700c23aa464d45f15284b1c953d,https://github.com/ludekrikke/kan-factor-timing/blob/54b844e2bb2d401de17198ff301fdaa9aede2881/project_plan.md
LukasOttenhof/JupOtter,dataset/JupyterErrors_dataset/astrockragh_Mangrove_eqs_mstar_obj.ipynb,99dc9a8c84aaf3b14dbc187ab36f4549ce8dee60,https://github.com/LukasOttenhof/JupOtter/blob/ffb441eebdb6f12bb04703987f0df02b582bcc6a/dataset/JupyterErrors_dataset/astrockragh_Mangrove_eqs_mstar_obj.ipynb
Luoqiu76/MMDNA,OpenODE/DIF/CEL/experiments/CoDA_exp.py,ffe202758628fa5b0ebb60e713505129ffc212cc,https://github.com/Luoqiu76/MMDNA/blob/5e26b48827f3e5d10f1a7e2792fae54cf6e6da01/OpenODE/DIF/CEL/experiments/CoDA_exp.py
Luoqiu76/MMDNA,OpenODE/DIF/CEL/experiments/MAML_exp.py,e69e20b2579a55caec4d7360283213ea4bc60f06,https://github.com/Luoqiu76/MMDNA/blob/5e26b48827f3e5d10f1a7e2792fae54cf6e6da01/OpenODE/DIF/CEL/experiments/MAML_exp.py
Luoqiu76/MMDNA,OpenODE/DIF/CEL/experiments/invariant_func_encoder_IL_exp.py,6787f9291fcc5309aefe8911c4888e2f568e47c0,https://github.com/Luoqiu76/MMDNA/blob/5e26b48827f3e5d10f1a7e2792fae54cf6e6da01/OpenODE/DIF/CEL/experiments/invariant_func_encoder_IL_exp.py
Luoqiu76/MMDNA,OpenODE/DIF/CEL/experiments/invariant_func_encoder_MI_F_exp.py,c7332f9fc86c6696785ed849d4556abe1fecf384,https://github.com/Luoqiu76/MMDNA/blob/5e26b48827f3e5d10f1a7e2792fae54cf6e6da01/OpenODE/DIF/CEL/experiments/invariant_func_encoder_MI_F_exp.py
Luoqiu76/MMDNA,OpenODE/DIF/CEL/experiments/invariant_func_encoder_MI_Fc_exp.py,51c5bbbc78c1f166b14a8691b76556d36fc7445b,https://github.com/Luoqiu76/MMDNA/blob/5e26b48827f3e5d10f1a7e2792fae54cf6e6da01/OpenODE/DIF/CEL/experiments/invariant_func_encoder_MI_Fc_exp.py
Luoqiu76/MMDNA,OpenODE/DIF/CEL/experiments/invariant_func_encoder_MI_exp.py,ea7608e955999e3715879b3cf4a479479a9664c9,https://github.com/Luoqiu76/MMDNA/blob/5e26b48827f3e5d10f1a7e2792fae54cf6e6da01/OpenODE/DIF/CEL/experiments/invariant_func_encoder_MI_exp.py
Luoqiu76/MMDNA,OpenODE/DIF/CEL/experiments/invariant_func_encoder_MI_slow_exp.py,fe75f85cd4a641abdbc6027e7e4a2a1e487def21,https://github.com/Luoqiu76/MMDNA/blob/5e26b48827f3e5d10f1a7e2792fae54cf6e6da01/OpenODE/DIF/CEL/experiments/invariant_func_encoder_MI_slow_exp.py
lurovi/gp-sr-ablation,model_training.py,761b91dcb28ff022c2887bf7f264c36f2d9cb516,https://github.com/lurovi/gp-sr-ablation/blob/61fd5e5204c6770ab907c053b89972a723b048d7/model_training.py
M-Colley/FACT-AV,main_group_pysr_trust_calibration.py,2085747ad9c4561a95bea125c2306c135dc4a9d6,https://github.com/M-Colley/FACT-AV/blob/bdd3a715e4837726190bb58bf7d31ee53d863a25/main_group_pysr_trust_calibration.py
M-Colley/FACT-AV,main_group_pysr_trust_calibration_more_predictors.py,3a2d97841592a1b42875f0f3d9cf4971e9dac838,https://github.com/M-Colley/FACT-AV/blob/bdd3a715e4837726190bb58bf7d31ee53d863a25/main_group_pysr_trust_calibration_more_predictors.py
M-Colley/FACT-AV,main_personalized_pysr_trust_calibration.py,700e1dc7aeefbacac1681a53813d41425e06e2c3,https://github.com/M-Colley/FACT-AV/blob/bdd3a715e4837726190bb58bf7d31ee53d863a25/main_personalized_pysr_trust_calibration.py
M-Colley/FACT-AV,main_pysr_trust_calibration.py,7cf84f9a5fd0ef00e154a4ac985d6da22312346a,https://github.com/M-Colley/FACT-AV/blob/bdd3a715e4837726190bb58bf7d31ee53d863a25/main_pysr_trust_calibration.py
m2lines/L96_demo,notebooks/symbolic_methods_comparison.ipynb,3ff098fc2597a7330881deb44c0d49de52155313,https://github.com/m2lines/L96_demo/blob/bee9ca63aa1d967f7c03f633ae05fbf8af255bc0/notebooks/symbolic_methods_comparison.ipynb
mahynski/template-piml,demo/symbolic_regression/pysr_demo_combined.py,3b319b8cbe940f29032abb9b3fae844ba5c15c76,https://github.com/mahynski/template-piml/blob/52cd323e09ad8b30ad18c02120d07c18f9f58288/demo/symbolic_regression/pysr_demo_combined.py
mahynski/template-piml,demo/symbolic_regression/pysr_demo_individual.py,1413f07196a7e12a8206d917126c4296dadde236,https://github.com/mahynski/template-piml/blob/52cd323e09ad8b30ad18c02120d07c18f9f58288/demo/symbolic_regression/pysr_demo_individual.py
Malaeu/chen_q3,full/q3.lean.aristotle/archive/docs/time_space_rec_gpt.md,2cf2b63895b7265a50aaa33bc63b2b8aa1ed7ba7,https://github.com/Malaeu/chen_q3/blob/f8c95ae8de2188d9e2465cb5ed9c0ba65da78303/full/q3.lean.aristotle/archive/docs/time_space_rec_gpt.md
Malaeu/chen_q3,sandboxes/Linux/full/q3.lean.aristotle/archive/docs/time_space_rec_gpt.md,2cf2b63895b7265a50aaa33bc63b2b8aa1ed7ba7,https://github.com/Malaeu/chen_q3/blob/f8c95ae8de2188d9e2465cb5ed9c0ba65da78303/sandboxes/Linux/full/q3.lean.aristotle/archive/docs/time_space_rec_gpt.md
Malaeu/pair-correlation-attention-kernel,docs/OPERATOR_EXTRACTION.md,77ad7599ddcaae3b2b6ee4a764d90f4fa60b665a,https://github.com/Malaeu/pair-correlation-attention-kernel/blob/412851fd1d77a4a2b3fa8f003f4c7206435e135c/docs/OPERATOR_EXTRACTION.md
Malaeu/pair-correlation-attention-kernel,experiments_100M.py,867b8a62845adc70816daab5afd7d89c1db92e39,https://github.com/Malaeu/pair-correlation-attention-kernel/blob/412851fd1d77a4a2b3fa8f003f4c7206435e135c/experiments_100M.py
Malaeu/pair-correlation-attention-kernel,flash/symbolic_distillation_L1.py,b083e69aa817439b6fba6a4966421b77ae4d5990,https://github.com/Malaeu/pair-correlation-attention-kernel/blob/412851fd1d77a4a2b3fa8f003f4c7206435e135c/flash/symbolic_distillation_L1.py
Malaeu/pair-correlation-attention-kernel,scripts/extract_operator.py,478b671dadacb0bddc3615f950e9a1f533d5cd39,https://github.com/Malaeu/pair-correlation-attention-kernel/blob/412851fd1d77a4a2b3fa8f003f4c7206435e135c/scripts/extract_operator.py
Malaeu/pair-correlation-attention-kernel,scripts/symbolic_distillation.py,73c4264feffea35b91912f8a5d124d6a5f830fe3,https://github.com/Malaeu/pair-correlation-attention-kernel/blob/412851fd1d77a4a2b3fa8f003f4c7206435e135c/scripts/symbolic_distillation.py
MansourSaliba/Dunkle_ML,scripts/Phase I - hc and he discovery/pySR/Phase_I_SR.py,80aada0d9310b8b79ea9a23095112b63d9fad792,https://github.com/MansourSaliba/Dunkle_ML/blob/55428c2ce6a6b65365dcdd3175914e8f5f635a27/scripts/Phase I - hc and he discovery/pySR/Phase_I_SR.py
MansourSaliba/Dunkle_ML,scripts/Phase II - ODE discovery/pySR/Phase_II_pySR.py,84d65560d97698d6e159e9da20a1799c6720b3e7,https://github.com/MansourSaliba/Dunkle_ML/blob/55428c2ce6a6b65365dcdd3175914e8f5f635a27/scripts/Phase II - ODE discovery/pySR/Phase_II_pySR.py
marc-shade/enhanced-memory-mcp,agi/pysr_symbolic_regression.py,5ba15792448653ff1e2f209bc9ddee1e26ed5a11,https://github.com/marc-shade/enhanced-memory-mcp/blob/66c87bc899f85d64d88290c088df1e55ef824ba6/agi/pysr_symbolic_regression.py
marcomusy/vedo,examples/extras/pysr_regression.py,7b23b8d982daa31269d59e96cc73900e13ceead5,https://github.com/marcomusy/vedo/blob/e3499182cf5260071d7e2ecacb9c64edb3c11c0b/examples/extras/pysr_regression.py
mariodeflorio/AI-Aristotle,SYMBOLIC_REGRESSION/NOISE/PINN/Case_1/sr_tfc.py,74bf3d3a9f229dd4a1da9bd8cc8e00b123febcb6,https://github.com/mariodeflorio/AI-Aristotle/blob/20d22174b4b66668b4c2e772be8c614bb82f9828/SYMBOLIC_REGRESSION/NOISE/PINN/Case_1/sr_tfc.py
mariodeflorio/AI-Aristotle,SYMBOLIC_REGRESSION/NOISE/PINN/Case_2/sr_tfc.py,54042ac179dfa89f96bb6c528ef0eb52075121d9,https://github.com/mariodeflorio/AI-Aristotle/blob/20d22174b4b66668b4c2e772be8c614bb82f9828/SYMBOLIC_REGRESSION/NOISE/PINN/Case_2/sr_tfc.py
mariodeflorio/AI-Aristotle,SYMBOLIC_REGRESSION/NOISE/PINN/Case_3/sr_tfc.py,733d62f9295651d6791c7f671fe44e43a37bea0b,https://github.com/mariodeflorio/AI-Aristotle/blob/20d22174b4b66668b4c2e772be8c614bb82f9828/SYMBOLIC_REGRESSION/NOISE/PINN/Case_3/sr_tfc.py
mariodeflorio/AI-Aristotle,SYMBOLIC_REGRESSION/NOISE/PINN/Case_4/sr_tfc.py,60c3f6d5eda61d680a97638f3a96b04baf752b39,https://github.com/mariodeflorio/AI-Aristotle/blob/20d22174b4b66668b4c2e772be8c614bb82f9828/SYMBOLIC_REGRESSION/NOISE/PINN/Case_4/sr_tfc.py
mariodeflorio/AI-Aristotle,SYMBOLIC_REGRESSION/NOISE/PINN/Case_5/sr_tfc.py,6e2ab957fc7244ca37e59c272f3748f9a6215360,https://github.com/mariodeflorio/AI-Aristotle/blob/20d22174b4b66668b4c2e772be8c614bb82f9828/SYMBOLIC_REGRESSION/NOISE/PINN/Case_5/sr_tfc.py
mariodeflorio/AI-Aristotle,SYMBOLIC_REGRESSION/NOISE/PINN/Case_7/sr_tfc.py,46598cd6f4b0c3c059111318f4683ba514f0ed15,https://github.com/mariodeflorio/AI-Aristotle/blob/20d22174b4b66668b4c2e772be8c614bb82f9828/SYMBOLIC_REGRESSION/NOISE/PINN/Case_7/sr_tfc.py
mariodeflorio/AI-Aristotle,SYMBOLIC_REGRESSION/NOISE/TFC/Case_1/sr_tfc.py,d1761b9aacda924d06c07f6f545c3b9eab4a50e2,https://github.com/mariodeflorio/AI-Aristotle/blob/20d22174b4b66668b4c2e772be8c614bb82f9828/SYMBOLIC_REGRESSION/NOISE/TFC/Case_1/sr_tfc.py
mariodeflorio/AI-Aristotle,SYMBOLIC_REGRESSION/NOISE/TFC/Case_2/sr_tfc.py,59ff0112d6e61554c5a6c939ebc883b65e29bd7c,https://github.com/mariodeflorio/AI-Aristotle/blob/20d22174b4b66668b4c2e772be8c614bb82f9828/SYMBOLIC_REGRESSION/NOISE/TFC/Case_2/sr_tfc.py
mariodeflorio/AI-Aristotle,SYMBOLIC_REGRESSION/NOISE/TFC/Case_3/sr_tfc.py,b9e9c2c2a4cabcd19fb79f5068e72dd25b443ed2,https://github.com/mariodeflorio/AI-Aristotle/blob/20d22174b4b66668b4c2e772be8c614bb82f9828/SYMBOLIC_REGRESSION/NOISE/TFC/Case_3/sr_tfc.py
mariodeflorio/AI-Aristotle,SYMBOLIC_REGRESSION/NOISE/TFC/Case_4/sr_tfc.py,1fbd2df93581400a21e31ceaf3d444047c0349be,https://github.com/mariodeflorio/AI-Aristotle/blob/20d22174b4b66668b4c2e772be8c614bb82f9828/SYMBOLIC_REGRESSION/NOISE/TFC/Case_4/sr_tfc.py
mariodeflorio/AI-Aristotle,SYMBOLIC_REGRESSION/NOISE/TFC/Case_5/sr_tfc.py,5fd2e8648ed7be74b2851675f4648f3c9fad850a,https://github.com/mariodeflorio/AI-Aristotle/blob/20d22174b4b66668b4c2e772be8c614bb82f9828/SYMBOLIC_REGRESSION/NOISE/TFC/Case_5/sr_tfc.py
mariodeflorio/AI-Aristotle,SYMBOLIC_REGRESSION/NOISE/TFC/Case_6/sr_tfc.py,a2100e396b0bb358198a391ba8453087fe078c4f,https://github.com/mariodeflorio/AI-Aristotle/blob/20d22174b4b66668b4c2e772be8c614bb82f9828/SYMBOLIC_REGRESSION/NOISE/TFC/Case_6/sr_tfc.py
mariodeflorio/AI-Lorenz,6D hyperchaotic system/pysr_6d_hyper.py,ec43e2a89c4ad119103a7515b13695d8d9c7f161,https://github.com/mariodeflorio/AI-Lorenz/blob/2895497bbcc2aab455688fb60a3b7387610d9fd7/6D%20hyperchaotic%20system/pysr_6d_hyper.py
mariodeflorio/AI-Lorenz,Lorenz system/pysr_lorenz.py,4c2db2e4a319e75116e827a37e1aabaf7e99e18d,https://github.com/mariodeflorio/AI-Lorenz/blob/2895497bbcc2aab455688fb60a3b7387610d9fd7/Lorenz system/pysr_lorenz.py
mariodeflorio/AI-Lorenz,Sprott non-autonomous system/pysr_sprott.py,bcf786dbe5f7d5a14372615410a2c5bd9fc4ffaf,https://github.com/mariodeflorio/AI-Lorenz/blob/2895497bbcc2aab455688fb60a3b7387610d9fd7/Sprott non-autonomous system/pysr_sprott.py
markstark49-art/N-giga-force,src/symbolic_extractor.py,84083878ff5602791859eb5c53c0ab3a2237f470,https://github.com/markstark49-art/N-giga-force/blob/6419072783b2c50406f8132600eed9e48a9ecbc8/src/symbolic_extractor.py
markstark49-art/N-giga-force,src/symbolic_extractor_audit_v20.9.py,81385da2fbb01d38565296bcd912dc0d8c357d7f,https://github.com/markstark49-art/N-giga-force/blob/6419072783b2c50406f8132600eed9e48a9ecbc8/src/symbolic_extractor_audit_v20.9.py
MartinVild/Machine-Learning,ML_Formula_approximation.py,b00c01896e01fb9a1838ddcc7a852ea9e6005256,https://github.com/MartinVild/Machine-Learning/blob/88447ae07a89b586ce51be34d62866af5f4f505d/ML_Formula_approximation.py
maryamdkh/Invariant-Generator,src/invariant_generator/adaptive_symbolic.py,fadba40f4b632210cf88cb041120e201a6d5ff62,https://github.com/maryamdkh/Invariant-Generator/blob/a5adc8c2025fcfae5d45940aeab9388aa4440da9/src/invariant_generator/adaptive_symbolic.py
maryamdkh/Invariant-Generator,src/invariant_generator/symbolic.py,86b890abeac8f2abac509dce2d241a989154cc89,https://github.com/maryamdkh/Invariant-Generator/blob/a5adc8c2025fcfae5d45940aeab9388aa4440da9/src/invariant_generator/symbolic.py
maryamdkh/Invariant-Generator,tests/test_symbolic.py,aaad3796c2f0646c95afb547543376f97955156d,https://github.com/maryamdkh/Invariant-Generator/blob/a5adc8c2025fcfae5d45940aeab9388aa4440da9/tests/test_symbolic.py
MatTheTab/mathematical-image-synthesis,pysr_tests/pysr_test.py,1711e80118751ec39d39d992a45cf52aa261de28,https://github.com/MatTheTab/mathematical-image-synthesis/blob/b5ef266c6de88f14fa8da4ced0858f8463673498/pysr_tests/pysr_test.py
mattsheng/PAN_SR,experiment/methods/PySRRegressor.py,75a91e4f4b5f864cd7b0091230e0b21b473cdcdf,https://github.com/mattsheng/PAN_SR/blob/bf9e106ddcb90c9b548b0ddac8dab194cac616da/experiment/methods/PySRRegressor.py
mattsheng/PAN_SR,experiment/methods/tuned/PySRRegressor.py,fd363ab39acc67761c21d64428b1698b37e51f6f,https://github.com/mattsheng/PAN_SR/blob/bf9e106ddcb90c9b548b0ddac8dab194cac616da/experiment/methods/tuned/PySRRegressor.py
mattsheng/PAN_SR,experiment/symbolic_algs.py,c48fef7cda9d71147f5bbd0a2d21c1ab3be1d30c,https://github.com/mattsheng/PAN_SR/blob/bf9e106ddcb90c9b548b0ddac8dab194cac616da/experiment/symbolic_algs.py
MaxF0/PredictStiffness_MasterThesis,Gripper_PySR_example.py,3a1067857574322de8c2dd7c66a0cf8b2e109c5c,https://github.com/MaxF0/PredictStiffness_MasterThesis/blob/b38c242c7124aca33a0db1038273d8e4fc687ea9/Gripper_PySR_example.py
maxmurtazin/Ant-RH,analysis/operator_symbolic_regression.py,7ec80f6e436eeff67611274772dfe65f6b92c602,https://github.com/maxmurtazin/Ant-RH/blob/885f56112b751f673deeba9a28e80c5fdac965c3/analysis/operator_symbolic_regression.py
mbejger/pysr_r-as-mlambda,pysr_r_as_mlambda.py,243cfd7b64a418976d29489c38c397a00622e3d5,https://github.com/mbejger/pysr_r-as-mlambda/blob/602e1f1a38ffcf801a97c6faeea7c2bc7c71ab7a/pysr_r_as_mlambda.py
mbejger/pysr_r-as-mlambda,read_model.py,5a22a0eddd17afcf13e87baf8df227d344442e0c,https://github.com/mbejger/pysr_r-as-mlambda/blob/602e1f1a38ffcf801a97c6faeea7c2bc7c71ab7a/read_model.py
MCDev30/integral_nonlinear,Solver.py,1e71e8b47d463ee7d834e34b2d29cd9b31d89b18,https://github.com/MCDev30/integral_nonlinear/blob/406efcd2bb766a5c48b642a7fec68108d8b45913/Solver.py
MCDev30/Saisonal_epidemics,simulate_beta.ipynb,2ecdc6e07b51268d9ac78519953b15ad176596b9,https://github.com/MCDev30/Saisonal_epidemics/blob/d7dbc482f695897657e55f3e4da317bd4add84d8/simulate_beta.ipynb
mec-lab/metric_message,symr/pysr_wrapper.py,4328d299ca66119adb729573a5d543ee83335be0,https://github.com/mec-lab/metric_message/blob/cd9a2b9fb8bb688f4736ac94af86d22c9cc27398/symr/pysr_wrapper.py
meikenofdarth/Desertification,desertification/ode_discovery.py,e9949d3517cd968548bc72a3b976f3728569a21f,https://github.com/meikenofdarth/Desertification/blob/b2707da3464fb3c6aaa1dd2ed90e02f956300568/desertification/ode_discovery.py
meikenofdarth/Desertification,desertification_project_context.md,6e9380416a4bbffb4087d91951abd82814ba1ea0,https://github.com/meikenofdarth/Desertification/blob/b2707da3464fb3c6aaa1dd2ed90e02f956300568/desertification_project_context.md
meikenofdarth/Desertification,reverseddesertification.py,833ebdec6ec860bbdd5fee4861e5ab3028f8db70,https://github.com/meikenofdarth/Desertification/blob/b2707da3464fb3c6aaa1dd2ed90e02f956300568/reverseddesertification.py
meikenofdarth/Desertification,reverseddesertification_old.py,833ebdec6ec860bbdd5fee4861e5ab3028f8db70,https://github.com/meikenofdarth/Desertification/blob/b2707da3464fb3c6aaa1dd2ed90e02f956300568/reverseddesertification_old.py
mgdhooghe/MoET,DEPENDENCY/derivation.py,d398354d47edb0cac3094c4a5fb462457fb8cfa7,https://github.com/mgdhooghe/MoET/blob/b0940a2aad6400f44eab1796e54326fea2913e1c/DEPENDENCY/derivation.py
mgdhooghe/MoET,archive/DEPENDENCY/derivation.py,d398354d47edb0cac3094c4a5fb462457fb8cfa7,https://github.com/mgdhooghe/MoET/blob/b0940a2aad6400f44eab1796e54326fea2913e1c/archive/DEPENDENCY/derivation.py
mgdhooghe/MoET,moet/derivation.py,cb4be5861af97efd4d91dacfbeb19a85f82a000f,https://github.com/mgdhooghe/MoET/blob/b0940a2aad6400f44eab1796e54326fea2913e1c/moet/derivation.py
mhtjsh/PySR_and_SINDY_Comparision,src/run_pysr_step2.py,9011fe2cbf743c2434e3f1defa03f2e262b62017,https://github.com/mhtjsh/PySR_and_SINDY_Comparision/blob/fe7f489b019953b4b04763e91ee98374d7880cec/src/run_pysr_step2.py
mikecreation/ThreeBodySolution,main.tex,0c97fe65105e6d2a0732f9a12ba9052fcf7cc4ba,https://github.com/mikecreation/ThreeBodySolution/blob/9e397e08dc5f581550d9e5a5e4807113d0bc7f4d/main.tex
mikhmed-nabiev/IB-in-model-selection,notebooks/basic_pysr.ipynb,d9aacdd8b87f948c5fad5ffc5f96b3df22cef25c,https://github.com/mikhmed-nabiev/IB-in-model-selection/blob/b4ba41f1870818f6a9b746a850839ebc0a1fc405/notebooks/basic_pysr.ipynb
MilesCranmer/issue_aggregator,pysr/combined.json,f30180fbec4f5eb3fef6e859785c1352518dfaf5,https://github.com/MilesCranmer/issue_aggregator/blob/dc029f92937dce91f2b80345f78606e7ae44c619/pysr/combined.json
MilesCranmer/issue_aggregator,pysr/discussion1002.json,757cc4ab4d40af2561978f5d0be84a9ca0037dbd,https://github.com/MilesCranmer/issue_aggregator/blob/dc029f92937dce91f2b80345f78606e7ae44c619/pysr/discussion1002.json
MilesCranmer/issue_aggregator,pysr/discussion1007.json,08351f16ebe4ce000196a907f491ea16773888bb,https://github.com/MilesCranmer/issue_aggregator/blob/dc029f92937dce91f2b80345f78606e7ae44c619/pysr/discussion1007.json
MilesCranmer/issue_aggregator,pysr/discussion125.json,55673e1474b3900bc95a6d50d4787f5d883f5fa9,https://github.com/MilesCranmer/issue_aggregator/blob/dc029f92937dce91f2b80345f78606e7ae44c619/pysr/discussion125.json
MilesCranmer/issue_aggregator,pysr/discussion153.json,3959c3cdc9971f2d354a015e9978a8c834956a7b,https://github.com/MilesCranmer/issue_aggregator/blob/dc029f92937dce91f2b80345f78606e7ae44c619/pysr/discussion153.json
MilesCranmer/issue_aggregator,pysr/discussion204.json,6f3944c82b091edbf4fa2497620d8218d179bfa7,https://github.com/MilesCranmer/issue_aggregator/blob/dc029f92937dce91f2b80345f78606e7ae44c619/pysr/discussion204.json
MilesCranmer/issue_aggregator,pysr/discussion211.json,278f06fbba804628ef05bd20e0190ab07cafe65a,https://github.com/MilesCranmer/issue_aggregator/blob/dc029f92937dce91f2b80345f78606e7ae44c619/pysr/discussion211.json
MilesCranmer/issue_aggregator,pysr/discussion233.json,290414d46104743b53e3c88a402ad86ad07f1380,https://github.com/MilesCranmer/issue_aggregator/blob/dc029f92937dce91f2b80345f78606e7ae44c619/pysr/discussion233.json
MilesCranmer/issue_aggregator,pysr/discussion242.json,e892b3c8e921467839c9e417ee8843133d7d6ea6,https://github.com/MilesCranmer/issue_aggregator/blob/dc029f92937dce91f2b80345f78606e7ae44c619/pysr/discussion242.json
MilesCranmer/issue_aggregator,pysr/discussion246.json,36475d2b561f6c87ab9b89a4de5c1c94abdcc599,https://github.com/MilesCranmer/issue_aggregator/blob/dc029f92937dce91f2b80345f78606e7ae44c619/pysr/discussion246.json
MilesCranmer/issue_aggregator,pysr/discussion248.json,dd18957fb587fc6fb12488bc8137d636c97500e9,https://github.com/MilesCranmer/issue_aggregator/blob/dc029f92937dce91f2b80345f78606e7ae44c619/pysr/discussion248.json
MilesCranmer/issue_aggregator,pysr/discussion251.json,969434f5b1dbbb071f97ff27d817dc35ca4cc293,https://github.com/MilesCranmer/issue_aggregator/blob/dc029f92937dce91f2b80345f78606e7ae44c619/pysr/discussion251.json
MilesCranmer/issue_aggregator,pysr/discussion278.json,5c5754534872242888ec8bcd0418ea43ca332d15,https://github.com/MilesCranmer/issue_aggregator/blob/dc029f92937dce91f2b80345f78606e7ae44c619/pysr/discussion278.json
MilesCranmer/issue_aggregator,pysr/discussion290.json,1dfae188242eec85f51d98b1d2e329856435a95e,https://github.com/MilesCranmer/issue_aggregator/blob/dc029f92937dce91f2b80345f78606e7ae44c619/pysr/discussion290.json
MilesCranmer/issue_aggregator,pysr/discussion292.json,5be2359415ab94bffa9bf58f1f034ad90e9138ba,https://github.com/MilesCranmer/issue_aggregator/blob/dc029f92937dce91f2b80345f78606e7ae44c619/pysr/discussion292.json
MilesCranmer/issue_aggregator,pysr/discussion299.json,9b7527540f872e8a941655c1e253cba198f1a907,https://github.com/MilesCranmer/issue_aggregator/blob/dc029f92937dce91f2b80345f78606e7ae44c619/pysr/discussion299.json
MilesCranmer/issue_aggregator,pysr/discussion312.json,158e9c634350d7f845577e2cca777584e5190c15,https://github.com/MilesCranmer/issue_aggregator/blob/dc029f92937dce91f2b80345f78606e7ae44c619/pysr/discussion312.json
MilesCranmer/issue_aggregator,pysr/discussion313.json,cbbd6d585422d01a30ebd2a067424604b7d9bab1,https://github.com/MilesCranmer/issue_aggregator/blob/dc029f92937dce91f2b80345f78606e7ae44c619/pysr/discussion313.json
MilesCranmer/issue_aggregator,pysr/discussion333.json,7c9be3d4a9a6b5e02f216ecdc9d9a2f5668c562d,https://github.com/MilesCranmer/issue_aggregator/blob/dc029f92937dce91f2b80345f78606e7ae44c619/pysr/discussion333.json
MilesCranmer/issue_aggregator,pysr/discussion344.json,4fae63fba893a2946a57b1b6bda01d78218366bb,https://github.com/MilesCranmer/issue_aggregator/blob/dc029f92937dce91f2b80345f78606e7ae44c619/pysr/discussion344.json
MilesCranmer/issue_aggregator,pysr/discussion350.json,6ed5c5efae2acaf58316b0b08799f30d645c1a97,https://github.com/MilesCranmer/issue_aggregator/blob/dc029f92937dce91f2b80345f78606e7ae44c619/pysr/discussion350.json
MilesCranmer/issue_aggregator,pysr/discussion356.json,00b66f32c564db6e44eb8cb4e0121165629ac424,https://github.com/MilesCranmer/issue_aggregator/blob/dc029f92937dce91f2b80345f78606e7ae44c619/pysr/discussion356.json
MilesCranmer/issue_aggregator,pysr/discussion403.json,1364d96c25551a255fd9b9efa44c8866b116f02e,https://github.com/MilesCranmer/issue_aggregator/blob/dc029f92937dce91f2b80345f78606e7ae44c619/pysr/discussion403.json
MilesCranmer/issue_aggregator,pysr/discussion432.json,5d78823942e42722a62870ee5c075b8c087be95a,https://github.com/MilesCranmer/issue_aggregator/blob/dc029f92937dce91f2b80345f78606e7ae44c619/pysr/discussion432.json
MilesCranmer/issue_aggregator,pysr/discussion438.json,190d3b12e7ec8081041dce38654906439703489a,https://github.com/MilesCranmer/issue_aggregator/blob/dc029f92937dce91f2b80345f78606e7ae44c619/pysr/discussion438.json
MilesCranmer/issue_aggregator,pysr/discussion439.json,9deaf6dfa01f08899c128c5a5760b10803aef8ee,https://github.com/MilesCranmer/issue_aggregator/blob/dc029f92937dce91f2b80345f78606e7ae44c619/pysr/discussion439.json
MilesCranmer/issue_aggregator,pysr/discussion441.json,4cd776ca33b5cbbaa8200f0c16e276948f3051bd,https://github.com/MilesCranmer/issue_aggregator/blob/dc029f92937dce91f2b80345f78606e7ae44c619/pysr/discussion441.json
MilesCranmer/issue_aggregator,pysr/discussion444.json,9f62d0c7cf7354777624f2d8b1a6caf57d5246ba,https://github.com/MilesCranmer/issue_aggregator/blob/dc029f92937dce91f2b80345f78606e7ae44c619/pysr/discussion444.json
MilesCranmer/issue_aggregator,pysr/discussion447.json,fd62c8b3d4ea0f7ff04092c10f1a3b80769aa3b4,https://github.com/MilesCranmer/issue_aggregator/blob/dc029f92937dce91f2b80345f78606e7ae44c619/pysr/discussion447.json
MilesCranmer/issue_aggregator,pysr/discussion455.json,d4aa739dcc910b5be3681efced31b08d7cd8594e,https://github.com/MilesCranmer/issue_aggregator/blob/dc029f92937dce91f2b80345f78606e7ae44c619/pysr/discussion455.json
MilesCranmer/issue_aggregator,pysr/discussion475.json,20a9ac1955455806100de0a3c9155f2dbb73cfb2,https://github.com/MilesCranmer/issue_aggregator/blob/dc029f92937dce91f2b80345f78606e7ae44c619/pysr/discussion475.json
MilesCranmer/issue_aggregator,pysr/discussion518.json,7b7258b7a5ca05d06828d3e0aa1717562636caf3,https://github.com/MilesCranmer/issue_aggregator/blob/dc029f92937dce91f2b80345f78606e7ae44c619/pysr/discussion518.json
MilesCranmer/issue_aggregator,pysr/discussion522.json,3db605466230e11f05cb99e6a51312109854331c,https://github.com/MilesCranmer/issue_aggregator/blob/dc029f92937dce91f2b80345f78606e7ae44c619/pysr/discussion522.json
MilesCranmer/issue_aggregator,pysr/discussion543.json,3b610295911071481790e9d9b26dcbbd382b47db,https://github.com/MilesCranmer/issue_aggregator/blob/dc029f92937dce91f2b80345f78606e7ae44c619/pysr/discussion543.json
MilesCranmer/issue_aggregator,pysr/discussion548.json,f7febbb4c5e32a85a7a32d0152e604401a2a7b21,https://github.com/MilesCranmer/issue_aggregator/blob/dc029f92937dce91f2b80345f78606e7ae44c619/pysr/discussion548.json
MilesCranmer/issue_aggregator,pysr/discussion549.json,15a81e9ef56a0f42979566b8ef08afc45fd27b88,https://github.com/MilesCranmer/issue_aggregator/blob/dc029f92937dce91f2b80345f78606e7ae44c619/pysr/discussion549.json
MilesCranmer/issue_aggregator,pysr/discussion553.json,d1300d37c2f266f7d2058ad00705f708925b5158,https://github.com/MilesCranmer/issue_aggregator/blob/dc029f92937dce91f2b80345f78606e7ae44c619/pysr/discussion553.json
MilesCranmer/issue_aggregator,pysr/discussion554.json,2f271391faed75ebef7ed007e758f09576cbd317,https://github.com/MilesCranmer/issue_aggregator/blob/dc029f92937dce91f2b80345f78606e7ae44c619/pysr/discussion554.json
MilesCranmer/issue_aggregator,pysr/discussion576.json,0220566482a7825e7bf2007675d5513cc3ec9620,https://github.com/MilesCranmer/issue_aggregator/blob/dc029f92937dce91f2b80345f78606e7ae44c619/pysr/discussion576.json
MilesCranmer/issue_aggregator,pysr/discussion602.json,551ae5c334ea58c3ef5a0b61bcaae81f75170e1b,https://github.com/MilesCranmer/issue_aggregator/blob/dc029f92937dce91f2b80345f78606e7ae44c619/pysr/discussion602.json
MilesCranmer/issue_aggregator,pysr/discussion607.json,14a3afd4ea74e3566cc80ec787208b8957e21285,https://github.com/MilesCranmer/issue_aggregator/blob/dc029f92937dce91f2b80345f78606e7ae44c619/pysr/discussion607.json
MilesCranmer/issue_aggregator,pysr/discussion633.json,d1077d77529fa26b795164e22f58279c3328fa30,https://github.com/MilesCranmer/issue_aggregator/blob/dc029f92937dce91f2b80345f78606e7ae44c619/pysr/discussion633.json
MilesCranmer/issue_aggregator,pysr/discussion634.json,38763b58c4912b23685a2a734cc30d8d745c9033,https://github.com/MilesCranmer/issue_aggregator/blob/dc029f92937dce91f2b80345f78606e7ae44c619/pysr/discussion634.json
MilesCranmer/issue_aggregator,pysr/discussion637.json,870e35430c3664ef7febf13c4c7ebc19d259eae0,https://github.com/MilesCranmer/issue_aggregator/blob/dc029f92937dce91f2b80345f78606e7ae44c619/pysr/discussion637.json
MilesCranmer/issue_aggregator,pysr/discussion641.json,895fde519aee4d950481c0860dc0e3e5a232dda5,https://github.com/MilesCranmer/issue_aggregator/blob/dc029f92937dce91f2b80345f78606e7ae44c619/pysr/discussion641.json
MilesCranmer/issue_aggregator,pysr/discussion659.json,5de341df9cd13049cb63cf9a15d0ffad5e592c7f,https://github.com/MilesCranmer/issue_aggregator/blob/dc029f92937dce91f2b80345f78606e7ae44c619/pysr/discussion659.json
MilesCranmer/issue_aggregator,pysr/discussion664.json,c572722c8a4de29b7170e555370ab38986c7ecdf,https://github.com/MilesCranmer/issue_aggregator/blob/dc029f92937dce91f2b80345f78606e7ae44c619/pysr/discussion664.json
MilesCranmer/issue_aggregator,pysr/discussion667.json,cfadde1b63998944dcde7f4aedbd5c1a2df3d303,https://github.com/MilesCranmer/issue_aggregator/blob/dc029f92937dce91f2b80345f78606e7ae44c619/pysr/discussion667.json
MilesCranmer/issue_aggregator,pysr/discussion669.json,5c70833fe5c6051813d1c275819301b9a0766d72,https://github.com/MilesCranmer/issue_aggregator/blob/dc029f92937dce91f2b80345f78606e7ae44c619/pysr/discussion669.json
MilesCranmer/issue_aggregator,pysr/discussion673.json,4b75ab780616aad3176cda05a68caf222dd6013a,https://github.com/MilesCranmer/issue_aggregator/blob/dc029f92937dce91f2b80345f78606e7ae44c619/pysr/discussion673.json
MilesCranmer/issue_aggregator,pysr/discussion705.json,ca076dc148d2b7b4c2be6790018239c8d3efdf7e,https://github.com/MilesCranmer/issue_aggregator/blob/dc029f92937dce91f2b80345f78606e7ae44c619/pysr/discussion705.json
MilesCranmer/issue_aggregator,pysr/discussion708.json,cf9ebfb29e4d92c1fdc79e7200e8a959240efc63,https://github.com/MilesCranmer/issue_aggregator/blob/dc029f92937dce91f2b80345f78606e7ae44c619/pysr/discussion708.json
MilesCranmer/issue_aggregator,pysr/discussion717.json,7ef0e66aa1069d2ff5bf29555938eacd10164c67,https://github.com/MilesCranmer/issue_aggregator/blob/dc029f92937dce91f2b80345f78606e7ae44c619/pysr/discussion717.json
MilesCranmer/issue_aggregator,pysr/discussion718.json,1496cbe852d8e77c453e1d1c56f620c006a7a445,https://github.com/MilesCranmer/issue_aggregator/blob/dc029f92937dce91f2b80345f78606e7ae44c619/pysr/discussion718.json
MilesCranmer/issue_aggregator,pysr/discussion784.json,c4c27c12c1991655cfe5df09495fda7ded9754b7,https://github.com/MilesCranmer/issue_aggregator/blob/dc029f92937dce91f2b80345f78606e7ae44c619/pysr/discussion784.json
MilesCranmer/issue_aggregator,pysr/discussion789.json,d64515980e5db204489629c50ba1beac712c4812,https://github.com/MilesCranmer/issue_aggregator/blob/dc029f92937dce91f2b80345f78606e7ae44c619/pysr/discussion789.json
MilesCranmer/issue_aggregator,pysr/discussion792.json,72ba51f072f323514dea7d356298930d82ce6267,https://github.com/MilesCranmer/issue_aggregator/blob/dc029f92937dce91f2b80345f78606e7ae44c619/pysr/discussion792.json
MilesCranmer/issue_aggregator,pysr/discussion795.json,7f6a6ca2826847d581d71d7e86240d347d8d1d90,https://github.com/MilesCranmer/issue_aggregator/blob/dc029f92937dce91f2b80345f78606e7ae44c619/pysr/discussion795.json
MilesCranmer/issue_aggregator,pysr/discussion807.json,fed7340f71ab86f1e3deb2d6ac84c33ebef5cdc4,https://github.com/MilesCranmer/issue_aggregator/blob/dc029f92937dce91f2b80345f78606e7ae44c619/pysr/discussion807.json
MilesCranmer/issue_aggregator,pysr/discussion808.json,0ff4d9ef6b41da99c490d1aa7949907b82939c85,https://github.com/MilesCranmer/issue_aggregator/blob/dc029f92937dce91f2b80345f78606e7ae44c619/pysr/discussion808.json
MilesCranmer/issue_aggregator,pysr/discussion817.json,9211b8428aa4f3171da3ea41068e21a1b38414f4,https://github.com/MilesCranmer/issue_aggregator/blob/dc029f92937dce91f2b80345f78606e7ae44c619/pysr/discussion817.json
MilesCranmer/issue_aggregator,pysr/discussion821.json,50ddc63ff12fd0857a1a596bdc0d133d0445a48c,https://github.com/MilesCranmer/issue_aggregator/blob/dc029f92937dce91f2b80345f78606e7ae44c619/pysr/discussion821.json
MilesCranmer/issue_aggregator,pysr/discussion828.json,40cd970184b63b4a916cc4375ab5fe692e2a2616,https://github.com/MilesCranmer/issue_aggregator/blob/dc029f92937dce91f2b80345f78606e7ae44c619/pysr/discussion828.json
MilesCranmer/issue_aggregator,pysr/discussion852.json,d3f89deff6178318969cb694b41b5a2be02bf1e5,https://github.com/MilesCranmer/issue_aggregator/blob/dc029f92937dce91f2b80345f78606e7ae44c619/pysr/discussion852.json
MilesCranmer/issue_aggregator,pysr/discussion865.json,b27b5266a7425f86dd3ad58806ef599c97cfb809,https://github.com/MilesCranmer/issue_aggregator/blob/dc029f92937dce91f2b80345f78606e7ae44c619/pysr/discussion865.json
MilesCranmer/issue_aggregator,pysr/discussion873.json,d0703b2bbca7fa33fb61b6d3da1c1c26e92b2fb7,https://github.com/MilesCranmer/issue_aggregator/blob/dc029f92937dce91f2b80345f78606e7ae44c619/pysr/discussion873.json
MilesCranmer/issue_aggregator,pysr/discussion901.json,af2bcf50cdf189060d01d4c0ab3c1418366f3590,https://github.com/MilesCranmer/issue_aggregator/blob/dc029f92937dce91f2b80345f78606e7ae44c619/pysr/discussion901.json
MilesCranmer/issue_aggregator,pysr/discussion904.json,0eebf0a2787dc954711a81f0319ba10e2ac4a814,https://github.com/MilesCranmer/issue_aggregator/blob/dc029f92937dce91f2b80345f78606e7ae44c619/pysr/discussion904.json
MilesCranmer/issue_aggregator,pysr/discussion905.json,c5276392f64a62f506d5d175210456bfc63a1e80,https://github.com/MilesCranmer/issue_aggregator/blob/dc029f92937dce91f2b80345f78606e7ae44c619/pysr/discussion905.json
MilesCranmer/issue_aggregator,pysr/discussion907.json,d0167c5b3bc6d7a507c182fea10ed69ae7597f93,https://github.com/MilesCranmer/issue_aggregator/blob/dc029f92937dce91f2b80345f78606e7ae44c619/pysr/discussion907.json
MilesCranmer/issue_aggregator,pysr/discussion912.json,1d418c634c28b86b5631b829e7db41b460a7999d,https://github.com/MilesCranmer/issue_aggregator/blob/dc029f92937dce91f2b80345f78606e7ae44c619/pysr/discussion912.json
MilesCranmer/issue_aggregator,pysr/discussion913.json,b8dcc02bffc949f1df71db75f5bd348eb7b8050a,https://github.com/MilesCranmer/issue_aggregator/blob/dc029f92937dce91f2b80345f78606e7ae44c619/pysr/discussion913.json
MilesCranmer/issue_aggregator,pysr/discussion918.json,f63e1857cc0a21b6f8ddc44068ac0d89ecfb9e1b,https://github.com/MilesCranmer/issue_aggregator/blob/dc029f92937dce91f2b80345f78606e7ae44c619/pysr/discussion918.json
MilesCranmer/issue_aggregator,pysr/discussion923.json,50f648be5f5c7a7279a61350b87739c5496b1963,https://github.com/MilesCranmer/issue_aggregator/blob/dc029f92937dce91f2b80345f78606e7ae44c619/pysr/discussion923.json
MilesCranmer/issue_aggregator,pysr/discussion924.json,1c1750ced4c41415a347d2b665c8c019df953e0b,https://github.com/MilesCranmer/issue_aggregator/blob/dc029f92937dce91f2b80345f78606e7ae44c619/pysr/discussion924.json
MilesCranmer/issue_aggregator,pysr/discussion943.json,db0c6e33e6091cc5dc8516b9b0f2c50ab22675c0,https://github.com/MilesCranmer/issue_aggregator/blob/dc029f92937dce91f2b80345f78606e7ae44c619/pysr/discussion943.json
MilesCranmer/issue_aggregator,pysr/discussion947.json,05c0883ff229cef512bfed0db4920b0984f84f36,https://github.com/MilesCranmer/issue_aggregator/blob/dc029f92937dce91f2b80345f78606e7ae44c619/pysr/discussion947.json
MilesCranmer/issue_aggregator,pysr/discussion967.json,7c21ccb01e678d1633024d727a4b38f22f10a166,https://github.com/MilesCranmer/issue_aggregator/blob/dc029f92937dce91f2b80345f78606e7ae44c619/pysr/discussion967.json
MilesCranmer/issue_aggregator,pysr/discussion968.json,6f3ba852afedff4df7a2c727b71cede514f15ac2,https://github.com/MilesCranmer/issue_aggregator/blob/dc029f92937dce91f2b80345f78606e7ae44c619/pysr/discussion968.json
MilesCranmer/issue_aggregator,pysr/discussion970.json,42294a815ead44e4513f2ddf7683658cbf71d16e,https://github.com/MilesCranmer/issue_aggregator/blob/dc029f92937dce91f2b80345f78606e7ae44c619/pysr/discussion970.json
MilesCranmer/issue_aggregator,pysr/discussion971.json,dad32ff99dcafc3aafcb1a22235b13d4e470c7fd,https://github.com/MilesCranmer/issue_aggregator/blob/dc029f92937dce91f2b80345f78606e7ae44c619/pysr/discussion971.json
MilesCranmer/issue_aggregator,pysr/discussion973.json,197eee76e170f4e8a862c3287c07615beca784da,https://github.com/MilesCranmer/issue_aggregator/blob/dc029f92937dce91f2b80345f78606e7ae44c619/pysr/discussion973.json
MilesCranmer/issue_aggregator,pysr/discussion978.json,45c9fc13fe271900be416e3f47c59ed408a22f64,https://github.com/MilesCranmer/issue_aggregator/blob/dc029f92937dce91f2b80345f78606e7ae44c619/pysr/discussion978.json
MilesCranmer/issue_aggregator,pysr/discussion993.json,d682dd4e191db5059086e72f676d8beb52bdac10,https://github.com/MilesCranmer/issue_aggregator/blob/dc029f92937dce91f2b80345f78606e7ae44c619/pysr/discussion993.json
MilesCranmer/issue_aggregator,pysr/issue100.json,d588651e1b1bdf6c39969bd70e18066515a920b3,https://github.com/MilesCranmer/issue_aggregator/blob/dc029f92937dce91f2b80345f78606e7ae44c619/pysr/issue100.json
MilesCranmer/issue_aggregator,pysr/issue105.json,01de067517113967b618803f9d7356d663153632,https://github.com/MilesCranmer/issue_aggregator/blob/dc029f92937dce91f2b80345f78606e7ae44c619/pysr/issue105.json
MilesCranmer/issue_aggregator,pysr/issue121.json,3631c7a1f08caa6df9561334b7f35150cd862b9e,https://github.com/MilesCranmer/issue_aggregator/blob/dc029f92937dce91f2b80345f78606e7ae44c619/pysr/issue121.json
MilesCranmer/issue_aggregator,pysr/issue135.json,1b516e55b8782908203c6d06d4e481b979c61840,https://github.com/MilesCranmer/issue_aggregator/blob/dc029f92937dce91f2b80345f78606e7ae44c619/pysr/issue135.json
MilesCranmer/issue_aggregator,pysr/issue143.json,07389eb562041f0ff2cf0c722e6f9eda7647809b,https://github.com/MilesCranmer/issue_aggregator/blob/dc029f92937dce91f2b80345f78606e7ae44c619/pysr/issue143.json
MilesCranmer/issue_aggregator,pysr/issue159.json,e81bcc139bd7e785f03da3c6b616cf62aa234c5e,https://github.com/MilesCranmer/issue_aggregator/blob/dc029f92937dce91f2b80345f78606e7ae44c619/pysr/issue159.json
MilesCranmer/issue_aggregator,pysr/issue160.json,4c164aa5c4ac4aff64d2a44df570349477eac715,https://github.com/MilesCranmer/issue_aggregator/blob/dc029f92937dce91f2b80345f78606e7ae44c619/pysr/issue160.json
MilesCranmer/issue_aggregator,pysr/issue179.json,af7f5cf395585932705cd44ccc2ddb3ca645d123,https://github.com/MilesCranmer/issue_aggregator/blob/dc029f92937dce91f2b80345f78606e7ae44c619/pysr/issue179.json
MilesCranmer/issue_aggregator,pysr/issue182.json,28a05992602859c3d18b618073c707a6da5d8711,https://github.com/MilesCranmer/issue_aggregator/blob/dc029f92937dce91f2b80345f78606e7ae44c619/pysr/issue182.json
MilesCranmer/issue_aggregator,pysr/issue183.json,f92c19c61e0412e12c13b2077a84c2428ce43d2a,https://github.com/MilesCranmer/issue_aggregator/blob/dc029f92937dce91f2b80345f78606e7ae44c619/pysr/issue183.json
MilesCranmer/issue_aggregator,pysr/issue201.json,eae54f09f8d1845d755a16b51eac21de13797870,https://github.com/MilesCranmer/issue_aggregator/blob/dc029f92937dce91f2b80345f78606e7ae44c619/pysr/issue201.json
MilesCranmer/issue_aggregator,pysr/issue236.json,b075a92b9629b7c262a4fea7a111559e3c98feed,https://github.com/MilesCranmer/issue_aggregator/blob/dc029f92937dce91f2b80345f78606e7ae44c619/pysr/issue236.json
MilesCranmer/issue_aggregator,pysr/issue238.json,c82eb1eb228b3822b0107b670801f893c472977d,https://github.com/MilesCranmer/issue_aggregator/blob/dc029f92937dce91f2b80345f78606e7ae44c619/pysr/issue238.json
MilesCranmer/issue_aggregator,pysr/issue250.json,ea0b1b2c328ca6d2267d1916c9d85bf5edc57e78,https://github.com/MilesCranmer/issue_aggregator/blob/dc029f92937dce91f2b80345f78606e7ae44c619/pysr/issue250.json
MilesCranmer/issue_aggregator,pysr/issue261.json,84e5bdf1dac37f6834edc66f1d267f90384370e3,https://github.com/MilesCranmer/issue_aggregator/blob/dc029f92937dce91f2b80345f78606e7ae44c619/pysr/issue261.json
MilesCranmer/issue_aggregator,pysr/issue264.json,7100f6308de3ce5ad1ab884a916d42888a3054ba,https://github.com/MilesCranmer/issue_aggregator/blob/dc029f92937dce91f2b80345f78606e7ae44c619/pysr/issue264.json
MilesCranmer/issue_aggregator,pysr/issue279.json,74c7c0c6bcec283f1fcadd7ec95faa0813286583,https://github.com/MilesCranmer/issue_aggregator/blob/dc029f92937dce91f2b80345f78606e7ae44c619/pysr/issue279.json
MilesCranmer/issue_aggregator,pysr/issue289.json,069bf2895d91541bc92196fa0346149724ae6559,https://github.com/MilesCranmer/issue_aggregator/blob/dc029f92937dce91f2b80345f78606e7ae44c619/pysr/issue289.json
MilesCranmer/issue_aggregator,pysr/issue330.json,c9fd1523941a19ff497fa4fede3a29cd2882c2ff,https://github.com/MilesCranmer/issue_aggregator/blob/dc029f92937dce91f2b80345f78606e7ae44c619/pysr/issue330.json
MilesCranmer/issue_aggregator,pysr/issue332.json,713c2aea67bd08e9f7b39201b4672139665b262f,https://github.com/MilesCranmer/issue_aggregator/blob/dc029f92937dce91f2b80345f78606e7ae44c619/pysr/issue332.json
MilesCranmer/issue_aggregator,pysr/issue337.json,d024a05cc5b67215ac07dfd354c95697b54a4396,https://github.com/MilesCranmer/issue_aggregator/blob/dc029f92937dce91f2b80345f78606e7ae44c619/pysr/issue337.json
MilesCranmer/issue_aggregator,pysr/issue339.json,b19b89e0654eec6835e054df4418b88c3c1b3e64,https://github.com/MilesCranmer/issue_aggregator/blob/dc029f92937dce91f2b80345f78606e7ae44c619/pysr/issue339.json
MilesCranmer/issue_aggregator,pysr/issue379.json,28ffbce614d5b5fb71ead917dfd4cf812fa03b48,https://github.com/MilesCranmer/issue_aggregator/blob/dc029f92937dce91f2b80345f78606e7ae44c619/pysr/issue379.json
MilesCranmer/issue_aggregator,pysr/issue392.json,b610160cc612144582f9517fd5183cd074abc37d,https://github.com/MilesCranmer/issue_aggregator/blob/dc029f92937dce91f2b80345f78606e7ae44c619/pysr/issue392.json
MilesCranmer/issue_aggregator,pysr/issue411.json,13f53a197ac051570b031610328bc85b47f4503d,https://github.com/MilesCranmer/issue_aggregator/blob/dc029f92937dce91f2b80345f78606e7ae44c619/pysr/issue411.json
MilesCranmer/issue_aggregator,pysr/issue420.json,869cf2daba63f42c7c25db9430c3a15a4d339ca4,https://github.com/MilesCranmer/issue_aggregator/blob/dc029f92937dce91f2b80345f78606e7ae44c619/pysr/issue420.json
MilesCranmer/issue_aggregator,pysr/issue424.json,1449f7697bf31aa9cee9edfb78719933af2d9766,https://github.com/MilesCranmer/issue_aggregator/blob/dc029f92937dce91f2b80345f78606e7ae44c619/pysr/issue424.json
MilesCranmer/issue_aggregator,pysr/issue460.json,0228b9bdf32ae7d2fe1353606344570df9abb1ca,https://github.com/MilesCranmer/issue_aggregator/blob/dc029f92937dce91f2b80345f78606e7ae44c619/pysr/issue460.json
MilesCranmer/issue_aggregator,pysr/issue489.json,08a333217aa6ece7abd0979ef35e3ede928fb70c,https://github.com/MilesCranmer/issue_aggregator/blob/dc029f92937dce91f2b80345f78606e7ae44c619/pysr/issue489.json
MilesCranmer/issue_aggregator,pysr/issue490.json,70f318b968ec0a4cae5b944f26b10fc10d069149,https://github.com/MilesCranmer/issue_aggregator/blob/dc029f92937dce91f2b80345f78606e7ae44c619/pysr/issue490.json
MilesCranmer/issue_aggregator,pysr/issue494.json,6305c82f6a18d2b537f4bd018b25f187808b961d,https://github.com/MilesCranmer/issue_aggregator/blob/dc029f92937dce91f2b80345f78606e7ae44c619/pysr/issue494.json
MilesCranmer/issue_aggregator,pysr/issue511.json,3fed82860a734523b5e30ba9441855a0ffc7e857,https://github.com/MilesCranmer/issue_aggregator/blob/dc029f92937dce91f2b80345f78606e7ae44c619/pysr/issue511.json
MilesCranmer/issue_aggregator,pysr/issue551.json,939b91b76a7a32a22730424fa704553acc081fe5,https://github.com/MilesCranmer/issue_aggregator/blob/dc029f92937dce91f2b80345f78606e7ae44c619/pysr/issue551.json
MilesCranmer/issue_aggregator,pysr/issue561.json,2086578a6fb09c2f060eaed4ddbfa34f00d3968a,https://github.com/MilesCranmer/issue_aggregator/blob/dc029f92937dce91f2b80345f78606e7ae44c619/pysr/issue561.json
MilesCranmer/issue_aggregator,pysr/issue566.json,888725ab9f513510403e0184ded36540f60e257e,https://github.com/MilesCranmer/issue_aggregator/blob/dc029f92937dce91f2b80345f78606e7ae44c619/pysr/issue566.json
MilesCranmer/issue_aggregator,pysr/issue588.json,d272bebe3de8528055ce5a84711a3820766d80b4,https://github.com/MilesCranmer/issue_aggregator/blob/dc029f92937dce91f2b80345f78606e7ae44c619/pysr/issue588.json
MilesCranmer/issue_aggregator,pysr/issue600.json,d66cddddeee7e3de611fd2e82646324d6b15c3aa,https://github.com/MilesCranmer/issue_aggregator/blob/dc029f92937dce91f2b80345f78606e7ae44c619/pysr/issue600.json
MilesCranmer/issue_aggregator,pysr/issue636.json,499b37311d431e04bd1c78aaf141e0f0f9172c36,https://github.com/MilesCranmer/issue_aggregator/blob/dc029f92937dce91f2b80345f78606e7ae44c619/pysr/issue636.json
MilesCranmer/issue_aggregator,pysr/issue656.json,e812f9976e74a1f6812a4c77f2e0bd5700e544ca,https://github.com/MilesCranmer/issue_aggregator/blob/dc029f92937dce91f2b80345f78606e7ae44c619/pysr/issue656.json
MilesCranmer/issue_aggregator,pysr/issue661.json,642e7fbc040f5d7e98ec231f7c4d845bb83923e2,https://github.com/MilesCranmer/issue_aggregator/blob/dc029f92937dce91f2b80345f78606e7ae44c619/pysr/issue661.json
MilesCranmer/issue_aggregator,pysr/issue662.json,c4655435b89a568054dd1a936c9d7f0b9b7f7b49,https://github.com/MilesCranmer/issue_aggregator/blob/dc029f92937dce91f2b80345f78606e7ae44c619/pysr/issue662.json
MilesCranmer/issue_aggregator,pysr/issue672.json,449052bfe9122083cb5e0ba4104d1da1327eb5c9,https://github.com/MilesCranmer/issue_aggregator/blob/dc029f92937dce91f2b80345f78606e7ae44c619/pysr/issue672.json
MilesCranmer/issue_aggregator,pysr/issue691.json,9b26fca6953fe3c7dfc27fdb523b01f769dc4fae,https://github.com/MilesCranmer/issue_aggregator/blob/dc029f92937dce91f2b80345f78606e7ae44c619/pysr/issue691.json
MilesCranmer/issue_aggregator,pysr/issue699.json,a4f4adbef458a7caae31b98bb2e3ba5ef5a56083,https://github.com/MilesCranmer/issue_aggregator/blob/dc029f92937dce91f2b80345f78606e7ae44c619/pysr/issue699.json
MilesCranmer/issue_aggregator,pysr/issue700.json,4078a22ac567b1e5ec4bcb3778c62510a217b7da,https://github.com/MilesCranmer/issue_aggregator/blob/dc029f92937dce91f2b80345f78606e7ae44c619/pysr/issue700.json
MilesCranmer/issue_aggregator,pysr/issue706.json,65145de7c1046b4ffd4f114b6d83183a13536be5,https://github.com/MilesCranmer/issue_aggregator/blob/dc029f92937dce91f2b80345f78606e7ae44c619/pysr/issue706.json
MilesCranmer/issue_aggregator,pysr/issue761.json,a8df677c21052bb6b9123fe11154430ec528e3a6,https://github.com/MilesCranmer/issue_aggregator/blob/dc029f92937dce91f2b80345f78606e7ae44c619/pysr/issue761.json
MilesCranmer/issue_aggregator,pysr/issue769.json,e8097e1886736e4028f896ae60f249c574874d47,https://github.com/MilesCranmer/issue_aggregator/blob/dc029f92937dce91f2b80345f78606e7ae44c619/pysr/issue769.json
MilesCranmer/issue_aggregator,pysr/issue775.json,14ed21bb54045817006582e39c2933fd6250cf9e,https://github.com/MilesCranmer/issue_aggregator/blob/dc029f92937dce91f2b80345f78606e7ae44c619/pysr/issue775.json
MilesCranmer/issue_aggregator,pysr/issue779.json,7d9abb5bd1bbd16e363849bd82670933d4071cd5,https://github.com/MilesCranmer/issue_aggregator/blob/dc029f92937dce91f2b80345f78606e7ae44c619/pysr/issue779.json
MilesCranmer/issue_aggregator,pysr/issue816.json,199cec40982ab24048304c1b541921e1028acd7c,https://github.com/MilesCranmer/issue_aggregator/blob/dc029f92937dce91f2b80345f78606e7ae44c619/pysr/issue816.json
MilesCranmer/issue_aggregator,pysr/issue820.json,b70cc14a22f452df71ee545fbb439541d1b5b92b,https://github.com/MilesCranmer/issue_aggregator/blob/dc029f92937dce91f2b80345f78606e7ae44c619/pysr/issue820.json
MilesCranmer/issue_aggregator,pysr/issue829.json,3b6d33b6649b0458ccd33e8c7881d1181ee51350,https://github.com/MilesCranmer/issue_aggregator/blob/dc029f92937dce91f2b80345f78606e7ae44c619/pysr/issue829.json
MilesCranmer/issue_aggregator,pysr/issue832.json,6af5cfcad190b8173d1945480329fa80e1bfd707,https://github.com/MilesCranmer/issue_aggregator/blob/dc029f92937dce91f2b80345f78606e7ae44c619/pysr/issue832.json
MilesCranmer/issue_aggregator,pysr/issue843.json,fccf51f5f4f33367532260c9ab8d5ab4dfb6e9ac,https://github.com/MilesCranmer/issue_aggregator/blob/dc029f92937dce91f2b80345f78606e7ae44c619/pysr/issue843.json
MilesCranmer/issue_aggregator,pysr/issue848.json,51839f9830f22e8640be3bc354289ba8e29a84f5,https://github.com/MilesCranmer/issue_aggregator/blob/dc029f92937dce91f2b80345f78606e7ae44c619/pysr/issue848.json
MilesCranmer/issue_aggregator,pysr/issue856.json,3ee98810fdbb796bad1878a0fbbd334f0bef0789,https://github.com/MilesCranmer/issue_aggregator/blob/dc029f92937dce91f2b80345f78606e7ae44c619/pysr/issue856.json
MilesCranmer/issue_aggregator,pysr/issue860.json,ae77ea8a556a51d23df430bbe3f1b3f475593a6e,https://github.com/MilesCranmer/issue_aggregator/blob/dc029f92937dce91f2b80345f78606e7ae44c619/pysr/issue860.json
MilesCranmer/issue_aggregator,pysr/issue866.json,bcef6aaee2d25012d3585697d26667f30155243d,https://github.com/MilesCranmer/issue_aggregator/blob/dc029f92937dce91f2b80345f78606e7ae44c619/pysr/issue866.json
MilesCranmer/issue_aggregator,pysr/issue887.json,c962dc10300b2129fa2777da654f8df06ed1104f,https://github.com/MilesCranmer/issue_aggregator/blob/dc029f92937dce91f2b80345f78606e7ae44c619/pysr/issue887.json
MilesCranmer/issue_aggregator,pysr/issue891.json,9db304c32b0a0d33f8c0192b73cb5eeeac33a662,https://github.com/MilesCranmer/issue_aggregator/blob/dc029f92937dce91f2b80345f78606e7ae44c619/pysr/issue891.json
MilesCranmer/issue_aggregator,pysr/issue896.json,c2d1dd264ca14fb5752cd865f94608f8aab8fe99,https://github.com/MilesCranmer/issue_aggregator/blob/dc029f92937dce91f2b80345f78606e7ae44c619/pysr/issue896.json
MilesCranmer/issue_aggregator,pysr/issue909.json,738e6f9f22c7b219b7b0f3c219848be7c309ba69,https://github.com/MilesCranmer/issue_aggregator/blob/dc029f92937dce91f2b80345f78606e7ae44c619/pysr/issue909.json
MilesCranmer/issue_aggregator,pysr/issue919.json,8b13178cb11c9655a4cf8403ccfc2a34dfc3a436,https://github.com/MilesCranmer/issue_aggregator/blob/dc029f92937dce91f2b80345f78606e7ae44c619/pysr/issue919.json
MilesCranmer/issue_aggregator,pysr/issue94.json,ee4cce2a646aa3f633f2784a6818f8ae09192490,https://github.com/MilesCranmer/issue_aggregator/blob/dc029f92937dce91f2b80345f78606e7ae44c619/pysr/issue94.json
MilesCranmer/issue_aggregator,pysr/issue940.json,ed9ed35ef9c39b529b352234c33ecff5b05c4501,https://github.com/MilesCranmer/issue_aggregator/blob/dc029f92937dce91f2b80345f78606e7ae44c619/pysr/issue940.json
MilesCranmer/issue_aggregator,pysr/issue941.json,297a3338f0c5dd40d5ff812b0eadcce2ea9f36b3,https://github.com/MilesCranmer/issue_aggregator/blob/dc029f92937dce91f2b80345f78606e7ae44c619/pysr/issue941.json
MilesCranmer/issue_aggregator,pysr/issue99.json,8451b89ff20ebfb99c0e48319eda12d09defad1d,https://github.com/MilesCranmer/issue_aggregator/blob/dc029f92937dce91f2b80345f78606e7ae44c619/pysr/issue99.json
MilesCranmer/pysr_paper,src/data/empirical_bench/equations.yml,ce5d082324fc9bd8a2349b2de3bf3c323100fd41,https://github.com/MilesCranmer/pysr_paper/blob/b30687433fb32d3b9784fbedb1480d947dc46fc0/src/data/empirical_bench/equations.yml
MilesCranmer/pysr_paper,src/tex/ms.tex,8be3339797eea622de7bade76edefa3f83c3487b,https://github.com/MilesCranmer/pysr_paper/blob/b30687433fb32d3b9784fbedb1480d947dc46fc0/src/tex/ms.tex
MilesCranmer/pysr_scaling_laws,better_scaling_law_llama2.py,b7ce7a0d31982660676eb1f5e711913d65006739,https://github.com/MilesCranmer/pysr_scaling_laws/blob/c8bd4e61d4d723f63d6b20ae49356e911bc707e8/better_scaling_law_llama2.py
MilesCranmer/pysr_tutorial,PySR/TODO.md,0ced06bbfdae69cfdf0ac9a709b5cf5dd7c65a95,https://github.com/MilesCranmer/pysr_tutorial/blob/d532c98204742b9b173b77daf62967a9d98ec287/PySR/TODO.md
MilesCranmer/pysr_tutorial,PySR/benchmarks/hyperparamopt.py,3c933f89e647a75c195052bb7f2ca9f10923666b,https://github.com/MilesCranmer/pysr_tutorial/blob/d532c98204742b9b173b77daf62967a9d98ec287/PySR/benchmarks/hyperparamopt.py
MilesCranmer/pysr_tutorial,PySR/docs/_api.md,2cd838e14ce86fcffa0e0a7d8366f82087ede9d9,https://github.com/MilesCranmer/pysr_tutorial/blob/d532c98204742b9b173b77daf62967a9d98ec287/PySR/docs/_api.md
MilesCranmer/pysr_tutorial,PySR/docs/examples.md,2b35b629415f75bc66a923210e7656db49996389,https://github.com/MilesCranmer/pysr_tutorial/blob/d532c98204742b9b173b77daf62967a9d98ec287/PySR/docs/examples.md
MilesCranmer/pysr_tutorial,PySR/docs/gen_param_docs.py,83e3df739109cc83fd02d2cde30720ead1f711c0,https://github.com/MilesCranmer/pysr_tutorial/blob/d532c98204742b9b173b77daf62967a9d98ec287/PySR/docs/gen_param_docs.py
MilesCranmer/pysr_tutorial,PySR/docs/operators.md,7a48c0e450084157eddc41b3bed6ab73cd8b5d67,https://github.com/MilesCranmer/pysr_tutorial/blob/d532c98204742b9b173b77daf62967a9d98ec287/PySR/docs/operators.md
MilesCranmer/pysr_tutorial,PySR/example.py,e3b7deeecb1530f38f9e88b67ef80e33d1216b9b,https://github.com/MilesCranmer/pysr_tutorial/blob/d532c98204742b9b173b77daf62967a9d98ec287/PySR/example.py
MilesCranmer/pysr_tutorial,PySR/examples/pysr_demo.ipynb,e91c76fde385293995532d2bb14ca36453319871,https://github.com/MilesCranmer/pysr_tutorial/blob/d532c98204742b9b173b77daf62967a9d98ec287/PySR/examples/pysr_demo.ipynb
MilesCranmer/pysr_tutorial,PySR/pysr/__init__.py,e303becb2dddf32fd0d921f2d35a188568c65c49,https://github.com/MilesCranmer/pysr_tutorial/blob/d532c98204742b9b173b77daf62967a9d98ec287/PySR/pysr/__init__.py
MilesCranmer/pysr_tutorial,PySR/pysr/sr.py,40df6b9021bd8c7706d310c6004122a5379a3dba,https://github.com/MilesCranmer/pysr_tutorial/blob/d532c98204742b9b173b77daf62967a9d98ec287/PySR/pysr/sr.py
MilesCranmer/pysr_tutorial,PySR/pysr/test/test.py,b19d0ebcf591ef76efa22949e69447587d48445d,https://github.com/MilesCranmer/pysr_tutorial/blob/d532c98204742b9b173b77daf62967a9d98ec287/PySR/pysr/test/test.py
MilesCranmer/pysr_tutorial,PySR/pysr/test/test_jax.py,e9834cadd4fe8d84c4bc69635a28740580bc4448,https://github.com/MilesCranmer/pysr_tutorial/blob/d532c98204742b9b173b77daf62967a9d98ec287/PySR/pysr/test/test_jax.py
MilesCranmer/pysr_tutorial,PySR/pysr/test/test_torch.py,3520b28ee48e9bbebad0c98fa2a6b588db9fa031,https://github.com/MilesCranmer/pysr_tutorial/blob/d532c98204742b9b173b77daf62967a9d98ec287/PySR/pysr/test/test_torch.py
MilesCranmer/pysr_tutorial,README.md,0a24308f4062ac9b3eec40b83d2dcf98e68a0022,https://github.com/MilesCranmer/pysr_tutorial/blob/d532c98204742b9b173b77daf62967a9d98ec287/README.md
MilesCranmer/pysr_wandb,pysr_wandb/pysr_wandb.py,fe74e6c7f37a53420aff44c9c34457eb50adc9ac,https://github.com/MilesCranmer/pysr_wandb/blob/348964dcdc153ded6eb624481e8eeaf9d1e3f62f/pysr_wandb/pysr_wandb.py
MIMUW-RL/worrisome-nn,python/derive_symbolic.py,cd835ee6bd499d947397fe9cb905b304c0fd9e7d,https://github.com/MIMUW-RL/worrisome-nn/blob/c682c6763e7344385569aa6c73406033c8c9edbf/python/derive_symbolic.py
MIMUW-RL/worrisome-nn,python/smallNN_distill.py,bfc906d152fb929effa3104f2458433032ba00f6,https://github.com/MIMUW-RL/worrisome-nn/blob/c682c6763e7344385569aa6c73406033c8c9edbf/python/smallNN_distill.py
mit-nms/Engram,SystemBench/FrontierCS/openevolve_configs/res_symbolic_regression__mccormick/initial_program.py,6e1fc7f5aec9555590cfe7d10b75b1131b1df753,https://github.com/mit-nms/Engram/blob/52958581db264b8d53cfe3cd18c93c059878b0dc/SystemBench/FrontierCS/openevolve_configs/res_symbolic_regression__mccormick/initial_program.py
mk8877/01ferrimagnet,notebooks/0521_step2_substep1c_pysr.ipynb,1efcabe2e55993e414600279235fc59df2d7cc17,https://github.com/mk8877/01ferrimagnet/blob/c1b32b247672737fb89ef053406f478154fe11d4/notebooks/0521_step2_substep1c_pysr.ipynb
mk8877/01ferrimagnet,notebooks/0521_step3_substep1c_pysr.ipynb,d56c2302a5798fd2cbe8163c31c4067c4785aa89,https://github.com/mk8877/01ferrimagnet/blob/c1b32b247672737fb89ef053406f478154fe11d4/notebooks/0521_step3_substep1c_pysr.ipynb
mk8877/01ferrimagnet,notebooks/0522_step4_substep1c_pysr.ipynb,e27fbd478c6b2cf275ecd316588d7ad4ed5f20dd,https://github.com/mk8877/01ferrimagnet/blob/c1b32b247672737fb89ef053406f478154fe11d4/notebooks/0522_step4_substep1c_pysr.ipynb
mk8877/01ferrimagnet,notebooks/0522_step5_substep1c_pysr.ipynb,6d3640ef627490bdbbde988d95eeb95f6c33839e,https://github.com/mk8877/01ferrimagnet/blob/c1b32b247672737fb89ef053406f478154fe11d4/notebooks/0522_step5_substep1c_pysr.ipynb
mk8877/01ferrimagnet,notebooks/0602_step7a_substep1c_pysr.ipynb,347a3f2a87908d73c042edf6722fad08c0be6a0b,https://github.com/mk8877/01ferrimagnet/blob/c1b32b247672737fb89ef053406f478154fe11d4/notebooks/0602_step7a_substep1c_pysr.ipynb
mk8877/01ferrimagnet,notebooks/0602_step7b_substep1c_pysr_v7.ipynb,359886d60f6e79319d8f3023a87538b7f1e917f4,https://github.com/mk8877/01ferrimagnet/blob/c1b32b247672737fb89ef053406f478154fe11d4/notebooks/0602_step7b_substep1c_pysr_v7.ipynb
mk8877/01ferrimagnet,notebooks/0603_step7c_substep1c_pysr.ipynb,5ff3fa2dd4ab35c8c8d12021106627138a66ddb9,https://github.com/mk8877/01ferrimagnet/blob/c1b32b247672737fb89ef053406f478154fe11d4/notebooks/0603_step7c_substep1c_pysr.ipynb
mk8877/01ferrimagnet,notebooks/0603_step7d_substep1c_pysr.ipynb,477c1a59d481790802117ec28b80ca32e5f4d016,https://github.com/mk8877/01ferrimagnet/blob/c1b32b247672737fb89ef053406f478154fe11d4/notebooks/0603_step7d_substep1c_pysr.ipynb
mk8877/01ferrimagnet,notebooks/phase0_4var.ipynb,1e558320a2891bdd4045bbf9a0f6e47665f94383,https://github.com/mk8877/01ferrimagnet/blob/c1b32b247672737fb89ef053406f478154fe11d4/notebooks/phase0_4var.ipynb
mk8877/01ferrimagnet,notebooks/phase0_asym.ipynb,a9ed60a89f37a6a5f0e6698fda2d9f03316e007a,https://github.com/mk8877/01ferrimagnet/blob/c1b32b247672737fb89ef053406f478154fe11d4/notebooks/phase0_asym.ipynb
mk8877/01ferrimagnet,notebooks/phase0_pysr.ipynb,fb2c90190a150fb8d4e2e3558e175b2a9386b26b,https://github.com/mk8877/01ferrimagnet/blob/c1b32b247672737fb89ef053406f478154fe11d4/notebooks/phase0_pysr.ipynb
mk8877/01ferrimagnet,scripts/_cells_dump.txt,961f6065f7698ff0e4aeb306b85ca8627d4a6002,https://github.com/mk8877/01ferrimagnet/blob/c1b32b247672737fb89ef053406f478154fe11d4/scripts/_cells_dump.txt
mk8877/01ferrimagnet,src/ferri/utils.py,b5b581602e89640b6a1e596321ad34ed3bb888f3,https://github.com/mk8877/01ferrimagnet/blob/c1b32b247672737fb89ef053406f478154fe11d4/src/ferri/utils.py
mk8877/01ferrimagnet,src/sr/distill.py,6995534b7d02f521d3f844d6bc784ce044b06115,https://github.com/mk8877/01ferrimagnet/blob/c1b32b247672737fb89ef053406f478154fe11d4/src/sr/distill.py
mldr-devs/ltc,ltc/symbolic/sr.py,2be5b4112dbf73aff658fb5f53305a1ba89de9ea,https://github.com/mldr-devs/ltc/blob/e94ec278edb29ab0a9d1909a0d1ec774fc8a1ed4/ltc/symbolic/sr.py
mlnomadpy/painting-arithmetic,experiments/circuit/C1_pysr.py,dea23902d5873a12120538fa1eff27e9930cb146,https://github.com/mlnomadpy/painting-arithmetic/blob/56089a3a705f7283d1bc4a68deee5cf956a289f0/experiments/circuit/C1_pysr.py
mmxMichelle/Intro_to_ML,MMLCW/formula_extractor.py,68fc8740799a948299f70d9c881de7e5f3f11f4e,https://github.com/mmxMichelle/Intro_to_ML/blob/930ac2c5df8a30e2ad5c0099fc8e7c37762f9740/MMLCW/formula_extractor.py
Mo-Khater/GSOC-symbolic-regression-pytorch,tests/test_bode.py,ba30c9c3aab787fdfcb9f01fc4905a07804a09b2,https://github.com/Mo-Khater/GSOC-symbolic-regression-pytorch/blob/12d9bed0610e3c7ff566e0af89495bd9715f363b/tests/test_bode.py
Mo-Khater/GSOC-symbolic-regression-pytorch,tests/test_hubble.py,d801fa44de437b38b782ce4760c867bf8cd105a4,https://github.com/Mo-Khater/GSOC-symbolic-regression-pytorch/blob/12d9bed0610e3c7ff566e0af89495bd9715f363b/tests/test_hubble.py
Mo-Khater/GSOC-symbolic-regression-pytorch,tests/test_ideal_gas.py,9c6f6ee6673a03ced2767da2fb2b9bde661ddb97,https://github.com/Mo-Khater/GSOC-symbolic-regression-pytorch/blob/12d9bed0610e3c7ff566e0af89495bd9715f363b/tests/test_ideal_gas.py
Mo-Khater/GSOC-symbolic-regression-pytorch,tests/test_kepler.py,a337b15b35743706d5079def399daf366889fbc8,https://github.com/Mo-Khater/GSOC-symbolic-regression-pytorch/blob/12d9bed0610e3c7ff566e0af89495bd9715f363b/tests/test_kepler.py
Mo-Khater/GSOC-symbolic-regression-pytorch,tests/test_leavitt.py,841a906d6163c0c55919ba98a587bc44012f1a8b,https://github.com/Mo-Khater/GSOC-symbolic-regression-pytorch/blob/12d9bed0610e3c7ff566e0af89495bd9715f363b/tests/test_leavitt.py
Mo-Khater/GSOC-symbolic-regression-pytorch,tests/test_newton.py,9e859d5511666ea5cd9bc72e35954c8ff7034fa2,https://github.com/Mo-Khater/GSOC-symbolic-regression-pytorch/blob/12d9bed0610e3c7ff566e0af89495bd9715f363b/tests/test_newton.py
Mo-Khater/GSOC-symbolic-regression-pytorch,tests/test_planck.py,71f744fd9570712939424bb9591c9849eaf15670,https://github.com/Mo-Khater/GSOC-symbolic-regression-pytorch/blob/12d9bed0610e3c7ff566e0af89495bd9715f363b/tests/test_planck.py
Mo-Khater/GSOC-symbolic-regression-pytorch,tests/test_rydberg.py,93a7a13e1768bd05c492c000096c3112fa6601aa,https://github.com/Mo-Khater/GSOC-symbolic-regression-pytorch/blob/12d9bed0610e3c7ff566e0af89495bd9715f363b/tests/test_rydberg.py
Mo-Khater/GSOC-symbolic-regression-pytorch,tests/test_schechter.py,6c4a222654a8a90dc12c694309a3982b093ef696,https://github.com/Mo-Khater/GSOC-symbolic-regression-pytorch/blob/12d9bed0610e3c7ff566e0af89495bd9715f363b/tests/test_schechter.py
Mo-Khater/GSOC-symbolic-regression-pytorch,tests/test_tully.py,21bf340fda5b3a4478ff9caa5d2ca426fbf288b4,https://github.com/Mo-Khater/GSOC-symbolic-regression-pytorch/blob/12d9bed0610e3c7ff566e0af89495bd9715f363b/tests/test_tully.py
MohammadHosseinalizadeh/Symbolic-regression-pysr,Symbolic_regression.ipynb,40051747aed4d520e4ffde00b823d3d1f4454156,https://github.com/MohammadHosseinalizadeh/Symbolic-regression-pysr/blob/9f44304fe9ae5439fcc905694d5ad24c9ee8458e/Symbolic_regression.ipynb
mohitattarde/Calabi-Yau,src/advanced_models.py,389e3040a1875df8f1c8768dd1e379ed23b63b47,https://github.com/mohitattarde/Calabi-Yau/blob/bab4fd60f2d28256c340f5a5406b10f8d23eb344/src/advanced_models.py
MrTomRod/scoary-2,benchmarking/picking_performance/benchmark_picking.py,520bcecf400379fd29580c346654ed12f0e7ecb9,https://github.com/MrTomRod/scoary-2/blob/8e2d0dce894769442b8ab764655e7580431c7b22/benchmarking/picking_performance/benchmark_picking.py
munnecke/Hubble_Tension,projects/hubble-tension/hubble_tension_phase_transition.md,1de5ebdc11b2d6371e1dc6ac2de251c4cbc798c6,https://github.com/munnecke/Hubble_Tension/blob/1e9a48658ee061284d328c1c3f896ff1641908d5/projects/hubble-tension/hubble_tension_phase_transition.md
mwaaas/AI-ADN,UMF_PCSR,cff74240bae196ab17da50a70e98557180ce0f84,https://github.com/mwaaas/AI-ADN/blob/3ed267dbe88475ed37ced606f30359587c049b48/UMF_PCSR
mysticai11/TYPE2-PHENOTYPE,src_code/analysis/symbolic_decoder.py,6e5eb3611fc681b13a7dc7565785ff77b1c1e1df,https://github.com/mysticai11/TYPE2-PHENOTYPE/blob/6e708155e1b65c818f07f44dd569da37bd2409a6/src_code/analysis/symbolic_decoder.py
NabiaAI/Leaf,examples/.parametric_pysr_example.py,3c5534bda1dbfa161f8c111ce7037a6dc7f461ec,https://github.com/NabiaAI/Leaf/blob/ea739c60d94f4a7b1fb909e2b16322adbb72152c/examples/.parametric_pysr_example.py
NabiaAI/Leaf,leaf/leaf/inst/python/leaf/engines/pysr_engine.py,4ce95dc96e0e468fa194e46453cb7e3e9b8b29a2,https://github.com/NabiaAI/Leaf/blob/ea739c60d94f4a7b1fb909e2b16322adbb72152c/leaf/leaf/inst/python/leaf/engines/pysr_engine.py
NabiaAI/Leaf,sucellus/engines/pysr_engine.py,4ce95dc96e0e468fa194e46453cb7e3e9b8b29a2,https://github.com/NabiaAI/Leaf/blob/ea739c60d94f4a7b1fb909e2b16322adbb72152c/sucellus/engines/pysr_engine.py
Nanrrrr/KD,examples/discover_regression_example.py,9c6b982442dbe81fd275732c3dc16d68001cf5dc,https://github.com/Nanrrrr/KD/blob/647d8867cdda444d4202880fca45bac9339912fd/examples/discover_regression_example.py
Nanrrrr/KD,kd/model/eqgpt/find_coefficients.py,8837f7134e78602a3a848c23f53fc5e4f5932601,https://github.com/Nanrrrr/KD/blob/647d8867cdda444d4202880fca45bac9339912fd/kd/model/eqgpt/find_coefficients.py
Nanrrrr/KD,kd/model/kd_pysr.py,56d178feacb2395a0cbaa21e897ca85eefd1d0c4,https://github.com/Nanrrrr/KD/blob/647d8867cdda444d4202880fca45bac9339912fd/kd/model/kd_pysr.py
nantsk/ecm,2023/23_nov_gradient_boosting_and_pysr.ipynb,4e433253ed969026068c1ef813bd66a0a2909e30,https://github.com/nantsk/ecm/blob/69b2dc09d5c6ee08d7ee8aaf60293142b21e2642/2023/23_nov_gradient_boosting_and_pysr.ipynb
NathanTrugilho/estudos,faculdade/1º período/scripts_python/teste_pysr.py,0ed5b56ca295016121383f7d9875808933de1520,https://github.com/NathanTrugilho/estudos/blob/3c70bc503a729c41f8c570bc40514909afd74209/faculdade/1%C2%BA%20per%C3%ADodo/scripts_python/teste_pysr.py
ngruver/llmtime,experiments/run_simplicity_bias.py,015e02923ee8562f2ce22ab6b4447db02dc0fbe7,https://github.com/ngruver/llmtime/blob/f74234c43e06de78774d94c0974371a87b1c6971/experiments/run_simplicity_bias.py
nhahub/NHA-4-172,Data/cleaned/papers/2305.01582.md,cd4b11edefa629d7d8923dea38d7d083a81bbaf3,https://github.com/nhahub/NHA-4-172/blob/a91efd00fd4bd81b35dc9221c18376bf6dc1d348/Data/cleaned/papers/2305.01582.md
nikhilchhokar/gsoc-2026-deeplense,Sira Proposal/HumanAI_SIRA_Evaluation.ipynb,c857eb0f563280275950735d8e7ad6813c6237fe,https://github.com/nikhilchhokar/gsoc-2026-deeplense/blob/0cb7fed8e0fcd5aaf66f10d390f13947d15839cf/Sira Proposal/HumanAI_SIRA_Evaluation.ipynb
NikKessel/PID-Controller-optimization-with-machine-learning,src/models/prototype_symbolic.py,7804053a2db27d3cf2b3a8005d022d259e9e5117,https://github.com/NikKessel/PID-Controller-optimization-with-machine-learning/blob/a6640174507089a818a492f6de53f20ac67577bb/src/models/prototype_symbolic.py
nimanthahewage/fonterra,reaction-fitter.py,d62d49753f14da8cfad457ab94c903bb7f08dd1b,https://github.com/nimanthahewage/fonterra/blob/b2aa08e3fe0305c85f35acf5aee4909d6f6db158/reaction-fitter.py
nizkop/SymbolicRegression,README.md,9d0e872015db035ed81fdcb73b0403c42078a9e0,https://github.com/nizkop/SymbolicRegression/blob/0940d3159b08557c39d9d6daf4942900c4f3310b/README.md
nmoynihan/amplitudes-sr,klt_pysr_5pt.py,e599f07afe41c52e782217e2bc7187b1604bb66e,https://github.com/nmoynihan/amplitudes-sr/blob/44feb1160e52eb94756217ee6c23555edcad902a/klt_pysr_5pt.py
noelpc03/parametric-nonlinear-symbolic-regression,src/5_symbolic_regression/symbolic_regression.py,3baaa4039ac74e074ff485b81b8afc47a2118a80,https://github.com/noelpc03/parametric-nonlinear-symbolic-regression/blob/c6ae1635535f358842d8a416fee96e46f7d075e7/src/5_symbolic_regression/symbolic_regression.py
NotNotLuka/Modelska-Analiza,106/magnet.py,587255f7ae183ef4812b38ecea6733f18a07b494,https://github.com/NotNotLuka/Modelska-Analiza/blob/deebf9618cc0100d421d4669a402f2ab7ff69469/106/magnet.py
nprzrosas/data2sbml,fit_with_pysr.py,c753c1c9817359241ce5d53d27ae1c274f15e458,https://github.com/nprzrosas/data2sbml/blob/4be9e1b807381fbe50d65a240ae37adab56b1123/fit_with_pysr.py
nprzrosas/data2sbml,ignore/test_predict.py,9682b23b8bf94c72a0fea3d70e925b7c268c0e8e,https://github.com/nprzrosas/data2sbml/blob/4be9e1b807381fbe50d65a240ae37adab56b1123/ignore/test_predict.py
nprzrosas/data2sbml,pysr_fit_two_equations.py,e48144a8efb6c1cc7da8817749470499e1d4eb89,https://github.com/nprzrosas/data2sbml/blob/4be9e1b807381fbe50d65a240ae37adab56b1123/pysr_fit_two_equations.py
ns-1456/AI_Einstein,src/5_symbolic_discovery.py,9f719b2b57bc75bdecc63c04b3b5447fcb43ddf7,https://github.com/ns-1456/AI_Einstein/blob/7de1780e942c76f8a5279b7e4a6f1db6810b621c/src/5_symbolic_discovery.py
nsrkoganti/AY,tools/symbolic_cl.py,ea367de2d90a64482a6d06cb4770e8ac1299d102,https://github.com/nsrkoganti/AY/blob/c9f5ea8261fb8c484e209c4367d64203f4e0334c/tools/symbolic_cl.py
NumCosmo/NumCosmo,notebooks/primordial_perturbations/two_fluids.ipynb,1d3f13aa2977f38d6cc44cb3ebd302db00fcc879,https://github.com/NumCosmo/NumCosmo/blob/a857782126f2c25a0fd4ebafdb464e3244698f81/notebooks/primordial_perturbations/two_fluids.ipynb
nuuuh/SymbolBench,src/models/hybrid_pysr_old.py,492509415dfe18f080be13c2214d67ce4099c7c4,https://github.com/nuuuh/SymbolBench/blob/9fe104f236e1fac8b1f1e9fa49b25f638df10270/src/models/hybrid_pysr_old.py
nuuuh/SymbolBench,src/odeformer/baselines/pysr_wrapper.py,504ec9f1a729477d68f2b61de755be8c96a79978,https://github.com/nuuuh/SymbolBench/blob/9fe104f236e1fac8b1f1e9fa49b25f638df10270/src/odeformer/baselines/pysr_wrapper.py
oaustegard/claude-workspace-fuse,scripts/smoke_test.py,82011976522389215f2e7df9b0f21e296212bd06,https://github.com/oaustegard/claude-workspace-fuse/blob/b23b5cd346ec1e7838fbc58397a3d382f3a8b346/scripts/smoke_test.py
officialadityaaa/Shell_AI_Blend_Challenge,notebooks/5_Champion_Model_Solution.ipynb,d22fc9239b7fcb1d74affea87a58d44bd32f84ee,https://github.com/officialadityaaa/Shell_AI_Blend_Challenge/blob/9ac4d352fa575c38ff1273d68a1347240f36cf3e/notebooks/5_Champion_Model_Solution.ipynb
okitouni/NuCLR-MechInterp,scripts/symbolic_regression.py,55393544ee275a1fedca48b5b04847ea2ff1cc91,https://github.com/okitouni/NuCLR-MechInterp/blob/e46bb1ff0e403cbaea4672d03837dd1b7a0bfb28/scripts/symbolic_regression.py
olibasquette/halo_absorber,halo_tau_calculator_vectorised.py,9859d73d3c9cb9f6031ddf872d06537bb0dd6bf1,https://github.com/olibasquette/halo_absorber/blob/601347a8b734e9ec3410703aea40e1fed2d57dae/halo_tau_calculator_vectorised.py
olibasquette/halo_absorber,symbolic_regression.py,13cba2a0edb0b280ece91fd0f75ad9e8b4bdc2f1,https://github.com/olibasquette/halo_absorber/blob/601347a8b734e9ec3410703aea40e1fed2d57dae/symbolic_regression.py
omarcr/pys,notebooks/sym_reg_n_body.ipynb,d2f4f7445ab710bac3d9d14ae83a7fbb7d3a8361,https://github.com/omarcr/pys/blob/65f7fc05f8081c279815f7627f813ef01592b9b1/notebooks/sym_reg_n_body.ipynb
omniV1/GCU_SWE_2023-2025,CST-180-Python/Homework/Presentation/AeroSandbox-master/studies/AeroBuildup_LL_unsweep_calibration/make_fits_pysr.py,da759ac80f4b97ef673990d842d4f603f04378c2,https://github.com/omniV1/GCU_SWE_2023-2025/blob/cc1034c0473260e632171de92ffdd90b11112e03/CST-180-Python/Homework/Presentation/AeroSandbox-master/studies/AeroBuildup_LL_unsweep_calibration/make_fits_pysr.py
omniV1/GCU_SWE_2023-2025,CST-180-Python/Homework/Presentation/AeroSandbox-master/studies/ControlSurfaceEffectiveness/fit.py,84b46d4724529e72ff895ce9c353113589feaf61,https://github.com/omniV1/GCU_SWE_2023-2025/blob/cc1034c0473260e632171de92ffdd90b11112e03/CST-180-Python/Homework/Presentation/AeroSandbox-master/studies/ControlSurfaceEffectiveness/fit.py
omniV1/GCU_SWE_2023-2025,CST-180-Python/Homework/Presentation/AeroSandbox-master/studies/ControlSurfaceEffectiveness/pysr_fit.py,04e310f2c39d4a6313e6930e239870d965eae9ed,https://github.com/omniV1/GCU_SWE_2023-2025/blob/cc1034c0473260e632171de92ffdd90b11112e03/CST-180-Python/Homework/Presentation/AeroSandbox-master/studies/ControlSurfaceEffectiveness/pysr_fit.py
omniV1/GCU_SWE_2023-2025,CST-180-Python/Homework/Presentation/AeroSandbox-master/studies/MachFitting/CriticalMach/generate_and_fit_critical_mach.py,d19ba0060193accfacf384e68be635769322d395,https://github.com/omniV1/GCU_SWE_2023-2025/blob/cc1034c0473260e632171de92ffdd90b11112e03/CST-180-Python/Homework/Presentation/AeroSandbox-master/studies/MachFitting/CriticalMach/generate_and_fit_critical_mach.py
omniV1/GCU_SWE_2023-2025,CST-180-Python/Homework/Presentation/AeroSandbox-master/studies/SuperellipseProperties/perimeter_fit.py,50f1dc2bb5bb6a7ca7dae3e7f9631e6bce5326fc,https://github.com/omniV1/GCU_SWE_2023-2025/blob/cc1034c0473260e632171de92ffdd90b11112e03/CST-180-Python/Homework/Presentation/AeroSandbox-master/studies/SuperellipseProperties/perimeter_fit.py
omron-sinicx/srsd-benchmark,external/pysr/runner.py,06e9683bff860dca4f59d18ade6a4078d8cadaae,https://github.com/omron-sinicx/srsd-benchmark/blob/7d00b45d56250717ac08a256dc9f79b836d61027/external/pysr/runner.py
ooakley/learning_muscleabm,marimo_scripts/20260216_SymbolicRegression.py,846fc9f07fb08b2e17c9ec55886c346c6e19ab13,https://github.com/ooakley/learning_muscleabm/blob/81439d8d9c417642349c137c1963e2e79af89324/marimo_scripts/20260216_SymbolicRegression.py
ooakley/learning_muscleabm,marimo_scripts/ScratchResamplingAnalysis.py,88187f6bded48e098146f2949c0f7b2fb71c6272,https://github.com/ooakley/learning_muscleabm/blob/81439d8d9c417642349c137c1963e2e79af89324/marimo_scripts/ScratchResamplingAnalysis.py
ooakley/learning_muscleabm,marimo_scripts/TrajectorySobolSearchAnalysis.py,70d0e3432e5eea4ffe39b566399a4e65f2336a11,https://github.com/ooakley/learning_muscleabm/blob/81439d8d9c417642349c137c1963e2e79af89324/marimo_scripts/TrajectorySobolSearchAnalysis.py
ooakley/learning_muscleabm,python_scripts/legacy_scripts/run_symbolic_regression.py,db634bb1b674bfd68762cb17d0f98fbe57bf903e,https://github.com/ooakley/learning_muscleabm/blob/81439d8d9c417642349c137c1963e2e79af89324/python_scripts/legacy_scripts/run_symbolic_regression.py
OptiMaL-PSE-Lab/auto_discov_kin_rate_models,ADoK-S/Decomposition of Nitrous Oxide/sym_reg_models.py,f2a97bbaa751b96d957b39d1c91aa8d0e0351946,https://github.com/OptiMaL-PSE-Lab/auto_discov_kin_rate_models/blob/3a1ce425ae011c444f560f6c2ccc890593234e50/ADoK-S/Decomposition of Nitrous Oxide/sym_reg_models.py
OptiMaL-PSE-Lab/auto_discov_kin_rate_models,ADoK-S/Decomposition of Nitrous Oxide/sym_reg_models_ADoK-W.py,ef62c48cb1e2a73d2e7b69cafbb0940a32912076,https://github.com/OptiMaL-PSE-Lab/auto_discov_kin_rate_models/blob/3a1ce425ae011c444f560f6c2ccc890593234e50/ADoK-S/Decomposition of Nitrous Oxide/sym_reg_models_ADoK-W.py
OptiMaL-PSE-Lab/auto_discov_kin_rate_models,ADoK-S/Hydrodealkylation of Toluene/Hydrogenation of Toluene.py,25f471cee096f09ba885103d6412c31c9d154930,https://github.com/OptiMaL-PSE-Lab/auto_discov_kin_rate_models/blob/3a1ce425ae011c444f560f6c2ccc890593234e50/ADoK-S/Hydrodealkylation of Toluene/Hydrogenation of Toluene.py
OptiMaL-PSE-Lab/auto_discov_kin_rate_models,ADoK-S/Hydrodealkylation of Toluene/sym_reg_models_ADoK-W.py,6df73b2db0dfe1d582f38b2c81b71112ec755aae,https://github.com/OptiMaL-PSE-Lab/auto_discov_kin_rate_models/blob/3a1ce425ae011c444f560f6c2ccc890593234e50/ADoK-S/Hydrodealkylation of Toluene/sym_reg_models_ADoK-W.py
OptiMaL-PSE-Lab/auto_discov_kin_rate_models,ADoK-S/Multi-Reaction/case_study_1.py,297dd8642c5dc039e2060f9ff28851fdc7184946,https://github.com/OptiMaL-PSE-Lab/auto_discov_kin_rate_models/blob/3a1ce425ae011c444f560f6c2ccc890593234e50/ADoK-S/Multi-Reaction/case_study_1.py
OptiMaL-PSE-Lab/auto_discov_kin_rate_models,ADoK-S/Synthetic Isomerisation/sym_reg_models_ADoK-W.py,86a04e703c74b5ee81e4c5f154302eeccc88bf8e,https://github.com/OptiMaL-PSE-Lab/auto_discov_kin_rate_models/blob/3a1ce425ae011c444f560f6c2ccc890593234e50/ADoK-S/Synthetic Isomerisation/sym_reg_models_ADoK-W.py
OptiMaL-PSE-Lab/auto_discov_kin_rate_models,README.md,d87cb4b334cc1abea6e3f75fd93bb2a641396a3f,https://github.com/OptiMaL-PSE-Lab/auto_discov_kin_rate_models/blob/3a1ce425ae011c444f560f6c2ccc890593234e50/README.md
OptiMaL-PSE-Lab/Physics_Informed_Symbolic_Regression,Decomposition_of_Nitrous_Oxide_no_constraints/case_study.py,0aba9d127352676fda7e5572772c59fd5f0b8734,https://github.com/OptiMaL-PSE-Lab/Physics_Informed_Symbolic_Regression/blob/5c5c90c2a84ad198e33c770f6d1d65ce0f472394/Decomposition_of_Nitrous_Oxide_no_constraints/case_study.py
OptiMaL-PSE-Lab/Physics_Informed_Symbolic_Regression,Decomposition_of_Nitrous_Oxide_no_constraints/case_study_constraints.py,1680bddb8a8484b5ced1f8577e97d15d1a921760,https://github.com/OptiMaL-PSE-Lab/Physics_Informed_Symbolic_Regression/blob/5c5c90c2a84ad198e33c770f6d1d65ce0f472394/Decomposition_of_Nitrous_Oxide_no_constraints/case_study_constraints.py
OptiMaL-PSE-Lab/Physics_Informed_Symbolic_Regression,Decomposition_of_Nitrous_Oxide_no_constraints/optimise.py,ab1df2b6897ffaf9e64763f32e4f951c5f6b4d43,https://github.com/OptiMaL-PSE-Lab/Physics_Informed_Symbolic_Regression/blob/5c5c90c2a84ad198e33c770f6d1d65ce0f472394/Decomposition_of_Nitrous_Oxide_no_constraints/optimise.py
OptiMaL-PSE-Lab/Physics_Informed_Symbolic_Regression,Decomposition_of_Nitrous_Oxide_no_constraints/saving_rates.py,e8466d4617f4fc0b9d427fe6948b8a5e05ee55fa,https://github.com/OptiMaL-PSE-Lab/Physics_Informed_Symbolic_Regression/blob/5c5c90c2a84ad198e33c770f6d1d65ce0f472394/Decomposition_of_Nitrous_Oxide_no_constraints/saving_rates.py
OptiMaL-PSE-Lab/Physics_Informed_Symbolic_Regression,Hydrodealkylation_of_Toluene_no_constraints/case_study.py,c9ebbf57fb7df120ca57b2bbd006c811f9e10174,https://github.com/OptiMaL-PSE-Lab/Physics_Informed_Symbolic_Regression/blob/5c5c90c2a84ad198e33c770f6d1d65ce0f472394/Hydrodealkylation_of_Toluene_no_constraints/case_study.py
OptiMaL-PSE-Lab/Physics_Informed_Symbolic_Regression,Hydrodealkylation_of_Toluene_no_constraints/case_study_constraints.py,bb82d2d43dd73f67e428bf470205f5aa36470a4a,https://github.com/OptiMaL-PSE-Lab/Physics_Informed_Symbolic_Regression/blob/5c5c90c2a84ad198e33c770f6d1d65ce0f472394/Hydrodealkylation_of_Toluene_no_constraints/case_study_constraints.py
OptiMaL-PSE-Lab/Physics_Informed_Symbolic_Regression,Hydrodealkylation_of_Toluene_no_constraints/optimise.py,9c02c5eda8a1293184f85c78574f2ac601a00a4b,https://github.com/OptiMaL-PSE-Lab/Physics_Informed_Symbolic_Regression/blob/5c5c90c2a84ad198e33c770f6d1d65ce0f472394/Hydrodealkylation_of_Toluene_no_constraints/optimise.py
OptiMaL-PSE-Lab/Physics_Informed_Symbolic_Regression,Hydrodealkylation_of_Toluene_no_constraints/saving_rates.py,9fbc6722595210571b51e75680afe2fc29a6257d,https://github.com/OptiMaL-PSE-Lab/Physics_Informed_Symbolic_Regression/blob/5c5c90c2a84ad198e33c770f6d1d65ce0f472394/Hydrodealkylation_of_Toluene_no_constraints/saving_rates.py
OptiMaL-PSE-Lab/Physics_Informed_Symbolic_Regression,README.md,5aac5588871cc6eec8d5df6eb06082b5ebd09ad9,https://github.com/OptiMaL-PSE-Lab/Physics_Informed_Symbolic_Regression/blob/5c5c90c2a84ad198e33c770f6d1d65ce0f472394/README.md
OptiMaL-PSE-Lab/Physics_Informed_Symbolic_Regression,Synthetic_Isomerisation_no_constraints/case_study.py,ddaa59394cfaae635b2762546946374ff99c42bb,https://github.com/OptiMaL-PSE-Lab/Physics_Informed_Symbolic_Regression/blob/5c5c90c2a84ad198e33c770f6d1d65ce0f472394/Synthetic_Isomerisation_no_constraints/case_study.py
OptiMaL-PSE-Lab/Physics_Informed_Symbolic_Regression,Synthetic_Isomerisation_no_constraints/optimise.py,94aefa929bb490f763c4989e80175eb12cbb69a1,https://github.com/OptiMaL-PSE-Lab/Physics_Informed_Symbolic_Regression/blob/5c5c90c2a84ad198e33c770f6d1d65ce0f472394/Synthetic_Isomerisation_no_constraints/optimise.py
OptiMaL-PSE-Lab/Physics_Informed_Symbolic_Regression,Synthetic_Isomerisation_no_constraints/saving_rates.py,33e05634c47d6b2a2732ec6f500d322d2f1e71ae,https://github.com/OptiMaL-PSE-Lab/Physics_Informed_Symbolic_Regression/blob/5c5c90c2a84ad198e33c770f6d1d65ce0f472394/Synthetic_Isomerisation_no_constraints/saving_rates.py
OptiMaL-PSE-Lab/Physics_Informed_Symbolic_Regression,case_study.py,b9252ea89057b54f479c16fbdb8ef543d1f9272b,https://github.com/OptiMaL-PSE-Lab/Physics_Informed_Symbolic_Regression/blob/5c5c90c2a84ad198e33c770f6d1d65ce0f472394/case_study.py
Oscar-SR/symbolic-regression-notes,PySR/example.py,71e4956b2f15e762ab8aad4484609e505989b271,https://github.com/Oscar-SR/symbolic-regression-notes/blob/74f217baa7bc533ccb189ad986549c7cf290ba01/PySR/example.py
osirislab/LeakyPastes-V2,pastes/pastes_20230925120434.csv,a394252a41f07ce3f3e69dba5f91838acc1ba852,https://github.com/osirislab/LeakyPastes-V2/blob/11bf6811b2df0cc3130a6463a125d61c132a20e9/pastes/pastes_20230925120434.csv
ouadimaakoul4/4,AI-ADN-main/UMF_PCSR,cff74240bae196ab17da50a70e98557180ce0f84,https://github.com/ouadimaakoul4/4/blob/7e2aa1b46c12906eafece4a55c707331102880cf/AI-ADN-main/UMF_PCSR
OvadiaOmer3/WFLikelihoodProject,TestPyRegressor1d.py,56d9367a792c998d5f1bceed6d992c2e86aae8f7,https://github.com/OvadiaOmer3/WFLikelihoodProject/blob/11464f9c950e2578cb3f743fdfa1d0dc4d0ba3d1/TestPyRegressor1d.py
OvadiaOmer3/WFLikelihoodProject,TestPySRRegressor.py,8d566bd2e34441ac029269566bf1b9751de01dd2,https://github.com/OvadiaOmer3/WFLikelihoodProject/blob/11464f9c950e2578cb3f743fdfa1d0dc4d0ba3d1/TestPySRRegressor.py
P-H-B-D/4710-Code,symbolic_regression.py,07411c882dcdfe26b41070156e4deeb0ba6b47c9,https://github.com/P-H-B-D/4710-Code/blob/17c4ec56cd9c8d5da310edffc610eef5affce91b/symbolic_regression.py
P-H-B-D/4720-Code,plot_residuals.py,c78c62ddbe85bd0fd8d7d18654df6ee0207ac83e,https://github.com/P-H-B-D/4720-Code/blob/17bc8637cd05c53907041f5fad87b2313a55c8c7/plot_residuals.py
P-H-B-D/4720-Code,run_symbolic_regression.py,1051f1afefc6fd318bc5206b1ebc8addd16954d3,https://github.com/P-H-B-D/4720-Code/blob/17bc8637cd05c53907041f5fad87b2313a55c8c7/run_symbolic_regression.py
P-H-B-D/4720-Code,run_symbolic_regression_numerical_trig.py,da636d67f9d63582e6c9746908ca42351e5647da,https://github.com/P-H-B-D/4720-Code/blob/17bc8637cd05c53907041f5fad87b2313a55c8c7/run_symbolic_regression_numerical_trig.py
P-H-B-D/4720-Code,run_symbolic_regression_v2.py,2747fbc4e92cb0e6be21fe59aa3c3e74ef900bef,https://github.com/P-H-B-D/4720-Code/blob/17bc8637cd05c53907041f5fad87b2313a55c8c7/run_symbolic_regression_v2.py
P-H-B-D/4720-Code,symbolic_regression.py,07411c882dcdfe26b41070156e4deeb0ba6b47c9,https://github.com/P-H-B-D/4720-Code/blob/17bc8637cd05c53907041f5fad87b2313a55c8c7/symbolic_regression.py
Pablo-Lemos/orbits,symbolic_regression.py,64053c3386a70ac68f4f80c28143019ef5d7d576,https://github.com/Pablo-Lemos/orbits/blob/616642ab697b00e0bb7fb9b22f43175d8bdc9b73/symbolic_regression.py
pablolich/time_series_prop,code/symbolic_regression/pysr_first_test.py,68f606d43fc954263d68c1579c60f9cf4ca32db9,https://github.com/pablolich/time_series_prop/blob/77aecdd67b75de365033d9c2350e50abfd0b5f53/code/symbolic_regression/pysr_first_test.py
pablolich/time_series_prop,code/symbolic_regression/symbolic_regression_2_model_class.py,44fcc072c6ccd9cb2c80ef9fda41d97ff9fe10a2,https://github.com/pablolich/time_series_prop/blob/77aecdd67b75de365033d9c2350e50abfd0b5f53/code/symbolic_regression/symbolic_regression_2_model_class.py
pablolich/time_series_prop,code/symbolic_regression/symbolic_regression_2_model_class_bis.py,1d7886e13546209f043ffa545b2b46c0dff81d29,https://github.com/pablolich/time_series_prop/blob/77aecdd67b75de365033d9c2350e50abfd0b5f53/code/symbolic_regression/symbolic_regression_2_model_class_bis.py
PaddlePaddle/PaddleCFD,examples/symbolic_gn/README.md,6e1f7507ff8a3e45440e7e8cf46212f6cdc64a6e,https://github.com/PaddlePaddle/PaddleCFD/blob/4c22c40e0d8f1735abdefa8f686b839bd2ec4995/examples/symbolic_gn/README.md
pan-don/tropical-soil-nutrient-estimation,utils/pysr.py,07437031cbd494dd7b6c2e20dd5e21ac818f38f5,https://github.com/pan-don/tropical-soil-nutrient-estimation/blob/f1db1a81ce6a4a7f9fdaa41b2ba87a430bf665b4/utils/pysr.py
pandevim/NeuralSINDy,distill.py,9c1ebfb804f6bed8fea4401d4e5cdf689c2539c0,https://github.com/pandevim/NeuralSINDy/blob/b16949824ec985bb09296b9751b499d31fa3234f/distill.py
panu-hietanen/reinforcement-learning,pysr_demo.ipynb,a3aa7ceda08bb416eda6dec390ce0dd7b9bcb777,https://github.com/panu-hietanen/reinforcement-learning/blob/eb788088e978ee12129e1f260f3c7c56c1e3b114/pysr_demo.ipynb
papanokechi/wallis-pcf-lean4,materials_microlaws/symbolic_regression.py,136f2a0331086c705274515005293d2381a574de,https://github.com/papanokechi/wallis-pcf-lean4/blob/3af07fc3eafc6bf9c25002554b73f6cd93d09465/materials_microlaws/symbolic_regression.py
papanokechi/wallis-pcf-lean4,micro_laws_discovery/symbolic_engine.py,5d06567d9262c765726213277b40ebb3553d8277,https://github.com/papanokechi/wallis-pcf-lean4/blob/3af07fc3eafc6bf9c25002554b73f6cd93d09465/micro_laws_discovery/symbolic_engine.py
papanokechi/wallis-pcf-lean4,paper14-simulator-aware-v13.html,8d84e7bf20d8b797b5e323dd153c0e6b2dbf0722,https://github.com/papanokechi/wallis-pcf-lean4/blob/3af07fc3eafc6bf9c25002554b73f6cd93d09465/paper14-simulator-aware-v13.html
Paul-HenryP/Astro-EVSR,ev_sr_sparc.py,ca26b1fdc5128f9e3906ec67f06c8297218ff6b3,https://github.com/Paul-HenryP/Astro-EVSR/blob/11c7c8f59fc10b50548c1ba80fb72eac92c33158/ev_sr_sparc.py
pedrozanineli/barbie-rep,6_sensor/impedance_SR.ipynb,ce515d5e0daab9fa55409faafe020e04022ba40a,https://github.com/pedrozanineli/barbie-rep/blob/cd1d94fc1878308fcf2ece58179d4e0029dd9ca9/6_sensor/impedance_SR.ipynb
PEESEgroup/SCAN,examples/symbolic_regression_prediction.py,8cb5e251bbdd4cd535d1d8cf971b0d3f35df309d,https://github.com/PEESEgroup/SCAN/blob/cd0fc0c59555f5de18322e0f3d24a2897dac87d2/examples/symbolic_regression_prediction.py
PEESEgroup/SCAN,symbolic_regression/model.py,104034715d57aa770ed218603f8bc3514c7814a2,https://github.com/PEESEgroup/SCAN/blob/cd0fc0c59555f5de18322e0f3d24a2897dac87d2/symbolic_regression/model.py
pengzy-cosmo/DeepInflation,setup_julia.py,09bb92db36d3311f65417ef2474b243e408e3f73,https://github.com/pengzy-cosmo/DeepInflation/blob/9fb0038c67631c8929788055b80ddc97dfb63d07/setup_julia.py
PerformanceEstimation/PEPit,ressources/demo/PEPit_demo_extracting_a_proof.ipynb,01ccdf5755318dae3e5a2f5b347cd997655df6f2,https://github.com/PerformanceEstimation/PEPit/blob/5a061a1b2dbe450b6bac42e2442942748f3b1f32/ressources/demo/PEPit_demo_extracting_a_proof.ipynb
peterdsharpe/AeroSandbox,studies/AeroBuildup_LL_unsweep_calibration/make_fits_pysr.py,da759ac80f4b97ef673990d842d4f603f04378c2,https://github.com/peterdsharpe/AeroSandbox/blob/790ac4f2ed6754e61046fe8cfa5ebb2004ab0c61/studies/AeroBuildup_LL_unsweep_calibration/make_fits_pysr.py
peterdsharpe/AeroSandbox,studies/ControlSurfaceEffectiveness/fit.py,84b46d4724529e72ff895ce9c353113589feaf61,https://github.com/peterdsharpe/AeroSandbox/blob/790ac4f2ed6754e61046fe8cfa5ebb2004ab0c61/studies/ControlSurfaceEffectiveness/fit.py
peterdsharpe/AeroSandbox,studies/ControlSurfaceEffectiveness/pysr_fit.py,04e310f2c39d4a6313e6930e239870d965eae9ed,https://github.com/peterdsharpe/AeroSandbox/blob/790ac4f2ed6754e61046fe8cfa5ebb2004ab0c61/studies/ControlSurfaceEffectiveness/pysr_fit.py
peterdsharpe/AeroSandbox,studies/MachFitting/CriticalMach/generate_and_fit_critical_mach.py,d19ba0060193accfacf384e68be635769322d395,https://github.com/peterdsharpe/AeroSandbox/blob/790ac4f2ed6754e61046fe8cfa5ebb2004ab0c61/studies/MachFitting/CriticalMach/generate_and_fit_critical_mach.py
peterdsharpe/AeroSandbox,studies/SuperellipseProperties/perimeter_fit.py,50f1dc2bb5bb6a7ca7dae3e7f9631e6bce5326fc,https://github.com/peterdsharpe/AeroSandbox/blob/790ac4f2ed6754e61046fe8cfa5ebb2004ab0c61/studies/SuperellipseProperties/perimeter_fit.py
Philipp238/parfam,src/parfam/train.py,f52573c48f329ca2fa965d3eda4478819547c470,https://github.com/Philipp238/parfam/blob/e10379a0e19238b50178492c48da0d0444d4898f/src/parfam/train.py
PhyAMR/TFG,TFG.ipynb,f028118f3c4631ff5fd10f5327c02630e09ad8d5,https://github.com/PhyAMR/TFG/blob/5b827553fc9da296c834deeb45e4580babff7dd1/TFG.ipynb
PhyAMR/TFG,main.tex,0c7a2e741de148e492e93956193b9069bb8563bc,https://github.com/PhyAMR/TFG/blob/5b827553fc9da296c834deeb45e4580babff7dd1/main.tex
PhyAMR/TFG,plots_target_html.py,9188fccedd34f15fb8f1582be0ec6a5021941d48,https://github.com/PhyAMR/TFG/blob/5b827553fc9da296c834deeb45e4580babff7dd1/plots_target_html.py
Pibborn/box-gym,SymbolicRegression/mean_square_error.py,24d9f55ffed8354a2fe3979faa8bc34388d706d7,https://github.com/Pibborn/box-gym/blob/583c1b8054153f9ec0b736bed4acdfdb93d824b0/SymbolicRegression/mean_square_error.py
Pibborn/box-gym,SymbolicRegression/symbolic_regression.py,ee33f81a6ce70918bd2f84f2e64911385e653185,https://github.com/Pibborn/box-gym/blob/583c1b8054153f9ec0b736bed4acdfdb93d824b0/SymbolicRegression/symbolic_regression.py
Pibborn/Science-gym,docs/source/usage/quickstart.rst,8cb420b9059f35bc465b1ec24271d346b63db1b2,https://github.com/Pibborn/Science-gym/blob/64c4931a4a4a83cd7e2638559c5e0a73ef0e9dcf/docs/source/usage/quickstart.rst
Pibborn/Science-gym,symbolic_regression.py,6273c1544ea742049499a7a80a4544ed60d16006,https://github.com/Pibborn/Science-gym/blob/64c4931a4a4a83cd7e2638559c5e0a73ef0e9dcf/symbolic_regression.py
Pibborn/Science-gym,threshold_and_save.py,8edcde0e7a25b6990402aff78d1e75ae2a638233,https://github.com/Pibborn/Science-gym/blob/64c4931a4a4a83cd7e2638559c5e0a73ef0e9dcf/threshold_and_save.py
pietra-leon/LLMTIME,experiments/run_simplicity_bias.py,015e02923ee8562f2ce22ab6b4447db02dc0fbe7,https://github.com/pietra-leon/LLMTIME/blob/d1e1ccf870f115e2a5d81488e1c34cf2ff3bf89e/experiments/run_simplicity_bias.py
piotrcurious/Grothendieck_legacy_junkbox,banachjunk/models/gpt4o/AS2.md,85c5db9383fe081cb8168a2c68fae604e51e1549,https://github.com/piotrcurious/Grothendieck_legacy_junkbox/blob/c41caeaa0269096ddfdec71a3d73dc24e917fca6/banachjunk/models/gpt4o/AS2.md
platawa/SAE_TIMEVIEW,experiments/baselines.py,936bd3231f076891ad399455a2b4447ade6cebef,https://github.com/platawa/SAE_TIMEVIEW/blob/91eb1232c9337f52d8c67edbfe4fdb6b7ca33898/experiments/baselines.py
pleyva2004/Cross-Universe-Symbolic-Regression-Tournament-Laws-by-Natural-Selection,cusrt.py,bde568cf7eb1f92f64f8305e7c9e201ca372b8d1,https://github.com/pleyva2004/Cross-Universe-Symbolic-Regression-Tournament-Laws-by-Natural-Selection/blob/a4f10eeb009322b4ce65b91f9f8bf51b0e948b81/cusrt.py
plovaxsz/dark-sector-pipeline,06_symreg.py,3cc203948b12f5d00e18df5fec6854a8d7d16c5d,https://github.com/plovaxsz/dark-sector-pipeline/blob/b20dd4b3987e771c648593b437498933b4bbe372/06_symreg.py
plovaxsz/dark-sector-pipeline,symbolic_regression_realistic.py,21c57a079ecb657551d7531f8aeb08469d49f0f6,https://github.com/plovaxsz/dark-sector-pipeline/blob/b20dd4b3987e771c648593b437498933b4bbe372/symbolic_regression_realistic.py
pondus314/flocking,evaluation.py,89bdcaaad96ade3f204fa77572de654fc3eb43d5,https://github.com/pondus314/flocking/blob/383dd28b7dad4e22706edd7f3552816a5ae16d3d/evaluation.py
pondus314/flocking,main.py,4c27cfe9e472825093238e65594d61957f1c735e,https://github.com/pondus314/flocking/blob/383dd28b7dad4e22706edd7f3552816a5ae16d3d/main.py
Pongpisit-Thanasutives/UBIC-test,Simulation/KS-PySR.ipynb,fc1c8366f875208868574cddab0842d6f33b0612,https://github.com/Pongpisit-Thanasutives/UBIC-test/blob/6eaa1f5afe734c5318e66b9630f6dccc2e488d5c/Simulation/KS-PySR.ipynb
pragmaticscientist/animal-brain-decoder,old_code/symbolic_regression.py,1cd2b597864c64bf237aab044348fbb0f8a77306,https://github.com/pragmaticscientist/animal-brain-decoder/blob/0b8469acd27917454fa76c4678dbde52af9414ec/old_code/symbolic_regression.py
pragmaticscientist/animal-brain-decoder,old_code/symbolic_regression_diurnality.py,13a176695ae90c2762b6ee7ca88c6dcbed804504,https://github.com/pragmaticscientist/animal-brain-decoder/blob/0b8469acd27917454fa76c4678dbde52af9414ec/old_code/symbolic_regression_diurnality.py
pragmaticscientist/animal-brain-decoder,src/models/symbolic_regression.py,6aca0f5e5c6befac46ad01f59bf64d81a3467fb4,https://github.com/pragmaticscientist/animal-brain-decoder/blob/0b8469acd27917454fa76c4678dbde52af9414ec/src/models/symbolic_regression.py
pranavkantgaur/gamd_sr,analyse_gnn_predictions.py,197dd9ffc436ed3edb87fd0e34d2967ab60d2c6d,https://github.com/pranavkantgaur/gamd_sr/blob/0fe06ceed74141680f6857d6d4f0d1b74db8e9cb/analyse_gnn_predictions.py
pranavkantgaur/gamd_sr,check_pysr.py,bb797eb8d5652a5a0d5d599f2d6927b3ea02f4d3,https://github.com/pranavkantgaur/gamd_sr/blob/0fe06ceed74141680f6857d6d4f0d1b74db8e9cb/check_pysr.py
pranavkantgaur/gamd_sr,sr_over_gnn.py,de50ee31ea6debffa166ff6ce2d85bae92c8a6d7,https://github.com/pranavkantgaur/gamd_sr/blob/0fe06ceed74141680f6857d6d4f0d1b74db8e9cb/sr_over_gnn.py
pranavkantgaur/gamd_sr,sr_over_gnn_messages_dft_dataset.py,32b1f5082a4aa2f438263df4ff7e7ae93815fadb,https://github.com/pranavkantgaur/gamd_sr/blob/0fe06ceed74141680f6857d6d4f0d1b74db8e9cb/sr_over_gnn_messages_dft_dataset.py
psaunderualberta/differentiable-privacy-percentages,src/pysr_test.py,dd4672069687585c7769306d6627b24549176e92,https://github.com/psaunderualberta/differentiable-privacy-percentages/blob/ae77398ac5127f498c497d338141fa841e48d33c/src/pysr_test.py
psaunderualberta/differentiable-privacy-percentages,src/symbolic_regression_eval.py,16b939de69e75cd232bf6b5d3093ca7551bd0160,https://github.com/psaunderualberta/differentiable-privacy-percentages/blob/ae77398ac5127f498c497d338141fa841e48d33c/src/symbolic_regression_eval.py
psaunderualberta/differentiable-privacy-percentages,src/test/test_symbolic_regression_template.py,1f8b902aca89ed874aa1360e5e077d225b3c25c7,https://github.com/psaunderualberta/differentiable-privacy-percentages/blob/ae77398ac5127f498c497d338141fa841e48d33c/src/test/test_symbolic_regression_template.py
PSecLab/xbin,plugins/symbol_matching/morpheus/Dockerfile,e25dfd3a55684a804630f4af9173de143e38b16d,https://github.com/PSecLab/xbin/blob/737741b0d3c1e02df3574e82309f7fda3ece297e/plugins/symbol_matching/morpheus/Dockerfile
pvs-hd-tea/23ws-LLMcoder,experimental/examples/PySR model definition.json,45e715eb6fe0704f948f093d515f6102bb9b171b,https://github.com/pvs-hd-tea/23ws-LLMcoder/blob/4be108e4f6e123f0c78ee7e94bae451f294150c6/experimental/examples/PySR model definition.json
qic-ibk/qdisc,nbs/lib_nbs/sr/01_core.ipynb,fe4ccc061733c2fb5e13683e13c0524d3618037e,https://github.com/qic-ibk/qdisc/blob/a62bc6a9b90962a0ecb6ebacccb6074c6c389245/nbs/lib_nbs/sr/01_core.ipynb
qic-ibk/qdisc,qdisc/sr/core.py,58ea7dd7ef065f6be9cb6358bd6949a6a8733bce,https://github.com/qic-ibk/qdisc/blob/a62bc6a9b90962a0ecb6ebacccb6074c6c389245/qdisc/sr/core.py
QinqinAndMacaulayCat/Yield_Curve_Interpolation,yield_curve_interpolation/syreg.py,8d80308bae134725fc6b41d1ef106a3698eb80b4,https://github.com/QinqinAndMacaulayCat/Yield_Curve_Interpolation/blob/6e99439748eb5cd9be45ab99c5a9372492936e15/yield_curve_interpolation/syreg.py
qnwang93/SR_SNIa_2025summer,Light_Curve_Symbolic_Regressors/KSN2011B_binned_regressor.py,f6c6dba511bda907950be6ca2691e7e6e4d19301,https://github.com/qnwang93/SR_SNIa_2025summer/blob/095488b32ccc18b3ebf7d9d773df285e6579683e/Light_Curve_Symbolic_Regressors/KSN2011B_binned_regressor.py
qnwang93/SR_SNIa_2025summer,Light_Curve_Symbolic_Regressors/KSN2011B_raw_regressor.py,33b728786c2cd43553174cd68e07af5f6344931a,https://github.com/qnwang93/SR_SNIa_2025summer/blob/095488b32ccc18b3ebf7d9d773df285e6579683e/Light_Curve_Symbolic_Regressors/KSN2011B_raw_regressor.py
qnwang93/SR_SNIa_2025summer,Light_Curve_Symbolic_Regressors/KSN2011c_binned_regressor.py,642c190a62a90a519464109bd4b4aa7570713060,https://github.com/qnwang93/SR_SNIa_2025summer/blob/095488b32ccc18b3ebf7d9d773df285e6579683e/Light_Curve_Symbolic_Regressors/KSN2011c_binned_regressor.py
qnwang93/SR_SNIa_2025summer,Light_Curve_Symbolic_Regressors/KSN2011c_raw_regressor.py,8eca872ef2d7c2f097bdf6dc01f048f994d810d5,https://github.com/qnwang93/SR_SNIa_2025summer/blob/095488b32ccc18b3ebf7d9d773df285e6579683e/Light_Curve_Symbolic_Regressors/KSN2011c_raw_regressor.py
qnwang93/SR_SNIa_2025summer,Light_Curve_Symbolic_Regressors/KSN2012A_binned_regressor.py,94c393fbd6d972b4a70bf93d543cc5545b02b740,https://github.com/qnwang93/SR_SNIa_2025summer/blob/095488b32ccc18b3ebf7d9d773df285e6579683e/Light_Curve_Symbolic_Regressors/KSN2012A_binned_regressor.py
qnwang93/SR_SNIa_2025summer,Light_Curve_Symbolic_Regressors/KSN2012A_raw_regressor.py,7530478bd298ac8b28f8ce6dbd226d48e8fca05b,https://github.com/qnwang93/SR_SNIa_2025summer/blob/095488b32ccc18b3ebf7d9d773df285e6579683e/Light_Curve_Symbolic_Regressors/KSN2012A_raw_regressor.py
qnwang93/SR_SNIa_2025summer,Light_Curve_Symbolic_Regressors/SN2018agk_raw_regressor.py,d53c785a7ba0a99bbc62fb805edfe2b33ffb53e7,https://github.com/qnwang93/SR_SNIa_2025summer/blob/095488b32ccc18b3ebf7d9d773df285e6579683e/Light_Curve_Symbolic_Regressors/SN2018agk_raw_regressor.py
qnwang93/SR_SNIa_2025summer,Light_Curve_Symbolic_Regressors/SN2018oh_binned_regressor.py,c7f416e2020633133ed96fc29395740189223a18,https://github.com/qnwang93/SR_SNIa_2025summer/blob/095488b32ccc18b3ebf7d9d773df285e6579683e/Light_Curve_Symbolic_Regressors/SN2018oh_binned_regressor.py
qnwang93/SR_SNIa_2025summer,Light_Curve_Symbolic_Regressors/SN2018oh_raw_regressor.py,b0aa90a571f63202cfbd00c89c5b697e2af2abb1,https://github.com/qnwang93/SR_SNIa_2025summer/blob/095488b32ccc18b3ebf7d9d773df285e6579683e/Light_Curve_Symbolic_Regressors/SN2018oh_raw_regressor.py
Quanmn1/offlattice_ABP,code/analyze_sigma_fit.py,501edab0495faaa0f6b568efbce4f5138c7fe80d,https://github.com/Quanmn1/offlattice_ABP/blob/86dcfcc41e16f036d298dc0fd79329843e636658/code/analyze_sigma_fit.py
Quin8989/regenx-brake-assist-controller,scripts/pysr_distill_teacher.py,f1b6b3bad70d4f3a68efdcb547b1b5dd74f167ea,https://github.com/Quin8989/regenx-brake-assist-controller/blob/fde9745db25e651147ee5b6c1ada5e1d614656e5/scripts/pysr_distill_teacher.py
Quin8989/regenx-brake-assist-controller,scripts/pysr_invent_composite.py,f3af090ad01ddc0e5a35139b122ea5f139b7b80d,https://github.com/Quin8989/regenx-brake-assist-controller/blob/fde9745db25e651147ee5b6c1ada5e1d614656e5/scripts/pysr_invent_composite.py
RacheetAnand/SIRA1_Prototype,src/symbolic_regression/pysr_interface.py,c751d84249ab50bffad57aee531e0112e42f3ba4,https://github.com/RacheetAnand/SIRA1_Prototype/blob/ae982f565c91cd0d332b483833672224a8092587/src/symbolic_regression/pysr_interface.py
Ragerlab/2026_Chappel_Interpretable_Machine_Learning_to_Understand_Wildfire_Toxicity,2_Code/1_Simulated_data/00_Simulated_pysr_split_by_iteration.py,b78d6e9cf6ae99e661614afe9598806d16752e64,https://github.com/Ragerlab/2026_Chappel_Interpretable_Machine_Learning_to_Understand_Wildfire_Toxicity/blob/22023a06538d32c75d514f0f27a600217ae8f3fa/2_Code/1_Simulated_data/00_Simulated_pysr_split_by_iteration.py
Ragerlab/2026_Chappel_Interpretable_Machine_Learning_to_Understand_Wildfire_Toxicity,2_Code/1_Simulated_data/2_Simulated_pysr.py,92ade966820a65c3179884f9ef477a86b6b69356,https://github.com/Ragerlab/2026_Chappel_Interpretable_Machine_Learning_to_Understand_Wildfire_Toxicity/blob/22023a06538d32c75d514f0f27a600217ae8f3fa/2_Code/1_Simulated_data/2_Simulated_pysr.py
Ragerlab/2026_Chappel_Interpretable_Machine_Learning_to_Understand_Wildfire_Toxicity,2_Code/2_Chem_omics_data/6_SRA_pysr.py,3b05c852d01df89dddf6b5cabc4eeb28b8cca4d6,https://github.com/Ragerlab/2026_Chappel_Interpretable_Machine_Learning_to_Understand_Wildfire_Toxicity/blob/22023a06538d32c75d514f0f27a600217ae8f3fa/2_Code/2_Chem_omics_data/6_SRA_pysr.py
raghavkhandelwal7944/ml-DB,mcp_server/server.py,61fd670e0cfc29640fbf6c0ea9a06024b47fb0a8,https://github.com/raghavkhandelwal7944/ml-DB/blob/39e14c01ec152eae9597f37c0e4acecc375f68e6/mcp_server/server.py
raj-brown/APMA2070_S2025,Lecture_7b_Notebook/.ipynb_checkpoints/pysr-checkpoint.ipynb,d571022a7070734030aaa8c7901dc5e65501ad60,https://github.com/raj-brown/APMA2070_S2025/blob/8c9bd3c724d3db8445176531a03254ec43176983/Lecture_7b_Notebook/.ipynb_checkpoints/pysr-checkpoint.ipynb
raj-brown/APMA2070_S2025,Lecture_7b_Notebook/pysr.ipynb,26e1cb96dbbdd583d189c72140a9076301b0f4ed,https://github.com/raj-brown/APMA2070_S2025/blob/8c9bd3c724d3db8445176531a03254ec43176983/Lecture_7b_Notebook/pysr.ipynb
raj-brown/APMA2070_S2026,Lecture_7b_Notebook/.ipynb_checkpoints/pysr-checkpoint.ipynb,d571022a7070734030aaa8c7901dc5e65501ad60,https://github.com/raj-brown/APMA2070_S2026/blob/81ddab4b1f8e2cae7fd9cb39c9f3faca1b46fe29/Lecture_7b_Notebook/.ipynb_checkpoints/pysr-checkpoint.ipynb
raj-brown/APMA2070_S2026,Lecture_7b_Notebook/pysr.ipynb,26e1cb96dbbdd583d189c72140a9076301b0f4ed,https://github.com/raj-brown/APMA2070_S2026/blob/81ddab4b1f8e2cae7fd9cb39c9f3faca1b46fe29/Lecture_7b_Notebook/pysr.ipynb
raj-brown/APMA_2070_ENGN_2912_SPRING_2024,Lecture_7b_Notebook/.ipynb_checkpoints/pysr-checkpoint.ipynb,d571022a7070734030aaa8c7901dc5e65501ad60,https://github.com/raj-brown/APMA_2070_ENGN_2912_SPRING_2024/blob/06f5eaed84dc1fe0c27d21048d2462f3137080df/Lecture_7b_Notebook/.ipynb_checkpoints/pysr-checkpoint.ipynb
raj-brown/APMA_2070_ENGN_2912_SPRING_2024,Lecture_7b_Notebook/pysr.ipynb,26e1cb96dbbdd583d189c72140a9076301b0f4ed,https://github.com/raj-brown/APMA_2070_ENGN_2912_SPRING_2024/blob/06f5eaed84dc1fe0c27d21048d2462f3137080df/Lecture_7b_Notebook/pysr.ipynb
rasmusreimer/Electron_class_reg,Regression/PySr_Regression/PySR.ipynb,9af8751bfa41808b650d6fcd86ca2fd8309e01e4,https://github.com/rasmusreimer/Electron_class_reg/blob/985640a4ac7912a1ef92bdaf4d2f6a5b4ff5a201/Regression/PySr_Regression/PySR.ipynb
RaymondWKWong/interpretable-ml-steels,SymbolicRegression_Train.py,84879b1a67858e2aea5a7553cb18ed21326fb067,https://github.com/RaymondWKWong/interpretable-ml-steels/blob/456c5a28b30de788481602a429495579b1f171d0/SymbolicRegression_Train.py
redsnic/stochasticApproaches,NBTools/deterministicSR.ipynb,089b92fc33da9900abeac986b9002c3fbf8001d9,https://github.com/redsnic/stochasticApproaches/blob/43103292bf7d21555be635579c325374070e81b6/NBTools/deterministicSR.ipynb
redsnic/stochasticApproaches,NBTools/deterministicSR_derivativeFD.ipynb,4b3f84c7c2f2bf42abb4db585dde21e5f95eb58c,https://github.com/redsnic/stochasticApproaches/blob/43103292bf7d21555be635579c325374070e81b6/NBTools/deterministicSR_derivativeFD.ipynb
Redxgit/symbolic-regression-dst,README.md,1a0ca8c93833786727f635240d99b7a4f0c59fc8,https://github.com/Redxgit/symbolic-regression-dst/blob/e361d443f2e9ec5283702fefe4ef29ee57e0eb3f/README.md
Redxgit/symbolic-regression-dst,train_script.py,04c94aa751bd6f0ff401e5143bb9c8206d7a2116,https://github.com/Redxgit/symbolic-regression-dst/blob/e361d443f2e9ec5283702fefe4ef29ee57e0eb3f/train_script.py
rhyslwells/Data-Archive,content/categories/machine-learning/Symbolic Regression.md,762366c9fa7c52a64b594ef909a44e51dd20334e,https://github.com/rhyslwells/Data-Archive/blob/28c25922af5b8d6b79ffd39f5c26298fff21d055/content/categories/machine-learning/Symbolic Regression.md
rhyslwells/RaspPi-Remote-Worker,docs/knowledge/Symbolic_Regression.md,ae6898dbb7c12e5d81d4372f66d7c4980c5eb379,https://github.com/rhyslwells/RaspPi-Remote-Worker/blob/3976cdcc181a89940daba8573392efb1532f50d4/docs/knowledge/Symbolic_Regression.md
Richard-Qin-X/CERN-Data-ML-Regression,src/SymbolicRegression.py,de28995e7060a402bdec74578b2baa33800c8f89,https://github.com/Richard-Qin-X/CERN-Data-ML-Regression/blob/34dfeefa04f91f72d9ee71c0d9289cb6dfdcff74/src/SymbolicRegression.py
RiCkymare00/Master-QML,Andrea_Panepuccia/coding/FibonacciSymbReg.py,c180086df7fb1af4dac09d898fa47e6a0804790d,https://github.com/RiCkymare00/Master-QML/blob/7f9dcf17567bc4bc2f798a7296e737585e4e1bab/Andrea_Panepuccia/coding/FibonacciSymbReg.py
RioKKH/MachineLearning,MLreports/sr.py,5777c2c2b1abcde6cd46fd720ca69ce734ad3f60,https://github.com/RioKKH/MachineLearning/blob/7e389b2cf8b740d50fd57e5fc1a5445f15077939/MLreports/sr.py
riveSunder/gnn_casr,casr/gca.py,5ffe33e3c01cc0cdfeb0ef87d72e991dc585be32,https://github.com/riveSunder/gnn_casr/blob/a11d49edb82b83567b0b5f287468ca7d2090bf11/casr/gca.py
RobertoSan04/investigacion-verano-2026,docs/plan_proyecto_regresion_simbolica.md,882c4d614c528989f0922112472c2fd5e65b47fe,https://github.com/RobertoSan04/investigacion-verano-2026/blob/185d81e1fd78a43079e6310ed75bb22e6deeb0b1/docs/plan_proyecto_regresion_simbolica.md
RobertoSan04/investigacion-verano-2026,notebooks/M1_poc_synthetic.ipynb,d6157dc530626fbcf46961d6792b925a36ad9e0c,https://github.com/RobertoSan04/investigacion-verano-2026/blob/185d81e1fd78a43079e6310ed75bb22e6deeb0b1/notebooks/M1_poc_synthetic.ipynb
RobertoSan04/investigacion-verano-2026,notebooks/M4_symbolic_regression.ipynb,685eb5868400585ae87a7b292b62036982e37b63,https://github.com/RobertoSan04/investigacion-verano-2026/blob/185d81e1fd78a43079e6310ed75bb22e6deeb0b1/notebooks/M4_symbolic_regression.ipynb
RobertoSan04/investigacion-verano-2026,src/symbolic_regression.py,1e0e2a225afc2641ea9d5144bad1f097121c4d11,https://github.com/RobertoSan04/investigacion-verano-2026/blob/185d81e1fd78a43079e6310ed75bb22e6deeb0b1/src/symbolic_regression.py
Robh96/Evopt,docs/_build/html/_modules/evopt/derive.html,1ff8e3c8d405cb862d9cbd094b08b7259bd5daff,https://github.com/Robh96/Evopt/blob/6aae67efd67fcc920c2159bdd3a695abff106eeb/docs/_build/html/_modules/evopt/derive.html
robodreamer/explainableRL,distill_policy.py,24b1b4e73abdff43fc3791cb13b5eb0bde16534f,https://github.com/robodreamer/explainableRL/blob/eb9a1cb6755cd960a5f258a26bc121546a8b35e7/distill_policy.py
RogerG2/Causal_Interaction_Constraints,utils_roguewaves/symbolic_regression.py,d549c019c02b6b18f480e28d8e2a1aefc07c7709,https://github.com/RogerG2/Causal_Interaction_Constraints/blob/205ad6385f55850f320c26ef5426cf51b135c179/utils_roguewaves/symbolic_regression.py
rogeriog/MatterVial,example_notebooks/ref_index_decoding_and_sr.ipynb,9d2759bb04a1ce09797ea30f6f1afdcc49e3e997,https://github.com/rogeriog/MatterVial/blob/d6adfa556f5e91756ced2306e7715a5201016b90/example_notebooks/ref_index_decoding_and_sr.ipynb
rsbyrne/thesis,book/content/chapter_04/conduction.md,f33f7eba3f1947eeb3aaa4c32782b1f2ca6f3941,https://github.com/rsbyrne/thesis/blob/fff8c9493a7b7028d82745cc69a95832a6620134/book/content/chapter_04/conduction.md
RuilongWang1215/ML-uv-theory,SR_PYSR.py,1ab6e674dde44f31ea157904dcf7119a3c0f73cc,https://github.com/RuilongWang1215/ML-uv-theory/blob/1308600405af742ba3364c7c2aeb5f4b3c5fd7bb/SR_PYSR.py
RuilongWang1215/ML-uv-theory,restriction.py,9f7754e2732199e5101099b36cb9e8125bd85eaa,https://github.com/RuilongWang1215/ML-uv-theory/blob/1308600405af742ba3364c7c2aeb5f4b3c5fd7bb/restriction.py
RuiZhou95/Viscosity-Index-Improvers,Symbolic_Regression.py,d74d2a013e68a355251045f50cfd66b965600707,https://github.com/RuiZhou95/Viscosity-Index-Improvers/blob/ea5dae382b5e0c54bf6f02f896690a3d41f8f11e/Symbolic_Regression.py
RulezKT/symb_regr,sr1.py,55d45162605403fbe18ce9cfb8f18eadf649cfd7,https://github.com/RulezKT/symb_regr/blob/2c74e53db73ba6d2a3ce2e0479dc3a8a92f4cb05/sr1.py
RulezKT/symb_regr,sr3.py,d082624ab974cc61b8fd9c157ac38eae785dc4eb,https://github.com/RulezKT/symb_regr/blob/2c74e53db73ba6d2a3ce2e0479dc3a8a92f4cb05/sr3.py
RulezKT/symb_regr,sr4.py,5e279270a845cc715360ba2ff2bc2d6172215b33,https://github.com/RulezKT/symb_regr/blob/2c74e53db73ba6d2a3ce2e0479dc3a8a92f4cb05/sr4.py
ruzicka02/bp2025-hls4ml,hls4ml/utils/symbolic_utils.py,9bafedc053e68829e70bcf74fd3c26bd6298b5f9,https://github.com/ruzicka02/bp2025-hls4ml/blob/49004643a9939474d7be97ab9eb67995f7d08a3a/hls4ml/utils/symbolic_utils.py
ruzicka02/bp2025-hls4ml,test/pytest/test_sr.py,272450b65810e548132b5a421cbc0ee3c825181e,https://github.com/ruzicka02/bp2025-hls4ml/blob/49004643a9939474d7be97ab9eb67995f7d08a3a/test/pytest/test_sr.py
saakethdesai/autoscilab,eql/pysr_check.py,a3d2ad14bb06b70d1a5e4fca5e9af0f429e105b0,https://github.com/saakethdesai/autoscilab/blob/861912ae8c5e22e9b736f3949a613010df267e21/eql/pysr_check.py
saalfeldlab/decomp-gnn,src/ParticleGraph/fitting_models.py,977e7e70eb8d0d8d4273e0e00f5069d6db810f03,https://github.com/saalfeldlab/decomp-gnn/blob/19cdf117de636a2cfa294e6938b38239579b3428/src/ParticleGraph/fitting_models.py
saalfeldlab/decomp-gnn,src/ParticleGraph/plotting.py,2d8d876ae2cab8e8f3622fde13ad9988cbe9743b,https://github.com/saalfeldlab/decomp-gnn/blob/19cdf117de636a2cfa294e6938b38239579b3428/src/ParticleGraph/plotting.py
saalfeldlab/flyvis-gnn,src/flyvis_gnn/fitting_models.py,bd8741e52c00a153b3c342f38e27001e34ff4084,https://github.com/saalfeldlab/flyvis-gnn/blob/2f8613e4ba317db64b5bb058535ac86001d6ce4a/src/flyvis_gnn/fitting_models.py
saalfeldlab/neural-gnn,GNN_PlotFigure.py,f6b8b8cd7356b10b39e1b72ca846723fb54de752,https://github.com/saalfeldlab/neural-gnn/blob/36a983af9a6bebc3a5fd0064b3aecaed019584e4/GNN_PlotFigure.py
saalfeldlab/neural-gnn,src/neural_gnn/fitting_models.py,7cec4d868ba89ab50e53bc4f05b07b0019035a3c,https://github.com/saalfeldlab/neural-gnn/blob/36a983af9a6bebc3a5fd0064b3aecaed019584e4/src/neural_gnn/fitting_models.py
saalfeldlab/NeuralGraph,src/NeuralGraph/fitting_models.py,ad988b9c1fcfe36030b624afef48ba34749d4a5a,https://github.com/saalfeldlab/NeuralGraph/blob/40329edb554aca0aef859625815d6f00340cc5d0/src/NeuralGraph/fitting_models.py
saalfeldlab/ParticleGraph,src/ParticleGraph/fitting_models.py,598f14a590e326caa08b2b96b0a09eca941dbb27,https://github.com/saalfeldlab/ParticleGraph/blob/7d149710c0e6491cccf62e445c39814940651fbc/src/ParticleGraph/fitting_models.py
sahaj-mithra/CoPhe-Lab,10. pysr_polynomial.ipynb,f53ae495ea99cd208a2bdc32d884475a6d0eb3c7,https://github.com/sahaj-mithra/CoPhe-Lab/blob/ba6915fd4dd362ff0b2a5cca777ef5edd7df8571/10.%20pysr_polynomial.ipynb
SaiMahitVaddadi/FastChem,docs/guides/GROUP_P_SYMBOLIC_REGRESSION/27_Symbolic_Regression_Equation_Discovery.md,da357d75548805ab1c92e16210effd3583f214ff,https://github.com/SaiMahitVaddadi/FastChem/blob/6714ae87ca4af78cec84e62363dae1dca4289df3/docs/guides/GROUP_P_SYMBOLIC_REGRESSION/27_Symbolic_Regression_Equation_Discovery.md
Sakura517882178/Test-of-M3GNet,baseline/train.py,59fe4c351c4f70086751ac01c37533aa670d3a5f,https://github.com/Sakura517882178/Test-of-M3GNet/blob/f1e6afc20b63f900cb8cffc143ee8e9f816c84d9/baseline/train.py
SamTov/projects,microrobotics-lab/embedding-representation/rod-analysis.ipynb,149f07b95d6f29fa82ac984e8c11f7132f1e82ab,https://github.com/SamTov/projects/blob/84355482d794cb51e55f7cf27b861469ab50a2c1/microrobotics-lab/embedding-representation/rod-analysis.ipynb
SamTov/projects,microrobotics-lab/temperature-and-strategy/rod-rotation/rod-analysis.ipynb,5e585f73820c62025b4c65374d2b5ed9dbc3edb3,https://github.com/SamTov/projects/blob/84355482d794cb51e55f7cf27b861469ab50a2c1/microrobotics-lab/temperature-and-strategy/rod-rotation/rod-analysis.ipynb
samuelhkahn/agentic-discovery-climate,world_model/analyses/A007_symbolic_regression/script.py,a75d07851f3e65fc1a5a2860e834dcdc3d1b2eeb,https://github.com/samuelhkahn/agentic-discovery-climate/blob/82912237f1d85c0e22a10920db51a4680ea3ccf1/world_model/analyses/A007_symbolic_regression/script.py
sanathpedapudi24/rlpingpong,symbolic/run_sr.py,c66cebe74aff58159523a27d356d067ba48774f2,https://github.com/sanathpedapudi24/rlpingpong/blob/6e7ee78347c4e9bb9368b12b7a9ce7ea0d8bacf0/symbolic/run_sr.py
sanchitsehgal8/Gsoc-2026-Sira-,SIRA_evaluation_test.ipynb,fa785b58803da680a5ba724c4778b55399c82f84,https://github.com/sanchitsehgal8/Gsoc-2026-Sira-/blob/be9d97a4badb9f150e8e0c2fd60aa8e96255c521/SIRA_evaluation_test.ipynb
SaraPJensen/FYS9429,SCM_complex/old_files/test_pysr.py,d4db6aea4398460aa57341475083760e982d8826,https://github.com/SaraPJensen/FYS9429/blob/82a5806b58fb1dd37bda10b0984add18e60c0e86/SCM_complex/old_files/test_pysr.py
SaraPJensen/FYS9429,SCM_complex/pysr_explain.py,e0d08eb5bf46e3f653f67e0ee507b7c8ea46f34d,https://github.com/SaraPJensen/FYS9429/blob/82a5806b58fb1dd37bda10b0984add18e60c0e86/SCM_complex/pysr_explain.py
SaraPJensen/FYS9429,SCM_complex/summary_pysr.py,db2ff5d4bbfe2a01552cc09892f78ac727ffe27b,https://github.com/SaraPJensen/FYS9429/blob/82a5806b58fb1dd37bda10b0984add18e60c0e86/SCM_complex/summary_pysr.py
satyasaran/FifthOrderPDEPinnSymReg,MLandSymReg/SymReg.ipynb,a5c240eb4204a21b4ad1118e8a581f246fdeb493,https://github.com/satyasaran/FifthOrderPDEPinnSymReg/blob/1657575dacfbf294ea1163aa5963dd6f7bcfb01b/MLandSymReg/SymReg.ipynb
savannahferretti/monsoon-discovery,scripts/models/sr/evaluate.py,49e1bdc86e2872c09f6349d3aaddec472a320b65,https://github.com/savannahferretti/monsoon-discovery/blob/3b9bad64158b6357be2ebc6657f566df45aba612/scripts/models/sr/evaluate.py
Scientific-Artificial-Intelligence-Lab/kd,src/kd/search/pysr/backend.py,26670fd8a6f9d6e2b9f7aa90c1ebc263db7db728,https://github.com/Scientific-Artificial-Intelligence-Lab/kd/blob/77bb2b843aa161bb93bbd16e44e418c76dc8f095/src/kd/search/pysr/backend.py
Scientific-Artificial-Intelligence-Lab/kd,src/kd/search/pysr/config.py,94eb954f2e016aab13c7191bc2088c62c71afdfe,https://github.com/Scientific-Artificial-Intelligence-Lab/kd/blob/77bb2b843aa161bb93bbd16e44e418c76dc8f095/src/kd/search/pysr/config.py
ScottDongKhang/Ascent_Capital,ascent/research/factor_discovery/pysr_engine.py,3784e251e0f9834a38f65011c4dad0ec4f1f8871,https://github.com/ScottDongKhang/Ascent_Capital/blob/e3e3bcb5033b878b146b9759e322fd82dbe461df/ascent/research/factor_discovery/pysr_engine.py
sdaloglu/graph_network,src/symbolic_fit.py,4347bafc92fd516cc77be0e83815dfb861cd5ebf,https://github.com/sdaloglu/graph_network/blob/8991adbeaf0c2605955d3060dc8fa0f528c2117e/src/symbolic_fit.py
sdevries0/kozax_paper,src/finite_differences_method.py,9cc4cf2ee5a2cdf9b29b009797e246adcd53fda6,https://github.com/sdevries0/kozax_paper/blob/ebe334d30ba83e1e46e3027d3c4fd037c39901b6/src/finite_differences_method.py
sdevries0/kozax_paper,src/law_discovery.py,d6874e3d048a6d9f8632f4179bbad13b754b0f15,https://github.com/sdevries0/kozax_paper/blob/ebe334d30ba83e1e46e3027d3c4fd037c39901b6/src/law_discovery.py
seaisbig/SR,PySR/HW.py,41d2893199ef0f16682132f6a62a1edd4018041a,https://github.com/seaisbig/SR/blob/dd66f10c7742c4d6b2b7a12088df5ef2f18d80cb/PySR/HW.py
sednabcn/ai-llm-blog,_tutorials/hypatiax/extensions.md,f2cdd6556ecf1c7a71d5d83a1a6d34345cb468b0,https://github.com/sednabcn/ai-llm-blog/blob/ce615d3b463717a319ea49fc52f3ba24b9aea247/_tutorials/hypatiax/extensions.md
sednabcn/ai-llm-blog,_tutorials/hypatiax/setup.md,8f2457605489a75494978cddf9ddc227e9ac1c21,https://github.com/sednabcn/ai-llm-blog/blob/ce615d3b463717a319ea49fc52f3ba24b9aea247/_tutorials/hypatiax/setup.md
sednabcn/LLM-HypatiaX-DEV,.github/workflows/ci_runner.yml,de5d7095380b67e375028d45ffa6f763a47e3f6b,https://github.com/sednabcn/LLM-HypatiaX-DEV/blob/8eb4c35ce5d75e97dc201233794607fa6ac02aa6/.github/workflows/ci_runner.yml
sednabcn/LLM-HypatiaX-DEV,.github/workflows_may24/ci_runner.yml,9131896a926fe4add993f6a980f55004fbf0033d,https://github.com/sednabcn/LLM-HypatiaX-DEV/blob/8eb4c35ce5d75e97dc201233794607fa6ac02aa6/.github/workflows_may24/ci_runner.yml
sednabcn/LLM-HypatiaX-DEV,.github/workflows_old/ci_experiment.yml,5bf924686aae79018020a572f9213fca2ff9d9d2,https://github.com/sednabcn/LLM-HypatiaX-DEV/blob/8eb4c35ce5d75e97dc201233794607fa6ac02aa6/.github/workflows_old/ci_experiment.yml
sednabcn/LLM-HypatiaX-DEV,.github/workflows_parallel_simplify/ci_experiment_simplify.yml,d888bd7dfafe107ba9398fa6b644b9aebae7b597,https://github.com/sednabcn/LLM-HypatiaX-DEV/blob/8eb4c35ce5d75e97dc201233794607fa6ac02aa6/.github/workflows_parallel_simplify/ci_experiment_simplify.yml
sednabcn/LLM-HypatiaX-DEV,.github/workflows_simplify/ci_experiment_simplify.yml,b6ea48ece18fe47ed698b8032f86199e5185f1f1,https://github.com/sednabcn/LLM-HypatiaX-DEV/blob/8eb4c35ce5d75e97dc201233794607fa6ac02aa6/.github/workflows_simplify/ci_experiment_simplify.yml
sednabcn/LLM-HypatiaX-DEV,config/repro.yaml,aa1c46d8bbb82df36dfca7085dafe9b437db95e4,https://github.com/sednabcn/LLM-HypatiaX-DEV/blob/8eb4c35ce5d75e97dc201233794607fa6ac02aa6/config/repro.yaml
sednabcn/LLM-HypatiaX-DEV,hypatiax-all-checkpoint/experiments/benchmarks/exp1_ablation.py,a2cda948255cd320d5548ca71bf0287651725d91,https://github.com/sednabcn/LLM-HypatiaX-DEV/blob/8eb4c35ce5d75e97dc201233794607fa6ac02aa6/hypatiax-all-checkpoint/experiments/benchmarks/exp1_ablation.py
sednabcn/LLM-HypatiaX-DEV,hypatiax-all-checkpoint/experiments/benchmarks/exp3_nguyen12_hybrid50v_02.py,d2c27857c9679c3617bcb9833fb31d666315e899,https://github.com/sednabcn/LLM-HypatiaX-DEV/blob/8eb4c35ce5d75e97dc201233794607fa6ac02aa6/hypatiax-all-checkpoint/experiments/benchmarks/exp3_nguyen12_hybrid50v_02.py
sednabcn/LLM-HypatiaX-DEV,hypatiax-all-cloud/experiments/benchmarks/exp1_ablation.py,a2cda948255cd320d5548ca71bf0287651725d91,https://github.com/sednabcn/LLM-HypatiaX-DEV/blob/8eb4c35ce5d75e97dc201233794607fa6ac02aa6/hypatiax-all-cloud/experiments/benchmarks/exp1_ablation.py
sednabcn/LLM-HypatiaX-DEV,hypatiax-all-cloud/experiments/benchmarks/exp3_nguyen12_hybrid50v_02.py,d2c27857c9679c3617bcb9833fb31d666315e899,https://github.com/sednabcn/LLM-HypatiaX-DEV/blob/8eb4c35ce5d75e97dc201233794607fa6ac02aa6/hypatiax-all-cloud/experiments/benchmarks/exp3_nguyen12_hybrid50v_02.py
sednabcn/LLM-HypatiaX-DEV,hypatiax-all/experiments/benchmarks/exp1_ablation.py,a2cda948255cd320d5548ca71bf0287651725d91,https://github.com/sednabcn/LLM-HypatiaX-DEV/blob/8eb4c35ce5d75e97dc201233794607fa6ac02aa6/hypatiax-all/experiments/benchmarks/exp1_ablation.py
sednabcn/LLM-HypatiaX-DEV,hypatiax-all/experiments/benchmarks/exp3_nguyen12_hybrid50v_02.py,d2c27857c9679c3617bcb9833fb31d666315e899,https://github.com/sednabcn/LLM-HypatiaX-DEV/blob/8eb4c35ce5d75e97dc201233794607fa6ac02aa6/hypatiax-all/experiments/benchmarks/exp3_nguyen12_hybrid50v_02.py
sednabcn/LLM-HypatiaX-DEV,hypatiax/data/results/ablation/exp1_ablation/exp1_ablation_run.log,3229ac92aa301976a262910f0d2fdee7145ba077,https://github.com/sednabcn/LLM-HypatiaX-DEV/blob/8eb4c35ce5d75e97dc201233794607fa6ac02aa6/hypatiax/data/results/ablation/exp1_ablation/exp1_ablation_run.log
sednabcn/LLM-HypatiaX-DEV,hypatiax/experiments/benchmarks/exp1_ablation.py,d97a95e39a63818fe16853cdf1527735e6065903,https://github.com/sednabcn/LLM-HypatiaX-DEV/blob/8eb4c35ce5d75e97dc201233794607fa6ac02aa6/hypatiax/experiments/benchmarks/exp1_ablation.py
sednabcn/LLM-HypatiaX-DEV,hypatiax/experiments/benchmarks/exp3_nguyen12_hybrid50v_02.py,a06c00f43450a22f1ee53671ad993ad9cb38360c,https://github.com/sednabcn/LLM-HypatiaX-DEV/blob/8eb4c35ce5d75e97dc201233794607fa6ac02aa6/hypatiax/experiments/benchmarks/exp3_nguyen12_hybrid50v_02.py
sednabcn/LLM-HypatiaX-DEV,hypatiax/experiments/benchmarks/run_comparative_suite_benchmark_pca.py,1323d25f85e25dbd41f713d41c4ca1db6edadde7,https://github.com/sednabcn/LLM-HypatiaX-DEV/blob/8eb4c35ce5d75e97dc201233794607fa6ac02aa6/hypatiax/experiments/benchmarks/run_comparative_suite_benchmark_pca.py
sednabcn/LLM-HypatiaX-DEV,hypatiax/experiments/benchmarks/run_comparative_suite_benchmark_v2.py,663dcaaa1a85da337e78d4647dc83f362f0337c9,https://github.com/sednabcn/LLM-HypatiaX-DEV/blob/8eb4c35ce5d75e97dc201233794607fa6ac02aa6/hypatiax/experiments/benchmarks/run_comparative_suite_benchmark_v2.py
sednabcn/LLM-HypatiaX-DEV,hypatiax/experiments/comparison/test_suite_comparative_v3.py,cf48d4c67083496717100cdd1ddc80c8e22f7b4f,https://github.com/sednabcn/LLM-HypatiaX-DEV/blob/8eb4c35ce5d75e97dc201233794607fa6ac02aa6/hypatiax/experiments/comparison/test_suite_comparative_v3.py
sednabcn/LLM-HypatiaX-DEV,hypatiax/experiments/tests/symbolic_engine_crossed.py,a2ca17025749b496bce89ed07788a18f9e18b1f6,https://github.com/sednabcn/LLM-HypatiaX-DEV/blob/8eb4c35ce5d75e97dc201233794607fa6ac02aa6/hypatiax/experiments/tests/symbolic_engine_crossed.py
sednabcn/LLM-HypatiaX-DEV,hypatiax/experiments/tests/test_symbolic_engine_crossed.py,d25adecf787e293ad4fc49d87f78d431ecead708,https://github.com/sednabcn/LLM-HypatiaX-DEV/blob/8eb4c35ce5d75e97dc201233794607fa6ac02aa6/hypatiax/experiments/tests/test_symbolic_engine_crossed.py
sednabcn/LLM-HypatiaX-DEV,hypatiax/experiments/tests/test_symbolic_engine_pysr_biology_.py,b97da9feaa4752a81a4fdfb10c70513f5d4907fd,https://github.com/sednabcn/LLM-HypatiaX-DEV/blob/8eb4c35ce5d75e97dc201233794607fa6ac02aa6/hypatiax/experiments/tests/test_symbolic_engine_pysr_biology_.py
sednabcn/LLM-HypatiaX-DEV,hypatiax/tools/symbolic/symbolic_engine.py,010e93d999ee2e13692ba333716210da91d0ca60,https://github.com/sednabcn/LLM-HypatiaX-DEV/blob/8eb4c35ce5d75e97dc201233794607fa6ac02aa6/hypatiax/tools/symbolic/symbolic_engine.py
sednabcn/LLM-HypatiaX-DEV,hypatiax_parallel_arch/PARALLEL_ARCH/ci_experiment_simplify.yml,d888bd7dfafe107ba9398fa6b644b9aebae7b597,https://github.com/sednabcn/LLM-HypatiaX-DEV/blob/8eb4c35ce5d75e97dc201233794607fa6ac02aa6/hypatiax_parallel_arch/PARALLEL_ARCH/ci_experiment_simplify.yml
sednabcn/LLM-HypatiaX-DEV,no-used-hypatiax/experiments/hypatiax_exp1_ablation.py,7a19324d03740a6d37a3675042c92facec0a0ef0,https://github.com/sednabcn/LLM-HypatiaX-DEV/blob/8eb4c35ce5d75e97dc201233794607fa6ac02aa6/no-used-hypatiax/experiments/hypatiax_exp1_ablation.py
serml/multitask-stress-aiae,code/ml/old_ml_experiments.ipynb,36654fe7711ac0798913da2f5ab84b0300efc3df,https://github.com/serml/multitask-stress-aiae/blob/3517f26a393a69042de78135f3fe68521e3a38e7/code/ml/old_ml_experiments.ipynb
shilong20/StackDiff,src/tools/Symbolic-regression/gray_regression_final.ipynb,149f590d8f2483a1b9db67383adbd71a2aa2450c,https://github.com/shilong20/StackDiff/blob/102b3dda25792995f06d0d28deb27fc74bdbdcfe/src/tools/Symbolic-regression/gray_regression_final.ipynb
ShiminZhang/BMC-benchmark,results/pysr_results/cache/139442p0_model_info.json,79c4cbda2d6b5d2816b7bd5f6657fc92cc80764e,https://github.com/ShiminZhang/BMC-benchmark/blob/2b44c3f305c7f5d79bcdd9253832eb6f039655d4/results/pysr_results/cache/139442p0_model_info.json
ShiminZhang/BMC-benchmark,results/pysr_results/cache/139453p0_model_info.json,dd192ef8577031936f9981598cb2543274cf082f,https://github.com/ShiminZhang/BMC-benchmark/blob/2b44c3f305c7f5d79bcdd9253832eb6f039655d4/results/pysr_results/cache/139453p0_model_info.json
ShiminZhang/BMC-benchmark,results/pysr_results/cache/139463p0_model_info.json,6fb268869dcccf5f0928b1a2f673022864477c15,https://github.com/ShiminZhang/BMC-benchmark/blob/2b44c3f305c7f5d79bcdd9253832eb6f039655d4/results/pysr_results/cache/139463p0_model_info.json
ShiminZhang/BMC-benchmark,results/pysr_results/cache/6s0_model_info.json,61c929b05d0097c54423f993e0b097f01a19c147,https://github.com/ShiminZhang/BMC-benchmark/blob/2b44c3f305c7f5d79bcdd9253832eb6f039655d4/results/pysr_results/cache/6s0_model_info.json
ShiminZhang/BMC-benchmark,results/pysr_results/cache/6s13_model_info.json,3f99594afca28b6b73032cb758becff5072c2b38,https://github.com/ShiminZhang/BMC-benchmark/blob/2b44c3f305c7f5d79bcdd9253832eb6f039655d4/results/pysr_results/cache/6s13_model_info.json
ShiminZhang/BMC-benchmark,results/pysr_results/cache/6s204b19_model_info.json,f1cd4f34c66146edf18c9e9875c090406a5e6852,https://github.com/ShiminZhang/BMC-benchmark/blob/2b44c3f305c7f5d79bcdd9253832eb6f039655d4/results/pysr_results/cache/6s204b19_model_info.json
ShiminZhang/BMC-benchmark,results/pysr_results/cache/6s207rb28_model_info.json,d36c21a9c1d4bd8a209a0bd1b031c67fe92ed90b,https://github.com/ShiminZhang/BMC-benchmark/blob/2b44c3f305c7f5d79bcdd9253832eb6f039655d4/results/pysr_results/cache/6s207rb28_model_info.json
ShiminZhang/BMC-benchmark,results/pysr_results/cache/6s271rb079_model_info.json,476db00b2931c0fb5dc67e6ffe4a929ce03108f3,https://github.com/ShiminZhang/BMC-benchmark/blob/2b44c3f305c7f5d79bcdd9253832eb6f039655d4/results/pysr_results/cache/6s271rb079_model_info.json
ShiminZhang/BMC-benchmark,results/pysr_results/cache/6s284rb1_model_info.json,84b0472565614a5e0a38f9a71d363b51163e04cb,https://github.com/ShiminZhang/BMC-benchmark/blob/2b44c3f305c7f5d79bcdd9253832eb6f039655d4/results/pysr_results/cache/6s284rb1_model_info.json
ShiminZhang/BMC-benchmark,results/pysr_results/cache/6s307rb09_model_info.json,7d7bd5af38f9995884a211828f36aa3a1025695f,https://github.com/ShiminZhang/BMC-benchmark/blob/2b44c3f305c7f5d79bcdd9253832eb6f039655d4/results/pysr_results/cache/6s307rb09_model_info.json
ShiminZhang/BMC-benchmark,results/pysr_results/cache/6s317b14_model_info.json,bad2eb55092391e71be5bfd4fcb6df73821a3f9f,https://github.com/ShiminZhang/BMC-benchmark/blob/2b44c3f305c7f5d79bcdd9253832eb6f039655d4/results/pysr_results/cache/6s317b14_model_info.json
ShiminZhang/BMC-benchmark,results/pysr_results/cache/6s326rb08_model_info.json,b9b10bb21a836bdc035d130704ba23d0856c4560,https://github.com/ShiminZhang/BMC-benchmark/blob/2b44c3f305c7f5d79bcdd9253832eb6f039655d4/results/pysr_results/cache/6s326rb08_model_info.json
ShiminZhang/BMC-benchmark,results/pysr_results/cache/6s329rb20_model_info.json,3ee53e6b5ef6200e773238c0ef2658f8ba9f2a65,https://github.com/ShiminZhang/BMC-benchmark/blob/2b44c3f305c7f5d79bcdd9253832eb6f039655d4/results/pysr_results/cache/6s329rb20_model_info.json
ShiminZhang/BMC-benchmark,results/pysr_results/cache/6s342rb131_model_info.json,c6150316a52ac259ff566753d7e91baf2dee0da6,https://github.com/ShiminZhang/BMC-benchmark/blob/2b44c3f305c7f5d79bcdd9253832eb6f039655d4/results/pysr_results/cache/6s342rb131_model_info.json
ShiminZhang/BMC-benchmark,results/pysr_results/cache/6s344rb150_model_info.json,982344805fedf93bb890978785893d3bd82a1b52,https://github.com/ShiminZhang/BMC-benchmark/blob/2b44c3f305c7f5d79bcdd9253832eb6f039655d4/results/pysr_results/cache/6s344rb150_model_info.json
ShiminZhang/BMC-benchmark,results/pysr_results/cache/6s350rb35_model_info.json,13c5d2b310ec3e4b74313d3497ec6c39109bc4d2,https://github.com/ShiminZhang/BMC-benchmark/blob/2b44c3f305c7f5d79bcdd9253832eb6f039655d4/results/pysr_results/cache/6s350rb35_model_info.json
ShiminZhang/BMC-benchmark,results/pysr_results/cache/6s355rb08740_model_info.json,c338dd46b3202ac8d6ba10ddb83301c7571a767a,https://github.com/ShiminZhang/BMC-benchmark/blob/2b44c3f305c7f5d79bcdd9253832eb6f039655d4/results/pysr_results/cache/6s355rb08740_model_info.json
ShiminZhang/BMC-benchmark,results/pysr_results/cache/6s362rb1_model_info.json,2fedab7182c5cd716c5d3530511078012d2b01e9,https://github.com/ShiminZhang/BMC-benchmark/blob/2b44c3f305c7f5d79bcdd9253832eb6f039655d4/results/pysr_results/cache/6s362rb1_model_info.json
ShiminZhang/BMC-benchmark,results/pysr_results/cache/6s380b129_model_info.json,6d051bed8a3c579f485ced4890c8c6316dc75f31,https://github.com/ShiminZhang/BMC-benchmark/blob/2b44c3f305c7f5d79bcdd9253832eb6f039655d4/results/pysr_results/cache/6s380b129_model_info.json
ShiminZhang/BMC-benchmark,results/pysr_results/cache/6s38_model_info.json,e6f24e74ca24c99718868914eeea658e273681f7,https://github.com/ShiminZhang/BMC-benchmark/blob/2b44c3f305c7f5d79bcdd9253832eb6f039655d4/results/pysr_results/cache/6s38_model_info.json
ShiminZhang/BMC-benchmark,results/pysr_results/cache/6s406rb067_model_info.json,ed081bca9441b0ed6cb8e558d4bf5d95d1fbab21,https://github.com/ShiminZhang/BMC-benchmark/blob/2b44c3f305c7f5d79bcdd9253832eb6f039655d4/results/pysr_results/cache/6s406rb067_model_info.json
ShiminZhang/BMC-benchmark,results/pysr_results/cache/6s410rb043_model_info.json,a6e71215e86b707b3448b36b33f9820374a4b07d,https://github.com/ShiminZhang/BMC-benchmark/blob/2b44c3f305c7f5d79bcdd9253832eb6f039655d4/results/pysr_results/cache/6s410rb043_model_info.json
ShiminZhang/BMC-benchmark,results/pysr_results/cache/6s7_model_info.json,7f19bbd40def7af462ecf4d7f6fbebd6f1cd3dac,https://github.com/ShiminZhang/BMC-benchmark/blob/2b44c3f305c7f5d79bcdd9253832eb6f039655d4/results/pysr_results/cache/6s7_model_info.json
ShiminZhang/BMC-benchmark,results/pysr_results/cache/arbitrated_top_n3_w16_d32_e0_model_info.json,2681c4bf57e6b390fef56d51b2b73aef0f83f238,https://github.com/ShiminZhang/BMC-benchmark/blob/2b44c3f305c7f5d79bcdd9253832eb6f039655d4/results/pysr_results/cache/arbitrated_top_n3_w16_d32_e0_model_info.json
ShiminZhang/BMC-benchmark,results/pysr_results/cache/arbitrated_top_n4_w16_d32_e0_model_info.json,0e310df3ee0094c99e1d340559575a6e66a0f43b,https://github.com/ShiminZhang/BMC-benchmark/blob/2b44c3f305c7f5d79bcdd9253832eb6f039655d4/results/pysr_results/cache/arbitrated_top_n4_w16_d32_e0_model_info.json
ShiminZhang/BMC-benchmark,results/pysr_results/cache/arbitrated_top_n5_w128_d8_e0_model_info.json,b01a0e342b16a5d6b2bf6dc5f688f493226d81d4,https://github.com/ShiminZhang/BMC-benchmark/blob/2b44c3f305c7f5d79bcdd9253832eb6f039655d4/results/pysr_results/cache/arbitrated_top_n5_w128_d8_e0_model_info.json
ShiminZhang/BMC-benchmark,results/pysr_results/cache/bc57sensorsp1_model_info.json,c6e91374843a81bd21107b8d4fbf495da8c90dce,https://github.com/ShiminZhang/BMC-benchmark/blob/2b44c3f305c7f5d79bcdd9253832eb6f039655d4/results/pysr_results/cache/bc57sensorsp1_model_info.json
ShiminZhang/BMC-benchmark,results/pysr_results/cache/beemandrsn4b1_model_info.json,19926275a1cf5c77717e45f20c3511efcc7af88e,https://github.com/ShiminZhang/BMC-benchmark/blob/2b44c3f305c7f5d79bcdd9253832eb6f039655d4/results/pysr_results/cache/beemandrsn4b1_model_info.json
ShiminZhang/BMC-benchmark,results/pysr_results/cache/beembrptwo3b2_model_info.json,4890bc091857f210c1de77f216fccbe0c319970f,https://github.com/ShiminZhang/BMC-benchmark/blob/2b44c3f305c7f5d79bcdd9253832eb6f039655d4/results/pysr_results/cache/beembrptwo3b2_model_info.json
ShiminZhang/BMC-benchmark,results/pysr_results/cache/beemlifts2b1_model_info.json,66c97e2b6f0702dd59d779d17b21aacf862798d8,https://github.com/ShiminZhang/BMC-benchmark/blob/2b44c3f305c7f5d79bcdd9253832eb6f039655d4/results/pysr_results/cache/beemlifts2b1_model_info.json
ShiminZhang/BMC-benchmark,results/pysr_results/cache/beemptrsn1b1_model_info.json,3d8151305aef97c334706cd9708ca96487c889c5,https://github.com/ShiminZhang/BMC-benchmark/blob/2b44c3f305c7f5d79bcdd9253832eb6f039655d4/results/pysr_results/cache/beemptrsn1b1_model_info.json
ShiminZhang/BMC-benchmark,results/pysr_results/cache/bj08amba2g3f3_model_info.json,5511eb64f13c9ac9e73bf95dc4dec5beb2fe1970,https://github.com/ShiminZhang/BMC-benchmark/blob/2b44c3f305c7f5d79bcdd9253832eb6f039655d4/results/pysr_results/cache/bj08amba2g3f3_model_info.json
ShiminZhang/BMC-benchmark,results/pysr_results/cache/bj08amba5g62_model_info.json,c44be2c43a2af497041d0a8086c54edb5534f496,https://github.com/ShiminZhang/BMC-benchmark/blob/2b44c3f305c7f5d79bcdd9253832eb6f039655d4/results/pysr_results/cache/bj08amba5g62_model_info.json
ShiminZhang/BMC-benchmark,results/pysr_results/cache/bjrb07amba1andenv_model_info.json,776038651e5ad9d96b8187de593fcff17ce12565,https://github.com/ShiminZhang/BMC-benchmark/blob/2b44c3f305c7f5d79bcdd9253832eb6f039655d4/results/pysr_results/cache/bjrb07amba1andenv_model_info.json
ShiminZhang/BMC-benchmark,results/pysr_results/cache/bob9234specand_model_info.json,decd0bb1a21ed0eed58619d9f80496e5003dc3c4,https://github.com/ShiminZhang/BMC-benchmark/blob/2b44c3f305c7f5d79bcdd9253832eb6f039655d4/results/pysr_results/cache/bob9234specand_model_info.json
ShiminZhang/BMC-benchmark,results/pysr_results/cache/bobtuint08neg_model_info.json,b9442ce57ef9461864090f9cfdaad52050cfbc58,https://github.com/ShiminZhang/BMC-benchmark/blob/2b44c3f305c7f5d79bcdd9253832eb6f039655d4/results/pysr_results/cache/bobtuint08neg_model_info.json
ShiminZhang/BMC-benchmark,results/pysr_results/cache/bobtuint09neg_model_info.json,c229db85a3576717b045b37ae639dfda9b46aa44,https://github.com/ShiminZhang/BMC-benchmark/blob/2b44c3f305c7f5d79bcdd9253832eb6f039655d4/results/pysr_results/cache/bobtuint09neg_model_info.json
ShiminZhang/BMC-benchmark,results/pysr_results/cache/bobtuint26neg_model_info.json,1c9e05bd56e996cc3de155a79888768a7d1252a4,https://github.com/ShiminZhang/BMC-benchmark/blob/2b44c3f305c7f5d79bcdd9253832eb6f039655d4/results/pysr_results/cache/bobtuint26neg_model_info.json
ShiminZhang/BMC-benchmark,results/pysr_results/cache/bobunr2p10d40l_model_info.json,174e76b0ff0e5baf6cd14b4a74f1ea7eac930a31,https://github.com/ShiminZhang/BMC-benchmark/blob/2b44c3f305c7f5d79bcdd9253832eb6f039655d4/results/pysr_results/cache/bobunr2p10d40l_model_info.json
ShiminZhang/BMC-benchmark,results/pysr_results/cache/cal112_model_info.json,e09f90aafad1449f4b8dbdb0587cd7918a345a30,https://github.com/ShiminZhang/BMC-benchmark/blob/2b44c3f305c7f5d79bcdd9253832eb6f039655d4/results/pysr_results/cache/cal112_model_info.json
ShiminZhang/BMC-benchmark,results/pysr_results/cache/cal149_model_info.json,9c660abf78817321e6fd18960976a46c7b3ee0ed,https://github.com/ShiminZhang/BMC-benchmark/blob/2b44c3f305c7f5d79bcdd9253832eb6f039655d4/results/pysr_results/cache/cal149_model_info.json
ShiminZhang/BMC-benchmark,results/pysr_results/cache/cal33_model_info.json,e3417410bde63c37a98682f92782f18f0d14fcfd,https://github.com/ShiminZhang/BMC-benchmark/blob/2b44c3f305c7f5d79bcdd9253832eb6f039655d4/results/pysr_results/cache/cal33_model_info.json
ShiminZhang/BMC-benchmark,results/pysr_results/cache/cal81_model_info.json,14e3711764a5c09fc3b0946375cb553d56d09f5d,https://github.com/ShiminZhang/BMC-benchmark/blob/2b44c3f305c7f5d79bcdd9253832eb6f039655d4/results/pysr_results/cache/cal81_model_info.json
ShiminZhang/BMC-benchmark,results/pysr_results/cache/circular_pointer_top_w16_d32_e0_model_info.json,0207fa75cf165e4b2965ef4baafc5cc06a79ef30,https://github.com/ShiminZhang/BMC-benchmark/blob/2b44c3f305c7f5d79bcdd9253832eb6f039655d4/results/pysr_results/cache/circular_pointer_top_w16_d32_e0_model_info.json
ShiminZhang/BMC-benchmark,results/pysr_results/cache/dspfilters_fastfir_second-p04_model_info.json,17095d3b27ccfcf570d3ab39cd088cdec29ed48f,https://github.com/ShiminZhang/BMC-benchmark/blob/2b44c3f305c7f5d79bcdd9253832eb6f039655d4/results/pysr_results/cache/dspfilters_fastfir_second-p04_model_info.json
ShiminZhang/BMC-benchmark,results/pysr_results/cache/dspfilters_fastfir_second-p09_model_info.json,9b9a20baa1beb548c0d90c6d366eb359827999b5,https://github.com/ShiminZhang/BMC-benchmark/blob/2b44c3f305c7f5d79bcdd9253832eb6f039655d4/results/pysr_results/cache/dspfilters_fastfir_second-p09_model_info.json
ShiminZhang/BMC-benchmark,results/pysr_results/cache/eijkbs4863_model_info.json,56e1f7880be09be4a65f08a2b58c123750cd77fd,https://github.com/ShiminZhang/BMC-benchmark/blob/2b44c3f305c7f5d79bcdd9253832eb6f039655d4/results/pysr_results/cache/eijkbs4863_model_info.json
ShiminZhang/BMC-benchmark,results/pysr_results/cache/eijks713_model_info.json,e4ab631c22787e9689d45880a45fabd15e938d25,https://github.com/ShiminZhang/BMC-benchmark/blob/2b44c3f305c7f5d79bcdd9253832eb6f039655d4/results/pysr_results/cache/eijks713_model_info.json
ShiminZhang/BMC-benchmark,results/pysr_results/cache/eijks953_model_info.json,6899927fdc72baf38a6f5c824ffcf01fc014624e,https://github.com/ShiminZhang/BMC-benchmark/blob/2b44c3f305c7f5d79bcdd9253832eb6f039655d4/results/pysr_results/cache/eijks953_model_info.json
ShiminZhang/BMC-benchmark,results/pysr_results/cache/gen10_model_info.json,b5151b45801768796f880e8e6fa0dd6515726c4e,https://github.com/ShiminZhang/BMC-benchmark/blob/2b44c3f305c7f5d79bcdd9253832eb6f039655d4/results/pysr_results/cache/gen10_model_info.json
ShiminZhang/BMC-benchmark,results/pysr_results/cache/gen31_model_info.json,a2a0b5aa176a1f563b192a7efa8c33523880f97d,https://github.com/ShiminZhang/BMC-benchmark/blob/2b44c3f305c7f5d79bcdd9253832eb6f039655d4/results/pysr_results/cache/gen31_model_info.json
ShiminZhang/BMC-benchmark,results/pysr_results/cache/intel023_model_info.json,32b52d24950c4412d5335dae705152cfaf0fac30,https://github.com/ShiminZhang/BMC-benchmark/blob/2b44c3f305c7f5d79bcdd9253832eb6f039655d4/results/pysr_results/cache/intel023_model_info.json
ShiminZhang/BMC-benchmark,results/pysr_results/cache/intel024_model_info.json,223ae36c07cf260814472de98c9c7eef251162df,https://github.com/ShiminZhang/BMC-benchmark/blob/2b44c3f305c7f5d79bcdd9253832eb6f039655d4/results/pysr_results/cache/intel024_model_info.json
ShiminZhang/BMC-benchmark,results/pysr_results/cache/intel037_model_info.json,e59d70f13d5c770aa2c629d81b5fdb20c1d2d81a,https://github.com/ShiminZhang/BMC-benchmark/blob/2b44c3f305c7f5d79bcdd9253832eb6f039655d4/results/pysr_results/cache/intel037_model_info.json
ShiminZhang/BMC-benchmark,results/pysr_results/cache/intel040_model_info.json,b876ab0946d2c32ee17fd74a67aa27d48fb2feff,https://github.com/ShiminZhang/BMC-benchmark/blob/2b44c3f305c7f5d79bcdd9253832eb6f039655d4/results/pysr_results/cache/intel040_model_info.json
ShiminZhang/BMC-benchmark,results/pysr_results/cache/intel061_model_info.json,4830c3a5df2c701b5fed885a2651f5e63e8c4418,https://github.com/ShiminZhang/BMC-benchmark/blob/2b44c3f305c7f5d79bcdd9253832eb6f039655d4/results/pysr_results/cache/intel061_model_info.json
ShiminZhang/BMC-benchmark,results/pysr_results/cache/intel066_model_info.json,ca53408221bda1816e76aed005e1d4cd0edc42b3,https://github.com/ShiminZhang/BMC-benchmark/blob/2b44c3f305c7f5d79bcdd9253832eb6f039655d4/results/pysr_results/cache/intel066_model_info.json
ShiminZhang/BMC-benchmark,results/pysr_results/cache/irstdme5_model_info.json,ae4dedded86d22f4680bb8c557bb0aacd731c797,https://github.com/ShiminZhang/BMC-benchmark/blob/2b44c3f305c7f5d79bcdd9253832eb6f039655d4/results/pysr_results/cache/irstdme5_model_info.json
ShiminZhang/BMC-benchmark,results/pysr_results/cache/kenoopp1_model_info.json,5351ab2ba895473320a4b7aef02714997afc69d1,https://github.com/ShiminZhang/BMC-benchmark/blob/2b44c3f305c7f5d79bcdd9253832eb6f039655d4/results/pysr_results/cache/kenoopp1_model_info.json
ShiminZhang/BMC-benchmark,results/pysr_results/cache/nusmvguidancep6_model_info.json,97ad89aa3611de7b2a20d9172f0c87ba003256e8,https://github.com/ShiminZhang/BMC-benchmark/blob/2b44c3f305c7f5d79bcdd9253832eb6f039655d4/results/pysr_results/cache/nusmvguidancep6_model_info.json
ShiminZhang/BMC-benchmark,results/pysr_results/cache/nusmvreactorp1_model_info.json,bbbd9042dbb42ee08196bd1a1bf328011925e3aa,https://github.com/ShiminZhang/BMC-benchmark/blob/2b44c3f305c7f5d79bcdd9253832eb6f039655d4/results/pysr_results/cache/nusmvreactorp1_model_info.json
ShiminZhang/BMC-benchmark,results/pysr_results/cache/nusmvreactorp6_model_info.json,ea19735e95930d74190608348b882977644bfb20,https://github.com/ShiminZhang/BMC-benchmark/blob/2b44c3f305c7f5d79bcdd9253832eb6f039655d4/results/pysr_results/cache/nusmvreactorp6_model_info.json
ShiminZhang/BMC-benchmark,results/pysr_results/cache/nusmvsyncarb5p2_model_info.json,1c59d14c2566494154b227db4874fa0a10291a23,https://github.com/ShiminZhang/BMC-benchmark/blob/2b44c3f305c7f5d79bcdd9253832eb6f039655d4/results/pysr_results/cache/nusmvsyncarb5p2_model_info.json
ShiminZhang/BMC-benchmark,results/pysr_results/cache/oc8051gm0caddr_model_info.json,49b359ca3de06288a9734307faab3fdb5e8ac085,https://github.com/ShiminZhang/BMC-benchmark/blob/2b44c3f305c7f5d79bcdd9253832eb6f039655d4/results/pysr_results/cache/oc8051gm0caddr_model_info.json
ShiminZhang/BMC-benchmark,results/pysr_results/cache/oc8051gmcadata_model_info.json,16e62834d3bc9ede359db218af12eeb77313104b,https://github.com/ShiminZhang/BMC-benchmark/blob/2b44c3f305c7f5d79bcdd9253832eb6f039655d4/results/pysr_results/cache/oc8051gmcadata_model_info.json
ShiminZhang/BMC-benchmark,results/pysr_results/cache/oc8051gmdaaddr_model_info.json,3bf3b187ceedd5d9db987ae18ca2972eeb4ca77b,https://github.com/ShiminZhang/BMC-benchmark/blob/2b44c3f305c7f5d79bcdd9253832eb6f039655d4/results/pysr_results/cache/oc8051gmdaaddr_model_info.json
ShiminZhang/BMC-benchmark,results/pysr_results/cache/oc8051gmfbaddr_model_info.json,538675f7a0ead6d33d914526f80dcee559e24099,https://github.com/ShiminZhang/BMC-benchmark/blob/2b44c3f305c7f5d79bcdd9253832eb6f039655d4/results/pysr_results/cache/oc8051gmfbaddr_model_info.json
ShiminZhang/BMC-benchmark,results/pysr_results/cache/oski15a01b02s_model_info.json,b75c378a8927842f7ce34b153d70eb0d08a500c4,https://github.com/ShiminZhang/BMC-benchmark/blob/2b44c3f305c7f5d79bcdd9253832eb6f039655d4/results/pysr_results/cache/oski15a01b02s_model_info.json
ShiminZhang/BMC-benchmark,results/pysr_results/cache/oski15a01b05s_model_info.json,a2d95e30bf8b37ca0c98c653850a6d84783591b9,https://github.com/ShiminZhang/BMC-benchmark/blob/2b44c3f305c7f5d79bcdd9253832eb6f039655d4/results/pysr_results/cache/oski15a01b05s_model_info.json
ShiminZhang/BMC-benchmark,results/pysr_results/cache/oski15a01b15s_model_info.json,53dde70998c9131741d4300e66198780c0daa556,https://github.com/ShiminZhang/BMC-benchmark/blob/2b44c3f305c7f5d79bcdd9253832eb6f039655d4/results/pysr_results/cache/oski15a01b15s_model_info.json
ShiminZhang/BMC-benchmark,results/pysr_results/cache/oski15a01b24s_model_info.json,119b5e3fe331a835e0383d8a48c800e4f11ee6d1,https://github.com/ShiminZhang/BMC-benchmark/blob/2b44c3f305c7f5d79bcdd9253832eb6f039655d4/results/pysr_results/cache/oski15a01b24s_model_info.json
ShiminZhang/BMC-benchmark,results/pysr_results/cache/oski15a01b33s_model_info.json,63b7d706ac75c94266860b6ebfaa5db618d98541,https://github.com/ShiminZhang/BMC-benchmark/blob/2b44c3f305c7f5d79bcdd9253832eb6f039655d4/results/pysr_results/cache/oski15a01b33s_model_info.json
ShiminZhang/BMC-benchmark,results/pysr_results/cache/oski15a01b41s_model_info.json,29de8673b357d305fbf178af934186f79278e105,https://github.com/ShiminZhang/BMC-benchmark/blob/2b44c3f305c7f5d79bcdd9253832eb6f039655d4/results/pysr_results/cache/oski15a01b41s_model_info.json
ShiminZhang/BMC-benchmark,results/pysr_results/cache/oski15a01b49s_model_info.json,9d0e4b32af39252c4586bc2e8de22fd50c2f6f9f,https://github.com/ShiminZhang/BMC-benchmark/blob/2b44c3f305c7f5d79bcdd9253832eb6f039655d4/results/pysr_results/cache/oski15a01b49s_model_info.json
ShiminZhang/BMC-benchmark,results/pysr_results/cache/oski15a01b51s_model_info.json,1c0b5a001c7cd62589f124dae4cf887a3b75d997,https://github.com/ShiminZhang/BMC-benchmark/blob/2b44c3f305c7f5d79bcdd9253832eb6f039655d4/results/pysr_results/cache/oski15a01b51s_model_info.json
ShiminZhang/BMC-benchmark,results/pysr_results/cache/oski15a01b56s_model_info.json,4623c892bc212c7da125c77cd40211de2a499fa1,https://github.com/ShiminZhang/BMC-benchmark/blob/2b44c3f305c7f5d79bcdd9253832eb6f039655d4/results/pysr_results/cache/oski15a01b56s_model_info.json
ShiminZhang/BMC-benchmark,results/pysr_results/cache/oski15a01b67s_model_info.json,0aa410849f87730c2c53cb6f0f848c3047831e63,https://github.com/ShiminZhang/BMC-benchmark/blob/2b44c3f305c7f5d79bcdd9253832eb6f039655d4/results/pysr_results/cache/oski15a01b67s_model_info.json
ShiminZhang/BMC-benchmark,results/pysr_results/cache/oski15a01b70s_model_info.json,f50c4de350143fff78a3d8e138441fb49383e08b,https://github.com/ShiminZhang/BMC-benchmark/blob/2b44c3f305c7f5d79bcdd9253832eb6f039655d4/results/pysr_results/cache/oski15a01b70s_model_info.json
ShiminZhang/BMC-benchmark,results/pysr_results/cache/oski15a07b1s_model_info.json,b0737219f94982eeeb8b462dc7d81d42518c9a12,https://github.com/ShiminZhang/BMC-benchmark/blob/2b44c3f305c7f5d79bcdd9253832eb6f039655d4/results/pysr_results/cache/oski15a07b1s_model_info.json
ShiminZhang/BMC-benchmark,results/pysr_results/cache/oski15a08b15s_model_info.json,06afe7da05cbbc7abc1efca9d9f51174b5090e75,https://github.com/ShiminZhang/BMC-benchmark/blob/2b44c3f305c7f5d79bcdd9253832eb6f039655d4/results/pysr_results/cache/oski15a08b15s_model_info.json
ShiminZhang/BMC-benchmark,results/pysr_results/cache/oski15a10b05s_model_info.json,ce2b4561faeedd4358dd42370186afda5f74a3eb,https://github.com/ShiminZhang/BMC-benchmark/blob/2b44c3f305c7f5d79bcdd9253832eb6f039655d4/results/pysr_results/cache/oski15a10b05s_model_info.json
ShiminZhang/BMC-benchmark,results/pysr_results/cache/oski15a10b15s_model_info.json,eca072d4c841feb258668d661df2bfa9a8f180cb,https://github.com/ShiminZhang/BMC-benchmark/blob/2b44c3f305c7f5d79bcdd9253832eb6f039655d4/results/pysr_results/cache/oski15a10b15s_model_info.json
ShiminZhang/BMC-benchmark,results/pysr_results/cache/oski15a14b01s_model_info.json,babb46bd2fe4d59c2c31a69f240f70097f0653ee,https://github.com/ShiminZhang/BMC-benchmark/blob/2b44c3f305c7f5d79bcdd9253832eb6f039655d4/results/pysr_results/cache/oski15a14b01s_model_info.json
ShiminZhang/BMC-benchmark,results/pysr_results/cache/oski15a14b09s_model_info.json,0d28912f27101bd143336c863ab80b77f2081901,https://github.com/ShiminZhang/BMC-benchmark/blob/2b44c3f305c7f5d79bcdd9253832eb6f039655d4/results/pysr_results/cache/oski15a14b09s_model_info.json
ShiminZhang/BMC-benchmark,results/pysr_results/cache/oski15a14b27s_model_info.json,3ec43f0a560e0afef6a5a4f48af7fa01689e6739,https://github.com/ShiminZhang/BMC-benchmark/blob/2b44c3f305c7f5d79bcdd9253832eb6f039655d4/results/pysr_results/cache/oski15a14b27s_model_info.json
ShiminZhang/BMC-benchmark,results/pysr_results/cache/oski1rub03i_model_info.json,a97f528d7da0d83384e09230f85aa0eaa1204a1a,https://github.com/ShiminZhang/BMC-benchmark/blob/2b44c3f305c7f5d79bcdd9253832eb6f039655d4/results/pysr_results/cache/oski1rub03i_model_info.json
ShiminZhang/BMC-benchmark,results/pysr_results/cache/pdtpmscoherence_model_info.json,c7726fb6c735cba479d21b9b613866faa548fa5a,https://github.com/ShiminZhang/BMC-benchmark/blob/2b44c3f305c7f5d79bcdd9253832eb6f039655d4/results/pysr_results/cache/pdtpmscoherence_model_info.json
ShiminZhang/BMC-benchmark,results/pysr_results/cache/pdtpmstwo_model_info.json,bf32b87edf7b5ffb4a145a0e7022876226d32e72,https://github.com/ShiminZhang/BMC-benchmark/blob/2b44c3f305c7f5d79bcdd9253832eb6f039655d4/results/pysr_results/cache/pdtpmstwo_model_info.json
ShiminZhang/BMC-benchmark,results/pysr_results/cache/pdtviscoherence4_model_info.json,33ed598c2e4940f52333ed51a8f051d65df4c39c,https://github.com/ShiminZhang/BMC-benchmark/blob/2b44c3f305c7f5d79bcdd9253832eb6f039655d4/results/pysr_results/cache/pdtviscoherence4_model_info.json
ShiminZhang/BMC-benchmark,results/pysr_results/cache/pdtvisns3p02_model_info.json,c5fe78f8f1b4057641f8e4d17160206b495de20c,https://github.com/ShiminZhang/BMC-benchmark/blob/2b44c3f305c7f5d79bcdd9253832eb6f039655d4/results/pysr_results/cache/pdtvisns3p02_model_info.json
ShiminZhang/BMC-benchmark,results/pysr_results/cache/pdtvsar8multip16_model_info.json,024289d230e2770d32a9d686ab8f3684ef6ee204,https://github.com/ShiminZhang/BMC-benchmark/blob/2b44c3f305c7f5d79bcdd9253832eb6f039655d4/results/pysr_results/cache/pdtvsar8multip16_model_info.json
ShiminZhang/BMC-benchmark,results/pysr_results/cache/pdtvsar8multip23_model_info.json,015121d6d8475ff20b0bec86d87a9a55660506d1,https://github.com/ShiminZhang/BMC-benchmark/blob/2b44c3f305c7f5d79bcdd9253832eb6f039655d4/results/pysr_results/cache/pdtvsar8multip23_model_info.json
ShiminZhang/BMC-benchmark,results/pysr_results/cache/pdtvsarmultip13_model_info.json,5e9ccc502ea02a50f1067aaaf28b6cccd05b0436,https://github.com/ShiminZhang/BMC-benchmark/blob/2b44c3f305c7f5d79bcdd9253832eb6f039655d4/results/pysr_results/cache/pdtvsarmultip13_model_info.json
ShiminZhang/BMC-benchmark,results/pysr_results/cache/picorv32-check-p19_model_info.json,0352602659ab373cc87035a7cbe1cf045e55afd9,https://github.com/ShiminZhang/BMC-benchmark/blob/2b44c3f305c7f5d79bcdd9253832eb6f039655d4/results/pysr_results/cache/picorv32-check-p19_model_info.json
ShiminZhang/BMC-benchmark,results/pysr_results/cache/pj2006_model_info.json,3e911f3d6381cc2bf0076747cd15d9fcb21cf270,https://github.com/ShiminZhang/BMC-benchmark/blob/2b44c3f305c7f5d79bcdd9253832eb6f039655d4/results/pysr_results/cache/pj2006_model_info.json
ShiminZhang/BMC-benchmark,results/pysr_results/cache/pj2015_model_info.json,12c9e1355b1ff0258e33c97bb8471bdb9079967e,https://github.com/ShiminZhang/BMC-benchmark/blob/2b44c3f305c7f5d79bcdd9253832eb6f039655d4/results/pysr_results/cache/pj2015_model_info.json
ShiminZhang/BMC-benchmark,results/pysr_results/cache/power2sum32_model_info.json,c74a38948f5037e231de9c8ed91013b6755ae3d7,https://github.com/ShiminZhang/BMC-benchmark/blob/2b44c3f305c7f5d79bcdd9253832eb6f039655d4/results/pysr_results/cache/power2sum32_model_info.json
ShiminZhang/BMC-benchmark,results/pysr_results/cache/prodcellp2neg_model_info.json,e4b370b7066bb1bdba76d921558b7e04f24f15ed,https://github.com/ShiminZhang/BMC-benchmark/blob/2b44c3f305c7f5d79bcdd9253832eb6f039655d4/results/pysr_results/cache/prodcellp2neg_model_info.json
ShiminZhang/BMC-benchmark,results/pysr_results/cache/qspiflash_dualflexpress_divfive-p022_model_info.json,88273814c17d26ce7d206d88b73b848d26715e07,https://github.com/ShiminZhang/BMC-benchmark/blob/2b44c3f305c7f5d79bcdd9253832eb6f039655d4/results/pysr_results/cache/qspiflash_dualflexpress_divfive-p022_model_info.json
ShiminZhang/BMC-benchmark,results/pysr_results/cache/qspiflash_dualflexpress_divfive-p079_model_info.json,86df45462cdb8fd94b1a5b4acb01b826a5ba4916,https://github.com/ShiminZhang/BMC-benchmark/blob/2b44c3f305c7f5d79bcdd9253832eb6f039655d4/results/pysr_results/cache/qspiflash_dualflexpress_divfive-p079_model_info.json
ShiminZhang/BMC-benchmark,results/pysr_results/cache/qspiflash_dualflexpress_divfive-p097_model_info.json,ce79b398cd04aea13f3c2ab9ee9916cdca78ea0e,https://github.com/ShiminZhang/BMC-benchmark/blob/2b44c3f305c7f5d79bcdd9253832eb6f039655d4/results/pysr_results/cache/qspiflash_dualflexpress_divfive-p097_model_info.json
ShiminZhang/BMC-benchmark,results/pysr_results/cache/qspiflash_dualflexpress_divfive-p128_model_info.json,e7387df37217aea014db0f018989678b99afaeef,https://github.com/ShiminZhang/BMC-benchmark/blob/2b44c3f305c7f5d79bcdd9253832eb6f039655d4/results/pysr_results/cache/qspiflash_dualflexpress_divfive-p128_model_info.json
ShiminZhang/BMC-benchmark,results/pysr_results/cache/qspiflash_dualflexpress_divfive-p136_model_info.json,7e755dd26bf52e633f39b7b1f5df02106c7fecd6,https://github.com/ShiminZhang/BMC-benchmark/blob/2b44c3f305c7f5d79bcdd9253832eb6f039655d4/results/pysr_results/cache/qspiflash_dualflexpress_divfive-p136_model_info.json
ShiminZhang/BMC-benchmark,results/pysr_results/cache/qspiflash_dualflexpress_divthree-p005_model_info.json,a2f836cca22c9abf02f15e7e964a2a3916ac7329,https://github.com/ShiminZhang/BMC-benchmark/blob/2b44c3f305c7f5d79bcdd9253832eb6f039655d4/results/pysr_results/cache/qspiflash_dualflexpress_divthree-p005_model_info.json
ShiminZhang/BMC-benchmark,results/pysr_results/cache/qspiflash_dualflexpress_divthree-p085_model_info.json,1a432ee9e29b196699ec49afceac03cc44fb67e7,https://github.com/ShiminZhang/BMC-benchmark/blob/2b44c3f305c7f5d79bcdd9253832eb6f039655d4/results/pysr_results/cache/qspiflash_dualflexpress_divthree-p085_model_info.json
ShiminZhang/BMC-benchmark,results/pysr_results/cache/qspiflash_dualflexpress_divthree-p111_model_info.json,7ed76c2129660ddaeb3955fea768053062ee9d63,https://github.com/ShiminZhang/BMC-benchmark/blob/2b44c3f305c7f5d79bcdd9253832eb6f039655d4/results/pysr_results/cache/qspiflash_dualflexpress_divthree-p111_model_info.json
ShiminZhang/BMC-benchmark,results/pysr_results/cache/qspiflash_dualflexpress_divthree-p161_model_info.json,d77c0bb2d5f5d5409e709719cb4c977fafe2a586,https://github.com/ShiminZhang/BMC-benchmark/blob/2b44c3f305c7f5d79bcdd9253832eb6f039655d4/results/pysr_results/cache/qspiflash_dualflexpress_divthree-p161_model_info.json
ShiminZhang/BMC-benchmark,results/pysr_results/cache/qspiflash_qflexpress_divfive-p017_model_info.json,76b862fd6973dbb4efb96c75d48b45561c0583ef,https://github.com/ShiminZhang/BMC-benchmark/blob/2b44c3f305c7f5d79bcdd9253832eb6f039655d4/results/pysr_results/cache/qspiflash_qflexpress_divfive-p017_model_info.json
ShiminZhang/BMC-benchmark,results/pysr_results/cache/qspiflash_qflexpress_divfive-p036_model_info.json,552c4c59fdec5bc83a000d079de56f0947d96799,https://github.com/ShiminZhang/BMC-benchmark/blob/2b44c3f305c7f5d79bcdd9253832eb6f039655d4/results/pysr_results/cache/qspiflash_qflexpress_divfive-p036_model_info.json
ShiminZhang/BMC-benchmark,results/pysr_results/cache/qspiflash_qflexpress_divfive-p067_model_info.json,dfd77ebc149a6f3c783e17c5d9e1e4be74065c24,https://github.com/ShiminZhang/BMC-benchmark/blob/2b44c3f305c7f5d79bcdd9253832eb6f039655d4/results/pysr_results/cache/qspiflash_qflexpress_divfive-p067_model_info.json
ShiminZhang/BMC-benchmark,results/pysr_results/cache/qspiflash_qflexpress_divfive-p079_model_info.json,7241c68d02afa80620b4c35fef2e13183268d105,https://github.com/ShiminZhang/BMC-benchmark/blob/2b44c3f305c7f5d79bcdd9253832eb6f039655d4/results/pysr_results/cache/qspiflash_qflexpress_divfive-p079_model_info.json
ShiminZhang/BMC-benchmark,results/pysr_results/cache/qspiflash_qflexpress_divfive-p104_model_info.json,2e3893e9e914da9fd92731be897d8c276cc3e20b,https://github.com/ShiminZhang/BMC-benchmark/blob/2b44c3f305c7f5d79bcdd9253832eb6f039655d4/results/pysr_results/cache/qspiflash_qflexpress_divfive-p104_model_info.json
ShiminZhang/BMC-benchmark,results/pysr_results/cache/qspiflash_qflexpress_divfive-p122_model_info.json,985ad5af6af6fe42baee99118215d97b2f9e7950,https://github.com/ShiminZhang/BMC-benchmark/blob/2b44c3f305c7f5d79bcdd9253832eb6f039655d4/results/pysr_results/cache/qspiflash_qflexpress_divfive-p122_model_info.json
ShiminZhang/BMC-benchmark,results/pysr_results/cache/rast-p11_model_info.json,1a8730076931065fcca265ee40b45be3f6846f78,https://github.com/ShiminZhang/BMC-benchmark/blob/2b44c3f305c7f5d79bcdd9253832eb6f039655d4/results/pysr_results/cache/rast-p11_model_info.json
ShiminZhang/BMC-benchmark,results/pysr_results/cache/shift1add2048_model_info.json,c300d226b354e48631530083430f3130a2f81731,https://github.com/ShiminZhang/BMC-benchmark/blob/2b44c3f305c7f5d79bcdd9253832eb6f039655d4/results/pysr_results/cache/shift1add2048_model_info.json
ShiminZhang/BMC-benchmark,results/pysr_results/cache/shift_register_top_w16_d16_e0_model_info.json,e9b7559c0e050d53252f6e7e3cf520759ce1d4fe,https://github.com/ShiminZhang/BMC-benchmark/blob/2b44c3f305c7f5d79bcdd9253832eb6f039655d4/results/pysr_results/cache/shift_register_top_w16_d16_e0_model_info.json
ShiminZhang/BMC-benchmark,results/pysr_results/cache/shift_register_top_w16_d64_e0_model_info.json,c3520de219a789571a8dcaecf511290798386942,https://github.com/ShiminZhang/BMC-benchmark/blob/2b44c3f305c7f5d79bcdd9253832eb6f039655d4/results/pysr_results/cache/shift_register_top_w16_d64_e0_model_info.json
ShiminZhang/BMC-benchmark,results/pysr_results/cache/simple_alu_model_info.json,78a369097bd74d3251c102c8d6781dd5fd584be4,https://github.com/ShiminZhang/BMC-benchmark/blob/2b44c3f305c7f5d79bcdd9253832eb6f039655d4/results/pysr_results/cache/simple_alu_model_info.json
ShiminZhang/BMC-benchmark,results/pysr_results/cache/texasifetch1p8_model_info.json,09acaa910c8c10799e5cfccf52a87e8c4070526b,https://github.com/ShiminZhang/BMC-benchmark/blob/2b44c3f305c7f5d79bcdd9253832eb6f039655d4/results/pysr_results/cache/texasifetch1p8_model_info.json
ShiminZhang/BMC-benchmark,results/pysr_results/cache/texasparsesysp2_model_info.json,b61b8108cfcb0c89d643537ffac929a32ab2c261,https://github.com/ShiminZhang/BMC-benchmark/blob/2b44c3f305c7f5d79bcdd9253832eb6f039655d4/results/pysr_results/cache/texasparsesysp2_model_info.json
ShiminZhang/BMC-benchmark,results/pysr_results/cache/vcegar_QF_BV_itc99_b13_p10_model_info.json,abd4bf70990d698f1aeb211b8ad769e4baac2b17,https://github.com/ShiminZhang/BMC-benchmark/blob/2b44c3f305c7f5d79bcdd9253832eb6f039655d4/results/pysr_results/cache/vcegar_QF_BV_itc99_b13_p10_model_info.json
ShiminZhang/BMC-benchmark,results/pysr_results/cache/vgasim_imgfifo-p066_model_info.json,f4433e00dcf9462fd27676f4e4b975f2cb3f3564,https://github.com/ShiminZhang/BMC-benchmark/blob/2b44c3f305c7f5d79bcdd9253832eb6f039655d4/results/pysr_results/cache/vgasim_imgfifo-p066_model_info.json
ShiminZhang/BMC-benchmark,results/pysr_results/cache/vgasim_imgfifo-p082_model_info.json,207f6c7bf8dd63d285a00d57ac61f375d43ec206,https://github.com/ShiminZhang/BMC-benchmark/blob/2b44c3f305c7f5d79bcdd9253832eb6f039655d4/results/pysr_results/cache/vgasim_imgfifo-p082_model_info.json
ShiminZhang/BMC-benchmark,results/pysr_results/cache/vis_arrays_am2901_model_info.json,fa995792d0f029b110fd2dbd75a38e00fcdef178,https://github.com/ShiminZhang/BMC-benchmark/blob/2b44c3f305c7f5d79bcdd9253832eb6f039655d4/results/pysr_results/cache/vis_arrays_am2901_model_info.json
ShiminZhang/BMC-benchmark,results/pysr_results/cache/visarbiter_model_info.json,f4124805d02841b2bfa78f7883128ab9156322da,https://github.com/ShiminZhang/BMC-benchmark/blob/2b44c3f305c7f5d79bcdd9253832eb6f039655d4/results/pysr_results/cache/visarbiter_model_info.json
ShiminZhang/BMC-benchmark,results/pysr_results/cache/viselevatorp2_model_info.json,edee09c219b6f3c57faeafdfc87c27aa9ecf5b76,https://github.com/ShiminZhang/BMC-benchmark/blob/2b44c3f305c7f5d79bcdd9253832eb6f039655d4/results/pysr_results/cache/viselevatorp2_model_info.json
ShiminZhang/BMC-benchmark,results/pysr_results/cache/zipcpu-busdelay-p00_model_info.json,88da87217cc00b404322794701e3cf2fc5901b2b,https://github.com/ShiminZhang/BMC-benchmark/blob/2b44c3f305c7f5d79bcdd9253832eb6f039655d4/results/pysr_results/cache/zipcpu-busdelay-p00_model_info.json
ShiminZhang/BMC-benchmark,results/pysr_results/cache/zipcpu-busdelay-p36_model_info.json,873d3cd32bdf96b2da9191b2f1acaee099f84833,https://github.com/ShiminZhang/BMC-benchmark/blob/2b44c3f305c7f5d79bcdd9253832eb6f039655d4/results/pysr_results/cache/zipcpu-busdelay-p36_model_info.json
ShiminZhang/BMC-benchmark,results/pysr_results/cache/zipcpu-zipmmu-p02_model_info.json,f490751fcd4b5c1c3f4b886af98d36241a21c711,https://github.com/ShiminZhang/BMC-benchmark/blob/2b44c3f305c7f5d79bcdd9253832eb6f039655d4/results/pysr_results/cache/zipcpu-zipmmu-p02_model_info.json
ShiminZhang/BMC-benchmark,results/pysr_results/cache/zipversa_composecrc_prf-p11_model_info.json,b02cb2c3a1a8a37f8fe6cbd240811ad2eecab5f3,https://github.com/ShiminZhang/BMC-benchmark/blob/2b44c3f305c7f5d79bcdd9253832eb6f039655d4/results/pysr_results/cache/zipversa_composecrc_prf-p11_model_info.json
ShiminZhang/BMC-benchmark,src/scripts/Experiments/README_cache.md,653d6397ff7c0437a1a115ef1cbb1cbcd9931bf5,https://github.com/ShiminZhang/BMC-benchmark/blob/2b44c3f305c7f5d79bcdd9253832eb6f039655d4/src/scripts/Experiments/README_cache.md
ShiminZhang/BMC-benchmark,src/scripts/Experiments/regression_analysis.py,d4caa9c8b72a433f74b78178fe4b9fd89e4f763d,https://github.com/ShiminZhang/BMC-benchmark/blob/2b44c3f305c7f5d79bcdd9253832eb6f039655d4/src/scripts/Experiments/regression_analysis.py
shisirun/code_for_test,sym_reg/symbolic_reg.py,830b89e17cfc73209a0d4f6268dc0cd0e61c165c,https://github.com/shisirun/code_for_test/blob/d98bb1ce7b52c3a13f7b9e107c5ce836fca6c93a/sym_reg/symbolic_reg.py
shisirun/code_for_test,sym_reg/symbolic_reg_model.py,a3fe52bd68d16b3a32cf907f82aabd59acd2533d,https://github.com/shisirun/code_for_test/blob/d98bb1ce7b52c3a13f7b9e107c5ce836fca6c93a/sym_reg/symbolic_reg_model.py
shisirun/E-syn-coding,sym_reg/symbolic_reg.py,830b89e17cfc73209a0d4f6268dc0cd0e61c165c,https://github.com/shisirun/E-syn-coding/blob/2c9221055db86701e8fe9fe47c8de0196521b673/sym_reg/symbolic_reg.py
shisirun/E-syn-coding,sym_reg/symbolic_reg_model.py,a3fe52bd68d16b3a32cf907f82aabd59acd2533d,https://github.com/shisirun/E-syn-coding/blob/2c9221055db86701e8fe9fe47c8de0196521b673/sym_reg/symbolic_reg_model.py
shisirun/E-syn-new,sym_reg/symbolic_reg.py,830b89e17cfc73209a0d4f6268dc0cd0e61c165c,https://github.com/shisirun/E-syn-new/blob/fc9a87b6f39e821015d32ffe0bbf8f8c92c70d66/sym_reg/symbolic_reg.py
shisirun/E-syn-new,sym_reg/symbolic_reg_model.py,a3fe52bd68d16b3a32cf907f82aabd59acd2533d,https://github.com/shisirun/E-syn-new/blob/fc9a87b6f39e821015d32ffe0bbf8f8c92c70d66/sym_reg/symbolic_reg_model.py
shlokkvaishnav/climate-equation-discovery,sdmose/agent/reasoning.py,5f3d4cbbd2d26aea1cb046bdb943adfeabd1491c,https://github.com/shlokkvaishnav/climate-equation-discovery/blob/33fb6f670ed0a905bc228d3de81d347caf7744f2/sdmose/agent/reasoning.py
shlokkvaishnav/climate-equation-discovery,sdmose/experts/symbolic.py,5f0ff013bcaaefd4f01ad95ea2956e9adde30597,https://github.com/shlokkvaishnav/climate-equation-discovery/blob/33fb6f670ed0a905bc228d3de81d347caf7744f2/sdmose/experts/symbolic.py
ShreeshaBhat1004/Project-Vajra,core/tensor_to_crystal.py,f005bc20e734569967fcacf9bd621caf15df5daa,https://github.com/ShreeshaBhat1004/Project-Vajra/blob/e3f2a168778b11a61fe275a12ff0f1f525c388a1/core/tensor_to_crystal.py
shu-kikuchi-dev/bluetooth-distance-measurement,examples/pysr_demo.ipynb,44619d4ea605ddc2ca74449e30d4f3924821e7b4,https://github.com/shu-kikuchi-dev/bluetooth-distance-measurement/blob/ac3c936f2758389ff23884a0e70b5016b3c9f9f5/examples/pysr_demo.ipynb
SidBaines/ChargedHiggsMachineLearning,interp/mechinterputils.py,e4ead505562c3760df800d6b986d2057b9e5dce6,https://github.com/SidBaines/ChargedHiggsMachineLearning/blob/b5c017e6ab0d85f8e13449bbd33564d8169f632b/interp/mechinterputils.py
SidBaines/ChargedHiggsMachineLearning,interp/symbolic_regression.py,d31081602302d5d98713c630efb10ca8dfe81598,https://github.com/SidBaines/ChargedHiggsMachineLearning/blob/b5c017e6ab0d85f8e13449bbd33564d8169f632b/interp/symbolic_regression.py
siddharth-mahesh/EOB_NN_p4PN,EOB_NN_p4PN/dho_example/damped_oscillators_symbolic_regression.py,37f69692b92c18b4d8640ba40d5b942a6823d9b8,https://github.com/siddharth-mahesh/EOB_NN_p4PN/blob/08fe1851dfbbee9d54f7a2270ab2fb0dfbcfc8cd/EOB_NN_p4PN/dho_example/damped_oscillators_symbolic_regression.py
siddharth-mahesh/EOB_NN_p4PN,EOB_NN_p4PN/dho_example/dho_example_sr.py,7a207fa851ca2f88a335720ae74dcd9be1bb0a7d,https://github.com/siddharth-mahesh/EOB_NN_p4PN/blob/08fe1851dfbbee9d54f7a2270ab2fb0dfbcfc8cd/EOB_NN_p4PN/dho_example/dho_example_sr.py
SidU/ReasoningSymbolicRegressor,reasoning_symbolic_regressor/regressor.py,27a57d3374d614f367767ebfe28bfd2e3d4a92f7,https://github.com/SidU/ReasoningSymbolicRegressor/blob/c1fadc97dc25e9a7617471bbc1bb1b7e617380c3/reasoning_symbolic_regressor/regressor.py
SIMCODES-ISU/CompMetalsAlex,CompMetalsAlex/Project/MLModel/SymbolicReg/Trial_2/metadata.txt,8ba703646c9a95edd593421df980c0e107c0fb8a,https://github.com/SIMCODES-ISU/CompMetalsAlex/blob/161d85f058c2698ddde028eb25c9b339f8577f0f/CompMetalsAlex/Project/MLModel/SymbolicReg/Trial_2/metadata.txt
simonalford42/eqdiscovery,learn_classifier.ipynb,5b12f0430cc87d7520ad03f7a93dc772a2a1f5f8,https://github.com/simonalford42/eqdiscovery/blob/7efd301323b55692df5905b363280aa10bc8a4c0/learn_classifier.ipynb
simonalford42/eqdiscovery,py_sr.ipynb,7d322ea2e55136e31caac063081a4f78caa48f91,https://github.com/simonalford42/eqdiscovery/blob/7efd301323b55692df5905b363280aa10bc8a4c0/py_sr.ipynb
simonalford42/meta_sr,GenerateFunctionData/run_pysr_function_sweep.py,d5e88877a21d322e92ca9a8942edd4d71417ee58,https://github.com/simonalford42/meta_sr/blob/7b7d4413ace218bcec01b4b19a696949ebf8797d/GenerateFunctionData/run_pysr_function_sweep.py
simonalford42/meta_sr,GenerateFunctionData/run_sigmoid_sum_seeds.py,1349e6a6be4f8c2bbd9053fefb29ed173d2ca89d,https://github.com/simonalford42/meta_sr/blob/7b7d4413ace218bcec01b4b19a696949ebf8797d/GenerateFunctionData/run_sigmoid_sum_seeds.py
simonalford42/meta_sr,README.md,058138e2ddc628edf6d68c0caf7ebefc42b63559,https://github.com/simonalford42/meta_sr/blob/7b7d4413ace218bcec01b4b19a696949ebf8797d/README.md
simonalford42/meta_sr,autoresearch_sr/run_minisr.py,723ea84afce6ca2bd8420ba60676e3f393303296,https://github.com/simonalford42/meta_sr/blob/7b7d4413ace218bcec01b4b19a696949ebf8797d/autoresearch_sr/run_minisr.py
simonalford42/meta_sr,evaluate_pysr_srbench.py,b662991ad75e57c96a8e16b4ce7e75b20b97b1cf,https://github.com/simonalford42/meta_sr/blob/7b7d4413ace218bcec01b4b19a696949ebf8797d/evaluate_pysr_srbench.py
simonalford42/meta_sr,evaluation.py,a1465966ceed2b807a570bfcf41546c19c69042e,https://github.com/simonalford42/meta_sr/blob/7b7d4413ace218bcec01b4b19a696949ebf8797d/evaluation.py
simonalford42/meta_sr,hpo_pysr.py,4c37d330336f6cf62b3d0a1b83f2464024c77fdd,https://github.com/simonalford42/meta_sr/blob/7b7d4413ace218bcec01b4b19a696949ebf8797d/hpo_pysr.py
simonalford42/meta_sr,mini_pypysr_og.py,3b7439dbf1975a0d23745b0fbd7558b35c5cbef3,https://github.com/simonalford42/meta_sr/blob/7b7d4413ace218bcec01b4b19a696949ebf8797d/mini_pypysr_og.py
simonalford42/meta_sr,mini_pypysr_python.py,fa9a6fb672ef08e3298fea655f4ffc76045a5f88,https://github.com/simonalford42/meta_sr/blob/7b7d4413ace218bcec01b4b19a696949ebf8797d/mini_pypysr_python.py
simonalford42/meta_sr,mini_pysr.py,a669c7f1e243547d51e2aaf7f76c56c9e6f3e646,https://github.com/simonalford42/meta_sr/blob/7b7d4413ace218bcec01b4b19a696949ebf8797d/mini_pysr.py
simonalford42/meta_sr,parallel_eval_pypysr.py,aafeb34bcca18bcd67b0da16dbe574bb300bf336,https://github.com/simonalford42/meta_sr/blob/7b7d4413ace218bcec01b4b19a696949ebf8797d/parallel_eval_pypysr.py
simonalford42/meta_sr,parallel_eval_pysr.py,a8728e4a21eae7d6cb888c98c31e02325e675655,https://github.com/simonalford42/meta_sr/blob/7b7d4413ace218bcec01b4b19a696949ebf8797d/parallel_eval_pysr.py
simonalford42/meta_sr,plans/evolve_minisr_backend.md,fb61c5616e0966f7a5eeb873d928bbd217b5f417,https://github.com/simonalford42/meta_sr/blob/7b7d4413ace218bcec01b4b19a696949ebf8797d/plans/evolve_minisr_backend.md
simonalford42/meta_sr,pypysr.py,082b9322d87eb8f1b18f7c929e8bfd024b121049,https://github.com/simonalford42/meta_sr/blob/7b7d4413ace218bcec01b4b19a696949ebf8797d/pypysr.py
simonalford42/meta_sr,pysr_wrapper.py,e7e0241fd53d0e91bc59f229d92440d3789a3fda,https://github.com/simonalford42/meta_sr/blob/7b7d4413ace218bcec01b4b19a696949ebf8797d/pysr_wrapper.py
simonalford42/meta_sr,scripts/_diag_numevals.py,b72178de47668fde32f54583c987b0767b575e5c,https://github.com/simonalford42/meta_sr/blob/7b7d4413ace218bcec01b4b19a696949ebf8797d/scripts/_diag_numevals.py
simonalford42/meta_sr,scripts/bnn_sr.py,e69c473797f300fe6dcbc9e9f2c8f6d1bafe4df9,https://github.com/simonalford42/meta_sr/blob/7b7d4413ace218bcec01b4b19a696949ebf8797d/scripts/bnn_sr.py
simonalford42/meta_sr,scripts/compare_julia_vs_pysr.py,af550bbb5c166f6194cd3caf70f721da6d01b6fd,https://github.com/simonalford42/meta_sr/blob/7b7d4413ace218bcec01b4b19a696949ebf8797d/scripts/compare_julia_vs_pysr.py
simonalford42/meta_sr,scripts/debug_pysr_mutations.py,9c5983c865e654747a5213c361d30b9f9a95a0da,https://github.com/simonalford42/meta_sr/blob/7b7d4413ace218bcec01b4b19a696949ebf8797d/scripts/debug_pysr_mutations.py
simonalford42/meta_sr,scripts/debug_srbench_mutations.py,65c8a14fe548f9e158a0cad7987fe3f726547a84,https://github.com/simonalford42/meta_sr/blob/7b7d4413ace218bcec01b4b19a696949ebf8797d/scripts/debug_srbench_mutations.py
simonalford42/meta_sr,scripts/evaluate_minisr.py,f87b9848646847ea318a3b43926322b49675aa03,https://github.com/simonalford42/meta_sr/blob/7b7d4413ace218bcec01b4b19a696949ebf8797d/scripts/evaluate_minisr.py
simonalford42/meta_sr,scripts/example_custom_mutations.py,4ef6b50b9bb40c66f9ec5cae7ec09081a1f85211,https://github.com/simonalford42/meta_sr/blob/7b7d4413ace218bcec01b4b19a696949ebf8797d/scripts/example_custom_mutations.py
simonalford42/meta_sr,scripts/example_dynamic_mutation.py,14d20b0e719dc18e50b9078372a836f7f13f34b1,https://github.com/simonalford42/meta_sr/blob/7b7d4413ace218bcec01b4b19a696949ebf8797d/scripts/example_dynamic_mutation.py
simonalford42/meta_sr,scripts/profile_pysr_timing.py,6efe8876da188fac823f10bc75762e1c73e45430,https://github.com/simonalford42/meta_sr/blob/7b7d4413ace218bcec01b4b19a696949ebf8797d/scripts/profile_pysr_timing.py
simonalford42/meta_sr,scripts/regression_test_mini_pypysr.py,a0ee0ded52ad14b025afb7f4eeed636189becf99,https://github.com/simonalford42/meta_sr/blob/7b7d4413ace218bcec01b4b19a696949ebf8797d/scripts/regression_test_mini_pypysr.py
simonalford42/meta_sr,scripts/regression_test_mini_pypysr_julia.py,f1765bbda6741063581c8d07efe413c93eb34d21,https://github.com/simonalford42/meta_sr/blob/7b7d4413ace218bcec01b4b19a696949ebf8797d/scripts/regression_test_mini_pypysr_julia.py
simonalford42/meta_sr,scripts/run_empirical_bench_pysr_local.py,0b7ebd5da68dd6d3ee94734cdcd3d1280ac0f039,https://github.com/simonalford42/meta_sr/blob/7b7d4413ace218bcec01b4b19a696949ebf8797d/scripts/run_empirical_bench_pysr_local.py
simonalford42/meta_sr,scripts/test_custom_mutation.py,a11e88f804a532261da23d45d9e55a5185012db8,https://github.com/simonalford42/meta_sr/blob/7b7d4413ace218bcec01b4b19a696949ebf8797d/scripts/test_custom_mutation.py
simonalford42/meta_sr,scripts/test_operator_loading.py,0eed773edfab6fe0fab042785893edc0cad382ab,https://github.com/simonalford42/meta_sr/blob/7b7d4413ace218bcec01b4b19a696949ebf8797d/scripts/test_operator_loading.py
simonalford42/meta_sr,scripts/test_operator_refactor.py,ba02481e52c2e07dbb108c2de09ac7bbeffaf1ba,https://github.com/simonalford42/meta_sr/blob/7b7d4413ace218bcec01b4b19a696949ebf8797d/scripts/test_operator_refactor.py
simonalford42/meta_sr,scripts/test_pypysr_vs_pysr_srbench.py,edab6de5a141617e447f76c7442aaf643a41e617,https://github.com/simonalford42/meta_sr/blob/7b7d4413ace218bcec01b4b19a696949ebf8797d/scripts/test_pypysr_vs_pysr_srbench.py
simonalford42/meta_sr,scripts/test_pysr_dev.py,d907864105ee9bc1d34743ceb9d09302cd1035c1,https://github.com/simonalford42/meta_sr/blob/7b7d4413ace218bcec01b4b19a696949ebf8797d/scripts/test_pysr_dev.py
simonalford42/meta_sr,scripts/test_pysr_timing.py,20c5d4be834cec807d278873b014453a7944db27,https://github.com/simonalford42/meta_sr/blob/7b7d4413ace218bcec01b4b19a696949ebf8797d/scripts/test_pysr_timing.py
simonalford42/meta_sr,scripts/time_pypysr_single.py,d4846f55a1abbfa0a8193be343d624b3fd8e42d4,https://github.com/simonalford42/meta_sr/blob/7b7d4413ace218bcec01b4b19a696949ebf8797d/scripts/time_pypysr_single.py
simonalford42/meta_sr,tests/test_python_pysr.py,01c4fba23132bbd28f32b4bc13e6855fee4d55b7,https://github.com/simonalford42/meta_sr/blob/7b7d4413ace218bcec01b4b19a696949ebf8797d/tests/test_python_pysr.py
simonalford42/meta_sr,wild-pysr/README.md,35476b6fadde5232ab986b687a1930b4cc0bcd2e,https://github.com/simonalford42/meta_sr/blob/7b7d4413ace218bcec01b4b19a696949ebf8797d/wild-pysr/README.md
simonalford42/meta_sr,wild-pysr/data/search_snapshot.json,fe1b5315f0f779f6185ef3e0f4fc6da96bb6b7ee,https://github.com/simonalford42/meta_sr/blob/7b7d4413ace218bcec01b4b19a696949ebf8797d/wild-pysr/data/search_snapshot.json
simonalford42/meta_sr,wild-pysr/notes/decision_log.md,01abae344f103da54f5a9a7c03a7495ac950125e,https://github.com/simonalford42/meta_sr/blob/7b7d4413ace218bcec01b4b19a696949ebf8797d/wild-pysr/notes/decision_log.md
simonalford42/meta_sr,wild-pysr/scripts/discover.py,5286b4838ab0b55d2d0c590d8f854d27496bdd00,https://github.com/simonalford42/meta_sr/blob/7b7d4413ace218bcec01b4b19a696949ebf8797d/wild-pysr/scripts/discover.py
simonalford42/meta_sr,writeups/empirical_bench_pysr_6_17.md,81a2e16e5bd4ea798b62b389282da81311508770,https://github.com/simonalford42/meta_sr/blob/7b7d4413ace218bcec01b4b19a696949ebf8797d/writeups/empirical_bench_pysr_6_17.md
simonalford42/planet_eqs,eval_nn_std.py,34521db8903f0e99893a7f9a8f352873744fb3e7,https://github.com/simonalford42/planet_eqs/blob/d6444c028981e9a103635715072212b3f84c2de6/eval_nn_std.py
simonalford42/planet_eqs,figures/period_ratio_figure.py,6a7d15530ede7838f3251485bf6f7d597246a165,https://github.com/simonalford42/planet_eqs/blob/d6444c028981e9a103635715072212b3f84c2de6/figures/period_ratio_figure.py
simonalford42/planet_eqs,minimal/test_eq_compiler.py,f491f0ddfb3e979c58a3697437e1d244143bccd3,https://github.com/simonalford42/planet_eqs/blob/d6444c028981e9a103635715072212b3f84c2de6/minimal/test_eq_compiler.py
simonalford42/planet_eqs,modules.py,b9437498f72f07395ee39365468d28203b57e6e2,https://github.com/simonalford42/planet_eqs/blob/d6444c028981e9a103635715072212b3f84c2de6/modules.py
simonalford42/planet_eqs,pure_sr.py,715aad2ba749b9f5726a09d0a75a68abc57f6d7c,https://github.com/simonalford42/planet_eqs/blob/d6444c028981e9a103635715072212b3f84c2de6/pure_sr.py
simonalford42/planet_eqs,sr.py,b2014120675123082a4cee0f19fa3dd9cf4cc44c,https://github.com/simonalford42/planet_eqs/blob/d6444c028981e9a103635715072212b3f84c2de6/sr.py
simonalford42/planets_neural_sr,heron.py,77579c3c7259439ce9e5573b700bbb7ab743484a,https://github.com/simonalford42/planets_neural_sr/blob/a58314bfbdd7ccde5c59ff1eaf3e11d89a196018/heron.py
simonalford42/planets_neural_sr,new_pysr/README.md,67493c28df026da61caec12eb8e04dea89e36625,https://github.com/simonalford42/planets_neural_sr/blob/a58314bfbdd7ccde5c59ff1eaf3e11d89a196018/new_pysr/README.md
simonalford42/planets_neural_sr,new_pysr/docs/_api.md,bbc6c1f2f2a1f5c3e033adf765bec3fbe77fa058,https://github.com/simonalford42/planets_neural_sr/blob/a58314bfbdd7ccde5c59ff1eaf3e11d89a196018/new_pysr/docs/_api.md
simonalford42/planets_neural_sr,new_pysr/docs/backend.md,b7575d143cf13ba82753078a2709e8b19c103866,https://github.com/simonalford42/planets_neural_sr/blob/a58314bfbdd7ccde5c59ff1eaf3e11d89a196018/new_pysr/docs/backend.md
simonalford42/planets_neural_sr,new_pysr/docs/examples.md,754875e7c6ce003a3d4e979912153c9bf9a6597c,https://github.com/simonalford42/planets_neural_sr/blob/a58314bfbdd7ccde5c59ff1eaf3e11d89a196018/new_pysr/docs/examples.md
simonalford42/planets_neural_sr,new_pysr/docs/tuning.md,455c21da41025c76d781c4b5b2aff02e448d313d,https://github.com/simonalford42/planets_neural_sr/blob/a58314bfbdd7ccde5c59ff1eaf3e11d89a196018/new_pysr/docs/tuning.md
simonalford42/planets_neural_sr,new_pysr/example.py,c39cab9cc4bc8a0ec7ff2f274c68c5d2b43c8922,https://github.com/simonalford42/planets_neural_sr/blob/a58314bfbdd7ccde5c59ff1eaf3e11d89a196018/new_pysr/example.py
simonalford42/planets_neural_sr,new_pysr/examples/pysr_demo.ipynb,8822effec41dc800634d1b02652139efe2d71baa,https://github.com/simonalford42/planets_neural_sr/blob/a58314bfbdd7ccde5c59ff1eaf3e11d89a196018/new_pysr/examples/pysr_demo.ipynb
simonalford42/planets_neural_sr,new_pysr/pysr/__init__.py,e71e19905d8a12e926a9478e0185457fad2e3366,https://github.com/simonalford42/planets_neural_sr/blob/a58314bfbdd7ccde5c59ff1eaf3e11d89a196018/new_pysr/pysr/__init__.py
simonalford42/planets_neural_sr,new_pysr/pysr/deprecated.py,8905f28238b773349952545d81cf1b50a7623e1f,https://github.com/simonalford42/planets_neural_sr/blob/a58314bfbdd7ccde5c59ff1eaf3e11d89a196018/new_pysr/pysr/deprecated.py
simonalford42/planets_neural_sr,new_pysr/pysr/test/params.py,54da4ac7df74c7175551da865fa79eff9d52dc30,https://github.com/simonalford42/planets_neural_sr/blob/a58314bfbdd7ccde5c59ff1eaf3e11d89a196018/new_pysr/pysr/test/params.py
simonalford42/planets_neural_sr,new_pysr/pysr/test/test.py,5d80b7a2417989b1b1d455b4b5991b3fc8e768ba,https://github.com/simonalford42/planets_neural_sr/blob/a58314bfbdd7ccde5c59ff1eaf3e11d89a196018/new_pysr/pysr/test/test.py
simonalford42/planets_neural_sr,new_pysr/pysr/test/test_jax.py,0a37120192aa40480eeca3669a58e6f3e060d2c4,https://github.com/simonalford42/planets_neural_sr/blob/a58314bfbdd7ccde5c59ff1eaf3e11d89a196018/new_pysr/pysr/test/test_jax.py
simonalford42/planets_neural_sr,new_pysr/pysr/test/test_nb.ipynb,1cd394ffffeec06b0da93bb909058b3a7a7d9d75,https://github.com/simonalford42/planets_neural_sr/blob/a58314bfbdd7ccde5c59ff1eaf3e11d89a196018/new_pysr/pysr/test/test_nb.ipynb
simonalford42/planets_neural_sr,new_pysr/pysr/test/test_startup.py,8bc78a6c1796d1b5bf37145f31646e0be80213a9,https://github.com/simonalford42/planets_neural_sr/blob/a58314bfbdd7ccde5c59ff1eaf3e11d89a196018/new_pysr/pysr/test/test_startup.py
simonalford42/planets_neural_sr,new_pysr/pysr/test/test_torch.py,f9318fa371c7e6ebcad13d4b373de269d85f5608,https://github.com/simonalford42/planets_neural_sr/blob/a58314bfbdd7ccde5c59ff1eaf3e11d89a196018/new_pysr/pysr/test/test_torch.py
simonalford42/planets_neural_sr,pure_sr.py,035b2a227d8d232015b797f0be4614a921de8437,https://github.com/simonalford42/planets_neural_sr/blob/a58314bfbdd7ccde5c59ff1eaf3e11d89a196018/pure_sr.py
simonalford42/planets_neural_sr,sr.py,01240f779201e03bcdb9541ab4c83ea88fb2ef73,https://github.com/simonalford42/planets_neural_sr/blob/a58314bfbdd7ccde5c59ff1eaf3e11d89a196018/sr.py
sitar777/ode-gp,utils/regressor.py,06d13765a6776b1817fe542f39b5103da7ad97aa,https://github.com/sitar777/ode-gp/blob/940274c492e36b71cae8239d07f815aac4dc7ebc/utils/regressor.py
SiyuLou/UnsupervisedHierarchicalSymbolicRegression,pySR/train_pysr_final.py,bdd80977eb2238172b0fcdae0371c16ee2c56999,https://github.com/SiyuLou/UnsupervisedHierarchicalSymbolicRegression/blob/9fb1ba66ee1006f14c15f1b5b2390c8d0fa24fd6/pySR/train_pysr_final.py
SiyuLou/UnsupervisedHierarchicalSymbolicRegression,pySR/train_pysr_solution.py,43fd48cf5e5e7029983e6e58fb383f1eaa80ec2a,https://github.com/SiyuLou/UnsupervisedHierarchicalSymbolicRegression/blob/9fb1ba66ee1006f14c15f1b5b2390c8d0fa24fd6/pySR/train_pysr_solution.py
SiyuLou/UnsupervisedHierarchicalSymbolicRegression,pySR/train_pysr_solvent.py,33769c579c87dcb7941afcf38936b28d1340f0cb,https://github.com/SiyuLou/UnsupervisedHierarchicalSymbolicRegression/blob/9fb1ba66ee1006f14c15f1b5b2390c8d0fa24fd6/pySR/train_pysr_solvent.py
sizzlins/kalkulator-ai,README.md,c5cf2e64f904fe80b585226a2f5bd0a793c345ab,https://github.com/sizzlins/kalkulator-ai/blob/d0635105d512e9021c7e2f537eabec5bbce51275/README.md
smarkidis/Dst-Symbolic-Regression,regr.py,1b6018d7fd4a52a11b58c50508a413cb94aa0f57,https://github.com/smarkidis/Dst-Symbolic-Regression/blob/ba1311cdac1a4c671ea4ae3c2e474a1db9f99ad4/regr.py
SnehalKalita/Deep-Reinforcement-Learning,Humanoid/humanoid_symbolic_regression.py,878d2a72fed7eafef2ca07b57dd951b9aee85f95,https://github.com/SnehalKalita/Deep-Reinforcement-Learning/blob/08179a6f01c841d99d702612414cb2be0e2b589e/Humanoid/humanoid_symbolic_regression.py
SnehalKalita/Deep-Reinforcement-Learning,Humanoid/new_SR.py,a66a312f681658d183a2308ab24ccb73bf13ef67,https://github.com/SnehalKalita/Deep-Reinforcement-Learning/blob/08179a6f01c841d99d702612414cb2be0e2b589e/Humanoid/new_SR.py
SocioProphet/prophet-platform,tools/prometheus_pysr_mvp.py,ce6c115dd7959dd35d992cba2060d825a277334c,https://github.com/SocioProphet/prophet-platform/blob/a1af7bbe620615e8acf902c966b5795c01d9523b/tools/prometheus_pysr_mvp.py
SofieElving/GGSpeciale,code/SPID_code/PySRWrapper.py,7da1cea39f4c7ed68ac35c26375751388dd8b3c0,https://github.com/SofieElving/GGSpeciale/blob/cb54e175ba63f644f17718948a6602c5b659baf5/code/SPID_code/PySRWrapper.py
SofieElving/GGSpeciale,code/SPID_code/PySRWrapper_drone.py,fb47e304743190c43d8983cd0318ed7f402ae251,https://github.com/SofieElving/GGSpeciale/blob/cb54e175ba63f644f17718948a6602c5b659baf5/code/SPID_code/PySRWrapper_drone.py
SofieElving/GGSpeciale,code/SPID_code/PySRWrapper_normalize.py,99e3f8d72801f66aff6e037082cf21349a07251c,https://github.com/SofieElving/GGSpeciale/blob/cb54e175ba63f644f17718948a6602c5b659baf5/code/SPID_code/PySRWrapper_normalize.py
SofieElving/GGSpeciale,code/SPID_code/gmDAGGER.py,e7007d326bcbeab8b6c80f09103083494a10f0a5,https://github.com/SofieElving/GGSpeciale/blob/cb54e175ba63f644f17718948a6602c5b659baf5/code/SPID_code/gmDAGGER.py
SofieElving/GGSpeciale,code/SPID_code/gmDAGGER_drone.py,30238c20c950456ee00edaaaf98be36e5164c501,https://github.com/SofieElving/GGSpeciale/blob/cb54e175ba63f644f17718948a6602c5b659baf5/code/SPID_code/gmDAGGER_drone.py
SofieElving/GGSpeciale,code/SPID_code/gmDAGGER_safe.py,4bbdc465e096dd5132e2cf75b7261e4b2937896a,https://github.com/SofieElving/GGSpeciale/blob/cb54e175ba63f644f17718948a6602c5b659baf5/code/SPID_code/gmDAGGER_safe.py
SofieElving/GGSpeciale,code/SPID_code/run_SPID_on_cartpole.sh-29422308.out,8989415e5bce9bc3ae212fb028b6cd1fac1c604e,https://github.com/SofieElving/GGSpeciale/blob/cb54e175ba63f644f17718948a6602c5b659baf5/code/SPID_code/run_SPID_on_cartpole.sh-29422308.out
SofieElving/GGSpeciale,simglucose/notebooks/get_model_performance.ipynb,eb5ed60d7a9a27fef98616f3a4ac623b84ef765a,https://github.com/SofieElving/GGSpeciale/blob/cb54e175ba63f644f17718948a6602c5b659baf5/simglucose/notebooks/get_model_performance.ipynb
solastar2/Deep-Learning,Lecture_7b_Notebook/.ipynb_checkpoints/pysr-checkpoint.ipynb,d571022a7070734030aaa8c7901dc5e65501ad60,https://github.com/solastar2/Deep-Learning/blob/3daef4de271c47957531a250f415539b65a1a41b/Lecture_7b_Notebook/.ipynb_checkpoints/pysr-checkpoint.ipynb
solastar2/Deep-Learning,Lecture_7b_Notebook/pysr.ipynb,26e1cb96dbbdd583d189c72140a9076301b0f4ed,https://github.com/solastar2/Deep-Learning/blob/3daef4de271c47957531a250f415539b65a1a41b/Lecture_7b_Notebook/pysr.ipynb
Solgio/ML-Algorithm-Interpretability,src/core/infrastructure/explainers/adapter.py,97b12cb3a0deb0f4f8a7eeaa1de366d41eb1707d,https://github.com/Solgio/ML-Algorithm-Interpretability/blob/1ac980d213c80d60f610d6e4ab97ae561155fd44/src/core/infrastructure/explainers/adapter.py
Solgio/ML-Algorithm-Interpretability,src/core/models/SymbR.py,fb86991744ae8891b5c876bf5d3a1c747551e395,https://github.com/Solgio/ML-Algorithm-Interpretability/blob/1ac980d213c80d60f610d6e4ab97ae561155fd44/src/core/models/SymbR.py
solneolune/LLM-SRBench-Enhanced,methods/lasr/searcher.py,8a998521e3e0f954ef24a55f7cc2078286dc50ea,https://github.com/solneolune/LLM-SRBench-Enhanced/blob/c73f4e22190e3a08aa02ecad4f12ff1f4009d34b/methods/lasr/searcher.py
sparckix/ztare,scripts/pysr_baseline.py,0dfdd99ab0b3fd34b515b061d3608526fbe866b7,https://github.com/sparckix/ztare/blob/adc8e01f8169c8022abdd78948855c4cbf921a6c/scripts/pysr_baseline.py
spideralessio/LogiX-GIN,nbs/.ipynb_checkpoints/GraphTrail-checkpoint.ipynb,a989feeca81406e4fb6fcb794425e1a4e2e79cdc,https://github.com/spideralessio/LogiX-GIN/blob/0f3d9f3e7ed27ab67054e9fadc49a256687a8c4b/nbs/.ipynb_checkpoints/GraphTrail-checkpoint.ipynb
spideralessio/LogiX-GIN,nbs/GraphTrail.ipynb,0920f61adc11dcf4a95862846d045ddf52727092,https://github.com/spideralessio/LogiX-GIN/blob/0f3d9f3e7ed27ab67054e9fadc49a256687a8c4b/nbs/GraphTrail.ipynb
standardgalactic/academizer,stack/Abstract Symbolic Distillation.txt,771bc7f61f7cb23c369360b61b0dc38a8b58db18,https://github.com/standardgalactic/academizer/blob/f88585d036bc3ca5d7ed46a280d98777fc536cc2/stack/Abstract%20Symbolic%20Distillation.txt
standardgalactic/random-thoughts,Abstract Symbolic Distillation.txt,771bc7f61f7cb23c369360b61b0dc38a8b58db18,https://github.com/standardgalactic/random-thoughts/blob/ec768e0bcd71988f5d15a0cf2e3089ac78fc28ab/Abstract%20Symbolic%20Distillation.txt
ste-cartu/Bachelor-Thesis,code/accu.py,6c711cf5be598ab4e35b3d7b7f9523d758636e94,https://github.com/ste-cartu/Bachelor-Thesis/blob/031b528f94d751dba26766803b8b01f49a42149a/code/accu.py
ste-cartu/Bachelor-Thesis,code/accuracy.ipynb,f60218898a68921d9aa75b09802d8d24e01bbcbf,https://github.com/ste-cartu/Bachelor-Thesis/blob/031b528f94d751dba26766803b8b01f49a42149a/code/accuracy.ipynb
ste-cartu/Bachelor-Thesis,code/sim_mu_VBCh.py,cb3cca9d5a20a3c695bbf028d6e30a4ea9ae175b,https://github.com/ste-cartu/Bachelor-Thesis/blob/031b528f94d751dba26766803b8b01f49a42149a/code/sim_mu_VBCh.py
ste-cartu/Bachelor-Thesis,code/sim_mu_VBMh.py,46821d403769428215d5bd4d9bee9e5cf1c7ee01,https://github.com/ste-cartu/Bachelor-Thesis/blob/031b528f94d751dba26766803b8b01f49a42149a/code/sim_mu_VBMh.py
ste-cartu/Bachelor-Thesis,code/sim_mu_asns.py,be897f945a8e31e44c9d79eb55636a29a5dd3c17,https://github.com/ste-cartu/Bachelor-Thesis/blob/031b528f94d751dba26766803b8b01f49a42149a/code/sim_mu_asns.py
ste-cartu/Bachelor-Thesis,code/sim_mu_bch_LH.py,48fa13605c2681c744f1af8c4e9911bcbe8f1c44,https://github.com/ste-cartu/Bachelor-Thesis/blob/031b528f94d751dba26766803b8b01f49a42149a/code/sim_mu_bch_LH.py
SteveGaemi/SR-ASB,Mac version/PySR GUI/backend/main (Old) 2.py,42f75b78dbc98fc39c0a4e83086fd03d6015a656,https://github.com/SteveGaemi/SR-ASB/blob/ad2f2f77d7e8f28cf8e3214146723ce579a2a1fe/Mac version/PySR GUI/backend/main (Old) 2.py
SteveGaemi/SR-ASB,Mac version/PySR GUI/backend/main (Old).py,73e7c893a38955a77c05a6ea2fe2aed8a7b46cc9,https://github.com/SteveGaemi/SR-ASB/blob/ad2f2f77d7e8f28cf8e3214146723ce579a2a1fe/Mac%20version/PySR%20GUI/backend/main%20(Old).py
SteveGaemi/SR-ASB,Mac version/PySR GUI/backend/main.py,e9e138d59e9f9840d034b65439cf81d22bd087be,https://github.com/SteveGaemi/SR-ASB/blob/ad2f2f77d7e8f28cf8e3214146723ce579a2a1fe/Mac version/PySR GUI/backend/main.py
SteveGaemi/SR-ASB,Windows version/PySR GUI/backend/main (Old) 2.py,42f75b78dbc98fc39c0a4e83086fd03d6015a656,https://github.com/SteveGaemi/SR-ASB/blob/ad2f2f77d7e8f28cf8e3214146723ce579a2a1fe/Windows version/PySR GUI/backend/main (Old) 2.py
SteveGaemi/SR-ASB,Windows version/PySR GUI/backend/main (Old).py,73e7c893a38955a77c05a6ea2fe2aed8a7b46cc9,https://github.com/SteveGaemi/SR-ASB/blob/ad2f2f77d7e8f28cf8e3214146723ce579a2a1fe/Windows version/PySR GUI/backend/main (Old).py
SteveGaemi/SR-ASB,Windows version/PySR GUI/backend/main.py,7bb80998ff69db2791dce30d7028d6709a8eac6a,https://github.com/SteveGaemi/SR-ASB/blob/ad2f2f77d7e8f28cf8e3214146723ce579a2a1fe/Windows version/PySR GUI/backend/main.py
SteveGaemi/Symbolic-Regression-NASPSPA-2025,PySR GUI/backend/main (Old) 2.py,42f75b78dbc98fc39c0a4e83086fd03d6015a656,https://github.com/SteveGaemi/Symbolic-Regression-NASPSPA-2025/blob/cf22ce02ad97a960445c9c84536c2f7686541f7d/PySR GUI/backend/main (Old) 2.py
SteveGaemi/Symbolic-Regression-NASPSPA-2025,PySR GUI/backend/main (Old).py,73e7c893a38955a77c05a6ea2fe2aed8a7b46cc9,https://github.com/SteveGaemi/Symbolic-Regression-NASPSPA-2025/blob/cf22ce02ad97a960445c9c84536c2f7686541f7d/PySR GUI/backend/main (Old).py
SteveGaemi/Symbolic-Regression-NASPSPA-2025,PySR GUI/backend/main.py,8d0b97a401d60489fb3b19bd5a08321b252abfb4,https://github.com/SteveGaemi/Symbolic-Regression-NASPSPA-2025/blob/cf22ce02ad97a960445c9c84536c2f7686541f7d/PySR%20GUI/backend/main.py
strifinopoulos/Nuclear_DNA,scripts/run_pysr.py,0d808cce6d0c832112e9fa0445044ffb46d8c58b,https://github.com/strifinopoulos/Nuclear_DNA/blob/ecaed38e775d53b00c783bda44002ff373725539/scripts/run_pysr.py
strifinopoulos/Nuclear_DNA,scripts/symbolic_regression.py,f0ec449d7875f132b89cc3f628206934aad2b5a8,https://github.com/strifinopoulos/Nuclear_DNA/blob/ecaed38e775d53b00c783bda44002ff373725539/scripts/symbolic_regression.py
strukturen/GODE,PySR/PySR_B2.py,ce859f4c76e4cf160632ba5b9f4ab15bda06db0f,https://github.com/strukturen/GODE/blob/94c83d99a923431896cce94e1de090a4d2c8c69a/PySR/PySR_B2.py
strukturen/GODE,PySR/PySR_SilverBox.py,19a59aba9d61d3e376a5394a74cea0f7c71da7f8,https://github.com/strukturen/GODE/blob/94c83d99a923431896cce94e1de090a4d2c8c69a/PySR/PySR_SilverBox.py
strukturen/GODE,PySR/PySR_explicit.py,bcd7900ab72b6bf4a3dbd55127a1969bebe4c480,https://github.com/strukturen/GODE/blob/94c83d99a923431896cce94e1de090a4d2c8c69a/PySR/PySR_explicit.py
strukturen/GODE,odeformer/odeformer/baselines/pysr_wrapper.py,d6f224d5c6377382593085bbc0a71c349f414d09,https://github.com/strukturen/GODE/blob/94c83d99a923431896cce94e1de090a4d2c8c69a/odeformer/odeformer/baselines/pysr_wrapper.py
stupiddiscoverer/2024_12_8,just4fun/machineLearning/brain/symbolTest.py,6c5db5c9f3fc07a6079c30906dbe56c0ce1d8bcd,https://github.com/stupiddiscoverer/2024_12_8/blob/e5132215910f46c187c672acce83eb4491ad3103/just4fun/machineLearning/brain/symbolTest.py
Sudhendra/discover_physics,src/agent/theorist.py,d267c9c7126b991dc79db498d1fe1d0ddf9bb214,https://github.com/Sudhendra/discover_physics/blob/c4c22fd8addb9d6ec0e7f45785c63872c953f015/src/agent/theorist.py
sumantchopdata/rayleigh_benard_symbolic_regression,RB_db_dt_expt.py,a9629e6a08ee8e84e27d62336cd3c169de75fcd6,https://github.com/sumantchopdata/rayleigh_benard_symbolic_regression/blob/43b73ad9ed60d0d565148d87b24825bfcf52a291/RB_db_dt_expt.py
sumantchopdata/rayleigh_benard_symbolic_regression,RB_model_1_div_grad_u.py,168cd52a5e5b2a9337ba9586002f4e0f5d2a971b,https://github.com/sumantchopdata/rayleigh_benard_symbolic_regression/blob/43b73ad9ed60d0d565148d87b24825bfcf52a291/RB_model_1_div_grad_u.py
sumantchopdata/rayleigh_benard_symbolic_regression,RB_model_2_b.py,5ffb39c87dde988c37b049f17bec3ce67e49929c,https://github.com/sumantchopdata/rayleigh_benard_symbolic_regression/blob/43b73ad9ed60d0d565148d87b24825bfcf52a291/RB_model_2_b.py
sumantchopdata/rayleigh_benard_symbolic_regression,RB_model_3_db_dt.py,53782013b68967a08f370d91f75d4c57c7ccc2c4,https://github.com/sumantchopdata/rayleigh_benard_symbolic_regression/blob/43b73ad9ed60d0d565148d87b24825bfcf52a291/RB_model_3_db_dt.py
sumantchopdata/rayleigh_benard_symbolic_regression,RB_model_4_grad_p.py,233068850b8c037f7ec71f467fc446424464b9ba,https://github.com/sumantchopdata/rayleigh_benard_symbolic_regression/blob/43b73ad9ed60d0d565148d87b24825bfcf52a291/RB_model_4_grad_p.py
sumantchopdata/rayleigh_benard_symbolic_regression,RB_model_5_dux_dt.py,d6aecdd60d0a21f6156bd077897cbb1a38e0ac24,https://github.com/sumantchopdata/rayleigh_benard_symbolic_regression/blob/43b73ad9ed60d0d565148d87b24825bfcf52a291/RB_model_5_dux_dt.py
sumantchopdata/rayleigh_benard_symbolic_regression,RB_model_5_duz_dt.py,0127f2af6f54ac0d640949134a18f0d48cf0cde1,https://github.com/sumantchopdata/rayleigh_benard_symbolic_regression/blob/43b73ad9ed60d0d565148d87b24825bfcf52a291/RB_model_5_duz_dt.py
sumantchopdata/rayleigh_benard_symbolic_regression,resolution_expt_db_dt.py,a75223b8b513a0fb901fefafa53c819d55eff178,https://github.com/sumantchopdata/rayleigh_benard_symbolic_regression/blob/43b73ad9ed60d0d565148d87b24825bfcf52a291/resolution_expt_db_dt.py
sumantchopdata/rayleigh_benard_symbolic_regression,two_regimes_expt/RB_model_db_dt_regimes.py,bb955506c1b6053038f81b0bf41de986d6241cf0,https://github.com/sumantchopdata/rayleigh_benard_symbolic_regression/blob/43b73ad9ed60d0d565148d87b24825bfcf52a291/two_regimes_expt/RB_model_db_dt_regimes.py
Summma/genetic-llm,Tests/custom_pysr.py,880edc651e3427fa9c35ab3d5f673454782620ed,https://github.com/Summma/genetic-llm/blob/373935882fc7af44f3975d6ad2f4624813f475a2/Tests/custom_pysr.py
SuperDataScience-Community-Projects/SDS-CP032-mlpaygrade,submissions/team-members/hien-nguyen/SymbolicRegression_&_DeepLearning.ipynb,9c727811434723b5d619efe546f691df7f2c2091,https://github.com/SuperDataScience-Community-Projects/SDS-CP032-mlpaygrade/blob/32664392f5d533fe6efc74565536536c9195a15b/submissions/team-members/hien-nguyen/SymbolicRegression_&_DeepLearning.ipynb
SuperDataScience-Community-Projects/SDS-CP032-mlpaygrade,submissions/team-members/hien-nguyen/lib/utils.py,17cf65b85e56118f98a17b7c95ffcf39c5ab184e,https://github.com/SuperDataScience-Community-Projects/SDS-CP032-mlpaygrade/blob/32664392f5d533fe6efc74565536536c9195a15b/submissions/team-members/hien-nguyen/lib/utils.py
svemyh/DiscoverDCP,experiments.py,75fb8114e79909b7ca1a44c750cd45cf04f0b711,https://github.com/svemyh/DiscoverDCP/blob/2827df939a7897d7e27af9df35f95bf402234d1e/experiments.py
svemyh/DiscoverDCP,experiments/experiments-1d.py,96d5af02e190ba22306229873e78dd37359cf8a3,https://github.com/svemyh/DiscoverDCP/blob/2827df939a7897d7e27af9df35f95bf402234d1e/experiments/experiments-1d.py
svenlagger/master-thesis-uni-li,legacy/LLM/sr_llm_profiling.py,ae55d8295c3707ddddf22a9d56ecfa1d2b007c58,https://github.com/svenlagger/master-thesis-uni-li/blob/d837f0b442e61de649ad90eac0dbd252babefd1a/legacy/LLM/sr_llm_profiling.py
svenlagger/master-thesis-uni-li,legacy/denoise_renoise/denoise_renoise_complex_example.ipynb,fc7db993cdee1b2d4c2029ec738ba636216e8cbe,https://github.com/svenlagger/master-thesis-uni-li/blob/d837f0b442e61de649ad90eac0dbd252babefd1a/legacy/denoise_renoise/denoise_renoise_complex_example.ipynb
svenlagger/master-thesis-uni-li,legacy/exp_v1/exp01c_credit-score_copula-sr.ipynb,0404895a6113d7fff40abb1e58c5d8eca968e915,https://github.com/svenlagger/master-thesis-uni-li/blob/d837f0b442e61de649ad90eac0dbd252babefd1a/legacy/exp_v1/exp01c_credit-score_copula-sr.ipynb
svenlagger/master-thesis-uni-li,legacy/exp_v1/exp04c_insurance_copula-sr.ipynb,e5ef9ce73a816a7f3c52700bff5c57247c6a721e,https://github.com/svenlagger/master-thesis-uni-li/blob/d837f0b442e61de649ad90eac0dbd252babefd1a/legacy/exp_v1/exp04c_insurance_copula-sr.ipynb
svenlagger/master-thesis-uni-li,legacy/exp_v1/exp04d_insurance_copula-denoise-sr.ipynb,25ec416cb8408cc4e36dd974193686ce0bfdd3b7,https://github.com/svenlagger/master-thesis-uni-li/blob/d837f0b442e61de649ad90eac0dbd252babefd1a/legacy/exp_v1/exp04d_insurance_copula-denoise-sr.ipynb
svenlagger/master-thesis-uni-li,legacy/exp_v1/exp05c_real-estate_copula-sr.ipynb,8e7108b8d0905ac0311d898f36f764e2b19b5264,https://github.com/svenlagger/master-thesis-uni-li/blob/d837f0b442e61de649ad90eac0dbd252babefd1a/legacy/exp_v1/exp05c_real-estate_copula-sr.ipynb
svenlagger/master-thesis-uni-li,legacy/exp_v1/exp05d_real-estate_copula-denoise-sr.ipynb,da087faa42ae6d9831a331ee002a5170332d6426,https://github.com/svenlagger/master-thesis-uni-li/blob/d837f0b442e61de649ad90eac0dbd252babefd1a/legacy/exp_v1/exp05d_real-estate_copula-denoise-sr.ipynb
svenlagger/master-thesis-uni-li,legacy/old_profiling.ipynb,7764995683b00ef8fb9664eb4c2685e052cf6614,https://github.com/svenlagger/master-thesis-uni-li/blob/d837f0b442e61de649ad90eac0dbd252babefd1a/legacy/old_profiling.ipynb
svenlagger/master-thesis-uni-li,legacy/pysr_test.ipynb,c923a178656cfd4ca0e7536ef53e8b47896d597e,https://github.com/svenlagger/master-thesis-uni-li/blob/d837f0b442e61de649ad90eac0dbd252babefd1a/legacy/pysr_test.ipynb
svenlagger/master-thesis-uni-li,legacy/symbolic_regression_custom_denoising.py,35a098aa36584b12892fc07014e56f416f5795cc,https://github.com/svenlagger/master-thesis-uni-li/blob/d837f0b442e61de649ad90eac0dbd252babefd1a/legacy/symbolic_regression_custom_denoising.py
svenlagger/master-thesis-uni-li,legacy/symbolic_regression_output.py,53eb62edbd336818ebc3e49979ff70b82e3db3dd,https://github.com/svenlagger/master-thesis-uni-li/blob/d837f0b442e61de649ad90eac0dbd252babefd1a/legacy/symbolic_regression_output.py
svenlagger/master-thesis-uni-li,legacy/temp/txt_exports/profiling.txt,08b1d664635e2e6192f7c155fad435b81b286365,https://github.com/svenlagger/master-thesis-uni-li/blob/d837f0b442e61de649ad90eac0dbd252babefd1a/legacy/temp/txt_exports/profiling.txt
svenlagger/master-thesis-uni-li,legacy/temp/txt_exports/pysr_test.txt,53e3273c78ac5a29232dfca445095c29d54323bb,https://github.com/svenlagger/master-thesis-uni-li/blob/d837f0b442e61de649ad90eac0dbd252babefd1a/legacy/temp/txt_exports/pysr_test.txt
svenlagger/master-thesis-uni-li,prod/analytics/sr_mass_processing.py,fd733863eca9718581e89a40cf81efa5031e42a1,https://github.com/svenlagger/master-thesis-uni-li/blob/d837f0b442e61de649ad90eac0dbd252babefd1a/prod/analytics/sr_mass_processing.py
svenlagger/master-thesis-uni-li,prod/experiments/exp01c_credit-score_copula-sr.ipynb,8dad43d33701ffe7d09c5521f863eff22e48e0b5,https://github.com/svenlagger/master-thesis-uni-li/blob/d837f0b442e61de649ad90eac0dbd252babefd1a/prod/experiments/exp01c_credit-score_copula-sr.ipynb
svenlagger/master-thesis-uni-li,prod/experiments/exp01d_credit-score_copula-denoise-sr.ipynb,6137d073b398caed4fd57039d3f97aa039843e26,https://github.com/svenlagger/master-thesis-uni-li/blob/d837f0b442e61de649ad90eac0dbd252babefd1a/prod/experiments/exp01d_credit-score_copula-denoise-sr.ipynb
svenlagger/master-thesis-uni-li,prod/experiments/exp03c_customer-churn_copula-sr.ipynb,3d50c29d55e659c9a8c927af711b504b4a33b5d8,https://github.com/svenlagger/master-thesis-uni-li/blob/d837f0b442e61de649ad90eac0dbd252babefd1a/prod/experiments/exp03c_customer-churn_copula-sr.ipynb
svpfahad/RES200,sota_pka/per_class_pysr.py,5f23d1a72300da8cb48770783b96b04aed36a997,https://github.com/svpfahad/RES200/blob/f4ef86bdfc26f521b9762c50100613f795dcdd24/sota_pka/per_class_pysr.py
syfunyun/MAP6114-PySR,symbolic-regression.py,3cd4ddfad4639f1c2d4da5a06d421e35a165371a,https://github.com/syfunyun/MAP6114-PySR/blob/041d8e10d8ab64a262734d451ffcda598c7d5675/symbolic-regression.py
syleeheal/Machine_Psychopathology,causal_inference/scm_model.py,f23b86c58833b56d831ea44a4871dd461390513e,https://github.com/syleeheal/Machine_Psychopathology/blob/5ab13a9c8d4e2d1957ef9304901dc0b4427135b2/causal_inference/scm_model.py
SymbolicModel/kdv_discover,PySR_Solution.ipynb,112cfa876a3f2da9aa3c16fdb3872bf934fa3533,https://github.com/SymbolicModel/kdv_discover/blob/a28c0e25a66fcdfc82c1fc2f6754d4e3ee951ce7/PySR_Solution.ipynb
SzymiYay/metody-i-algorytmy-optymalizacji,zadanie5/zad5.ipynb,5f838526df3754d1da4ca3337d4a7817c9eefe72,https://github.com/SzymiYay/metody-i-algorytmy-optymalizacji/blob/9c4a9f8b05ff2a307000730a71ae7601ae79ee34/zadanie5/zad5.ipynb
tbmiller-astro/silkscreen_paper,src/scripts/pysr_test.ipynb,fd1a96d675db7307749594d23f32169dac75efaa,https://github.com/tbmiller-astro/silkscreen_paper/blob/2c96e68e93a0f05ff100833dd68a49b83e00480a/src/scripts/pysr_test.ipynb
TediBash/CI2024_project-work,src/execute_PySR.ipynb,1bd4d29eb85b4af532a44a09ac8acd6dcf04295a,https://github.com/TediBash/CI2024_project-work/blob/79502e694c186270da5cd8c0e25cf962103e67a6/src/execute_PySR.ipynb
TeresaTonelli/GP-4-Alkalinity,src/pysr_src/pysr_regressor.py,b96a9ab52d1e24e35dba9d4f08ce88b1490f085a,https://github.com/TeresaTonelli/GP-4-Alkalinity/blob/c94a17bb38d289789b49e313d67984e839417e5b/src/pysr_src/pysr_regressor.py
TeresaTonelli/GP-4-Alkalinity,src/pysr_src/run_pysr.py,17d9791beedbcbf1125d5c8b503ba7f9bbaaafde,https://github.com/TeresaTonelli/GP-4-Alkalinity/blob/c94a17bb38d289789b49e313d67984e839417e5b/src/pysr_src/run_pysr.py
TeresaTonelli/GP-4-Alkalinity,src/pysr_src/utils_pysr.py,94f409d40795ac5663de0597b4c2c592fe78a00a,https://github.com/TeresaTonelli/GP-4-Alkalinity/blob/c94a17bb38d289789b49e313d67984e839417e5b/src/pysr_src/utils_pysr.py
TheAgricolaTeam/PySR_Examples,.virtual_documents/examples/pysr_demo_example_LAI_vineyards_.ipynb,41fd9b17eb4dd3cbb4585a59cb8e072b32d58b3b,https://github.com/TheAgricolaTeam/PySR_Examples/blob/10d65b30d9336398a25b64d467e0a7dbdc4842d7/.virtual_documents/examples/pysr_demo_example_LAI_vineyards_.ipynb
TheAgricolaTeam/PySR_Examples,examples/.ipynb_checkpoints/pysr_demo_LAI_vineyards-checkpoint.ipynb,4d96cc2daf167d41a406e85fd7ee46907413bbf2,https://github.com/TheAgricolaTeam/PySR_Examples/blob/10d65b30d9336398a25b64d467e0a7dbdc4842d7/examples/.ipynb_checkpoints/pysr_demo_LAI_vineyards-checkpoint.ipynb
TheAgricolaTeam/PySR_Examples,examples/.ipynb_checkpoints/pysr_demo_afc_vineyards-checkpoint.ipynb,d8320c97545e88c866aebfdefc2a07f2a492ee4c,https://github.com/TheAgricolaTeam/PySR_Examples/blob/10d65b30d9336398a25b64d467e0a7dbdc4842d7/examples/.ipynb_checkpoints/pysr_demo_afc_vineyards-checkpoint.ipynb
TheAgricolaTeam/PySR_Examples,examples/.ipynb_checkpoints/pysr_demo_example_LAI_vineyards_3-checkpoint.ipynb,314476530dd92fe29a283ec54c6cb7ee7e1a5345,https://github.com/TheAgricolaTeam/PySR_Examples/blob/10d65b30d9336398a25b64d467e0a7dbdc4842d7/examples/.ipynb_checkpoints/pysr_demo_example_LAI_vineyards_3-checkpoint.ipynb
TheAgricolaTeam/PySR_Examples,examples/.ipynb_checkpoints/pysr_demo_example_drone_thermal_camera_correction-checkpoint.ipynb,0c502388f49c2bb173ebfdc6aaeff4d11406ecdb,https://github.com/TheAgricolaTeam/PySR_Examples/blob/10d65b30d9336398a25b64d467e0a7dbdc4842d7/examples/.ipynb_checkpoints/pysr_demo_example_drone_thermal_camera_correction-checkpoint.ipynb
TheIllusionOfLife/graph_invariant,src/graph_invariant/baselines/pysr_baseline.py,172e709ccecafd4e5b16092d0aca59affa50aee9,https://github.com/TheIllusionOfLife/graph_invariant/blob/effd5c3b04e21b8be78620fa6dc4a6f32fec24cb/src/graph_invariant/baselines/pysr_baseline.py
TheIllusionOfLife/graph_invariant,tests/test_pysr_baseline.py,de7e08b7c02f4f03bf5690cdf5212af4bf23e610,https://github.com/TheIllusionOfLife/graph_invariant/blob/effd5c3b04e21b8be78620fa6dc4a6f32fec24cb/tests/test_pysr_baseline.py
TheodoreWolf/SymoblicReg,src/test.ipynb,46a5d06c94b40447d41c013569d96a021b1992ab,https://github.com/TheodoreWolf/SymoblicReg/blob/6c99b8bebec4ea751d448e47ef32b99d98c41046/src/test.ipynb
thibmonsel/Time-and-State-Dependent-Neural-Delay-Differential-Equations,diffrax/examples/symbolic_regression.ipynb,c35c9f063a61e2caa4fdd575c73fba1e56a32def,https://github.com/thibmonsel/Time-and-State-Dependent-Neural-Delay-Differential-Equations/blob/046379c60c40c8bebe707f5d4c11f471092f9782/diffrax/examples/symbolic_regression.ipynb
ThorKlm/ATRL_project,notebooks/ATRL_example_notebook_CartPole.ipynb,6ed18aecef5930874f67cb9caa449e60bcd62670,https://github.com/ThorKlm/ATRL_project/blob/e02ece40e104cf000a13490b9101998ac2f3087e/notebooks/ATRL_example_notebook_CartPole.ipynb
ThorKlm/ATRL_project,notebooks/ATRL_example_notebook_LunarLander.ipynb,4c9e3addfa6df13c6b6c247b9d6fdd5b416165db,https://github.com/ThorKlm/ATRL_project/blob/e02ece40e104cf000a13490b9101998ac2f3087e/notebooks/ATRL_example_notebook_LunarLander.ipynb
THUIR/MemoryBench,baselines/AutoSkill/SkillBank/ConvSkill/english_gpt4_8_GLM4.7/symbolic-regression-for-constants-using-pysr/SKILL.md,18f523111ed6b3cfa3ecb1179fc5b986bd49c9e1,https://github.com/THUIR/MemoryBench/blob/5eafebca4e9ffbb2f0087ade13c498cf95fbc09a/baselines/AutoSkill/SkillBank/ConvSkill/english_gpt4_8_GLM4.7/symbolic-regression-for-constants-using-pysr/SKILL.md
thuml/MiniVeo3-Reasoner,data/maze/maze-dataset/docs/coverage/html/z_ec6b6668bbf9e9ff_sweep_fit_py.html,af06c45420350617d479f38bfaf27780b0f4580a,https://github.com/thuml/MiniVeo3-Reasoner/blob/c8398fc17569182a0db95ab5458eb4a56093e596/data/maze/maze-dataset/docs/coverage/html/z_ec6b6668bbf9e9ff_sweep_fit_py.html
tlmakinen/degen_discovery,operon_sr/operon_deriv_loss.ipynb,d6b40a486e459f4b65de71f609201639406f4c50,https://github.com/tlmakinen/degen_discovery/blob/1c587ef84dc4ebb6b5de046216073e352f1e9cd2/operon_sr/operon_deriv_loss.ipynb
tlmakinen/degen_discovery,symbolic_regression/DerivativeFunctionRanking.ipynb,2b693e8bc6d3a92e3bffacf51ec895149026924e,https://github.com/tlmakinen/degen_discovery/blob/1c587ef84dc4ebb6b5de046216073e352f1e9cd2/symbolic_regression/DerivativeFunctionRanking.ipynb
tlmakinen/degen_discovery,symbolic_regression/test_multiple_outputs.ipynb,4c6d8683ae91b3dde91fac97e03c592b36ff7475,https://github.com/tlmakinen/degen_discovery/blob/1c587ef84dc4ebb6b5de046216073e352f1e9cd2/symbolic_regression/test_multiple_outputs.ipynb
tlmakinen/degen_discovery,toy_problem/check_sr_flattening.py,b5ae6d9206f0721616c163f68c7a729fbe528951,https://github.com/tlmakinen/degen_discovery/blob/1c587ef84dc4ebb6b5de046216073e352f1e9cd2/toy_problem/check_sr_flattening.py
tlmakinen/degen_discovery,toy_problem/pysr_fit.ipynb,da94fcfc7399238c1e3c4d93466d849c2fdba377,https://github.com/tlmakinen/degen_discovery/blob/1c587ef84dc4ebb6b5de046216073e352f1e9cd2/toy_problem/pysr_fit.ipynb
tmengel/jet-background-subtraction,plots/pysr_parameter_plot.ipynb,c9cd5e2a68adbace959fb87fdae4be3bbd0fe435,https://github.com/tmengel/jet-background-subtraction/blob/01686b1c60a523623a8dc599dbbb0498dea75d2b/plots/pysr_parameter_plot.ipynb
tmengel/jet-background-subtraction,symbolic-regression/fitPysr.py,30bbbf204a38f8d5754e6b20887953487e9ae487,https://github.com/tmengel/jet-background-subtraction/blob/01686b1c60a523623a8dc599dbbb0498dea75d2b/symbolic-regression/fitPysr.py
tmengel/jet-background-subtraction,symbolic-regression/quick_veiw_results.ipynb,e519ec0a170583e1b6049efe6746b839434b86d2,https://github.com/tmengel/jet-background-subtraction/blob/01686b1c60a523623a8dc599dbbb0498dea75d2b/symbolic-regression/quick_veiw_results.ipynb
TobiBu/graddays,day_3/notebooks/symbolic_regression.ipynb,dfeb3602b88b77ffc1172ad1b0473a64fbbbc015,https://github.com/TobiBu/graddays/blob/8e66c76af13f66af5efe3c6a68db74946eb15007/day_3/notebooks/symbolic_regression.ipynb
TomasSilva/MLcCY7,SymReg_Hodge.ipynb,4a8feb1195320ab61251efc9ae5c94cffc73662b,https://github.com/TomasSilva/MLcCY7/blob/d92a18872db3d525d129672df6509d86a17b99b9/SymReg_Hodge.ipynb
TomasSilva/MLcCY7,SymReg_Hodge.py,9597c1ec23603513567a7b106d43df1b093638b5,https://github.com/TomasSilva/MLcCY7/blob/d92a18872db3d525d129672df6509d86a17b99b9/SymReg_Hodge.py
tommasofacchin/kaggle-ml-projects,symbolic-regression-energy-efficiency.ipynb,3d7784083c7b0c258410deaa7d3efff7af4f2512,https://github.com/tommasofacchin/kaggle-ml-projects/blob/e37edd6de0794334175ce477ac40f4fafa3e44f9/symbolic-regression-energy-efficiency.ipynb
TomTom9595/Cas12a-Complex-Environment,Figure4/Figure4-Symbolic_Regression.ipynb,44acc375d09184780f491902c54b2a48d0ee0eed,https://github.com/TomTom9595/Cas12a-Complex-Environment/blob/2bba57167b6cad231378f6dbd07b45631b8eeca2/Figure4/Figure4-Symbolic_Regression.ipynb
Torraj/Common_Horizon_Time,Eccentric_Modeling.ipynb,cba558ffda8b88dffe6737fe1683e9161c726114,https://github.com/Torraj/Common_Horizon_Time/blob/9f0bb128795871731d02ae57cdbe854d1961a560/Eccentric_Modeling.ipynb
Torraj/Common_Horizon_Time,Initial_vs_Reference.ipynb,41ff97fc681f4667f6f3ac327111b136ac2c9419,https://github.com/Torraj/Common_Horizon_Time/blob/9f0bb128795871731d02ae57cdbe854d1961a560/Initial_vs_Reference.ipynb
Torraj/Common_Horizon_Time,model_testing_rit.ipynb,dd4403ba26122b3f41f17b274c82feddeba44db2,https://github.com/Torraj/Common_Horizon_Time/blob/9f0bb128795871731d02ae57cdbe854d1961a560/model_testing_rit.ipynb
Torraj/Common_Horizon_Time,post_Newtonian_Model_Comparison.ipynb,d0fe86d133790388f9cacc1c5ff13ea06f270a0f,https://github.com/Torraj/Common_Horizon_Time/blob/9f0bb128795871731d02ae57cdbe854d1961a560/post_Newtonian_Model_Comparison.ipynb
Torraj/Common_Horizon_Time,poster_plots.ipynb,12b2cd1a6c0fe9c51bd433e1dbee98d27e2a907b,https://github.com/Torraj/Common_Horizon_Time/blob/9f0bb128795871731d02ae57cdbe854d1961a560/poster_plots.ipynb
ToughClimb/closure-bias-inheritance,experiments/run_pysr_symbolic_compression.py,ddce3c88150326082d32a2d837856bbc5ed97b0b,https://github.com/ToughClimb/closure-bias-inheritance/blob/d1153c246880ad52314b01b02e0168766c0bf03f/experiments/run_pysr_symbolic_compression.py
tousifislam/gwBenchmarks,llm_agents/agent_prompts/analytic.md,7efef9d5de8e88f9021ef5970d3299206054b959,https://github.com/tousifislam/gwBenchmarks/blob/72ebf04c6117c7d26d1a031a8dbe31632fdd99c8/llm_agents/agent_prompts/analytic.md
tousifislam/gwBenchmarks,llm_agents/agent_prompts/dynamics.md,88f7d16f85825aae07dc618fa5c00a954585ca00,https://github.com/tousifislam/gwBenchmarks/blob/72ebf04c6117c7d26d1a031a8dbe31632fdd99c8/llm_agents/agent_prompts/dynamics.md
tousifislam/gwBenchmarks,llm_agents/agent_prompts/ringdown.md,1237725b15c1e3616b69a1621bf42e95adff68d8,https://github.com/tousifislam/gwBenchmarks/blob/72ebf04c6117c7d26d1a031a8dbe31632fdd99c8/llm_agents/agent_prompts/ringdown.md
tousifislam/gwBenchmarks,llm_agents/agent_prompts/validity.md,47a0957ce50acd67a43b0d5f803d7d989ea54b7c,https://github.com/tousifislam/gwBenchmarks/blob/72ebf04c6117c7d26d1a031a8dbe31632fdd99c8/llm_agents/agent_prompts/validity.md
tousifislam/gwBenchmarks,llm_agents/agent_prompts/waveform.md,285d35074508881761bb2d202b17492908c83d00,https://github.com/tousifislam/gwBenchmarks/blob/72ebf04c6117c7d26d1a031a8dbe31632fdd99c8/llm_agents/agent_prompts/waveform.md
tousifislam/gwBenchmarks,llm_agents/results/deepseek_v4_pro_max/analytic/AGENT_PROMPT.md,a0809464a6a8766d35e0176f785130d8bc71e1c0,https://github.com/tousifislam/gwBenchmarks/blob/72ebf04c6117c7d26d1a031a8dbe31632fdd99c8/llm_agents/results/deepseek_v4_pro_max/analytic/AGENT_PROMPT.md
tousifislam/gwBenchmarks,llm_agents/results/deepseek_v4_pro_max/dynamics/AGENT_PROMPT.md,35148acfdb7aef4d67136db9c7f5a3b49b8b8d98,https://github.com/tousifislam/gwBenchmarks/blob/72ebf04c6117c7d26d1a031a8dbe31632fdd99c8/llm_agents/results/deepseek_v4_pro_max/dynamics/AGENT_PROMPT.md
tousifislam/gwBenchmarks,llm_agents/results/deepseek_v4_pro_max/remnant/AGENT_PROMPT.md,719db72f337316087b5995682666d85066527955,https://github.com/tousifislam/gwBenchmarks/blob/72ebf04c6117c7d26d1a031a8dbe31632fdd99c8/llm_agents/results/deepseek_v4_pro_max/remnant/AGENT_PROMPT.md
tousifislam/gwBenchmarks,llm_agents/results/deepseek_v4_pro_max/ringdown/AGENT_PROMPT.md,90d0ea69b253173b594106a4750ee0a7b1ac67aa,https://github.com/tousifislam/gwBenchmarks/blob/72ebf04c6117c7d26d1a031a8dbe31632fdd99c8/llm_agents/results/deepseek_v4_pro_max/ringdown/AGENT_PROMPT.md
tousifislam/gwBenchmarks,llm_agents/results/deepseek_v4_pro_max/validity/AGENT_PROMPT.md,624b580e213559c896ee6f9ee4f9b7695d79394c,https://github.com/tousifislam/gwBenchmarks/blob/72ebf04c6117c7d26d1a031a8dbe31632fdd99c8/llm_agents/results/deepseek_v4_pro_max/validity/AGENT_PROMPT.md
tousifislam/gwBenchmarks,llm_agents/results/deepseek_v4_pro_max/waveform/AGENT_PROMPT.md,75bed11791e5e3e3eab25d7a9e74f622f6d4ff8f,https://github.com/tousifislam/gwBenchmarks/blob/72ebf04c6117c7d26d1a031a8dbe31632fdd99c8/llm_agents/results/deepseek_v4_pro_max/waveform/AGENT_PROMPT.md
tousifislam/gwBenchmarks,llm_agents/results/gemini25_flash/analytic/AGENT_PROMPT.md,726496a09cd5bd0d377848c9f74fe755f21bd56f,https://github.com/tousifislam/gwBenchmarks/blob/72ebf04c6117c7d26d1a031a8dbe31632fdd99c8/llm_agents/results/gemini25_flash/analytic/AGENT_PROMPT.md
tousifislam/gwBenchmarks,llm_agents/results/gemini25_flash/dynamics/AGENT_PROMPT.md,df24973118b38c2aca0d4ff126c626708e177c39,https://github.com/tousifislam/gwBenchmarks/blob/72ebf04c6117c7d26d1a031a8dbe31632fdd99c8/llm_agents/results/gemini25_flash/dynamics/AGENT_PROMPT.md
tousifislam/gwBenchmarks,llm_agents/results/gemini25_flash/dynamics/CHANGELOG.md,0d976a3191147b66f08ac73ae4c1993374904bc9,https://github.com/tousifislam/gwBenchmarks/blob/72ebf04c6117c7d26d1a031a8dbe31632fdd99c8/llm_agents/results/gemini25_flash/dynamics/CHANGELOG.md
tousifislam/gwBenchmarks,llm_agents/results/gemini25_flash/remnant/AGENT_PROMPT.md,0e42fcbecdcd5e8d5e5a7ee74fc014daea534126,https://github.com/tousifislam/gwBenchmarks/blob/72ebf04c6117c7d26d1a031a8dbe31632fdd99c8/llm_agents/results/gemini25_flash/remnant/AGENT_PROMPT.md
tousifislam/gwBenchmarks,llm_agents/results/gemini25_flash/ringdown/AGENT_PROMPT.md,02a485aeb46f47f220ea708533b145c759d5a87e,https://github.com/tousifislam/gwBenchmarks/blob/72ebf04c6117c7d26d1a031a8dbe31632fdd99c8/llm_agents/results/gemini25_flash/ringdown/AGENT_PROMPT.md
tousifislam/gwBenchmarks,llm_agents/results/gemini25_flash/validity/AGENT_PROMPT.md,0fb9e0248e4249ab1927c749fbf25021c70ed7f4,https://github.com/tousifislam/gwBenchmarks/blob/72ebf04c6117c7d26d1a031a8dbe31632fdd99c8/llm_agents/results/gemini25_flash/validity/AGENT_PROMPT.md
tousifislam/gwBenchmarks,llm_agents/results/gemini25_flash/waveform/AGENT_PROMPT.md,8a4492e47350b67e2e9db7cc14eeb44ddd4d348d,https://github.com/tousifislam/gwBenchmarks/blob/72ebf04c6117c7d26d1a031a8dbe31632fdd99c8/llm_agents/results/gemini25_flash/waveform/AGENT_PROMPT.md
tousifislam/gwBenchmarks,llm_agents/results/gemini25_pro/dynamics/AGENT_PROMPT.md,2c50e694b4bd69fd2573e8cd8b81f044d1aaf301,https://github.com/tousifislam/gwBenchmarks/blob/72ebf04c6117c7d26d1a031a8dbe31632fdd99c8/llm_agents/results/gemini25_pro/dynamics/AGENT_PROMPT.md
tousifislam/gwBenchmarks,llm_agents/results/gemini25_pro/dynamics/CHANGELOG.md,4b767913f608a97daf7663b615e5c63dab20ba3f,https://github.com/tousifislam/gwBenchmarks/blob/72ebf04c6117c7d26d1a031a8dbe31632fdd99c8/llm_agents/results/gemini25_pro/dynamics/CHANGELOG.md
tousifislam/gwBenchmarks,llm_agents/results/gemini25_pro/waveform/AGENT_PROMPT.md,b0ae4be0b14cca6838be6bd368ba5e2a060f5b9e,https://github.com/tousifislam/gwBenchmarks/blob/72ebf04c6117c7d26d1a031a8dbe31632fdd99c8/llm_agents/results/gemini25_pro/waveform/AGENT_PROMPT.md
tousifislam/gwBenchmarks,llm_agents/results/gemini31_pro_preview/analytic/AGENT_PROMPT.md,23ffd56c6dd1ef3f6f4bf1c04a536309fe8ae1c0,https://github.com/tousifislam/gwBenchmarks/blob/72ebf04c6117c7d26d1a031a8dbe31632fdd99c8/llm_agents/results/gemini31_pro_preview/analytic/AGENT_PROMPT.md
tousifislam/gwBenchmarks,llm_agents/results/gemini31_pro_preview/analytic/run_all.py,e745a064cd555f5a2b7b859047d0ff1dec7ec53c,https://github.com/tousifislam/gwBenchmarks/blob/72ebf04c6117c7d26d1a031a8dbe31632fdd99c8/llm_agents/results/gemini31_pro_preview/analytic/run_all.py
tousifislam/gwBenchmarks,llm_agents/results/gemini31_pro_preview/dynamics/AGENT_PROMPT.md,6916bbfc82df4a7d76b87c628fddafc4790bf113,https://github.com/tousifislam/gwBenchmarks/blob/72ebf04c6117c7d26d1a031a8dbe31632fdd99c8/llm_agents/results/gemini31_pro_preview/dynamics/AGENT_PROMPT.md
tousifislam/gwBenchmarks,llm_agents/results/gemini31_pro_preview/dynamics/run_all.py,83a6593aa47908714d6b1c37b45ef73db23e96e8,https://github.com/tousifislam/gwBenchmarks/blob/72ebf04c6117c7d26d1a031a8dbe31632fdd99c8/llm_agents/results/gemini31_pro_preview/dynamics/run_all.py
tousifislam/gwBenchmarks,llm_agents/results/gemini31_pro_preview/remnant/AGENT_PROMPT.md,2a5f67b68620d3e0b0bae71c2695c94768a4d647,https://github.com/tousifislam/gwBenchmarks/blob/72ebf04c6117c7d26d1a031a8dbe31632fdd99c8/llm_agents/results/gemini31_pro_preview/remnant/AGENT_PROMPT.md
tousifislam/gwBenchmarks,llm_agents/results/gemini31_pro_preview/remnant/run_all.py,8470f67ab21363996881089351de78332800ea15,https://github.com/tousifislam/gwBenchmarks/blob/72ebf04c6117c7d26d1a031a8dbe31632fdd99c8/llm_agents/results/gemini31_pro_preview/remnant/run_all.py
tousifislam/gwBenchmarks,llm_agents/results/gemini31_pro_preview/ringdown/AGENT_PROMPT.md,9051dfaf078b9510e6d54cc53df19f503db216e4,https://github.com/tousifislam/gwBenchmarks/blob/72ebf04c6117c7d26d1a031a8dbe31632fdd99c8/llm_agents/results/gemini31_pro_preview/ringdown/AGENT_PROMPT.md
tousifislam/gwBenchmarks,llm_agents/results/gemini31_pro_preview/ringdown/run_all.py,80e9cf1cc807df32a97d580b200ca5fa3726470e,https://github.com/tousifislam/gwBenchmarks/blob/72ebf04c6117c7d26d1a031a8dbe31632fdd99c8/llm_agents/results/gemini31_pro_preview/ringdown/run_all.py
tousifislam/gwBenchmarks,llm_agents/results/gemini31_pro_preview/validity/AGENT_PROMPT.md,68d15da6d066e8d982e0cb96b77f068c9c6a1ba6,https://github.com/tousifislam/gwBenchmarks/blob/72ebf04c6117c7d26d1a031a8dbe31632fdd99c8/llm_agents/results/gemini31_pro_preview/validity/AGENT_PROMPT.md
tousifislam/gwBenchmarks,llm_agents/results/gemini31_pro_preview/validity/run_all.py,a29710b365e64de4a6b1cedbfaba0766126860f5,https://github.com/tousifislam/gwBenchmarks/blob/72ebf04c6117c7d26d1a031a8dbe31632fdd99c8/llm_agents/results/gemini31_pro_preview/validity/run_all.py
tousifislam/gwBenchmarks,llm_agents/results/gemini31_pro_preview/waveform/AGENT_PROMPT.md,2ec3349fa78b7d6c3acd22bf97d4c71851f2a670,https://github.com/tousifislam/gwBenchmarks/blob/72ebf04c6117c7d26d1a031a8dbe31632fdd99c8/llm_agents/results/gemini31_pro_preview/waveform/AGENT_PROMPT.md
tousifislam/gwBenchmarks,llm_agents/results/gemini31_pro_preview/waveform/run_all.py,230ae4e489189fa648f3a0e343d4fd2fbfd18cdb,https://github.com/tousifislam/gwBenchmarks/blob/72ebf04c6117c7d26d1a031a8dbe31632fdd99c8/llm_agents/results/gemini31_pro_preview/waveform/run_all.py
tousifislam/gwBenchmarks,llm_agents/results/gemini3_flash_preview/analytic/AGENT_PROMPT.md,f3aef8eac491a4e7757e54c5537181ea923eb949,https://github.com/tousifislam/gwBenchmarks/blob/72ebf04c6117c7d26d1a031a8dbe31632fdd99c8/llm_agents/results/gemini3_flash_preview/analytic/AGENT_PROMPT.md
tousifislam/gwBenchmarks,llm_agents/results/gemini3_flash_preview/dynamics/AGENT_PROMPT.md,bf01e315e39aef909905dfb7b4795890147e920b,https://github.com/tousifislam/gwBenchmarks/blob/72ebf04c6117c7d26d1a031a8dbe31632fdd99c8/llm_agents/results/gemini3_flash_preview/dynamics/AGENT_PROMPT.md
tousifislam/gwBenchmarks,llm_agents/results/gemini3_flash_preview/dynamics/train_pysr.py,a826f39bc4afafc7fba816e326306db64ccf60bd,https://github.com/tousifislam/gwBenchmarks/blob/72ebf04c6117c7d26d1a031a8dbe31632fdd99c8/llm_agents/results/gemini3_flash_preview/dynamics/train_pysr.py
tousifislam/gwBenchmarks,llm_agents/results/gemini3_flash_preview/remnant/AGENT_PROMPT.md,cb9eb88c4d205f0a1b367f2ad233964464ba7d0b,https://github.com/tousifislam/gwBenchmarks/blob/72ebf04c6117c7d26d1a031a8dbe31632fdd99c8/llm_agents/results/gemini3_flash_preview/remnant/AGENT_PROMPT.md
tousifislam/gwBenchmarks,llm_agents/results/gemini3_flash_preview/remnant/train_pysr.py,805c9e68e231c5e4dda02b430f72f94ac6503ccb,https://github.com/tousifislam/gwBenchmarks/blob/72ebf04c6117c7d26d1a031a8dbe31632fdd99c8/llm_agents/results/gemini3_flash_preview/remnant/train_pysr.py
tousifislam/gwBenchmarks,llm_agents/results/gemini3_flash_preview/ringdown/AGENT_PROMPT.md,3082856c71cf030be4fca213ebf901ca28dcbb7f,https://github.com/tousifislam/gwBenchmarks/blob/72ebf04c6117c7d26d1a031a8dbe31632fdd99c8/llm_agents/results/gemini3_flash_preview/ringdown/AGENT_PROMPT.md
tousifislam/gwBenchmarks,llm_agents/results/gemini3_flash_preview/validity/AGENT_PROMPT.md,4239c74b77cf2ef3dfd4d6da199ebf1e3ad093c3,https://github.com/tousifislam/gwBenchmarks/blob/72ebf04c6117c7d26d1a031a8dbe31632fdd99c8/llm_agents/results/gemini3_flash_preview/validity/AGENT_PROMPT.md
tousifislam/gwBenchmarks,llm_agents/results/gemini3_flash_preview/waveform/AGENT_PROMPT.md,a1dcde14611afd1b4b6cd94820913dfa2dcde4d2,https://github.com/tousifislam/gwBenchmarks/blob/72ebf04c6117c7d26d1a031a8dbe31632fdd99c8/llm_agents/results/gemini3_flash_preview/waveform/AGENT_PROMPT.md
tousifislam/gwBenchmarks,llm_agents/results/gemini3_flash_preview/waveform/train_pysr.py,0adf575b2d5ec96fd7817d5d1929065986b01cc0,https://github.com/tousifislam/gwBenchmarks/blob/72ebf04c6117c7d26d1a031a8dbe31632fdd99c8/llm_agents/results/gemini3_flash_preview/waveform/train_pysr.py
tousifislam/gwBenchmarks,llm_agents/results/gpt52/analytic/AGENT_PROMPT.md,f44027db5525c66f31e468688f184bfe88c5ac61,https://github.com/tousifislam/gwBenchmarks/blob/72ebf04c6117c7d26d1a031a8dbe31632fdd99c8/llm_agents/results/gpt52/analytic/AGENT_PROMPT.md
tousifislam/gwBenchmarks,llm_agents/results/gpt52/analytic/_pysr_fit.py,f00b3f8cf04448a639012739ac0bc5b2ff343f47,https://github.com/tousifislam/gwBenchmarks/blob/72ebf04c6117c7d26d1a031a8dbe31632fdd99c8/llm_agents/results/gpt52/analytic/_pysr_fit.py
tousifislam/gwBenchmarks,llm_agents/results/gpt52/dynamics/AGENT_PROMPT.md,6934b1fe916097c04b085bb4163a4cce38e22474,https://github.com/tousifislam/gwBenchmarks/blob/72ebf04c6117c7d26d1a031a8dbe31632fdd99c8/llm_agents/results/gpt52/dynamics/AGENT_PROMPT.md
tousifislam/gwBenchmarks,llm_agents/results/gpt52/dynamics/_pysr_fit.py,0823111e34f33d87c8704cba24c391a73b4b9b41,https://github.com/tousifislam/gwBenchmarks/blob/72ebf04c6117c7d26d1a031a8dbe31632fdd99c8/llm_agents/results/gpt52/dynamics/_pysr_fit.py
tousifislam/gwBenchmarks,llm_agents/results/gpt52/remnant/AGENT_PROMPT.md,a5516a9b0218bf979f28ff5b1e5a048b7a4b7aaf,https://github.com/tousifislam/gwBenchmarks/blob/72ebf04c6117c7d26d1a031a8dbe31632fdd99c8/llm_agents/results/gpt52/remnant/AGENT_PROMPT.md
tousifislam/gwBenchmarks,llm_agents/results/gpt52/remnant/_pysr_fit.py,0823111e34f33d87c8704cba24c391a73b4b9b41,https://github.com/tousifislam/gwBenchmarks/blob/72ebf04c6117c7d26d1a031a8dbe31632fdd99c8/llm_agents/results/gpt52/remnant/_pysr_fit.py
tousifislam/gwBenchmarks,llm_agents/results/gpt52/ringdown/AGENT_PROMPT.md,81bb04bf0e084acc8cd48efb469acc8ca31f62d5,https://github.com/tousifislam/gwBenchmarks/blob/72ebf04c6117c7d26d1a031a8dbe31632fdd99c8/llm_agents/results/gpt52/ringdown/AGENT_PROMPT.md
tousifislam/gwBenchmarks,llm_agents/results/gpt52/ringdown/_pysr_fit.py,e91da57adc0d22b86c5476fd7dc68e4e99ad81e4,https://github.com/tousifislam/gwBenchmarks/blob/72ebf04c6117c7d26d1a031a8dbe31632fdd99c8/llm_agents/results/gpt52/ringdown/_pysr_fit.py
tousifislam/gwBenchmarks,llm_agents/results/gpt52/validity/AGENT_PROMPT.md,79323464c9f7bc243a6a15cf8d9b24b561162e8b,https://github.com/tousifislam/gwBenchmarks/blob/72ebf04c6117c7d26d1a031a8dbe31632fdd99c8/llm_agents/results/gpt52/validity/AGENT_PROMPT.md
tousifislam/gwBenchmarks,llm_agents/results/gpt52/validity/_pysr_fit.py,5b9c7e8ac4033cab83413d2db7abed0f364a54a8,https://github.com/tousifislam/gwBenchmarks/blob/72ebf04c6117c7d26d1a031a8dbe31632fdd99c8/llm_agents/results/gpt52/validity/_pysr_fit.py
tousifislam/gwBenchmarks,llm_agents/results/gpt52/waveform/AGENT_PROMPT.md,8da988e84335b1191f48cf40a526f9596b2af2cd,https://github.com/tousifislam/gwBenchmarks/blob/72ebf04c6117c7d26d1a031a8dbe31632fdd99c8/llm_agents/results/gpt52/waveform/AGENT_PROMPT.md
tousifislam/gwBenchmarks,llm_agents/results/gpt52/waveform/_pysr_fit.py,b68d86c4d9ec9c7df43cecd6610126bd6a68d188,https://github.com/tousifislam/gwBenchmarks/blob/72ebf04c6117c7d26d1a031a8dbe31632fdd99c8/llm_agents/results/gpt52/waveform/_pysr_fit.py
tousifislam/gwBenchmarks,llm_agents/results/gpt53_codex_high/analytic/AGENT_PROMPT.md,9a4204102ad8d482c690c2d7646e7410b1366697,https://github.com/tousifislam/gwBenchmarks/blob/72ebf04c6117c7d26d1a031a8dbe31632fdd99c8/llm_agents/results/gpt53_codex_high/analytic/AGENT_PROMPT.md
tousifislam/gwBenchmarks,llm_agents/results/gpt53_codex_high/dynamics/AGENT_PROMPT.md,4fb7d6f29e524e4de796f5f22cf442d84070ea38,https://github.com/tousifislam/gwBenchmarks/blob/72ebf04c6117c7d26d1a031a8dbe31632fdd99c8/llm_agents/results/gpt53_codex_high/dynamics/AGENT_PROMPT.md
tousifislam/gwBenchmarks,llm_agents/results/gpt53_codex_high/remnant/AGENT_PROMPT.md,301581a9bfc0703bdcd3562da089bb637c4895e5,https://github.com/tousifislam/gwBenchmarks/blob/72ebf04c6117c7d26d1a031a8dbe31632fdd99c8/llm_agents/results/gpt53_codex_high/remnant/AGENT_PROMPT.md
tousifislam/gwBenchmarks,llm_agents/results/gpt53_codex_high/ringdown/AGENT_PROMPT.md,bb7cb567af3227e28bab860917aac1c33c68dcb7,https://github.com/tousifislam/gwBenchmarks/blob/72ebf04c6117c7d26d1a031a8dbe31632fdd99c8/llm_agents/results/gpt53_codex_high/ringdown/AGENT_PROMPT.md
tousifislam/gwBenchmarks,llm_agents/results/gpt53_codex_high/validity/AGENT_PROMPT.md,cc6c9bcbd72bf36b341c63af027c77e4ae7370e2,https://github.com/tousifislam/gwBenchmarks/blob/72ebf04c6117c7d26d1a031a8dbe31632fdd99c8/llm_agents/results/gpt53_codex_high/validity/AGENT_PROMPT.md
tousifislam/gwBenchmarks,llm_agents/results/gpt53_codex_high/waveform/AGENT_PROMPT.md,00483e9874a73fb12b673c44deda1bd434bfae55,https://github.com/tousifislam/gwBenchmarks/blob/72ebf04c6117c7d26d1a031a8dbe31632fdd99c8/llm_agents/results/gpt53_codex_high/waveform/AGENT_PROMPT.md
tousifislam/gwBenchmarks,llm_agents/results/gpt54_mini/analytic/AGENT_PROMPT.md,9fbbd0e7fb3db17d5aa125db835c92ffdc892875,https://github.com/tousifislam/gwBenchmarks/blob/72ebf04c6117c7d26d1a031a8dbe31632fdd99c8/llm_agents/results/gpt54_mini/analytic/AGENT_PROMPT.md
tousifislam/gwBenchmarks,llm_agents/results/gpt54_mini/analytic/build_models.py,1f8e207474f2322dd69b827575296b1994066c3e,https://github.com/tousifislam/gwBenchmarks/blob/72ebf04c6117c7d26d1a031a8dbe31632fdd99c8/llm_agents/results/gpt54_mini/analytic/build_models.py
tousifislam/gwBenchmarks,llm_agents/results/gpt54_mini/dynamics/AGENT_PROMPT.md,c906c32d9ad38ade039d3c351df3c422de200df4,https://github.com/tousifislam/gwBenchmarks/blob/72ebf04c6117c7d26d1a031a8dbe31632fdd99c8/llm_agents/results/gpt54_mini/dynamics/AGENT_PROMPT.md
tousifislam/gwBenchmarks,llm_agents/results/gpt54_mini/dynamics/build_models.py,2fb48b08aebc1d72fd7ac352f2b212bb8e4e13bf,https://github.com/tousifislam/gwBenchmarks/blob/72ebf04c6117c7d26d1a031a8dbe31632fdd99c8/llm_agents/results/gpt54_mini/dynamics/build_models.py
tousifislam/gwBenchmarks,llm_agents/results/gpt54_mini/remnant/AGENT_PROMPT.md,cd927fe7d3678640f3b7a6057f3081412bf383ed,https://github.com/tousifislam/gwBenchmarks/blob/72ebf04c6117c7d26d1a031a8dbe31632fdd99c8/llm_agents/results/gpt54_mini/remnant/AGENT_PROMPT.md
tousifislam/gwBenchmarks,llm_agents/results/gpt54_mini/remnant/build_models.py,50e55d153d41d8ac783ecaed7614d5bf5d808422,https://github.com/tousifislam/gwBenchmarks/blob/72ebf04c6117c7d26d1a031a8dbe31632fdd99c8/llm_agents/results/gpt54_mini/remnant/build_models.py
tousifislam/gwBenchmarks,llm_agents/results/gpt54_mini/ringdown/AGENT_PROMPT.md,5f75dd18e2b3728e3143f90ad405e695ea5ee47e,https://github.com/tousifislam/gwBenchmarks/blob/72ebf04c6117c7d26d1a031a8dbe31632fdd99c8/llm_agents/results/gpt54_mini/ringdown/AGENT_PROMPT.md
tousifislam/gwBenchmarks,llm_agents/results/gpt54_mini/ringdown/build_models.py,9f2f1e8366f6bbe957c56fe65bf335c28fc56249,https://github.com/tousifislam/gwBenchmarks/blob/72ebf04c6117c7d26d1a031a8dbe31632fdd99c8/llm_agents/results/gpt54_mini/ringdown/build_models.py
tousifislam/gwBenchmarks,llm_agents/results/gpt54_mini/validity/AGENT_PROMPT.md,5269a9168efb49cc7f2cbd6c102335a511388c9d,https://github.com/tousifislam/gwBenchmarks/blob/72ebf04c6117c7d26d1a031a8dbe31632fdd99c8/llm_agents/results/gpt54_mini/validity/AGENT_PROMPT.md
tousifislam/gwBenchmarks,llm_agents/results/gpt54_mini/validity/build_models.py,abf6895dff6ffb89a1cad77f7ddbab1b9863b6b9,https://github.com/tousifislam/gwBenchmarks/blob/72ebf04c6117c7d26d1a031a8dbe31632fdd99c8/llm_agents/results/gpt54_mini/validity/build_models.py
tousifislam/gwBenchmarks,llm_agents/results/gpt54_mini/waveform/AGENT_PROMPT.md,26c54a85a4154cd28dd46217c7d3a445088c9b3b,https://github.com/tousifislam/gwBenchmarks/blob/72ebf04c6117c7d26d1a031a8dbe31632fdd99c8/llm_agents/results/gpt54_mini/waveform/AGENT_PROMPT.md
tousifislam/gwBenchmarks,llm_agents/results/gpt55_high/analytic/AGENT_PROMPT.md,2bed3c2de0af5384f4f214e82fb4c4bd1f823aca,https://github.com/tousifislam/gwBenchmarks/blob/72ebf04c6117c7d26d1a031a8dbe31632fdd99c8/llm_agents/results/gpt55_high/analytic/AGENT_PROMPT.md
tousifislam/gwBenchmarks,llm_agents/results/gpt55_high/dynamics/AGENT_PROMPT.md,78d3a0de26534a25466238c8a57fa4b75ceee178,https://github.com/tousifislam/gwBenchmarks/blob/72ebf04c6117c7d26d1a031a8dbe31632fdd99c8/llm_agents/results/gpt55_high/dynamics/AGENT_PROMPT.md
tousifislam/gwBenchmarks,llm_agents/results/gpt55_high/remnant/AGENT_PROMPT.md,540c104909d6d4587da50dc8b08519d088542f91,https://github.com/tousifislam/gwBenchmarks/blob/72ebf04c6117c7d26d1a031a8dbe31632fdd99c8/llm_agents/results/gpt55_high/remnant/AGENT_PROMPT.md
tousifislam/gwBenchmarks,llm_agents/results/gpt55_high/ringdown/AGENT_PROMPT.md,df615d7854f5374e010624b021d4e71c05133cd4,https://github.com/tousifislam/gwBenchmarks/blob/72ebf04c6117c7d26d1a031a8dbe31632fdd99c8/llm_agents/results/gpt55_high/ringdown/AGENT_PROMPT.md
tousifislam/gwBenchmarks,llm_agents/results/gpt55_high/suite_runner.py,c1e1fca6c0e72544cd5bc690d6e3f693aae2c7a0,https://github.com/tousifislam/gwBenchmarks/blob/72ebf04c6117c7d26d1a031a8dbe31632fdd99c8/llm_agents/results/gpt55_high/suite_runner.py
tousifislam/gwBenchmarks,llm_agents/results/gpt55_high/validity/AGENT_PROMPT.md,400b846aff1645bff1a3a77b4aaa6e41b5cc797c,https://github.com/tousifislam/gwBenchmarks/blob/72ebf04c6117c7d26d1a031a8dbe31632fdd99c8/llm_agents/results/gpt55_high/validity/AGENT_PROMPT.md
tousifislam/gwBenchmarks,llm_agents/results/gpt55_high/waveform/AGENT_PROMPT.md,513e1587adc82578c5b59931ce148c1d804acf76,https://github.com/tousifislam/gwBenchmarks/blob/72ebf04c6117c7d26d1a031a8dbe31632fdd99c8/llm_agents/results/gpt55_high/waveform/AGENT_PROMPT.md
tousifislam/gwBenchmarks,llm_agents/results/haiku/analytic/AGENT_PROMPT.md,c2308373e8ada49dbf8e546b00c9b216a2503ef8,https://github.com/tousifislam/gwBenchmarks/blob/72ebf04c6117c7d26d1a031a8dbe31632fdd99c8/llm_agents/results/haiku/analytic/AGENT_PROMPT.md
tousifislam/gwBenchmarks,llm_agents/results/haiku/dynamics/AGENT_PROMPT.md,a6ae1d986e7614696e8037df7f24ab6edd967baa,https://github.com/tousifislam/gwBenchmarks/blob/72ebf04c6117c7d26d1a031a8dbe31632fdd99c8/llm_agents/results/haiku/dynamics/AGENT_PROMPT.md
tousifislam/gwBenchmarks,llm_agents/results/haiku/remnant/AGENT_PROMPT.md,f332a88df158901ec1d8b3e8f8d49bd2b2b868ad,https://github.com/tousifislam/gwBenchmarks/blob/72ebf04c6117c7d26d1a031a8dbe31632fdd99c8/llm_agents/results/haiku/remnant/AGENT_PROMPT.md
tousifislam/gwBenchmarks,llm_agents/results/haiku/ringdown/AGENT_PROMPT.md,6d707536879b3a428828e4b292d25358e0eeefb9,https://github.com/tousifislam/gwBenchmarks/blob/72ebf04c6117c7d26d1a031a8dbe31632fdd99c8/llm_agents/results/haiku/ringdown/AGENT_PROMPT.md
tousifislam/gwBenchmarks,llm_agents/results/haiku/validity/AGENT_PROMPT.md,ae8434a6c7a154fc96c82fbe05f305588c1f8981,https://github.com/tousifislam/gwBenchmarks/blob/72ebf04c6117c7d26d1a031a8dbe31632fdd99c8/llm_agents/results/haiku/validity/AGENT_PROMPT.md
tousifislam/gwBenchmarks,llm_agents/results/haiku/waveform/AGENT_PROMPT.md,6a10ef8a19ca2620d1255ca204aff29b9845f5b3,https://github.com/tousifislam/gwBenchmarks/blob/72ebf04c6117c7d26d1a031a8dbe31632fdd99c8/llm_agents/results/haiku/waveform/AGENT_PROMPT.md
tousifislam/gwBenchmarks,llm_agents/results/haiku/waveform/build_symbolic.py,46f59a122cee506f169e23a79703832f80a89704,https://github.com/tousifislam/gwBenchmarks/blob/72ebf04c6117c7d26d1a031a8dbe31632fdd99c8/llm_agents/results/haiku/waveform/build_symbolic.py
tousifislam/gwBenchmarks,llm_agents/results/hy3_preview_free/analytic/AGENT_PROMPT.md,419cfce9cf9d0a6f94daefe8c82d549e94578f0f,https://github.com/tousifislam/gwBenchmarks/blob/72ebf04c6117c7d26d1a031a8dbe31632fdd99c8/llm_agents/results/hy3_preview_free/analytic/AGENT_PROMPT.md
tousifislam/gwBenchmarks,llm_agents/results/hy3_preview_free/remnant/AGENT_PROMPT.md,ed87f81ee2876f9ab35679e618818f11a34b3605,https://github.com/tousifislam/gwBenchmarks/blob/72ebf04c6117c7d26d1a031a8dbe31632fdd99c8/llm_agents/results/hy3_preview_free/remnant/AGENT_PROMPT.md
tousifislam/gwBenchmarks,llm_agents/results/hy3_preview_free/waveform/AGENT_PROMPT.md,d3683795302b32e7ff678718ad3e46735d0f9ccd,https://github.com/tousifislam/gwBenchmarks/blob/72ebf04c6117c7d26d1a031a8dbe31632fdd99c8/llm_agents/results/hy3_preview_free/waveform/AGENT_PROMPT.md
tousifislam/gwBenchmarks,llm_agents/results/kimi_k26/analytic/AGENT_PROMPT.md,c7869bfe79c65b24e8601acdb3fbab271135f25c,https://github.com/tousifislam/gwBenchmarks/blob/72ebf04c6117c7d26d1a031a8dbe31632fdd99c8/llm_agents/results/kimi_k26/analytic/AGENT_PROMPT.md
tousifislam/gwBenchmarks,llm_agents/results/kimi_k26/dynamics/AGENT_PROMPT.md,423629a32c107f4831799f76ceeef39d6fa94b3f,https://github.com/tousifislam/gwBenchmarks/blob/72ebf04c6117c7d26d1a031a8dbe31632fdd99c8/llm_agents/results/kimi_k26/dynamics/AGENT_PROMPT.md
tousifislam/gwBenchmarks,llm_agents/results/kimi_k26/dynamics/run_symbolic.py,900486f9bf91c96e3cd0f2f5b4358fc541ee319e,https://github.com/tousifislam/gwBenchmarks/blob/72ebf04c6117c7d26d1a031a8dbe31632fdd99c8/llm_agents/results/kimi_k26/dynamics/run_symbolic.py
tousifislam/gwBenchmarks,llm_agents/results/kimi_k26/remnant/AGENT_PROMPT.md,5c98adae71d5337f14072c60642b202332e1f4d0,https://github.com/tousifislam/gwBenchmarks/blob/72ebf04c6117c7d26d1a031a8dbe31632fdd99c8/llm_agents/results/kimi_k26/remnant/AGENT_PROMPT.md
tousifislam/gwBenchmarks,llm_agents/results/kimi_k26/remnant/run_all.py,0aca1eeb24785df9339f3d40828e22fa6782d1b2,https://github.com/tousifislam/gwBenchmarks/blob/72ebf04c6117c7d26d1a031a8dbe31632fdd99c8/llm_agents/results/kimi_k26/remnant/run_all.py
tousifislam/gwBenchmarks,llm_agents/results/kimi_k26/ringdown/AGENT_PROMPT.md,029983116a9164f9b2057891cb6195631d201901,https://github.com/tousifislam/gwBenchmarks/blob/72ebf04c6117c7d26d1a031a8dbe31632fdd99c8/llm_agents/results/kimi_k26/ringdown/AGENT_PROMPT.md
tousifislam/gwBenchmarks,llm_agents/results/kimi_k26/ringdown/run_symbolic.py,9c07d8e612c053e9bdcabe33a4f70ac82612b3e7,https://github.com/tousifislam/gwBenchmarks/blob/72ebf04c6117c7d26d1a031a8dbe31632fdd99c8/llm_agents/results/kimi_k26/ringdown/run_symbolic.py
tousifislam/gwBenchmarks,llm_agents/results/kimi_k26/validity/AGENT_PROMPT.md,c306fade91079ce8cd40baef6c3b0ab310d3a6a5,https://github.com/tousifislam/gwBenchmarks/blob/72ebf04c6117c7d26d1a031a8dbe31632fdd99c8/llm_agents/results/kimi_k26/validity/AGENT_PROMPT.md
tousifislam/gwBenchmarks,llm_agents/results/kimi_k26/validity/run_symbolic.py,c9c9af051975dec95cb4b8b5d503e213f7abab83,https://github.com/tousifislam/gwBenchmarks/blob/72ebf04c6117c7d26d1a031a8dbe31632fdd99c8/llm_agents/results/kimi_k26/validity/run_symbolic.py
tousifislam/gwBenchmarks,llm_agents/results/kimi_k26/waveform/AGENT_PROMPT.md,937f8fe73aaeb63158c33a1049166eb639ef7a8f,https://github.com/tousifislam/gwBenchmarks/blob/72ebf04c6117c7d26d1a031a8dbe31632fdd99c8/llm_agents/results/kimi_k26/waveform/AGENT_PROMPT.md
tousifislam/gwBenchmarks,llm_agents/results/kimi_k26/waveform/run_symbolic.py,caa3900c59b0a24d5d1ae3c63253ab6be2f02f28,https://github.com/tousifislam/gwBenchmarks/blob/72ebf04c6117c7d26d1a031a8dbe31632fdd99c8/llm_agents/results/kimi_k26/waveform/run_symbolic.py
tousifislam/gwBenchmarks,llm_agents/results/opus46/analytic/AGENT_PROMPT.md,b71e031018a6d5c41ba071530afb87a73552aef1,https://github.com/tousifislam/gwBenchmarks/blob/72ebf04c6117c7d26d1a031a8dbe31632fdd99c8/llm_agents/results/opus46/analytic/AGENT_PROMPT.md
tousifislam/gwBenchmarks,llm_agents/results/opus46/analytic/build_all.py,cb902525a543f0e6021e62992be38a2b023401bf,https://github.com/tousifislam/gwBenchmarks/blob/72ebf04c6117c7d26d1a031a8dbe31632fdd99c8/llm_agents/results/opus46/analytic/build_all.py
tousifislam/gwBenchmarks,llm_agents/results/opus46/dynamics/AGENT_PROMPT.md,6ed3526c37ee7a484085809386c42a51454d9f4d,https://github.com/tousifislam/gwBenchmarks/blob/72ebf04c6117c7d26d1a031a8dbe31632fdd99c8/llm_agents/results/opus46/dynamics/AGENT_PROMPT.md
tousifislam/gwBenchmarks,llm_agents/results/opus46/dynamics/build_all.py,b52ae6d27ca1299bb37ba12ecca73933dc2669a8,https://github.com/tousifislam/gwBenchmarks/blob/72ebf04c6117c7d26d1a031a8dbe31632fdd99c8/llm_agents/results/opus46/dynamics/build_all.py
tousifislam/gwBenchmarks,llm_agents/results/opus46/remnant/AGENT_PROMPT.md,f5675ab81828f75b408ecaaffc94a682c7dda6e1,https://github.com/tousifislam/gwBenchmarks/blob/72ebf04c6117c7d26d1a031a8dbe31632fdd99c8/llm_agents/results/opus46/remnant/AGENT_PROMPT.md
tousifislam/gwBenchmarks,llm_agents/results/opus46/remnant/build_all.py,d1fbec01b0f1d6c4227407561833e223d211f9bc,https://github.com/tousifislam/gwBenchmarks/blob/72ebf04c6117c7d26d1a031a8dbe31632fdd99c8/llm_agents/results/opus46/remnant/build_all.py
tousifislam/gwBenchmarks,llm_agents/results/opus46/ringdown/AGENT_PROMPT.md,3d451ab31ffdc19fdc5e9314c58b9e7bcbac5c13,https://github.com/tousifislam/gwBenchmarks/blob/72ebf04c6117c7d26d1a031a8dbe31632fdd99c8/llm_agents/results/opus46/ringdown/AGENT_PROMPT.md
tousifislam/gwBenchmarks,llm_agents/results/opus46/ringdown/build_all.py,1940c730e474e84fc2945e313c145b9932f3a736,https://github.com/tousifislam/gwBenchmarks/blob/72ebf04c6117c7d26d1a031a8dbe31632fdd99c8/llm_agents/results/opus46/ringdown/build_all.py
tousifislam/gwBenchmarks,llm_agents/results/opus46/validity/AGENT_PROMPT.md,c775e0da7da258891830442fa51c95dc44032041,https://github.com/tousifislam/gwBenchmarks/blob/72ebf04c6117c7d26d1a031a8dbe31632fdd99c8/llm_agents/results/opus46/validity/AGENT_PROMPT.md
tousifislam/gwBenchmarks,llm_agents/results/opus46/validity/build_all.py,bb59c954cb685cd262d80ba837e27b32f1bc6850,https://github.com/tousifislam/gwBenchmarks/blob/72ebf04c6117c7d26d1a031a8dbe31632fdd99c8/llm_agents/results/opus46/validity/build_all.py
tousifislam/gwBenchmarks,llm_agents/results/opus46/waveform/AGENT_PROMPT.md,66d342aa49ff32a4da6e6e1c6c673e12b2cc2802,https://github.com/tousifislam/gwBenchmarks/blob/72ebf04c6117c7d26d1a031a8dbe31632fdd99c8/llm_agents/results/opus46/waveform/AGENT_PROMPT.md
tousifislam/gwBenchmarks,llm_agents/results/opus46/waveform/run_symbolic.py,1eb1017bb83e28c728fa2b32f038eb4e049a7bc3,https://github.com/tousifislam/gwBenchmarks/blob/72ebf04c6117c7d26d1a031a8dbe31632fdd99c8/llm_agents/results/opus46/waveform/run_symbolic.py
tousifislam/gwBenchmarks,llm_agents/results/opus46/waveform/run_symbolic_v2.py,1c3f9530086bed0536982a6fb1eed9aa44cb3beb,https://github.com/tousifislam/gwBenchmarks/blob/72ebf04c6117c7d26d1a031a8dbe31632fdd99c8/llm_agents/results/opus46/waveform/run_symbolic_v2.py
tousifislam/gwBenchmarks,llm_agents/results/opus47/analytic/AGENT_PROMPT.md,9f70aacaec1fdcac2baf67a1fed3a2cb13617f36,https://github.com/tousifislam/gwBenchmarks/blob/72ebf04c6117c7d26d1a031a8dbe31632fdd99c8/llm_agents/results/opus47/analytic/AGENT_PROMPT.md
tousifislam/gwBenchmarks,llm_agents/results/opus47/analytic/build_models.py,8b4f40494180fd0225498759b2244b5174abbbae,https://github.com/tousifislam/gwBenchmarks/blob/72ebf04c6117c7d26d1a031a8dbe31632fdd99c8/llm_agents/results/opus47/analytic/build_models.py
tousifislam/gwBenchmarks,llm_agents/results/opus47/dynamics/AGENT_PROMPT.md,d08ddd8fa510cfb57bd04c1f47f1d6ac11ac38fe,https://github.com/tousifislam/gwBenchmarks/blob/72ebf04c6117c7d26d1a031a8dbe31632fdd99c8/llm_agents/results/opus47/dynamics/AGENT_PROMPT.md
tousifislam/gwBenchmarks,llm_agents/results/opus47/dynamics/build_models.py,ca443b9424b2298661fb5913058d2820eaf5260c,https://github.com/tousifislam/gwBenchmarks/blob/72ebf04c6117c7d26d1a031a8dbe31632fdd99c8/llm_agents/results/opus47/dynamics/build_models.py
tousifislam/gwBenchmarks,llm_agents/results/opus47/remnant/AGENT_PROMPT.md,e49c818afaa6b459cbd3ee3397db8ecf3c4ae773,https://github.com/tousifislam/gwBenchmarks/blob/72ebf04c6117c7d26d1a031a8dbe31632fdd99c8/llm_agents/results/opus47/remnant/AGENT_PROMPT.md
tousifislam/gwBenchmarks,llm_agents/results/opus47/remnant/build_models.py,ef89d696f2fd53172e06c518d3f85896c39d0784,https://github.com/tousifislam/gwBenchmarks/blob/72ebf04c6117c7d26d1a031a8dbe31632fdd99c8/llm_agents/results/opus47/remnant/build_models.py
tousifislam/gwBenchmarks,llm_agents/results/opus47/ringdown/AGENT_PROMPT.md,e9a68e1a2e67b19e49b472a30043af798f7eaf0d,https://github.com/tousifislam/gwBenchmarks/blob/72ebf04c6117c7d26d1a031a8dbe31632fdd99c8/llm_agents/results/opus47/ringdown/AGENT_PROMPT.md
tousifislam/gwBenchmarks,llm_agents/results/opus47/ringdown/build_models.py,5e5c67420e75d8ed95cdf825aed9f0824f116abe,https://github.com/tousifislam/gwBenchmarks/blob/72ebf04c6117c7d26d1a031a8dbe31632fdd99c8/llm_agents/results/opus47/ringdown/build_models.py
tousifislam/gwBenchmarks,llm_agents/results/opus47/validity/AGENT_PROMPT.md,2c8f29acc033998b8165d14577d2f2beafc1fe1a,https://github.com/tousifislam/gwBenchmarks/blob/72ebf04c6117c7d26d1a031a8dbe31632fdd99c8/llm_agents/results/opus47/validity/AGENT_PROMPT.md
tousifislam/gwBenchmarks,llm_agents/results/opus47/validity/build_models.py,0500c9f8ec1c08f12910c607607bfb48cbc03f90,https://github.com/tousifislam/gwBenchmarks/blob/72ebf04c6117c7d26d1a031a8dbe31632fdd99c8/llm_agents/results/opus47/validity/build_models.py
tousifislam/gwBenchmarks,llm_agents/results/opus47/waveform/AGENT_PROMPT.md,c92d60541ed7a999643210510a67f3b38849dced,https://github.com/tousifislam/gwBenchmarks/blob/72ebf04c6117c7d26d1a031a8dbe31632fdd99c8/llm_agents/results/opus47/waveform/AGENT_PROMPT.md
tousifislam/gwBenchmarks,llm_agents/results/opus47/waveform/build_models.py,1dd172b5a7ecad129df626ecd74758fb4b33470a,https://github.com/tousifislam/gwBenchmarks/blob/72ebf04c6117c7d26d1a031a8dbe31632fdd99c8/llm_agents/results/opus47/waveform/build_models.py
tousifislam/gwBenchmarks,llm_agents/results/opus48/analytic/AGENT_PROMPT.md,8d11e14b93b1708acc7eb59d774dc5436ef07ece,https://github.com/tousifislam/gwBenchmarks/blob/72ebf04c6117c7d26d1a031a8dbe31632fdd99c8/llm_agents/results/opus48/analytic/AGENT_PROMPT.md
tousifislam/gwBenchmarks,llm_agents/results/opus48/analytic/asymbolic.py,6d0c10d4022b6615ad4948a6aae5fcd6dddc2d88,https://github.com/tousifislam/gwBenchmarks/blob/72ebf04c6117c7d26d1a031a8dbe31632fdd99c8/llm_agents/results/opus48/analytic/asymbolic.py
tousifislam/gwBenchmarks,llm_agents/results/opus48/dynamics/AGENT_PROMPT.md,ef1f75f82caed570f0f2e541c468b0042f7e86d8,https://github.com/tousifislam/gwBenchmarks/blob/72ebf04c6117c7d26d1a031a8dbe31632fdd99c8/llm_agents/results/opus48/dynamics/AGENT_PROMPT.md
tousifislam/gwBenchmarks,llm_agents/results/opus48/dynamics/dmodels.py,f71e814c81a8920a1c7a54937bcc72feab608eea,https://github.com/tousifislam/gwBenchmarks/blob/72ebf04c6117c7d26d1a031a8dbe31632fdd99c8/llm_agents/results/opus48/dynamics/dmodels.py
tousifislam/gwBenchmarks,llm_agents/results/opus48/remnant/AGENT_PROMPT.md,7390d8b0796a195a7b9a51b67d141be369234c51,https://github.com/tousifislam/gwBenchmarks/blob/72ebf04c6117c7d26d1a031a8dbe31632fdd99c8/llm_agents/results/opus48/remnant/AGENT_PROMPT.md
tousifislam/gwBenchmarks,llm_agents/results/opus48/remnant/rmodels.py,4acbc59a77b3c054d4299a65796c9ce687aef49e,https://github.com/tousifislam/gwBenchmarks/blob/72ebf04c6117c7d26d1a031a8dbe31632fdd99c8/llm_agents/results/opus48/remnant/rmodels.py
tousifislam/gwBenchmarks,llm_agents/results/opus48/ringdown/AGENT_PROMPT.md,43ea90ec085811df3137f07a82d51c94a99fceae,https://github.com/tousifislam/gwBenchmarks/blob/72ebf04c6117c7d26d1a031a8dbe31632fdd99c8/llm_agents/results/opus48/ringdown/AGENT_PROMPT.md
tousifislam/gwBenchmarks,llm_agents/results/opus48/ringdown/rdmodels.py,efadf5be4a708463fca3e68cab360bb09113d871,https://github.com/tousifislam/gwBenchmarks/blob/72ebf04c6117c7d26d1a031a8dbe31632fdd99c8/llm_agents/results/opus48/ringdown/rdmodels.py
tousifislam/gwBenchmarks,llm_agents/results/opus48/validity/AGENT_PROMPT.md,6794257f911e618bac84ede1a8f7f85fa8c247b4,https://github.com/tousifislam/gwBenchmarks/blob/72ebf04c6117c7d26d1a031a8dbe31632fdd99c8/llm_agents/results/opus48/validity/AGENT_PROMPT.md
tousifislam/gwBenchmarks,llm_agents/results/opus48/validity/vmodels.py,2a570500e682460133caec885fd82a4979d50493,https://github.com/tousifislam/gwBenchmarks/blob/72ebf04c6117c7d26d1a031a8dbe31632fdd99c8/llm_agents/results/opus48/validity/vmodels.py
tousifislam/gwBenchmarks,llm_agents/results/opus48/waveform/AGENT_PROMPT.md,49b92c1c03f7d90df0b13d6bf27f3b702d7625c9,https://github.com/tousifislam/gwBenchmarks/blob/72ebf04c6117c7d26d1a031a8dbe31632fdd99c8/llm_agents/results/opus48/waveform/AGENT_PROMPT.md
tousifislam/gwBenchmarks,llm_agents/results/opus48/waveform/approaches.py,6d4b9e836b1646e011f1597ea96d0db4458ee33a,https://github.com/tousifislam/gwBenchmarks/blob/72ebf04c6117c7d26d1a031a8dbe31632fdd99c8/llm_agents/results/opus48/waveform/approaches.py
tousifislam/gwBenchmarks,llm_agents/results/sonnet46/analytic/AGENT_PROMPT.md,01be6ba9560b5304fdc82d90a9aa982b30283e00,https://github.com/tousifislam/gwBenchmarks/blob/72ebf04c6117c7d26d1a031a8dbe31632fdd99c8/llm_agents/results/sonnet46/analytic/AGENT_PROMPT.md
tousifislam/gwBenchmarks,llm_agents/results/sonnet46/dynamics/AGENT_PROMPT.md,ebf8864d97ae5044320775a9dc44371c6a6f5373,https://github.com/tousifislam/gwBenchmarks/blob/72ebf04c6117c7d26d1a031a8dbe31632fdd99c8/llm_agents/results/sonnet46/dynamics/AGENT_PROMPT.md
tousifislam/gwBenchmarks,llm_agents/results/sonnet46/dynamics/run_benchmark.py,b5dbfcd8603100ee89b5f36f1616854dea085446,https://github.com/tousifislam/gwBenchmarks/blob/72ebf04c6117c7d26d1a031a8dbe31632fdd99c8/llm_agents/results/sonnet46/dynamics/run_benchmark.py
tousifislam/gwBenchmarks,llm_agents/results/sonnet46/remnant/AGENT_PROMPT.md,d22e94fd4ba9855e281ecc0d0dec3ff35c1cb2f8,https://github.com/tousifislam/gwBenchmarks/blob/72ebf04c6117c7d26d1a031a8dbe31632fdd99c8/llm_agents/results/sonnet46/remnant/AGENT_PROMPT.md
tousifislam/gwBenchmarks,llm_agents/results/sonnet46/remnant/run_benchmark.py,a5f708e0025c399a6ec2f5a1f8b58ccbe10bd719,https://github.com/tousifislam/gwBenchmarks/blob/72ebf04c6117c7d26d1a031a8dbe31632fdd99c8/llm_agents/results/sonnet46/remnant/run_benchmark.py
tousifislam/gwBenchmarks,llm_agents/results/sonnet46/ringdown/AGENT_PROMPT.md,46b4da0c6093bfe323ed4fe3c147b88f1dbe2efb,https://github.com/tousifislam/gwBenchmarks/blob/72ebf04c6117c7d26d1a031a8dbe31632fdd99c8/llm_agents/results/sonnet46/ringdown/AGENT_PROMPT.md
tousifislam/gwBenchmarks,llm_agents/results/sonnet46/ringdown/run_benchmark.py,139054e415b1094c628e3934c9e69fb30ac14544,https://github.com/tousifislam/gwBenchmarks/blob/72ebf04c6117c7d26d1a031a8dbe31632fdd99c8/llm_agents/results/sonnet46/ringdown/run_benchmark.py
tousifislam/gwBenchmarks,llm_agents/results/sonnet46/validity/AGENT_PROMPT.md,062b08442cb74f0e7a3d7a31881d0a8fcc9a48f4,https://github.com/tousifislam/gwBenchmarks/blob/72ebf04c6117c7d26d1a031a8dbe31632fdd99c8/llm_agents/results/sonnet46/validity/AGENT_PROMPT.md
tousifislam/gwBenchmarks,llm_agents/results/sonnet46/validity/run_benchmark.py,791a37ae138cdee6fd5f80825c49831b2aa1a728,https://github.com/tousifislam/gwBenchmarks/blob/72ebf04c6117c7d26d1a031a8dbe31632fdd99c8/llm_agents/results/sonnet46/validity/run_benchmark.py
tousifislam/gwBenchmarks,llm_agents/results/sonnet46/waveform/AGENT_PROMPT.md,63ee8015fb2b571c9463d5b84538303a87ca6d3a,https://github.com/tousifislam/gwBenchmarks/blob/72ebf04c6117c7d26d1a031a8dbe31632fdd99c8/llm_agents/results/sonnet46/waveform/AGENT_PROMPT.md
tousifislam/gwBenchmarks,llm_agents/results/sonnet46/waveform/build_symbolic.py,46f59a122cee506f169e23a79703832f80a89704,https://github.com/tousifislam/gwBenchmarks/blob/72ebf04c6117c7d26d1a031a8dbe31632fdd99c8/llm_agents/results/sonnet46/waveform/build_symbolic.py
trashhalo/concrete-strength,train_model.py,0c956bf099c82a8cc5a96f8d4f4fa9f0120da0c7,https://github.com/trashhalo/concrete-strength/blob/0f926174dbbc6b46489b23c01bad16439d598ab1/train_model.py
Trex1102/inductive-bias-probes-test,inductivebiasprobes/experiments/physics/fit_symbolic_regression.py,5e940f49160d763fff05900c6da6836c14e9913d,https://github.com/Trex1102/inductive-bias-probes-test/blob/384666c88535337dad09337ace439a747eaccde4/inductivebiasprobes/experiments/physics/fit_symbolic_regression.py
TsanaPhysics/aipythonphysics,latex/chapters/ch8/04_case_study.tex,9082f54552f75291940d8888b4d5d6c210160487,https://github.com/TsanaPhysics/aipythonphysics/blob/e3424c007360ba7f93b09453208324d6d7b32614/latex/chapters/ch8/04_case_study.tex
TsanaPhysics/aipythonphysics,scripts/ch8/symbolic_discovery.py,acdcfab9d96ff8df640cb3fe3937323d9762307b,https://github.com/TsanaPhysics/aipythonphysics/blob/e3424c007360ba7f93b09453208324d6d7b32614/scripts/ch8/symbolic_discovery.py
tsinghua-fib-lab/selinda,attack_resilience_complex_networks/symbolic_regression.py,fa4be810ce035032bbff235aaaaf1329300164fa,https://github.com/tsinghua-fib-lab/selinda/blob/c1c5035c6b89f48f29ecedf0e5cf8ebc0b9bde80/attack_resilience_complex_networks/symbolic_regression.py
TUHH-IES/SymbolicRegression4HA,sr-analysis/test_datasize.py,a86af04a3655deeb464ffa288aaadceccedf3aaa,https://github.com/TUHH-IES/SymbolicRegression4HA/blob/7e6cb7feafb37cf67a592ee6108b91fb0e7dfba0/sr-analysis/test_datasize.py
TUHH-IES/SymbolicRegression4HA,sr-analysis/test_iterations.py,3fe34685a10546294a6ef490f270986197227540,https://github.com/TUHH-IES/SymbolicRegression4HA/blob/7e6cb7feafb37cf67a592ee6108b91fb0e7dfba0/sr-analysis/test_iterations.py
TUHH-IES/SymbolicRegression4HA,src/sr4ha/core/segmentor.py,875106fb1c9a61ece6c61e9f35f13869f7914a37,https://github.com/TUHH-IES/SymbolicRegression4HA/blob/7e6cb7feafb37cf67a592ee6108b91fb0e7dfba0/src/sr4ha/core/segmentor.py
tusaryan/Piezoelectrics-AI-Discovery-Lab,packages/ml-core/piezo_ml/symbolic_regression/pysr_runner.py,55cb648e7459f2b18cd71b6db64a1744954edfd3,https://github.com/tusaryan/Piezoelectrics-AI-Discovery-Lab/blob/a99bf17437fcafb823876dabae81dbf2e8deaf36/packages/ml-core/piezo_ml/symbolic_regression/pysr_runner.py
tylunel/postproc_python,symreg_sandbox.py,88ffebd8f2a9ff75d7348b306a544bfccb44c62f,https://github.com/tylunel/postproc_python/blob/909fcf0efaa6d9be0d45944289492b4383b7a704/symreg_sandbox.py
tylunel/postproc_python,symreg_v0.py,65ebfa8c6aeceeac9df3de9a39ba5987a5ed8d61,https://github.com/tylunel/postproc_python/blob/909fcf0efaa6d9be0d45944289492b4383b7a704/symreg_v0.py
unaiLopez/genetic-symbolic-optimization,data/benchmark/equations.yml,ce5d082324fc9bd8a2349b2de3bf3c323100fd41,https://github.com/unaiLopez/genetic-symbolic-optimization/blob/6b020af3b42bc9ac5b37cdc93e7f5ae7150ba81d/data/benchmark/equations.yml
understanding-search/maze-dataset,maze_dataset/benchmark/sweep_fit.py,4b4a8e1742c6a58f08370f221c0ba8b78dd91cdd,https://github.com/understanding-search/maze-dataset/blob/d513ed7adfd4a46481482d61d5267b42b2558260/maze_dataset/benchmark/sweep_fit.py
uob-positron-imaging-centre/MED,medeq/med.py,facaaa257d021ebdfeed5f979914737b154b0fd5,https://github.com/uob-positron-imaging-centre/MED/blob/79eeee34a27be8e3654416be22f2428e4eb2df5b/medeq/med.py
urhprimozic/gofi,gofi/ode/equation_generation/cyclic_groups_equation_discovery.ipynb,2bbdc3c63dcac161f50a40daa38a6f7434fa0a00,https://github.com/urhprimozic/gofi/blob/fb23f0365c6f4b85dca1ed9c840fe8bb53d276b1/gofi/ode/equation_generation/cyclic_groups_equation_discovery.ipynb
usnistgov/polysr,increasing_interpretability/SymRegDisp.py,9ab39c306eeed33009b32ffc071b90da6be03f10,https://github.com/usnistgov/polysr/blob/c7d00662f0ba8887e3e79160391ddbc1a73b6856/increasing_interpretability/SymRegDisp.py
usnistgov/polysr,leveraging_complexity/SymRegWLF.py,50125969cf7609c24ccb1c830d4b28fb50ebaae8,https://github.com/usnistgov/polysr/blob/c7d00662f0ba8887e3e79160391ddbc1a73b6856/leveraging_complexity/SymRegWLF.py
usnistgov/polysr,leveraging_complexity/SymRegWLFOneChem.py,7f627158b3d82fbf51ef832d2d1b40a51107b387,https://github.com/usnistgov/polysr/blob/c7d00662f0ba8887e3e79160391ddbc1a73b6856/leveraging_complexity/SymRegWLFOneChem.py
usnistgov/polysr,robust_to_noise/SymRegSpinodal.py,5d34100ca063befc642aee98dbd500b09bd4b6b4,https://github.com/usnistgov/polysr/blob/c7d00662f0ba8887e3e79160391ddbc1a73b6856/robust_to_noise/SymRegSpinodal.py
uw-acme/HLS4ML_VS_MANUAL,documents/hls4ml-tutorial-modified/part8_symbolic_regression.ipynb,2b495d5a046ac64cbcf86845e46fe2a654350b51,https://github.com/uw-acme/HLS4ML_VS_MANUAL/blob/6478cf0402c35cf1b5dbe28d830d30474345e405/documents/hls4ml-tutorial-modified/part8_symbolic_regression.ipynb
vapsik/scientific-python-projects-showcase,Symbolic_regression/symbolicregression.py,83578fefda7ab6c066eedb71fa4c992d1febc715,https://github.com/vapsik/scientific-python-projects-showcase/blob/155ddf225ced478e28a221c694e0fe3b84e44031/Symbolic_regression/symbolicregression.py
vidhyasankar-hub/cameralogger,Dataprocessing/Dataprocess.py,253573a09df78675f965640fad7543b9f3dc2872,https://github.com/vidhyasankar-hub/cameralogger/blob/4bbe6fe9f2916bd7d07c7bdd14a3a48ee3ce2449/Dataprocessing/Dataprocess.py
viniruggeri/applied-dynamical-systems,engine/README.md,96d94febcf5246cec4f4af13656be8065f301dd8,https://github.com/viniruggeri/applied-dynamical-systems/blob/485163478252dcd62ed90bf4bfa55646fc43156c/engine/README.md
viniruggeri/applied-dynamical-systems,engine/pinn_sr/sr_sindy.py,43fd2e9af0e5463fb26993bd4cf4b1b08a1f666a,https://github.com/viniruggeri/applied-dynamical-systems/blob/485163478252dcd62ed90bf4bfa55646fc43156c/engine/pinn_sr/sr_sindy.py
VishalJ99/symbolic_distillation,report/main.tex,6287165a440172894449560b6c4bf6e95451e27f,https://github.com/VishalJ99/symbolic_distillation/blob/67d510f0c4a6be43457e4e6741363d8baee97245/report/main.tex
VishalJ99/symbolic_distillation,src/eval_node_model.py,77c64980d216cb1c55c88464552b17abe599f21f,https://github.com/VishalJ99/symbolic_distillation/blob/67d510f0c4a6be43457e4e6741363d8baee97245/src/eval_node_model.py
vmallela0/uniop,bench/_common.py,3ddaada941ce38039a5ecc46906a6d34e5618bed,https://github.com/vmallela0/uniop/blob/116a8d5b0b69dc1299b71daa9c70a323d5ce9648/bench/_common.py
vmallela0/uniop,uniop/fit/pysr_backend.py,fddddda801e98156ccd5454c3378a8d6f2377215,https://github.com/vmallela0/uniop/blob/116a8d5b0b69dc1299b71daa9c70a323d5ce9648/uniop/fit/pysr_backend.py
vsevolodnedora/PyBlastAfterglowMag,analysis/kn/ejecta/ejecta.py,358cf5475204d64a54414cc8e5247f8c7c14e9a5,https://github.com/vsevolodnedora/PyBlastAfterglowMag/blob/b0a39d170930908a398de56089fde8cfab16883d/analysis/kn/ejecta/ejecta.py
wajdibox/GearEngineering,AppWorks/symbolic.py,fb5959d19eaca39906ad2e4362404eca2aaa96b9,https://github.com/wajdibox/GearEngineering/blob/5c42601c729e920cde167588b089383a889dd566/AppWorks/symbolic.py
walid-abouir/Magnetopause_SR,Main_PriseEnMain.py,373c89b515607a0a9452066353613fef60ccf6a9,https://github.com/walid-abouir/Magnetopause_SR/blob/3210dffbe9b206c64730da9f6e58def7219cff97/Main_PriseEnMain.py
walid-abouir/Magnetopause_SR,Projet.ipynb,8790dbe2dbf395e615e75c5bcb14fc3e5a3586fd,https://github.com/walid-abouir/Magnetopause_SR/blob/3210dffbe9b206c64730da9f6e58def7219cff97/Projet.ipynb
walid-abouir/Magnetopause_SR,Result.py,8c512c1f91e089b9186e2cb514bf894bc9129bc9,https://github.com/walid-abouir/Magnetopause_SR/blob/3210dffbe9b206c64730da9f6e58def7219cff97/Result.py
walid-abouir/Magnetopause_SR,main_avec_autres_fonctions.py,6de94b2eaa5a97fd7599e971957fb4e83412b88f,https://github.com/walid-abouir/Magnetopause_SR/blob/3210dffbe9b206c64730da9f6e58def7219cff97/main_avec_autres_fonctions.py
wangfelix/symbolic-regression-algorithms-for-modeling-power-grid-frequency-dynamics,PySR/EmpiricalData/HPTuningEmpiric/pysr_hp_tuning.py,3f83c847651f3fa43582aa618a32e741ccbbfaf9,https://github.com/wangfelix/symbolic-regression-algorithms-for-modeling-power-grid-frequency-dynamics/blob/e9a507d943c25fbdd540cbb0cd02c895cdc06182/PySR/EmpiricalData/HPTuningEmpiric/pysr_hp_tuning.py
wangfelix/symbolic-regression-algorithms-for-modeling-power-grid-frequency-dynamics,PySR/EmpiricalData/plot_forward_sim_pysr.py,2359fe21b7a4de886a0b25248521a918c531c340,https://github.com/wangfelix/symbolic-regression-algorithms-for-modeling-power-grid-frequency-dynamics/blob/e9a507d943c25fbdd540cbb0cd02c895cdc06182/PySR/EmpiricalData/plot_forward_sim_pysr.py
wangfelix/symbolic-regression-algorithms-for-modeling-power-grid-frequency-dynamics,PySR/EmpiricalData/pysr_full_training.py,f3ae4e1269bdc70f7646315e9173156d86fde4e8,https://github.com/wangfelix/symbolic-regression-algorithms-for-modeling-power-grid-frequency-dynamics/blob/e9a507d943c25fbdd540cbb0cd02c895cdc06182/PySR/EmpiricalData/pysr_full_training.py
wangfelix/symbolic-regression-algorithms-for-modeling-power-grid-frequency-dynamics,PySR/SynthData/HPTuningSynth/run_pysr_hp_tuning_5min.py,bb2ef2bffb003aa8a7f928c64cdf5720350d3533,https://github.com/wangfelix/symbolic-regression-algorithms-for-modeling-power-grid-frequency-dynamics/blob/e9a507d943c25fbdd540cbb0cd02c895cdc06182/PySR/SynthData/HPTuningSynth/run_pysr_hp_tuning_5min.py
wangfelix/symbolic-regression-algorithms-for-modeling-power-grid-frequency-dynamics,PySR/SynthData/HPTuningSynth/run_pysr_hp_tuning_60min.py,9acdfe02535b92ab6e25311bd43e130aba429de7,https://github.com/wangfelix/symbolic-regression-algorithms-for-modeling-power-grid-frequency-dynamics/blob/e9a507d943c25fbdd540cbb0cd02c895cdc06182/PySR/SynthData/HPTuningSynth/run_pysr_hp_tuning_60min.py
wangfelix/symbolic-regression-algorithms-for-modeling-power-grid-frequency-dynamics,PySR/SynthData/run_pysr_synthetic_5min.py,944b7226ee94648e931e66dccb931ba6c495d08d,https://github.com/wangfelix/symbolic-regression-algorithms-for-modeling-power-grid-frequency-dynamics/blob/e9a507d943c25fbdd540cbb0cd02c895cdc06182/PySR/SynthData/run_pysr_synthetic_5min.py
wangfelix/symbolic-regression-algorithms-for-modeling-power-grid-frequency-dynamics,PySR/SynthData/run_pysr_synthetic_60min.py,9953d8e3ebabec83f08cc6a09adc7dcefa651998,https://github.com/wangfelix/symbolic-regression-algorithms-for-modeling-power-grid-frequency-dynamics/blob/e9a507d943c25fbdd540cbb0cd02c895cdc06182/PySR/SynthData/run_pysr_synthetic_60min.py
wears8/graduation_1,comparision_experiment/oscillator1/oscillator1_.ipynb,974b9dddc995654b211f4062c47b986c25e5cdeb,https://github.com/wears8/graduation_1/blob/69975777148090eb834320c447c65f51a3cde7a3/comparision_experiment/oscillator1/oscillator1_.ipynb
wears8/graduation_1,comparision_experiment/oscillator2/oscillator2_.ipynb,7c834b022883edba7ee9f567cc8d694713db915b,https://github.com/wears8/graduation_1/blob/69975777148090eb834320c447c65f51a3cde7a3/comparision_experiment/oscillator2/oscillator2_.ipynb
wears8/graduation_1,comparision_experiment/simple_pendulum/pendulum.ipynb,46a146fa30071a10371e8c75a1f5b79dff846d33,https://github.com/wears8/graduation_1/blob/69975777148090eb834320c447c65f51a3cde7a3/comparision_experiment/simple_pendulum/pendulum.ipynb
wears8/graduation_1,comparision_experiment/spring/spring.ipynb,0b14fa733eb73ed86fb12d58775d07e397b4445b,https://github.com/wears8/graduation_1/blob/69975777148090eb834320c447c65f51a3cde7a3/comparision_experiment/spring/spring.ipynb
wears8/graduation_1,pysr/test.ipynb,4ede3637b4e89110ec1ca6f17d8433bd7ab6180d,https://github.com/wears8/graduation_1/blob/69975777148090eb834320c447c65f51a3cde7a3/pysr/test.ipynb
wears8/graduation_1,pysr/update_expressions.py,f6a453bdd0e284feecb9131548249222625e40e7,https://github.com/wears8/graduation_1/blob/69975777148090eb834320c447c65f51a3cde7a3/pysr/update_expressions.py
wears8/graduation_1,relative_particle/data_set.ipynb,fc2d5c135b42e3eb30582de750b4eeca56361b36,https://github.com/wears8/graduation_1/blob/69975777148090eb834320c447c65f51a3cde7a3/relative_particle/data_set.ipynb
wears8/graduation_1,sindy/test_.ipynb,52209281d85493e620f21215dd8d95c28ffd395a,https://github.com/wears8/graduation_1/blob/69975777148090eb834320c447c65f51a3cde7a3/sindy/test_.ipynb
wenbang24/PySRSequenceRegressorTests,1.py,9c990e281d088fea2359fb411c157646f7ea3f35,https://github.com/wenbang24/PySRSequenceRegressorTests/blob/79a3e36e11ad6f6b20bf9b93d30ad161dd5d6edb/1.py
wenbang24/PySRSequenceRegressorTests,appendixB.py,c8999e80eb20ad284f86923f4623d4a65877a0b8,https://github.com/wenbang24/PySRSequenceRegressorTests/blob/79a3e36e11ad6f6b20bf9b93d30ad161dd5d6edb/appendixB.py
whileman133/LMB_PIML_ACC2026,plot_results_sr.py,504d163cfe0d298788193e1aad9549015d0a6ef7,https://github.com/whileman133/LMB_PIML_ACC2026/blob/a021439763c4ef4d5c8814f631b68e5d5ef729c6/plot_results_sr.py
whileman133/LMB_PIML_ACC2026,profile_results.py,d69f401d12172f9fafd238b476c20481abedc014,https://github.com/whileman133/LMB_PIML_ACC2026/blob/a021439763c4ef4d5c8814f631b68e5d5ef729c6/profile_results.py
whileman133/LMB_PIML_ACC2026,train_sr_model.py,a3d1f97a1b7312fa89c2233a90d3e42dd63fc0e1,https://github.com/whileman133/LMB_PIML_ACC2026/blob/a021439763c4ef4d5c8814f631b68e5d5ef729c6/train_sr_model.py
whispernesf/MICSI,MICSI_code.txt,f4a9680c6f96c0e9e93c5f3feeff468bc86c491c,https://github.com/whispernesf/MICSI/blob/d2f73257aa2ccf423525318d06c7bf42af82af0e/MICSI_code.txt
williamlavery/arXiv_BINN_2D_,Training/JN/Modules/helpers/legacy/plothelper.py,fab71b7902ef9564ac5c26da6a60d153b6407296,https://github.com/williamlavery/arXiv_BINN_2D_/blob/345d6a95c62a00ca38e7e5f346991a90eb81617f/Training/JN/Modules/helpers/legacy/plothelper.py
williamlavery/pinn-reaction-diffusion-2dt,main/JN/paper_helpers/sr/batch.py,cf24da86c2004d4b51829cccb16ef3dd370d1056,https://github.com/williamlavery/pinn-reaction-diffusion-2dt/blob/4f91dec13b45756d4f610ecd6ea2c712a62d9fef/main/JN/paper_helpers/sr/batch.py
williamlavery/to_delete,Training/JN/helpers/SR_wrapper.py,4701e4ce2ca0859b0f8b50d90fae9a3390df76b7,https://github.com/williamlavery/to_delete/blob/7108f5c6942e31ea103800bf80d4480d02138e68/Training/JN/helpers/SR_wrapper.py
williamlavery/to_delete,Training/JN/helpers/results_part1/arxiv_symbolic.py,84c7459cad29fe8e0522059d95359fad24f0faaa,https://github.com/williamlavery/to_delete/blob/7108f5c6942e31ea103800bf80d4480d02138e68/Training/JN/helpers/results_part1/arxiv_symbolic.py
wired87/rewiredb,pathfinder_manager/pathfinder.py,23d06209a8df81597df955bf9b52ca80f9ea3ea1,https://github.com/wired87/rewiredb/blob/baaae3b0d801b3eebf64408f1a2ae4242d191d86/pathfinder_manager/pathfinder.py
WKKKKKKKKKKKKKK/SR4Meteo,saturation_vapor_pressure.ipynb,6944e321ec7001754a0b3314a6dc14314bc68f29,https://github.com/WKKKKKKKKKKKKKK/SR4Meteo/blob/1a26988ced55d560aa0bbec5deab024537f70545/saturation_vapor_pressure.ipynb
Woofmagic/replica-trick,app/extractions/pysr_models.py,75c4f2e135d62e645627f3cee405e523e94f5cd4,https://github.com/Woofmagic/replica-trick/blob/6b8f69549f994c925d7f58a3249ebb29faf7e62b/app/extractions/pysr_models.py
Woofmagic/replica-trick,symb.py,696c5b96f71c49ed8f59f066ec1970474c53486c,https://github.com/Woofmagic/replica-trick/blob/6b8f69549f994c925d7f58a3249ebb29faf7e62b/symb.py
xhemalkodragjini/master-thesis-ude-for-crosstalk,code/utils/symbolic_regression.py,2e54cc7e8f0d5cbc50fd37fa540ee3e585c7984d,https://github.com/xhemalkodragjini/master-thesis-ude-for-crosstalk/blob/c3e1a5f7a046b93ac1cd4515f1ca91c21ac5cb10/code/utils/symbolic_regression.py
xX-its-amit-Xx/OpenADMET-pxr-challenge,scripts/nb2461_symbolic_regression.py,c01aa2eb21022ad5ccac35c5c629ec4e49edf0af,https://github.com/xX-its-amit-Xx/OpenADMET-pxr-challenge/blob/312ce456b142b6e157329cfa6e49828b28418060/scripts/nb2461_symbolic_regression.py
y1lichen/dapinn,cmpinns/examples/pedagogical_baseline_comparison/sr.py,c2e587570d9f65eea132d48116dc70ade03aaa91,https://github.com/y1lichen/dapinn/blob/fabb39beff228a4243568d1757b5437ecde3a140/cmpinns/examples/pedagogical_baseline_comparison/sr.py
y1lichen/dapinn,cmpinns/examples/pedagogical_example/sr.py,671cce6f67e4c887953b1f866573e4fe892ea445,https://github.com/y1lichen/dapinn/blob/fabb39beff228a4243568d1757b5437ecde3a140/cmpinns/examples/pedagogical_example/sr.py
y1lichen/dapinn,examples/burgers_inviscid/sr.py,683e126f61169e82547319b2fe3216b071f56697,https://github.com/y1lichen/dapinn/blob/fabb39beff228a4243568d1757b5437ecde3a140/examples/burgers_inviscid/sr.py
y1lichen/dapinn,examples/dho/sr.py,4004658433038363468af10dc404950b540f3cbe,https://github.com/y1lichen/dapinn/blob/fabb39beff228a4243568d1757b5437ecde3a140/examples/dho/sr.py
y1lichen/dapinn,examples/pedagogical_baseline_comparison/sr.py,a920bed090667982eb38d10b29bc9645d92e49d3,https://github.com/y1lichen/dapinn/blob/fabb39beff228a4243568d1757b5437ecde3a140/examples/pedagogical_baseline_comparison/sr.py
y1lichen/dapinn,examples/pedagogical_baseline_comparison/utils/run_scarcity_sr.py,e984927bb6131454f57ec105c63562156f8b2807,https://github.com/y1lichen/dapinn/blob/fabb39beff228a4243568d1757b5437ecde3a140/examples/pedagogical_baseline_comparison/utils/run_scarcity_sr.py
y1lichen/dapinn,examples/qdho/sr.py,8f75374d8dfd843a12d282587e06c6e1b642b79a,https://github.com/y1lichen/dapinn/blob/fabb39beff228a4243568d1757b5437ecde3a140/examples/qdho/sr.py
yakupemresahin/mio,mio/baselines/pysr_wrapper.py,7bca4fed0215f96a7ffc9ed70aa704bcc01f4e97,https://github.com/yakupemresahin/mio/blob/6f3fe1f1ae9ef0d64e67a8f54e09da7cad659377/mio/baselines/pysr_wrapper.py
YanxiangL/FP_hydrosim_ML,src/pysr_tully_fisher.py,d6360d27aa1916a1848d5df4fdeee7dc031ea274,https://github.com/YanxiangL/FP_hydrosim_ML/blob/3aee56a6db3436c1ef779b202d3ed40a59a94fb6/src/pysr_tully_fisher.py
Yapan777/scalpel,run_feynman.py,74a202d41459be8a52cde3166f592f7771ac4769,https://github.com/Yapan777/scalpel/blob/78c23d3459b69cf2d520beb0ebeddb6d12199453/run_feynman.py
Yapan777/scalpel,run_feynman_official.py,90e3717f902784481172668174ce87513a485c0c,https://github.com/Yapan777/scalpel/blob/78c23d3459b69cf2d520beb0ebeddb6d12199453/run_feynman_official.py
Yapan777/scalpel,scalpel/cli.py,a2291c9fe06cf74021e69070c37102cf7523c4ac,https://github.com/Yapan777/scalpel/blob/78c23d3459b69cf2d520beb0ebeddb6d12199453/scalpel/cli.py
Yapan777/scalpel,scalpel/engine.py,430510008226da0332313f2e73c4efd5f8f548bb,https://github.com/Yapan777/scalpel/blob/78c23d3459b69cf2d520beb0ebeddb6d12199453/scalpel/engine.py
yippiez/pi-skill-ml-code-as-output,skills/ml-code-as-output/ml/train_pysr.py,10cfd88274048a0b3f0d14fdeeb0d4def0a59283,https://github.com/yippiez/pi-skill-ml-code-as-output/blob/1597ffd7b3a8ce1c98254415b410ae74d0f7d418/skills/ml-code-as-output/ml/train_pysr.py
YonganZhang/jianghan-software,src/backend/new_main_2.py,4f390efc7686ed19aa1e566f78f9dc540ad45bd6,https://github.com/YonganZhang/jianghan-software/blob/7a03d50b189ba210cb9ad5d6160aa51d7f960dfc/src/backend/new_main_2.py
YonganZhang/pysr-rock-mechanics-baseline,INPUT_OUTPUT.md,c82b1c30037b3d009dc9aadbe552e631129fd285,https://github.com/YonganZhang/pysr-rock-mechanics-baseline/blob/805fa7d470216817978b0117f38707bb5feb3d03/INPUT_OUTPUT.md
YonganZhang/pysr-rock-mechanics-baseline,scripts/train_v2.py,8c8246df5579d6d0a53b2f7476eeed5b33bb4177,https://github.com/YonganZhang/pysr-rock-mechanics-baseline/blob/805fa7d470216817978b0117f38707bb5feb3d03/scripts/train_v2.py
yudduy/cs224n-acesearch,src/conditions/pysr_baseline.py,4b89898a6b894d62fda7648239548e63314d0be6,https://github.com/yudduy/cs224n-acesearch/blob/b85660404488f5c2f1317be0397ff26becec4cdd/src/conditions/pysr_baseline.py
yudduy/cs224n-acesearch,src/grounded_discovery/conditions/pysr_baseline.py,47e289705ef64d3dc6d4afb2b656e84852719c55,https://github.com/yudduy/cs224n-acesearch/blob/b85660404488f5c2f1317be0397ff26becec4cdd/src/grounded_discovery/conditions/pysr_baseline.py
yuzechen83-crypto/axiom-os,axiom_core_proprietary/discovery.py,cd83700f7baa4222397d691db7f7543034997e8d,https://github.com/yuzechen83-crypto/axiom-os/blob/c2d3d4dd54d494755b0ba4c74f6e1c002c520cd6/axiom_core_proprietary/discovery.py
yuzechen83-crypto/axiom-os,axiom_os/engine/discovery.py,009e1d629ac62e4ba45b6c218ccc93f368088fa6,https://github.com/yuzechen83-crypto/axiom-os/blob/c2d3d4dd54d494755b0ba4c74f6e1c002c520cd6/axiom_os/engine/discovery.py
yuzechen83-crypto/axiom-os,benchmarks/enhanced_discovery.py,0a92aa1389957d4ca7ad88c83acfabb931a3fbb0,https://github.com/yuzechen83-crypto/axiom-os/blob/c2d3d4dd54d494755b0ba4c74f6e1c002c520cd6/benchmarks/enhanced_discovery.py
yuzhTHU/AI4Astronomy,src/sr_agent/_vendor/llmsr_bench/algorithms/pysr.py,1b9e2b976e0d605c771cf8d1002e9359c45353e1,https://github.com/yuzhTHU/AI4Astronomy/blob/e1e59c91904b213a4f5bb48fac2ebe311965d7a6/src/sr_agent/_vendor/llmsr_bench/algorithms/pysr.py
yuzhTHU/AI4Astronomy,src/sr_agent/tools/call_pysr.py,eccae7de3047e9e0b9ac3037a3dcb201ed735788,https://github.com/yuzhTHU/AI4Astronomy/blob/e1e59c91904b213a4f5bb48fac2ebe311965d7a6/src/sr_agent/tools/call_pysr.py
yuzhTHU/GraphSR,sr.py,ef0e6fc5d5f6337c3777ef4315ea46b6ecea4aa8,https://github.com/yuzhTHU/GraphSR/blob/772599a5fb4671159c0bd8d6f2fd8cc553e990ae/sr.py
yuzhTHU/MySRAgent,src/sr_agent/_vendor/llmsr_bench/algorithms/pysr.py,1b9e2b976e0d605c771cf8d1002e9359c45353e1,https://github.com/yuzhTHU/MySRAgent/blob/f63dcbcf785878de9771eccaf63920f9094e5175/src/sr_agent/_vendor/llmsr_bench/algorithms/pysr.py
yuzhTHU/MySRAgent,src/sr_agent/tools/call_pysr.py,eccae7de3047e9e0b9ac3037a3dcb201ed735788,https://github.com/yuzhTHU/MySRAgent/blob/f63dcbcf785878de9771eccaf63920f9094e5175/src/sr_agent/tools/call_pysr.py
ZehaoJin/Ultimate_black_hole_mass_scaling_relations_Symbolic_Regression,Blackhole_properties/.ipynb_checkpoints/Compare_NIHAO_0314-checkpoint.ipynb,40e8ac93267008d6d11460f9af2de9be5464e295,https://github.com/ZehaoJin/Ultimate_black_hole_mass_scaling_relations_Symbolic_Regression/blob/0ef9d4c47e1e42a862060fde81921e71b962658d/Blackhole_properties/.ipynb_checkpoints/Compare_NIHAO_0314-checkpoint.ipynb
ZehaoJin/Ultimate_black_hole_mass_scaling_relations_Symbolic_Regression,Blackhole_properties/.ipynb_checkpoints/basic_M-sigma-checkpoint.ipynb,6ef4b456f07b2199674409e02bb1eae5481fd1a3,https://github.com/ZehaoJin/Ultimate_black_hole_mass_scaling_relations_Symbolic_Regression/blob/0ef9d4c47e1e42a862060fde81921e71b962658d/Blackhole_properties/.ipynb_checkpoints/basic_M-sigma-checkpoint.ipynb
ZehaoJin/Ultimate_black_hole_mass_scaling_relations_Symbolic_Regression,Blackhole_properties/.ipynb_checkpoints/central_surface_density_0410-checkpoint.ipynb,3db686d61cd7ecf0e2adc3b6c8d95654d9e1e8ed,https://github.com/ZehaoJin/Ultimate_black_hole_mass_scaling_relations_Symbolic_Regression/blob/0ef9d4c47e1e42a862060fde81921e71b962658d/Blackhole_properties/.ipynb_checkpoints/central_surface_density_0410-checkpoint.ipynb
ZehaoJin/Ultimate_black_hole_mass_scaling_relations_Symbolic_Regression,Blackhole_properties/.ipynb_checkpoints/cleaned_try_0227-checkpoint.ipynb,7e4479b301c0b4a1105ee07c062d4da5c9d32571,https://github.com/ZehaoJin/Ultimate_black_hole_mass_scaling_relations_Symbolic_Regression/blob/0ef9d4c47e1e42a862060fde81921e71b962658d/Blackhole_properties/.ipynb_checkpoints/cleaned_try_0227-checkpoint.ipynb
ZehaoJin/Ultimate_black_hole_mass_scaling_relations_Symbolic_Regression,Blackhole_properties/.ipynb_checkpoints/combined_scalingrelations_0301-checkpoint.ipynb,3989850bc5d6568057b447bd2eb2b1f60a83251c,https://github.com/ZehaoJin/Ultimate_black_hole_mass_scaling_relations_Symbolic_Regression/blob/0ef9d4c47e1e42a862060fde81921e71b962658d/Blackhole_properties/.ipynb_checkpoints/combined_scalingrelations_0301-checkpoint.ipynb
ZehaoJin/Ultimate_black_hole_mass_scaling_relations_Symbolic_Regression,Blackhole_properties/.ipynb_checkpoints/exsiting_scalingrelations_0228-checkpoint.ipynb,c9d3221a1609fb52a3a9df36e11c6143dd7b6e1a,https://github.com/ZehaoJin/Ultimate_black_hole_mass_scaling_relations_Symbolic_Regression/blob/0ef9d4c47e1e42a862060fde81921e71b962658d/Blackhole_properties/.ipynb_checkpoints/exsiting_scalingrelations_0228-checkpoint.ipynb
ZehaoJin/Ultimate_black_hole_mass_scaling_relations_Symbolic_Regression,Blackhole_properties/.ipynb_checkpoints/exsiting_scalingrelations_0301-checkpoint.ipynb,2a589ca1b855c2e3239688be80524ffd6cab4755,https://github.com/ZehaoJin/Ultimate_black_hole_mass_scaling_relations_Symbolic_Regression/blob/0ef9d4c47e1e42a862060fde81921e71b962658d/Blackhole_properties/.ipynb_checkpoints/exsiting_scalingrelations_0301-checkpoint.ipynb
ZehaoJin/Ultimate_black_hole_mass_scaling_relations_Symbolic_Regression,Blackhole_properties/.ipynb_checkpoints/first_try_0227-checkpoint.ipynb,2cfdcdfb28cab6b93a79339c3354c5bf578cd8ec,https://github.com/ZehaoJin/Ultimate_black_hole_mass_scaling_relations_Symbolic_Regression/blob/0ef9d4c47e1e42a862060fde81921e71b962658d/Blackhole_properties/.ipynb_checkpoints/first_try_0227-checkpoint.ipynb
ZehaoJin/Ultimate_black_hole_mass_scaling_relations_Symbolic_Regression,Blackhole_properties/.ipynb_checkpoints/hyperfittest_0313-checkpoint.ipynb,5a68705d1554703860b287a1833be604c9058980,https://github.com/ZehaoJin/Ultimate_black_hole_mass_scaling_relations_Symbolic_Regression/blob/0ef9d4c47e1e42a862060fde81921e71b962658d/Blackhole_properties/.ipynb_checkpoints/hyperfittest_0313-checkpoint.ipynb
ZehaoJin/Ultimate_black_hole_mass_scaling_relations_Symbolic_Regression,Blackhole_properties/.ipynb_checkpoints/median_normalization_0313-checkpoint.ipynb,4ba996ade0f1cde92141c8fd4ca4bc8b328b5ead,https://github.com/ZehaoJin/Ultimate_black_hole_mass_scaling_relations_Symbolic_Regression/blob/0ef9d4c47e1e42a862060fde81921e71b962658d/Blackhole_properties/.ipynb_checkpoints/median_normalization_0313-checkpoint.ipynb
ZehaoJin/Ultimate_black_hole_mass_scaling_relations_Symbolic_Regression,Blackhole_properties/.ipynb_checkpoints/otherrho_0324-checkpoint.ipynb,c626470e66c82caa70bbbd6d92e9bff72d4f9f62,https://github.com/ZehaoJin/Ultimate_black_hole_mass_scaling_relations_Symbolic_Regression/blob/0ef9d4c47e1e42a862060fde81921e71b962658d/Blackhole_properties/.ipynb_checkpoints/otherrho_0324-checkpoint.ipynb
ZehaoJin/Ultimate_black_hole_mass_scaling_relations_Symbolic_Regression,Blackhole_properties/.ipynb_checkpoints/random_forest_0904-checkpoint.ipynb,6c376308e4146a4e9c2c48bd27c72ff77d5d66de,https://github.com/ZehaoJin/Ultimate_black_hole_mass_scaling_relations_Symbolic_Regression/blob/0ef9d4c47e1e42a862060fde81921e71b962658d/Blackhole_properties/.ipynb_checkpoints/random_forest_0904-checkpoint.ipynb
ZehaoJin/Ultimate_black_hole_mass_scaling_relations_Symbolic_Regression,Blackhole_properties/.ipynb_checkpoints/reference_relations_0502-checkpoint.ipynb,f7814b4eab8a930eda800679891552a8aebfb2e9,https://github.com/ZehaoJin/Ultimate_black_hole_mass_scaling_relations_Symbolic_Regression/blob/0ef9d4c47e1e42a862060fde81921e71b962658d/Blackhole_properties/.ipynb_checkpoints/reference_relations_0502-checkpoint.ipynb
ZehaoJin/Ultimate_black_hole_mass_scaling_relations_Symbolic_Regression,Blackhole_properties/.ipynb_checkpoints/rho_0906b-checkpoint.ipynb,3a77c24d85b6022a0a43da47f78a3d9f0e882db5,https://github.com/ZehaoJin/Ultimate_black_hole_mass_scaling_relations_Symbolic_Regression/blob/0ef9d4c47e1e42a862060fde81921e71b962658d/Blackhole_properties/.ipynb_checkpoints/rho_0906b-checkpoint.ipynb
ZehaoJin/Ultimate_black_hole_mass_scaling_relations_Symbolic_Regression,Blackhole_properties/.ipynb_checkpoints/sigma-vrot-mgal-phi-checkpoint.ipynb,7ce7d09e45844cfe250d7a1b8a4af31a9e4cf95f,https://github.com/ZehaoJin/Ultimate_black_hole_mass_scaling_relations_Symbolic_Regression/blob/0ef9d4c47e1e42a862060fde81921e71b962658d/Blackhole_properties/.ipynb_checkpoints/sigma-vrot-mgal-phi-checkpoint.ipynb
ZehaoJin/Ultimate_black_hole_mass_scaling_relations_Symbolic_Regression,Blackhole_properties/.ipynb_checkpoints/sortout_0307-checkpoint.ipynb,5dce07884838fa99144a533fb1fec173054a4ed0,https://github.com/ZehaoJin/Ultimate_black_hole_mass_scaling_relations_Symbolic_Regression/blob/0ef9d4c47e1e42a862060fde81921e71b962658d/Blackhole_properties/.ipynb_checkpoints/sortout_0307-checkpoint.ipynb
ZehaoJin/Ultimate_black_hole_mass_scaling_relations_Symbolic_Regression,Blackhole_properties/Compare_NIHAO_0314.ipynb,40e8ac93267008d6d11460f9af2de9be5464e295,https://github.com/ZehaoJin/Ultimate_black_hole_mass_scaling_relations_Symbolic_Regression/blob/0ef9d4c47e1e42a862060fde81921e71b962658d/Blackhole_properties/Compare_NIHAO_0314.ipynb
ZehaoJin/Ultimate_black_hole_mass_scaling_relations_Symbolic_Regression,Blackhole_properties/Ultimate_paper/pareto_0123.py,0c4082d83dda7378824766c0f5e1476ea65ac376,https://github.com/ZehaoJin/Ultimate_black_hole_mass_scaling_relations_Symbolic_Regression/blob/0ef9d4c47e1e42a862060fde81921e71b962658d/Blackhole_properties/Ultimate_paper/pareto_0123.py
ZehaoJin/Ultimate_black_hole_mass_scaling_relations_Symbolic_Regression,Blackhole_properties/astroinformatices_plot.ipynb,606407d7df7f4556622c40baf337428581780db7,https://github.com/ZehaoJin/Ultimate_black_hole_mass_scaling_relations_Symbolic_Regression/blob/0ef9d4c47e1e42a862060fde81921e71b962658d/Blackhole_properties/astroinformatices_plot.ipynb
ZehaoJin/Ultimate_black_hole_mass_scaling_relations_Symbolic_Regression,Blackhole_properties/basic_M-sigma.ipynb,073edfa28409d833065d70c78a20a581a7debe34,https://github.com/ZehaoJin/Ultimate_black_hole_mass_scaling_relations_Symbolic_Regression/blob/0ef9d4c47e1e42a862060fde81921e71b962658d/Blackhole_properties/basic_M-sigma.ipynb
ZehaoJin/Ultimate_black_hole_mass_scaling_relations_Symbolic_Regression,Blackhole_properties/central_surface_density_0410.ipynb,3db686d61cd7ecf0e2adc3b6c8d95654d9e1e8ed,https://github.com/ZehaoJin/Ultimate_black_hole_mass_scaling_relations_Symbolic_Regression/blob/0ef9d4c47e1e42a862060fde81921e71b962658d/Blackhole_properties/central_surface_density_0410.ipynb
ZehaoJin/Ultimate_black_hole_mass_scaling_relations_Symbolic_Regression,Blackhole_properties/cleaned_try_0227.ipynb,207714e0f6667ec89261af132089de233c2a6893,https://github.com/ZehaoJin/Ultimate_black_hole_mass_scaling_relations_Symbolic_Regression/blob/0ef9d4c47e1e42a862060fde81921e71b962658d/Blackhole_properties/cleaned_try_0227.ipynb
ZehaoJin/Ultimate_black_hole_mass_scaling_relations_Symbolic_Regression,Blackhole_properties/combined_scalingrelations_0301.ipynb,3989850bc5d6568057b447bd2eb2b1f60a83251c,https://github.com/ZehaoJin/Ultimate_black_hole_mass_scaling_relations_Symbolic_Regression/blob/0ef9d4c47e1e42a862060fde81921e71b962658d/Blackhole_properties/combined_scalingrelations_0301.ipynb
ZehaoJin/Ultimate_black_hole_mass_scaling_relations_Symbolic_Regression,Blackhole_properties/exsiting_scalingrelations_0228.ipynb,b5a5662e0cd63d0e668ba5330a57ff1e8dfd92f4,https://github.com/ZehaoJin/Ultimate_black_hole_mass_scaling_relations_Symbolic_Regression/blob/0ef9d4c47e1e42a862060fde81921e71b962658d/Blackhole_properties/exsiting_scalingrelations_0228.ipynb
ZehaoJin/Ultimate_black_hole_mass_scaling_relations_Symbolic_Regression,Blackhole_properties/exsiting_scalingrelations_0301.ipynb,2a589ca1b855c2e3239688be80524ffd6cab4755,https://github.com/ZehaoJin/Ultimate_black_hole_mass_scaling_relations_Symbolic_Regression/blob/0ef9d4c47e1e42a862060fde81921e71b962658d/Blackhole_properties/exsiting_scalingrelations_0301.ipynb
ZehaoJin/Ultimate_black_hole_mass_scaling_relations_Symbolic_Regression,Blackhole_properties/first_try_0227.ipynb,2cfdcdfb28cab6b93a79339c3354c5bf578cd8ec,https://github.com/ZehaoJin/Ultimate_black_hole_mass_scaling_relations_Symbolic_Regression/blob/0ef9d4c47e1e42a862060fde81921e71b962658d/Blackhole_properties/first_try_0227.ipynb
ZehaoJin/Ultimate_black_hole_mass_scaling_relations_Symbolic_Regression,Blackhole_properties/hyperfittest_0313.ipynb,12c198a637104b807cdac049d073ddf78ebbb976,https://github.com/ZehaoJin/Ultimate_black_hole_mass_scaling_relations_Symbolic_Regression/blob/0ef9d4c47e1e42a862060fde81921e71b962658d/Blackhole_properties/hyperfittest_0313.ipynb
ZehaoJin/Ultimate_black_hole_mass_scaling_relations_Symbolic_Regression,Blackhole_properties/median_normalization_0313.ipynb,0a80a924b867716eea84828deb711b1cf394ee51,https://github.com/ZehaoJin/Ultimate_black_hole_mass_scaling_relations_Symbolic_Regression/blob/0ef9d4c47e1e42a862060fde81921e71b962658d/Blackhole_properties/median_normalization_0313.ipynb
ZehaoJin/Ultimate_black_hole_mass_scaling_relations_Symbolic_Regression,Blackhole_properties/otherrho_0324.ipynb,c626470e66c82caa70bbbd6d92e9bff72d4f9f62,https://github.com/ZehaoJin/Ultimate_black_hole_mass_scaling_relations_Symbolic_Regression/blob/0ef9d4c47e1e42a862060fde81921e71b962658d/Blackhole_properties/otherrho_0324.ipynb
ZehaoJin/Ultimate_black_hole_mass_scaling_relations_Symbolic_Regression,Blackhole_properties/random_forest_0904.ipynb,6c376308e4146a4e9c2c48bd27c72ff77d5d66de,https://github.com/ZehaoJin/Ultimate_black_hole_mass_scaling_relations_Symbolic_Regression/blob/0ef9d4c47e1e42a862060fde81921e71b962658d/Blackhole_properties/random_forest_0904.ipynb
ZehaoJin/Ultimate_black_hole_mass_scaling_relations_Symbolic_Regression,Blackhole_properties/reference_relations_0502.ipynb,d21affd7f68b107bf12e3c19a28c57b423f4f74e,https://github.com/ZehaoJin/Ultimate_black_hole_mass_scaling_relations_Symbolic_Regression/blob/0ef9d4c47e1e42a862060fde81921e71b962658d/Blackhole_properties/reference_relations_0502.ipynb
ZehaoJin/Ultimate_black_hole_mass_scaling_relations_Symbolic_Regression,Blackhole_properties/rho_0906b.ipynb,3a77c24d85b6022a0a43da47f78a3d9f0e882db5,https://github.com/ZehaoJin/Ultimate_black_hole_mass_scaling_relations_Symbolic_Regression/blob/0ef9d4c47e1e42a862060fde81921e71b962658d/Blackhole_properties/rho_0906b.ipynb
ZehaoJin/Ultimate_black_hole_mass_scaling_relations_Symbolic_Regression,Blackhole_properties/sigma-vrot-mgal-phi.ipynb,6b296ba36a05b777e357912932637c326cd9e25d,https://github.com/ZehaoJin/Ultimate_black_hole_mass_scaling_relations_Symbolic_Regression/blob/0ef9d4c47e1e42a862060fde81921e71b962658d/Blackhole_properties/sigma-vrot-mgal-phi.ipynb
ZehaoJin/Ultimate_black_hole_mass_scaling_relations_Symbolic_Regression,Blackhole_properties/size-mass_relation/pareto_size_mass.py,a598ef08f7ec678af896d847a718b694b8685fe0,https://github.com/ZehaoJin/Ultimate_black_hole_mass_scaling_relations_Symbolic_Regression/blob/0ef9d4c47e1e42a862060fde81921e71b962658d/Blackhole_properties/size-mass_relation/pareto_size_mass.py
ZehaoJin/Ultimate_black_hole_mass_scaling_relations_Symbolic_Regression,Blackhole_properties/sortout_0307.ipynb,29236820a8329e53dc120035e9980462525f58c2,https://github.com/ZehaoJin/Ultimate_black_hole_mass_scaling_relations_Symbolic_Regression/blob/0ef9d4c47e1e42a862060fde81921e71b962658d/Blackhole_properties/sortout_0307.ipynb
zfifteen/archive,unified-framework/examples/lab/earth-helix-visualizer/symbolic_regression_delta_n.py,60637dca93af974563c3fe2421955bc6be16ad31,https://github.com/zfifteen/archive/blob/a633b724628395124ff5ee51be9eb1268b1dfb28/unified-framework/examples/lab/earth-helix-visualizer/symbolic_regression_delta_n.py
zfifteen/archive,unified-framework/examples/lab/earth-helix-visualizer/symbolic_regression_delta_n.py.txt,cdca94c47189b22d3ed090f7b02c768fba6fe238,https://github.com/zfifteen/archive/blob/a633b724628395124ff5ee51be9eb1268b1dfb28/unified-framework/examples/lab/earth-helix-visualizer/symbolic_regression_delta_n.py.txt
zfifteen/archive,unified-framework/examples/lab/earth-helix-visualizer/symbolic_regression_prime_density.py,1bbfcc20a9942aeb636e67369f9508f080c1b602,https://github.com/zfifteen/archive/blob/a633b724628395124ff5ee51be9eb1268b1dfb28/unified-framework/examples/lab/earth-helix-visualizer/symbolic_regression_prime_density.py
Zhuofeng-Li/frontier-cs,research/problems/symbolic_regression/mccormick/readme,6a6ae91f0e25230af85685e496ab7e186f586771,https://github.com/Zhuofeng-Li/frontier-cs/blob/524f0579c162d0b1e78f61b9ee38c7edfdd23e3e/research/problems/symbolic_regression/mccormick/readme
Zhuofeng-Li/frontier-cs,research/problems/symbolic_regression/mixed_polyexp_4d/readme,54c34ea620cbb63b1835ad1d292d15a93d26150c,https://github.com/Zhuofeng-Li/frontier-cs/blob/524f0579c162d0b1e78f61b9ee38c7edfdd23e3e/research/problems/symbolic_regression/mixed_polyexp_4d/readme
Zhuofeng-Li/frontier-cs,research/problems/symbolic_regression/peaks/readme,ed3929c0d7c7008f089adcd14783a297b436bb96,https://github.com/Zhuofeng-Li/frontier-cs/blob/524f0579c162d0b1e78f61b9ee38c7edfdd23e3e/research/problems/symbolic_regression/peaks/readme
Zhuofeng-Li/frontier-cs,research/problems/symbolic_regression/ripple/readme,8d545a03329f06c8d7326ba37dd8972eea80c8ae,https://github.com/Zhuofeng-Li/frontier-cs/blob/524f0579c162d0b1e78f61b9ee38c7edfdd23e3e/research/problems/symbolic_regression/ripple/readme
Zhuofeng-Li/frontier-cs,research/problems/symbolic_regression/sincos/readme,326ad77bb3c494711d419cd74ea348bcee8d3f71,https://github.com/Zhuofeng-Li/frontier-cs/blob/524f0579c162d0b1e78f61b9ee38c7edfdd23e3e/research/problems/symbolic_regression/sincos/readme
Zhuofeng-Li/frontier-cs,research/solutions/symbolic_regression/mccormick/deepseekreasoner.py,1e5aec2ae6e0ca55fa2f1e728321ab6aa85714c1,https://github.com/Zhuofeng-Li/frontier-cs/blob/524f0579c162d0b1e78f61b9ee38c7edfdd23e3e/research/solutions/symbolic_regression/mccormick/deepseekreasoner.py
Zhuofeng-Li/frontier-cs,research/solutions/symbolic_regression/mccormick/deepseekreasoner_1.py,eb4d2b0eb7f2cf6ddabcc955a3dd57a76b015408,https://github.com/Zhuofeng-Li/frontier-cs/blob/524f0579c162d0b1e78f61b9ee38c7edfdd23e3e/research/solutions/symbolic_regression/mccormick/deepseekreasoner_1.py
Zhuofeng-Li/frontier-cs,research/solutions/symbolic_regression/mccormick/deepseekreasoner_2.py,bcc75d75b9fd539ec8e175b35391b231442841a7,https://github.com/Zhuofeng-Li/frontier-cs/blob/524f0579c162d0b1e78f61b9ee38c7edfdd23e3e/research/solutions/symbolic_regression/mccormick/deepseekreasoner_2.py
Zhuofeng-Li/frontier-cs,research/solutions/symbolic_regression/mccormick/deepseekreasoner_3.py,1f36d5a9244aaa8e34f0951da7acdaa31a3f41ee,https://github.com/Zhuofeng-Li/frontier-cs/blob/524f0579c162d0b1e78f61b9ee38c7edfdd23e3e/research/solutions/symbolic_regression/mccormick/deepseekreasoner_3.py
Zhuofeng-Li/frontier-cs,research/solutions/symbolic_regression/mccormick/deepseekreasoner_4.py,7fe70597be1ee5be3c48721c2aa5afc040418a5e,https://github.com/Zhuofeng-Li/frontier-cs/blob/524f0579c162d0b1e78f61b9ee38c7edfdd23e3e/research/solutions/symbolic_regression/mccormick/deepseekreasoner_4.py
Zhuofeng-Li/frontier-cs,research/solutions/symbolic_regression/mccormick/gemini2.5pro.py,ec792d12acc66b70b7aea1c58eb59d3af91f55a2,https://github.com/Zhuofeng-Li/frontier-cs/blob/524f0579c162d0b1e78f61b9ee38c7edfdd23e3e/research/solutions/symbolic_regression/mccormick/gemini2.5pro.py
Zhuofeng-Li/frontier-cs,research/solutions/symbolic_regression/mccormick/gemini2.5pro_1.py,5edb0105f365a49433303f33213438e67a310b3a,https://github.com/Zhuofeng-Li/frontier-cs/blob/524f0579c162d0b1e78f61b9ee38c7edfdd23e3e/research/solutions/symbolic_regression/mccormick/gemini2.5pro_1.py
Zhuofeng-Li/frontier-cs,research/solutions/symbolic_regression/mccormick/gemini2.5pro_2.py,83bb8cb1ad2602d7b70148af0e413153cb6ded4d,https://github.com/Zhuofeng-Li/frontier-cs/blob/524f0579c162d0b1e78f61b9ee38c7edfdd23e3e/research/solutions/symbolic_regression/mccormick/gemini2.5pro_2.py
Zhuofeng-Li/frontier-cs,research/solutions/symbolic_regression/mccormick/gemini2.5pro_3.py,a3530e54f92dee5c9428b7f8b12b80a89df6bc36,https://github.com/Zhuofeng-Li/frontier-cs/blob/524f0579c162d0b1e78f61b9ee38c7edfdd23e3e/research/solutions/symbolic_regression/mccormick/gemini2.5pro_3.py
Zhuofeng-Li/frontier-cs,research/solutions/symbolic_regression/mccormick/gemini2.5pro_4.py,8641f20439c7c098ddcdc53dc8b83bc79a19ef6c,https://github.com/Zhuofeng-Li/frontier-cs/blob/524f0579c162d0b1e78f61b9ee38c7edfdd23e3e/research/solutions/symbolic_regression/mccormick/gemini2.5pro_4.py
Zhuofeng-Li/frontier-cs,research/solutions/symbolic_regression/mccormick/gemini3pro.py,52c7107a878650c81a8478100fa5fc5c4df8ffb9,https://github.com/Zhuofeng-Li/frontier-cs/blob/524f0579c162d0b1e78f61b9ee38c7edfdd23e3e/research/solutions/symbolic_regression/mccormick/gemini3pro.py
Zhuofeng-Li/frontier-cs,research/solutions/symbolic_regression/mccormick/gemini3pro_1.py,f2ee59f48cfb2ee59a9cff676fe90f2f50b118d7,https://github.com/Zhuofeng-Li/frontier-cs/blob/524f0579c162d0b1e78f61b9ee38c7edfdd23e3e/research/solutions/symbolic_regression/mccormick/gemini3pro_1.py
Zhuofeng-Li/frontier-cs,research/solutions/symbolic_regression/mccormick/gemini3pro_2.py,ea960a419d129797ff6db53f117c616018e94d0e,https://github.com/Zhuofeng-Li/frontier-cs/blob/524f0579c162d0b1e78f61b9ee38c7edfdd23e3e/research/solutions/symbolic_regression/mccormick/gemini3pro_2.py
Zhuofeng-Li/frontier-cs,research/solutions/symbolic_regression/mccormick/gemini3pro_3.py,781241bf12f389dee20f402e02d3e389dcbd002c,https://github.com/Zhuofeng-Li/frontier-cs/blob/524f0579c162d0b1e78f61b9ee38c7edfdd23e3e/research/solutions/symbolic_regression/mccormick/gemini3pro_3.py
Zhuofeng-Li/frontier-cs,research/solutions/symbolic_regression/mccormick/gemini3pro_4.py,1fe60dbe1b9e77d52575732263c0e710deaa5e77,https://github.com/Zhuofeng-Li/frontier-cs/blob/524f0579c162d0b1e78f61b9ee38c7edfdd23e3e/research/solutions/symbolic_regression/mccormick/gemini3pro_4.py
Zhuofeng-Li/frontier-cs,research/solutions/symbolic_regression/mccormick/grok4fastreasoning.py,9132bbf423de7dfa19c092d7ca662c4812c4cb93,https://github.com/Zhuofeng-Li/frontier-cs/blob/524f0579c162d0b1e78f61b9ee38c7edfdd23e3e/research/solutions/symbolic_regression/mccormick/grok4fastreasoning.py
Zhuofeng-Li/frontier-cs,research/solutions/symbolic_regression/mccormick/grok4fastreasoning_1.py,40004f64c7c69259d9d75449030e7c1888af1f80,https://github.com/Zhuofeng-Li/frontier-cs/blob/524f0579c162d0b1e78f61b9ee38c7edfdd23e3e/research/solutions/symbolic_regression/mccormick/grok4fastreasoning_1.py
Zhuofeng-Li/frontier-cs,research/solutions/symbolic_regression/mccormick/grok4fastreasoning_2.py,261191374efe2ddac8ccc551813ccbe143e25c92,https://github.com/Zhuofeng-Li/frontier-cs/blob/524f0579c162d0b1e78f61b9ee38c7edfdd23e3e/research/solutions/symbolic_regression/mccormick/grok4fastreasoning_2.py
Zhuofeng-Li/frontier-cs,research/solutions/symbolic_regression/mccormick/grok4fastreasoning_3.py,ea1792d814ae593f8970cc998b2276b4ebfac73c,https://github.com/Zhuofeng-Li/frontier-cs/blob/524f0579c162d0b1e78f61b9ee38c7edfdd23e3e/research/solutions/symbolic_regression/mccormick/grok4fastreasoning_3.py
Zhuofeng-Li/frontier-cs,research/solutions/symbolic_regression/mccormick/grok4fastreasoning_4.py,37d8d1dec0a1c43ea4f649972a06498d06b7ae9d,https://github.com/Zhuofeng-Li/frontier-cs/blob/524f0579c162d0b1e78f61b9ee38c7edfdd23e3e/research/solutions/symbolic_regression/mccormick/grok4fastreasoning_4.py
Zhuofeng-Li/frontier-cs,research/solutions/symbolic_regression/mixed_polyexp_4d/deepseekreasoner.py,6aec0da4a5824b985be14efc741298f902117ae0,https://github.com/Zhuofeng-Li/frontier-cs/blob/524f0579c162d0b1e78f61b9ee38c7edfdd23e3e/research/solutions/symbolic_regression/mixed_polyexp_4d/deepseekreasoner.py
Zhuofeng-Li/frontier-cs,research/solutions/symbolic_regression/mixed_polyexp_4d/deepseekreasoner_1.py,1aa6b7ad95a0ff21b7728378beec54b44d15aee4,https://github.com/Zhuofeng-Li/frontier-cs/blob/524f0579c162d0b1e78f61b9ee38c7edfdd23e3e/research/solutions/symbolic_regression/mixed_polyexp_4d/deepseekreasoner_1.py
Zhuofeng-Li/frontier-cs,research/solutions/symbolic_regression/mixed_polyexp_4d/deepseekreasoner_2.py,e24574dc0e376d1b850f9adf87e7cff7085cb12a,https://github.com/Zhuofeng-Li/frontier-cs/blob/524f0579c162d0b1e78f61b9ee38c7edfdd23e3e/research/solutions/symbolic_regression/mixed_polyexp_4d/deepseekreasoner_2.py
Zhuofeng-Li/frontier-cs,research/solutions/symbolic_regression/mixed_polyexp_4d/deepseekreasoner_3.py,fdfc178bf276bcd512447f0fed1ef6f7514d6791,https://github.com/Zhuofeng-Li/frontier-cs/blob/524f0579c162d0b1e78f61b9ee38c7edfdd23e3e/research/solutions/symbolic_regression/mixed_polyexp_4d/deepseekreasoner_3.py
Zhuofeng-Li/frontier-cs,research/solutions/symbolic_regression/mixed_polyexp_4d/deepseekreasoner_4.py,d9673cbcf404662207f8f988640915d62d58b558,https://github.com/Zhuofeng-Li/frontier-cs/blob/524f0579c162d0b1e78f61b9ee38c7edfdd23e3e/research/solutions/symbolic_regression/mixed_polyexp_4d/deepseekreasoner_4.py
Zhuofeng-Li/frontier-cs,research/solutions/symbolic_regression/mixed_polyexp_4d/gemini2.5pro.py,55e38ebc1c471f538e100cea6c59fff3cde739af,https://github.com/Zhuofeng-Li/frontier-cs/blob/524f0579c162d0b1e78f61b9ee38c7edfdd23e3e/research/solutions/symbolic_regression/mixed_polyexp_4d/gemini2.5pro.py
Zhuofeng-Li/frontier-cs,research/solutions/symbolic_regression/mixed_polyexp_4d/gemini2.5pro_1.py,d3724fec611ace16908b3a57b05f72ace48caf69,https://github.com/Zhuofeng-Li/frontier-cs/blob/524f0579c162d0b1e78f61b9ee38c7edfdd23e3e/research/solutions/symbolic_regression/mixed_polyexp_4d/gemini2.5pro_1.py
Zhuofeng-Li/frontier-cs,research/solutions/symbolic_regression/mixed_polyexp_4d/gemini2.5pro_2.py,a24c0ea893fc938f4e4d3092ef0b1e904f210cfd,https://github.com/Zhuofeng-Li/frontier-cs/blob/524f0579c162d0b1e78f61b9ee38c7edfdd23e3e/research/solutions/symbolic_regression/mixed_polyexp_4d/gemini2.5pro_2.py
Zhuofeng-Li/frontier-cs,research/solutions/symbolic_regression/mixed_polyexp_4d/gemini2.5pro_3.py,c12c6871b36b0d6f3ed6ccbad40801640d5ae23d,https://github.com/Zhuofeng-Li/frontier-cs/blob/524f0579c162d0b1e78f61b9ee38c7edfdd23e3e/research/solutions/symbolic_regression/mixed_polyexp_4d/gemini2.5pro_3.py
Zhuofeng-Li/frontier-cs,research/solutions/symbolic_regression/mixed_polyexp_4d/gemini2.5pro_4.py,e787cb9af1fe7d130936926e18dae9c1586f02ce,https://github.com/Zhuofeng-Li/frontier-cs/blob/524f0579c162d0b1e78f61b9ee38c7edfdd23e3e/research/solutions/symbolic_regression/mixed_polyexp_4d/gemini2.5pro_4.py
Zhuofeng-Li/frontier-cs,research/solutions/symbolic_regression/mixed_polyexp_4d/gemini3pro.py,29d101651d24ff3f8adde7e29610bd3c9c9169c2,https://github.com/Zhuofeng-Li/frontier-cs/blob/524f0579c162d0b1e78f61b9ee38c7edfdd23e3e/research/solutions/symbolic_regression/mixed_polyexp_4d/gemini3pro.py
Zhuofeng-Li/frontier-cs,research/solutions/symbolic_regression/mixed_polyexp_4d/gemini3pro_1.py,992d73e11da0e2f9b7ca46361c176ce46a954099,https://github.com/Zhuofeng-Li/frontier-cs/blob/524f0579c162d0b1e78f61b9ee38c7edfdd23e3e/research/solutions/symbolic_regression/mixed_polyexp_4d/gemini3pro_1.py
Zhuofeng-Li/frontier-cs,research/solutions/symbolic_regression/mixed_polyexp_4d/gemini3pro_2.py,1f14bb734470fbcb14263f8bd1f67bde912170ac,https://github.com/Zhuofeng-Li/frontier-cs/blob/524f0579c162d0b1e78f61b9ee38c7edfdd23e3e/research/solutions/symbolic_regression/mixed_polyexp_4d/gemini3pro_2.py
Zhuofeng-Li/frontier-cs,research/solutions/symbolic_regression/mixed_polyexp_4d/gemini3pro_3.py,8e28ff9a94abc05a216a7299003569926e7d51e3,https://github.com/Zhuofeng-Li/frontier-cs/blob/524f0579c162d0b1e78f61b9ee38c7edfdd23e3e/research/solutions/symbolic_regression/mixed_polyexp_4d/gemini3pro_3.py
Zhuofeng-Li/frontier-cs,research/solutions/symbolic_regression/mixed_polyexp_4d/gemini3pro_4.py,333649defd008a4c47f0abf2a8e5960258d2022b,https://github.com/Zhuofeng-Li/frontier-cs/blob/524f0579c162d0b1e78f61b9ee38c7edfdd23e3e/research/solutions/symbolic_regression/mixed_polyexp_4d/gemini3pro_4.py
Zhuofeng-Li/frontier-cs,research/solutions/symbolic_regression/mixed_polyexp_4d/gpt5.1_1.py,24ab4aa0cb512c068c21c9aae10b88241990cec7,https://github.com/Zhuofeng-Li/frontier-cs/blob/524f0579c162d0b1e78f61b9ee38c7edfdd23e3e/research/solutions/symbolic_regression/mixed_polyexp_4d/gpt5.1_1.py
Zhuofeng-Li/frontier-cs,research/solutions/symbolic_regression/mixed_polyexp_4d/gpt5.1_2.py,d27605b888060b6c10b6a4cf92cd0d4db809e05a,https://github.com/Zhuofeng-Li/frontier-cs/blob/524f0579c162d0b1e78f61b9ee38c7edfdd23e3e/research/solutions/symbolic_regression/mixed_polyexp_4d/gpt5.1_2.py
Zhuofeng-Li/frontier-cs,research/solutions/symbolic_regression/mixed_polyexp_4d/gpt5.1_3.py,1c6b24c69e00b57df13851d780151a06c817d7a8,https://github.com/Zhuofeng-Li/frontier-cs/blob/524f0579c162d0b1e78f61b9ee38c7edfdd23e3e/research/solutions/symbolic_regression/mixed_polyexp_4d/gpt5.1_3.py
Zhuofeng-Li/frontier-cs,research/solutions/symbolic_regression/mixed_polyexp_4d/gpt5.1_4.py,6aefa626e25971af96e1a995ebe83b95d3ad5f28,https://github.com/Zhuofeng-Li/frontier-cs/blob/524f0579c162d0b1e78f61b9ee38c7edfdd23e3e/research/solutions/symbolic_regression/mixed_polyexp_4d/gpt5.1_4.py
Zhuofeng-Li/frontier-cs,research/solutions/symbolic_regression/mixed_polyexp_4d/grok4fastreasoning_4.py,5c85fc1f9b24d80a73341aca2984a31742a1abf2,https://github.com/Zhuofeng-Li/frontier-cs/blob/524f0579c162d0b1e78f61b9ee38c7edfdd23e3e/research/solutions/symbolic_regression/mixed_polyexp_4d/grok4fastreasoning_4.py
Zhuofeng-Li/frontier-cs,research/solutions/symbolic_regression/peaks/deepseekreasoner.py,00bbff18eb605b2bab9067b4b4d8535614161bc4,https://github.com/Zhuofeng-Li/frontier-cs/blob/524f0579c162d0b1e78f61b9ee38c7edfdd23e3e/research/solutions/symbolic_regression/peaks/deepseekreasoner.py
Zhuofeng-Li/frontier-cs,research/solutions/symbolic_regression/peaks/deepseekreasoner_1.py,c1f558cc46820c6650b4585badb9a918a50fd49f,https://github.com/Zhuofeng-Li/frontier-cs/blob/524f0579c162d0b1e78f61b9ee38c7edfdd23e3e/research/solutions/symbolic_regression/peaks/deepseekreasoner_1.py
Zhuofeng-Li/frontier-cs,research/solutions/symbolic_regression/peaks/deepseekreasoner_2.py,22f4abd507b1b975562320320d6af7baf36f80b8,https://github.com/Zhuofeng-Li/frontier-cs/blob/524f0579c162d0b1e78f61b9ee38c7edfdd23e3e/research/solutions/symbolic_regression/peaks/deepseekreasoner_2.py
Zhuofeng-Li/frontier-cs,research/solutions/symbolic_regression/peaks/deepseekreasoner_3.py,100da6a269a39fca41ed9ad5c5e9432f7208ca23,https://github.com/Zhuofeng-Li/frontier-cs/blob/524f0579c162d0b1e78f61b9ee38c7edfdd23e3e/research/solutions/symbolic_regression/peaks/deepseekreasoner_3.py
Zhuofeng-Li/frontier-cs,research/solutions/symbolic_regression/peaks/deepseekreasoner_4.py,816d70196d94cc44273f6dc10758630ad6f59082,https://github.com/Zhuofeng-Li/frontier-cs/blob/524f0579c162d0b1e78f61b9ee38c7edfdd23e3e/research/solutions/symbolic_regression/peaks/deepseekreasoner_4.py
Zhuofeng-Li/frontier-cs,research/solutions/symbolic_regression/peaks/gemini2.5pro.py,cdfde8f392f6c6fcf6b88e27cba8fb479dd554dd,https://github.com/Zhuofeng-Li/frontier-cs/blob/524f0579c162d0b1e78f61b9ee38c7edfdd23e3e/research/solutions/symbolic_regression/peaks/gemini2.5pro.py
Zhuofeng-Li/frontier-cs,research/solutions/symbolic_regression/peaks/gemini2.5pro_1.py,9732a3400fd5729ed4af887bb07eb79739ae9c9e,https://github.com/Zhuofeng-Li/frontier-cs/blob/524f0579c162d0b1e78f61b9ee38c7edfdd23e3e/research/solutions/symbolic_regression/peaks/gemini2.5pro_1.py
Zhuofeng-Li/frontier-cs,research/solutions/symbolic_regression/peaks/gemini2.5pro_2.py,3ebcee516a6459f5b4d705a1e87729e8af1ed543,https://github.com/Zhuofeng-Li/frontier-cs/blob/524f0579c162d0b1e78f61b9ee38c7edfdd23e3e/research/solutions/symbolic_regression/peaks/gemini2.5pro_2.py
Zhuofeng-Li/frontier-cs,research/solutions/symbolic_regression/peaks/gemini2.5pro_3.py,1e7ff09c1eca2c6bcf0fe2e352f2dc069c53d8d8,https://github.com/Zhuofeng-Li/frontier-cs/blob/524f0579c162d0b1e78f61b9ee38c7edfdd23e3e/research/solutions/symbolic_regression/peaks/gemini2.5pro_3.py
Zhuofeng-Li/frontier-cs,research/solutions/symbolic_regression/peaks/gemini2.5pro_4.py,a58f4f36bde527bcaa65541d70d085c0c7ea2b52,https://github.com/Zhuofeng-Li/frontier-cs/blob/524f0579c162d0b1e78f61b9ee38c7edfdd23e3e/research/solutions/symbolic_regression/peaks/gemini2.5pro_4.py
Zhuofeng-Li/frontier-cs,research/solutions/symbolic_regression/peaks/gemini3pro.py,bb8cb58cf29075224dfe8a39294aa59e91ad6110,https://github.com/Zhuofeng-Li/frontier-cs/blob/524f0579c162d0b1e78f61b9ee38c7edfdd23e3e/research/solutions/symbolic_regression/peaks/gemini3pro.py
Zhuofeng-Li/frontier-cs,research/solutions/symbolic_regression/peaks/gemini3pro_1.py,4159b34f21fbe57c9d399b12e5a7d5663c1a6372,https://github.com/Zhuofeng-Li/frontier-cs/blob/524f0579c162d0b1e78f61b9ee38c7edfdd23e3e/research/solutions/symbolic_regression/peaks/gemini3pro_1.py
Zhuofeng-Li/frontier-cs,research/solutions/symbolic_regression/peaks/gemini3pro_2.py,7633b0ed009a2b312ac2cebc22d8338ea8a98b2c,https://github.com/Zhuofeng-Li/frontier-cs/blob/524f0579c162d0b1e78f61b9ee38c7edfdd23e3e/research/solutions/symbolic_regression/peaks/gemini3pro_2.py
Zhuofeng-Li/frontier-cs,research/solutions/symbolic_regression/peaks/gemini3pro_3.py,134d4bab59b45d9ff615f5a550b515b954ea4551,https://github.com/Zhuofeng-Li/frontier-cs/blob/524f0579c162d0b1e78f61b9ee38c7edfdd23e3e/research/solutions/symbolic_regression/peaks/gemini3pro_3.py
Zhuofeng-Li/frontier-cs,research/solutions/symbolic_regression/peaks/gemini3pro_4.py,a9e9ffabe54e783c8c8e86a9f422ba453cdf4895,https://github.com/Zhuofeng-Li/frontier-cs/blob/524f0579c162d0b1e78f61b9ee38c7edfdd23e3e/research/solutions/symbolic_regression/peaks/gemini3pro_4.py
Zhuofeng-Li/frontier-cs,research/solutions/symbolic_regression/peaks/gpt5.1_1.py,0b49067a304771b44daee347d688ed82aae01dd1,https://github.com/Zhuofeng-Li/frontier-cs/blob/524f0579c162d0b1e78f61b9ee38c7edfdd23e3e/research/solutions/symbolic_regression/peaks/gpt5.1_1.py
Zhuofeng-Li/frontier-cs,research/solutions/symbolic_regression/peaks/gpt5.1_2.py,501e8ce03b7865b525339fc102390c82eee4094d,https://github.com/Zhuofeng-Li/frontier-cs/blob/524f0579c162d0b1e78f61b9ee38c7edfdd23e3e/research/solutions/symbolic_regression/peaks/gpt5.1_2.py
Zhuofeng-Li/frontier-cs,research/solutions/symbolic_regression/peaks/gpt5.1_3.py,8ad46e485d86327e8f63c27062f74f83085178d6,https://github.com/Zhuofeng-Li/frontier-cs/blob/524f0579c162d0b1e78f61b9ee38c7edfdd23e3e/research/solutions/symbolic_regression/peaks/gpt5.1_3.py
Zhuofeng-Li/frontier-cs,research/solutions/symbolic_regression/peaks/gpt5.1_4.py,6d25188d95f1eab4b420011ce8e9ebeb623262a6,https://github.com/Zhuofeng-Li/frontier-cs/blob/524f0579c162d0b1e78f61b9ee38c7edfdd23e3e/research/solutions/symbolic_regression/peaks/gpt5.1_4.py
Zhuofeng-Li/frontier-cs,research/solutions/symbolic_regression/peaks/grok4fastreasoning.py,a34fdd8718897c46c2cfbf11fad4e4ca1866e09f,https://github.com/Zhuofeng-Li/frontier-cs/blob/524f0579c162d0b1e78f61b9ee38c7edfdd23e3e/research/solutions/symbolic_regression/peaks/grok4fastreasoning.py
Zhuofeng-Li/frontier-cs,research/solutions/symbolic_regression/peaks/grok4fastreasoning_2.py,73c82d1f9656c2f3eb3a265f16257fadb8e18f27,https://github.com/Zhuofeng-Li/frontier-cs/blob/524f0579c162d0b1e78f61b9ee38c7edfdd23e3e/research/solutions/symbolic_regression/peaks/grok4fastreasoning_2.py
Zhuofeng-Li/frontier-cs,research/solutions/symbolic_regression/peaks/grok4fastreasoning_4.py,bf5805e6c69551b51d53f56a279272fc8262f6e3,https://github.com/Zhuofeng-Li/frontier-cs/blob/524f0579c162d0b1e78f61b9ee38c7edfdd23e3e/research/solutions/symbolic_regression/peaks/grok4fastreasoning_4.py
Zhuofeng-Li/frontier-cs,research/solutions/symbolic_regression/ripple/deepseekreasoner.py,7cedde8d0ca2b037bfabbc9713a98d6a19c30225,https://github.com/Zhuofeng-Li/frontier-cs/blob/524f0579c162d0b1e78f61b9ee38c7edfdd23e3e/research/solutions/symbolic_regression/ripple/deepseekreasoner.py
Zhuofeng-Li/frontier-cs,research/solutions/symbolic_regression/ripple/deepseekreasoner_1.py,c8a4671200282fe3457502ca00e8e72930b0c498,https://github.com/Zhuofeng-Li/frontier-cs/blob/524f0579c162d0b1e78f61b9ee38c7edfdd23e3e/research/solutions/symbolic_regression/ripple/deepseekreasoner_1.py
Zhuofeng-Li/frontier-cs,research/solutions/symbolic_regression/ripple/deepseekreasoner_2.py,45a7c9ea51c53ee13654208279b66857fed769d4,https://github.com/Zhuofeng-Li/frontier-cs/blob/524f0579c162d0b1e78f61b9ee38c7edfdd23e3e/research/solutions/symbolic_regression/ripple/deepseekreasoner_2.py
Zhuofeng-Li/frontier-cs,research/solutions/symbolic_regression/ripple/deepseekreasoner_3.py,839e6dae6dabb42e7395b86fcec3495654b4e024,https://github.com/Zhuofeng-Li/frontier-cs/blob/524f0579c162d0b1e78f61b9ee38c7edfdd23e3e/research/solutions/symbolic_regression/ripple/deepseekreasoner_3.py
Zhuofeng-Li/frontier-cs,research/solutions/symbolic_regression/ripple/deepseekreasoner_4.py,16abd9a7c31d3f9834b56142f7e994082cf6e685,https://github.com/Zhuofeng-Li/frontier-cs/blob/524f0579c162d0b1e78f61b9ee38c7edfdd23e3e/research/solutions/symbolic_regression/ripple/deepseekreasoner_4.py
Zhuofeng-Li/frontier-cs,research/solutions/symbolic_regression/ripple/gemini2.5pro.py,8dac8dbcfb2b7ceabe20f7e201f54aaadd3fd4ee,https://github.com/Zhuofeng-Li/frontier-cs/blob/524f0579c162d0b1e78f61b9ee38c7edfdd23e3e/research/solutions/symbolic_regression/ripple/gemini2.5pro.py
Zhuofeng-Li/frontier-cs,research/solutions/symbolic_regression/ripple/gemini2.5pro_1.py,1bacd57bed56d8833c4b81a87406670e7d47b811,https://github.com/Zhuofeng-Li/frontier-cs/blob/524f0579c162d0b1e78f61b9ee38c7edfdd23e3e/research/solutions/symbolic_regression/ripple/gemini2.5pro_1.py
Zhuofeng-Li/frontier-cs,research/solutions/symbolic_regression/ripple/gemini2.5pro_2.py,1c2abb7c510c80b5e2f4f1fce105b7ded6ce3fcd,https://github.com/Zhuofeng-Li/frontier-cs/blob/524f0579c162d0b1e78f61b9ee38c7edfdd23e3e/research/solutions/symbolic_regression/ripple/gemini2.5pro_2.py
Zhuofeng-Li/frontier-cs,research/solutions/symbolic_regression/ripple/gemini2.5pro_3.py,e160be0926da27a584f974559e69d52a39889e47,https://github.com/Zhuofeng-Li/frontier-cs/blob/524f0579c162d0b1e78f61b9ee38c7edfdd23e3e/research/solutions/symbolic_regression/ripple/gemini2.5pro_3.py
Zhuofeng-Li/frontier-cs,research/solutions/symbolic_regression/ripple/gemini2.5pro_4.py,7655cf0577ce87c306dd479ff909e58a1edf7f17,https://github.com/Zhuofeng-Li/frontier-cs/blob/524f0579c162d0b1e78f61b9ee38c7edfdd23e3e/research/solutions/symbolic_regression/ripple/gemini2.5pro_4.py
Zhuofeng-Li/frontier-cs,research/solutions/symbolic_regression/ripple/gemini3pro.py,65ddfb3f0f45430fb68c8d142c731936eef62e67,https://github.com/Zhuofeng-Li/frontier-cs/blob/524f0579c162d0b1e78f61b9ee38c7edfdd23e3e/research/solutions/symbolic_regression/ripple/gemini3pro.py
Zhuofeng-Li/frontier-cs,research/solutions/symbolic_regression/ripple/gemini3pro_1.py,21d22be65c2005c6f3fa89975af95b8fafc370e2,https://github.com/Zhuofeng-Li/frontier-cs/blob/524f0579c162d0b1e78f61b9ee38c7edfdd23e3e/research/solutions/symbolic_regression/ripple/gemini3pro_1.py
Zhuofeng-Li/frontier-cs,research/solutions/symbolic_regression/ripple/gemini3pro_2.py,ccdf4578e29137187213e8612447666d011c0196,https://github.com/Zhuofeng-Li/frontier-cs/blob/524f0579c162d0b1e78f61b9ee38c7edfdd23e3e/research/solutions/symbolic_regression/ripple/gemini3pro_2.py
Zhuofeng-Li/frontier-cs,research/solutions/symbolic_regression/ripple/gemini3pro_3.py,4c14c485fb46e5e876080e1bd516e1dc47d0801c,https://github.com/Zhuofeng-Li/frontier-cs/blob/524f0579c162d0b1e78f61b9ee38c7edfdd23e3e/research/solutions/symbolic_regression/ripple/gemini3pro_3.py
Zhuofeng-Li/frontier-cs,research/solutions/symbolic_regression/ripple/gemini3pro_4.py,b75760d3a323f044139d504731eaa75214646a31,https://github.com/Zhuofeng-Li/frontier-cs/blob/524f0579c162d0b1e78f61b9ee38c7edfdd23e3e/research/solutions/symbolic_regression/ripple/gemini3pro_4.py
Zhuofeng-Li/frontier-cs,research/solutions/symbolic_regression/ripple/gpt5.1.py,0f4b5402fd0afe616ad590f652c330e2c07a51cc,https://github.com/Zhuofeng-Li/frontier-cs/blob/524f0579c162d0b1e78f61b9ee38c7edfdd23e3e/research/solutions/symbolic_regression/ripple/gpt5.1.py
Zhuofeng-Li/frontier-cs,research/solutions/symbolic_regression/ripple/gpt5.1_1.py,64b0a8269515c008c8a20030656abb069b58dc15,https://github.com/Zhuofeng-Li/frontier-cs/blob/524f0579c162d0b1e78f61b9ee38c7edfdd23e3e/research/solutions/symbolic_regression/ripple/gpt5.1_1.py
Zhuofeng-Li/frontier-cs,research/solutions/symbolic_regression/ripple/gpt5.1_2.py,67d39c9f9f175ea4110ff6ec4c339bcb09aa5268,https://github.com/Zhuofeng-Li/frontier-cs/blob/524f0579c162d0b1e78f61b9ee38c7edfdd23e3e/research/solutions/symbolic_regression/ripple/gpt5.1_2.py
Zhuofeng-Li/frontier-cs,research/solutions/symbolic_regression/ripple/gpt5.1_3.py,2e83bb84ef122c646269298a9a7cdff1ebb8dc74,https://github.com/Zhuofeng-Li/frontier-cs/blob/524f0579c162d0b1e78f61b9ee38c7edfdd23e3e/research/solutions/symbolic_regression/ripple/gpt5.1_3.py
Zhuofeng-Li/frontier-cs,research/solutions/symbolic_regression/ripple/gpt5.1_4.py,301a8d50ad9147f0760c2ab225c0d5390c033970,https://github.com/Zhuofeng-Li/frontier-cs/blob/524f0579c162d0b1e78f61b9ee38c7edfdd23e3e/research/solutions/symbolic_regression/ripple/gpt5.1_4.py
Zhuofeng-Li/frontier-cs,research/solutions/symbolic_regression/ripple/grok4fastreasoning_3.py,7fa4c675f0f89b517020087eecd9ff377d50c6b2,https://github.com/Zhuofeng-Li/frontier-cs/blob/524f0579c162d0b1e78f61b9ee38c7edfdd23e3e/research/solutions/symbolic_regression/ripple/grok4fastreasoning_3.py
Zhuofeng-Li/frontier-cs,research/solutions/symbolic_regression/ripple/grok4fastreasoning_4.py,d6e15a6c91751de2e9a6c992abcba1ec90d45bc2,https://github.com/Zhuofeng-Li/frontier-cs/blob/524f0579c162d0b1e78f61b9ee38c7edfdd23e3e/research/solutions/symbolic_regression/ripple/grok4fastreasoning_4.py
Zhuofeng-Li/frontier-cs,research/solutions/symbolic_regression/sincos/deepseekreasoner.py,be41bff0e982de712377ba886f055f5ccbf8a7de,https://github.com/Zhuofeng-Li/frontier-cs/blob/524f0579c162d0b1e78f61b9ee38c7edfdd23e3e/research/solutions/symbolic_regression/sincos/deepseekreasoner.py
Zhuofeng-Li/frontier-cs,research/solutions/symbolic_regression/sincos/deepseekreasoner_1.py,53b5b1c886fa65330a394713bfa6e57d50d02db5,https://github.com/Zhuofeng-Li/frontier-cs/blob/524f0579c162d0b1e78f61b9ee38c7edfdd23e3e/research/solutions/symbolic_regression/sincos/deepseekreasoner_1.py
Zhuofeng-Li/frontier-cs,research/solutions/symbolic_regression/sincos/deepseekreasoner_2.py,55485a3305d7b8968e7ebc9962df395a587e36ed,https://github.com/Zhuofeng-Li/frontier-cs/blob/524f0579c162d0b1e78f61b9ee38c7edfdd23e3e/research/solutions/symbolic_regression/sincos/deepseekreasoner_2.py
Zhuofeng-Li/frontier-cs,research/solutions/symbolic_regression/sincos/deepseekreasoner_3.py,ff989c51e5b5aba3ad148c83cf99147b3e9f1554,https://github.com/Zhuofeng-Li/frontier-cs/blob/524f0579c162d0b1e78f61b9ee38c7edfdd23e3e/research/solutions/symbolic_regression/sincos/deepseekreasoner_3.py
Zhuofeng-Li/frontier-cs,research/solutions/symbolic_regression/sincos/deepseekreasoner_4.py,ce0f05efdb97c6ff5e9b8ad1c3a3cb40ec7567d9,https://github.com/Zhuofeng-Li/frontier-cs/blob/524f0579c162d0b1e78f61b9ee38c7edfdd23e3e/research/solutions/symbolic_regression/sincos/deepseekreasoner_4.py
Zhuofeng-Li/frontier-cs,research/solutions/symbolic_regression/sincos/gemini2.5pro.py,7a2595f315cd10f05da722e305f2a067908db5ac,https://github.com/Zhuofeng-Li/frontier-cs/blob/524f0579c162d0b1e78f61b9ee38c7edfdd23e3e/research/solutions/symbolic_regression/sincos/gemini2.5pro.py
Zhuofeng-Li/frontier-cs,research/solutions/symbolic_regression/sincos/gemini2.5pro_1.py,3fa7c5534fa05fdd9414e29ceea802c94e718041,https://github.com/Zhuofeng-Li/frontier-cs/blob/524f0579c162d0b1e78f61b9ee38c7edfdd23e3e/research/solutions/symbolic_regression/sincos/gemini2.5pro_1.py
Zhuofeng-Li/frontier-cs,research/solutions/symbolic_regression/sincos/gemini2.5pro_2.py,d8085289ce8f51e107e9571bc8e3b2130a0940f2,https://github.com/Zhuofeng-Li/frontier-cs/blob/524f0579c162d0b1e78f61b9ee38c7edfdd23e3e/research/solutions/symbolic_regression/sincos/gemini2.5pro_2.py
Zhuofeng-Li/frontier-cs,research/solutions/symbolic_regression/sincos/gemini2.5pro_3.py,c0ce81100d97d9965fee9bac65b706b5e5e2468e,https://github.com/Zhuofeng-Li/frontier-cs/blob/524f0579c162d0b1e78f61b9ee38c7edfdd23e3e/research/solutions/symbolic_regression/sincos/gemini2.5pro_3.py
Zhuofeng-Li/frontier-cs,research/solutions/symbolic_regression/sincos/gemini2.5pro_4.py,955bd627eec1b4898259e5b7561a88782b6bbcdf,https://github.com/Zhuofeng-Li/frontier-cs/blob/524f0579c162d0b1e78f61b9ee38c7edfdd23e3e/research/solutions/symbolic_regression/sincos/gemini2.5pro_4.py
Zhuofeng-Li/frontier-cs,research/solutions/symbolic_regression/sincos/gemini3pro.py,53da105c31b51db43701fdb440469e58d31470e6,https://github.com/Zhuofeng-Li/frontier-cs/blob/524f0579c162d0b1e78f61b9ee38c7edfdd23e3e/research/solutions/symbolic_regression/sincos/gemini3pro.py
Zhuofeng-Li/frontier-cs,research/solutions/symbolic_regression/sincos/gemini3pro_1.py,9b842a40b4edfd303b9a24b0d25050ec78c56a56,https://github.com/Zhuofeng-Li/frontier-cs/blob/524f0579c162d0b1e78f61b9ee38c7edfdd23e3e/research/solutions/symbolic_regression/sincos/gemini3pro_1.py
Zhuofeng-Li/frontier-cs,research/solutions/symbolic_regression/sincos/gemini3pro_2.py,ccbcf06e112ed79b2ed9c803d7ecc561d09c884e,https://github.com/Zhuofeng-Li/frontier-cs/blob/524f0579c162d0b1e78f61b9ee38c7edfdd23e3e/research/solutions/symbolic_regression/sincos/gemini3pro_2.py
Zhuofeng-Li/frontier-cs,research/solutions/symbolic_regression/sincos/gemini3pro_3.py,841d5625e2ed1f519bee6395ec072265ee55347d,https://github.com/Zhuofeng-Li/frontier-cs/blob/524f0579c162d0b1e78f61b9ee38c7edfdd23e3e/research/solutions/symbolic_regression/sincos/gemini3pro_3.py
Zhuofeng-Li/frontier-cs,research/solutions/symbolic_regression/sincos/gemini3pro_4.py,756d28a59f20d5541bd8ee360fe0aa7d08279a77,https://github.com/Zhuofeng-Li/frontier-cs/blob/524f0579c162d0b1e78f61b9ee38c7edfdd23e3e/research/solutions/symbolic_regression/sincos/gemini3pro_4.py
Zhuofeng-Li/frontier-cs,research/solutions/symbolic_regression/sincos/gpt5.1.py,fe23ebf2e4ee1dbed883ec1a469418b27193974b,https://github.com/Zhuofeng-Li/frontier-cs/blob/524f0579c162d0b1e78f61b9ee38c7edfdd23e3e/research/solutions/symbolic_regression/sincos/gpt5.1.py
Zhuofeng-Li/frontier-cs,research/solutions/symbolic_regression/sincos/gpt5.2_4.py,7296ee995429a59feeebf75805f46dcec2610ae5,https://github.com/Zhuofeng-Li/frontier-cs/blob/524f0579c162d0b1e78f61b9ee38c7edfdd23e3e/research/solutions/symbolic_regression/sincos/gpt5.2_4.py
Zhuofeng-Li/frontier-cs,research/solutions/symbolic_regression/sincos/grok4fastreasoning_4.py,73c82d1f9656c2f3eb3a265f16257fadb8e18f27,https://github.com/Zhuofeng-Li/frontier-cs/blob/524f0579c162d0b1e78f61b9ee38c7edfdd23e3e/research/solutions/symbolic_regression/sincos/grok4fastreasoning_4.py
zicoG21/prism-kan,scripts/run_pysr_standard_formula_baseline.py,7f9d17ab773183deffe1613934615f2b1ae1e441,https://github.com/zicoG21/prism-kan/blob/8908a69a26bf1a88ea26e127ea733c73e1868f61/scripts/run_pysr_standard_formula_baseline.py
zlyuan9/rl-symbolic-regression,e0.py,dd6a34ef001581c3b0a74924640a3932af1ead4d,https://github.com/zlyuan9/rl-symbolic-regression/blob/d6d3cc05b782713aabfb3e10f0c956476f1ce0f2/e0.py
zlyuan9/rl-symbolic-regression,exp1_value_iteration.py,3691efa328488533b325a52668059d7ad7657330,https://github.com/zlyuan9/rl-symbolic-regression/blob/d6d3cc05b782713aabfb3e10f0c956476f1ce0f2/exp1_value_iteration.py
zlyuan9/rl-symbolic-regression,exp2_pareto_comparison.py,d5362974bf74e398c04a61d25f585c751a7c12a1,https://github.com/zlyuan9/rl-symbolic-regression/blob/d6d3cc05b782713aabfb3e10f0c956476f1ce0f2/exp2_pareto_comparison.py
zlyuan9/rl-symbolic-regression,simreg.py,6249e64e8b1295248ab6ef3c7cb21a75237e270b,https://github.com/zlyuan9/rl-symbolic-regression/blob/d6d3cc05b782713aabfb3e10f0c956476f1ce0f2/simreg.py
ZongrenZou/PINNs_multiple_solutions,1d_reaction/matlab/.ipynb_checkpoints/Untitled-checkpoint.ipynb,534225137c219dbe5c8e2cef65e21d572e7cb5d3,https://github.com/ZongrenZou/PINNs_multiple_solutions/blob/780d7b52c0ec2761f0dca57e4b376ac46584d81f/1d_reaction/matlab/.ipynb_checkpoints/Untitled-checkpoint.ipynb
ZongrenZou/PINNs_multiple_solutions,1d_reaction/matlab/Untitled.ipynb,534225137c219dbe5c8e2cef65e21d572e7cb5d3,https://github.com/ZongrenZou/PINNs_multiple_solutions/blob/780d7b52c0ec2761f0dca57e4b376ac46584d81f/1d_reaction/matlab/Untitled.ipynb
zqj323/expert-ecology,analyze_meta_discovery.py,487c3b1e20c13158f45baa684217fc6ed741fea4,https://github.com/zqj323/expert-ecology/blob/015b0a9ef3228e1f435d55fe126acba3378a10dd/analyze_meta_discovery.py
zzhang222/tau_jax,plot_c.py,f7647bd9bc8904e06d2b15d2306d5d3c10baaaa1,https://github.com/zzhang222/tau_jax/blob/2df9bad21647c31971544755c0341387b7d709e7/plot_c.py
zzhang222/tau_jax,plot_loss.py,b50a78030ed4b26fee9aea2606d7f452c8b7d8d1,https://github.com/zzhang222/tau_jax/blob/2df9bad21647c31971544755c0341387b7d709e7/plot_loss.py
zzhang222/tau_jax,plot_params.py,b51209fc1c30d31dce112d4c38e00020aee81b78,https://github.com/zzhang222/tau_jax/blob/2df9bad21647c31971544755c0341387b7d709e7/plot_params.py
zzhang222/tau_jax,symbolic.py,a82d86487372b8219434550fdd92fef7c91508d7,https://github.com/zzhang222/tau_jax/blob/2df9bad21647c31971544755c0341387b7d709e7/symbolic.py
zzm12121/PNO,code/symbolic_regression_tools.py,1ce5cf6cb74bd50f2755495c3367b469e105d484,https://github.com/zzm12121/PNO/blob/a50c6164aacd5d53433c1b93414026c62e82313c/code/symbolic_regression_tools.py
