method,dataset,run_index,seed,exact,error,source
PySR,mips:rnn_abs_value_numerical:hidden:0,0,192,1,,runs/709714/final_eval_baseline_10seed/slurm_pysr/eval_0000/results/task_000000.json
PySR,mips:rnn_abs_value_numerical:hidden:0,1,192,1,,runs/709714/final_eval_baseline_10seed/slurm_pysr/eval_0000/results/task_000001.json
PySR,mips:rnn_abs_value_numerical:hidden:0,2,192,1,,runs/709714/final_eval_baseline_10seed/slurm_pysr/eval_0000/results/task_000002.json
PySR,mips:rnn_abs_value_numerical:hidden:0,3,192,1,,runs/709714/final_eval_baseline_10seed/slurm_pysr/eval_0000/results/task_000003.json
PySR,mips:rnn_abs_value_numerical:hidden:0,4,192,1,,runs/709714/final_eval_baseline_10seed/slurm_pysr/eval_0000/results/task_000004.json
PySR,mips:rnn_abs_value_numerical:hidden:0,5,192,1,,runs/709714/final_eval_baseline_10seed/slurm_pysr/eval_0000/results/task_000005.json
PySR,mips:rnn_abs_value_numerical:hidden:0,6,192,1,,runs/709714/final_eval_baseline_10seed/slurm_pysr/eval_0000/results/task_000006.json
PySR,mips:rnn_abs_value_numerical:hidden:0,7,192,1,,runs/709714/final_eval_baseline_10seed/slurm_pysr/eval_0000/results/task_000007.json
PySR,mips:rnn_abs_value_numerical:hidden:0,8,192,1,,runs/709714/final_eval_baseline_10seed/slurm_pysr/eval_0000/results/task_000008.json
PySR,mips:rnn_abs_value_numerical:hidden:0,9,192,1,,runs/709714/final_eval_baseline_10seed/slurm_pysr/eval_0000/results/task_000009.json
PySR,mips:rnn_abs_value_numerical:output:0,0,192,1,,runs/709714/final_eval_baseline_10seed/slurm_pysr/eval_0000/results/task_000010.json
PySR,mips:rnn_abs_value_numerical:output:0,1,192,1,,runs/709714/final_eval_baseline_10seed/slurm_pysr/eval_0000/results/task_000011.json
PySR,mips:rnn_abs_value_numerical:output:0,2,192,1,,runs/709714/final_eval_baseline_10seed/slurm_pysr/eval_0000/results/task_000012.json
PySR,mips:rnn_abs_value_numerical:output:0,3,192,1,,runs/709714/final_eval_baseline_10seed/slurm_pysr/eval_0000/results/task_000013.json
PySR,mips:rnn_abs_value_numerical:output:0,4,192,1,,runs/709714/final_eval_baseline_10seed/slurm_pysr/eval_0000/results/task_000014.json
PySR,mips:rnn_abs_value_numerical:output:0,5,192,1,,runs/709714/final_eval_baseline_10seed/slurm_pysr/eval_0000/results/task_000015.json
PySR,mips:rnn_abs_value_numerical:output:0,6,192,1,,runs/709714/final_eval_baseline_10seed/slurm_pysr/eval_0000/results/task_000016.json
PySR,mips:rnn_abs_value_numerical:output:0,7,192,1,,runs/709714/final_eval_baseline_10seed/slurm_pysr/eval_0000/results/task_000017.json
PySR,mips:rnn_abs_value_numerical:output:0,8,192,1,,runs/709714/final_eval_baseline_10seed/slurm_pysr/eval_0000/results/task_000018.json
PySR,mips:rnn_abs_value_numerical:output:0,9,192,1,,runs/709714/final_eval_baseline_10seed/slurm_pysr/eval_0000/results/task_000019.json
PySR,mips:rnn_abs_value_of_diff_numerical:hidden:0,0,192,1,,runs/709714/final_eval_baseline_10seed/slurm_pysr/eval_0000/results/task_000020.json
PySR,mips:rnn_abs_value_of_diff_numerical:hidden:0,1,192,1,,runs/709714/final_eval_baseline_10seed/slurm_pysr/eval_0000/results/task_000021.json
PySR,mips:rnn_abs_value_of_diff_numerical:hidden:0,2,192,1,,runs/709714/final_eval_baseline_10seed/slurm_pysr/eval_0000/results/task_000022.json
PySR,mips:rnn_abs_value_of_diff_numerical:hidden:0,3,192,1,,runs/709714/final_eval_baseline_10seed/slurm_pysr/eval_0000/results/task_000023.json
PySR,mips:rnn_abs_value_of_diff_numerical:hidden:0,4,192,0,,runs/709714/final_eval_baseline_10seed/slurm_pysr/eval_0000/results/task_000024.json
PySR,mips:rnn_abs_value_of_diff_numerical:hidden:0,5,192,1,,runs/709714/final_eval_baseline_10seed/slurm_pysr/eval_0000/results/task_000025.json
PySR,mips:rnn_abs_value_of_diff_numerical:hidden:0,6,192,1,,runs/709714/final_eval_baseline_10seed/slurm_pysr/eval_0000/results/task_000026.json
PySR,mips:rnn_abs_value_of_diff_numerical:hidden:0,7,192,1,,runs/709714/final_eval_baseline_10seed/slurm_pysr/eval_0000/results/task_000027.json
PySR,mips:rnn_abs_value_of_diff_numerical:hidden:0,8,192,1,,runs/709714/final_eval_baseline_10seed/slurm_pysr/eval_0000/results/task_000028.json
PySR,mips:rnn_abs_value_of_diff_numerical:hidden:0,9,192,1,,runs/709714/final_eval_baseline_10seed/slurm_pysr/eval_0000/results/task_000029.json
PySR,mips:rnn_abs_value_of_diff_numerical:hidden:1,0,192,1,,runs/709714/final_eval_baseline_10seed/slurm_pysr/eval_0000/results/task_000030.json
PySR,mips:rnn_abs_value_of_diff_numerical:hidden:1,1,192,1,,runs/709714/final_eval_baseline_10seed/slurm_pysr/eval_0000/results/task_000031.json
PySR,mips:rnn_abs_value_of_diff_numerical:hidden:1,2,192,1,,runs/709714/final_eval_baseline_10seed/slurm_pysr/eval_0000/results/task_000032.json
PySR,mips:rnn_abs_value_of_diff_numerical:hidden:1,3,192,1,,runs/709714/final_eval_baseline_10seed/slurm_pysr/eval_0000/results/task_000033.json
PySR,mips:rnn_abs_value_of_diff_numerical:hidden:1,4,192,1,,runs/709714/final_eval_baseline_10seed/slurm_pysr/eval_0000/results/task_000034.json
PySR,mips:rnn_abs_value_of_diff_numerical:hidden:1,5,192,1,,runs/709714/final_eval_baseline_10seed/slurm_pysr/eval_0000/results/task_000035.json
PySR,mips:rnn_abs_value_of_diff_numerical:hidden:1,6,192,1,,runs/709714/final_eval_baseline_10seed/slurm_pysr/eval_0000/results/task_000036.json
PySR,mips:rnn_abs_value_of_diff_numerical:hidden:1,7,192,1,,runs/709714/final_eval_baseline_10seed/slurm_pysr/eval_0000/results/task_000037.json
PySR,mips:rnn_abs_value_of_diff_numerical:hidden:1,8,192,1,,runs/709714/final_eval_baseline_10seed/slurm_pysr/eval_0000/results/task_000038.json
PySR,mips:rnn_abs_value_of_diff_numerical:hidden:1,9,192,1,,runs/709714/final_eval_baseline_10seed/slurm_pysr/eval_0000/results/task_000039.json
PySR,mips:rnn_abs_value_of_diff_numerical:output:0,0,192,1,,runs/709714/final_eval_baseline_10seed/slurm_pysr/eval_0000/results/task_000040.json
PySR,mips:rnn_abs_value_of_diff_numerical:output:0,1,192,1,,runs/709714/final_eval_baseline_10seed/slurm_pysr/eval_0000/results/task_000041.json
PySR,mips:rnn_abs_value_of_diff_numerical:output:0,2,192,1,,runs/709714/final_eval_baseline_10seed/slurm_pysr/eval_0000/results/task_000042.json
PySR,mips:rnn_abs_value_of_diff_numerical:output:0,3,192,1,,runs/709714/final_eval_baseline_10seed/slurm_pysr/eval_0000/results/task_000043.json
PySR,mips:rnn_abs_value_of_diff_numerical:output:0,4,192,1,,runs/709714/final_eval_baseline_10seed/slurm_pysr/eval_0000/results/task_000044.json
PySR,mips:rnn_abs_value_of_diff_numerical:output:0,5,192,1,,runs/709714/final_eval_baseline_10seed/slurm_pysr/eval_0000/results/task_000045.json
PySR,mips:rnn_abs_value_of_diff_numerical:output:0,6,192,1,,runs/709714/final_eval_baseline_10seed/slurm_pysr/eval_0000/results/task_000046.json
PySR,mips:rnn_abs_value_of_diff_numerical:output:0,7,192,1,,runs/709714/final_eval_baseline_10seed/slurm_pysr/eval_0000/results/task_000047.json
PySR,mips:rnn_abs_value_of_diff_numerical:output:0,8,192,1,,runs/709714/final_eval_baseline_10seed/slurm_pysr/eval_0000/results/task_000048.json
PySR,mips:rnn_abs_value_of_diff_numerical:output:0,9,192,1,,runs/709714/final_eval_baseline_10seed/slurm_pysr/eval_0000/results/task_000049.json
PySR,mips:rnn_add_mod_3_numerical:hidden:0,0,192,1,,runs/709714/final_eval_baseline_10seed/slurm_pysr/eval_0000/results/task_000050.json
PySR,mips:rnn_add_mod_3_numerical:hidden:0,1,192,1,,runs/709714/final_eval_baseline_10seed/slurm_pysr/eval_0000/results/task_000051.json
PySR,mips:rnn_add_mod_3_numerical:hidden:0,2,192,1,,runs/709714/final_eval_baseline_10seed/slurm_pysr/eval_0000/results/task_000052.json
PySR,mips:rnn_add_mod_3_numerical:hidden:0,3,192,1,,runs/709714/final_eval_baseline_10seed/slurm_pysr/eval_0000/results/task_000053.json
PySR,mips:rnn_add_mod_3_numerical:hidden:0,4,192,1,,runs/709714/final_eval_baseline_10seed/slurm_pysr/eval_0000/results/task_000054.json
PySR,mips:rnn_add_mod_3_numerical:hidden:0,5,192,1,,runs/709714/final_eval_baseline_10seed/slurm_pysr/eval_0000/results/task_000055.json
PySR,mips:rnn_add_mod_3_numerical:hidden:0,6,192,1,,runs/709714/final_eval_baseline_10seed/slurm_pysr/eval_0000/results/task_000056.json
PySR,mips:rnn_add_mod_3_numerical:hidden:0,7,192,1,,runs/709714/final_eval_baseline_10seed/slurm_pysr/eval_0000/results/task_000057.json
PySR,mips:rnn_add_mod_3_numerical:hidden:0,8,192,1,,runs/709714/final_eval_baseline_10seed/slurm_pysr/eval_0000/results/task_000058.json
PySR,mips:rnn_add_mod_3_numerical:hidden:0,9,192,1,,runs/709714/final_eval_baseline_10seed/slurm_pysr/eval_0000/results/task_000059.json
PySR,mips:rnn_add_mod_3_numerical:output:0,0,192,1,,runs/709714/final_eval_baseline_10seed/slurm_pysr/eval_0000/results/task_000060.json
PySR,mips:rnn_add_mod_3_numerical:output:0,1,192,1,,runs/709714/final_eval_baseline_10seed/slurm_pysr/eval_0000/results/task_000061.json
PySR,mips:rnn_add_mod_3_numerical:output:0,2,192,1,,runs/709714/final_eval_baseline_10seed/slurm_pysr/eval_0000/results/task_000062.json
PySR,mips:rnn_add_mod_3_numerical:output:0,3,192,1,,runs/709714/final_eval_baseline_10seed/slurm_pysr/eval_0000/results/task_000063.json
PySR,mips:rnn_add_mod_3_numerical:output:0,4,192,1,,runs/709714/final_eval_baseline_10seed/slurm_pysr/eval_0000/results/task_000064.json
PySR,mips:rnn_add_mod_3_numerical:output:0,5,192,1,,runs/709714/final_eval_baseline_10seed/slurm_pysr/eval_0000/results/task_000065.json
PySR,mips:rnn_add_mod_3_numerical:output:0,6,192,1,,runs/709714/final_eval_baseline_10seed/slurm_pysr/eval_0000/results/task_000066.json
PySR,mips:rnn_add_mod_3_numerical:output:0,7,192,1,,runs/709714/final_eval_baseline_10seed/slurm_pysr/eval_0000/results/task_000067.json
PySR,mips:rnn_add_mod_3_numerical:output:0,8,192,1,,runs/709714/final_eval_baseline_10seed/slurm_pysr/eval_0000/results/task_000068.json
PySR,mips:rnn_add_mod_3_numerical:output:0,9,192,1,,runs/709714/final_eval_baseline_10seed/slurm_pysr/eval_0000/results/task_000069.json
PySR,mips:rnn_alternating_last4_numerical:hidden:0,0,192,0,,runs/709714/final_eval_baseline_10seed/slurm_pysr/eval_0000/results/task_000070.json
PySR,mips:rnn_alternating_last4_numerical:hidden:0,1,192,1,,runs/709714/final_eval_baseline_10seed/slurm_pysr/eval_0000/results/task_000071.json
PySR,mips:rnn_alternating_last4_numerical:hidden:0,2,192,0,,runs/709714/final_eval_baseline_10seed/slurm_pysr/eval_0000/results/task_000072.json
PySR,mips:rnn_alternating_last4_numerical:hidden:0,3,192,0,,runs/709714/final_eval_baseline_10seed/slurm_pysr/eval_0000/results/task_000073.json
PySR,mips:rnn_alternating_last4_numerical:hidden:0,4,192,0,,runs/709714/final_eval_baseline_10seed/slurm_pysr/eval_0000/results/task_000074.json
PySR,mips:rnn_alternating_last4_numerical:hidden:0,5,192,0,,runs/709714/final_eval_baseline_10seed/slurm_pysr/eval_0000/results/task_000075.json
PySR,mips:rnn_alternating_last4_numerical:hidden:0,6,192,0,,runs/709714/final_eval_baseline_10seed/slurm_pysr/eval_0000/results/task_000076.json
PySR,mips:rnn_alternating_last4_numerical:hidden:0,7,192,0,,runs/709714/final_eval_baseline_10seed/slurm_pysr/eval_0000/results/task_000077.json
PySR,mips:rnn_alternating_last4_numerical:hidden:0,8,192,0,,runs/709714/final_eval_baseline_10seed/slurm_pysr/eval_0000/results/task_000078.json
PySR,mips:rnn_alternating_last4_numerical:hidden:0,9,192,0,,runs/709714/final_eval_baseline_10seed/slurm_pysr/eval_0000/results/task_000079.json
PySR,mips:rnn_alternating_last4_numerical:hidden:1,0,192,1,,runs/709714/final_eval_baseline_10seed/slurm_pysr/eval_0000/results/task_000080.json
PySR,mips:rnn_alternating_last4_numerical:hidden:1,1,192,0,,runs/709714/final_eval_baseline_10seed/slurm_pysr/eval_0000/results/task_000081.json
PySR,mips:rnn_alternating_last4_numerical:hidden:1,2,192,0,,runs/709714/final_eval_baseline_10seed/slurm_pysr/eval_0000/results/task_000082.json
PySR,mips:rnn_alternating_last4_numerical:hidden:1,3,192,0,,runs/709714/final_eval_baseline_10seed/slurm_pysr/eval_0000/results/task_000083.json
PySR,mips:rnn_alternating_last4_numerical:hidden:1,4,192,0,,runs/709714/final_eval_baseline_10seed/slurm_pysr/eval_0000/results/task_000084.json
PySR,mips:rnn_alternating_last4_numerical:hidden:1,5,192,0,,runs/709714/final_eval_baseline_10seed/slurm_pysr/eval_0000/results/task_000085.json
PySR,mips:rnn_alternating_last4_numerical:hidden:1,6,192,0,,runs/709714/final_eval_baseline_10seed/slurm_pysr/eval_0000/results/task_000086.json
PySR,mips:rnn_alternating_last4_numerical:hidden:1,7,192,0,,runs/709714/final_eval_baseline_10seed/slurm_pysr/eval_0000/results/task_000087.json
PySR,mips:rnn_alternating_last4_numerical:hidden:1,8,192,0,,runs/709714/final_eval_baseline_10seed/slurm_pysr/eval_0000/results/task_000088.json
PySR,mips:rnn_alternating_last4_numerical:hidden:1,9,192,0,,runs/709714/final_eval_baseline_10seed/slurm_pysr/eval_0000/results/task_000089.json
PySR,mips:rnn_alternating_last4_numerical:output:0,0,192,1,,runs/709714/final_eval_baseline_10seed/slurm_pysr/eval_0000/results/task_000090.json
PySR,mips:rnn_alternating_last4_numerical:output:0,1,192,1,,runs/709714/final_eval_baseline_10seed/slurm_pysr/eval_0000/results/task_000091.json
PySR,mips:rnn_alternating_last4_numerical:output:0,2,192,1,,runs/709714/final_eval_baseline_10seed/slurm_pysr/eval_0000/results/task_000092.json
PySR,mips:rnn_alternating_last4_numerical:output:0,3,192,1,,runs/709714/final_eval_baseline_10seed/slurm_pysr/eval_0000/results/task_000093.json
PySR,mips:rnn_alternating_last4_numerical:output:0,4,192,1,,runs/709714/final_eval_baseline_10seed/slurm_pysr/eval_0000/results/task_000094.json
PySR,mips:rnn_alternating_last4_numerical:output:0,5,192,1,,runs/709714/final_eval_baseline_10seed/slurm_pysr/eval_0000/results/task_000095.json
PySR,mips:rnn_alternating_last4_numerical:output:0,6,192,1,,runs/709714/final_eval_baseline_10seed/slurm_pysr/eval_0000/results/task_000096.json
PySR,mips:rnn_alternating_last4_numerical:output:0,7,192,1,,runs/709714/final_eval_baseline_10seed/slurm_pysr/eval_0000/results/task_000097.json
PySR,mips:rnn_alternating_last4_numerical:output:0,8,192,1,,runs/709714/final_eval_baseline_10seed/slurm_pysr/eval_0000/results/task_000098.json
PySR,mips:rnn_alternating_last4_numerical:output:0,9,192,1,,runs/709714/final_eval_baseline_10seed/slurm_pysr/eval_0000/results/task_000099.json
PySR,mips:rnn_base_3_addition:hidden:0,0,192,1,,runs/709714/final_eval_baseline_10seed/slurm_pysr/eval_0000/results/task_000100.json
PySR,mips:rnn_base_3_addition:hidden:0,1,192,1,,runs/709714/final_eval_baseline_10seed/slurm_pysr/eval_0000/results/task_000101.json
PySR,mips:rnn_base_3_addition:hidden:0,2,192,1,,runs/709714/final_eval_baseline_10seed/slurm_pysr/eval_0000/results/task_000102.json
PySR,mips:rnn_base_3_addition:hidden:0,3,192,1,,runs/709714/final_eval_baseline_10seed/slurm_pysr/eval_0000/results/task_000103.json
PySR,mips:rnn_base_3_addition:hidden:0,4,192,1,,runs/709714/final_eval_baseline_10seed/slurm_pysr/eval_0000/results/task_000104.json
PySR,mips:rnn_base_3_addition:hidden:0,5,192,1,,runs/709714/final_eval_baseline_10seed/slurm_pysr/eval_0000/results/task_000105.json
PySR,mips:rnn_base_3_addition:hidden:0,6,192,1,,runs/709714/final_eval_baseline_10seed/slurm_pysr/eval_0000/results/task_000106.json
PySR,mips:rnn_base_3_addition:hidden:0,7,192,1,,runs/709714/final_eval_baseline_10seed/slurm_pysr/eval_0000/results/task_000107.json
PySR,mips:rnn_base_3_addition:hidden:0,8,192,1,,runs/709714/final_eval_baseline_10seed/slurm_pysr/eval_0000/results/task_000108.json
PySR,mips:rnn_base_3_addition:hidden:0,9,192,1,,runs/709714/final_eval_baseline_10seed/slurm_pysr/eval_0000/results/task_000109.json
PySR,mips:rnn_base_3_addition:hidden:1,0,192,0,,runs/709714/final_eval_baseline_10seed/slurm_pysr/eval_0000/results/task_000110.json
PySR,mips:rnn_base_3_addition:hidden:1,1,192,0,,runs/709714/final_eval_baseline_10seed/slurm_pysr/eval_0000/results/task_000111.json
PySR,mips:rnn_base_3_addition:hidden:1,2,192,0,,runs/709714/final_eval_baseline_10seed/slurm_pysr/eval_0000/results/task_000112.json
PySR,mips:rnn_base_3_addition:hidden:1,3,192,1,,runs/709714/final_eval_baseline_10seed/slurm_pysr/eval_0000/results/task_000113.json
PySR,mips:rnn_base_3_addition:hidden:1,4,192,0,,runs/709714/final_eval_baseline_10seed/slurm_pysr/eval_0000/results/task_000114.json
PySR,mips:rnn_base_3_addition:hidden:1,5,192,0,,runs/709714/final_eval_baseline_10seed/slurm_pysr/eval_0000/results/task_000115.json
PySR,mips:rnn_base_3_addition:hidden:1,6,192,0,,runs/709714/final_eval_baseline_10seed/slurm_pysr/eval_0000/results/task_000116.json
PySR,mips:rnn_base_3_addition:hidden:1,7,192,0,,runs/709714/final_eval_baseline_10seed/slurm_pysr/eval_0000/results/task_000117.json
PySR,mips:rnn_base_3_addition:hidden:1,8,192,0,,runs/709714/final_eval_baseline_10seed/slurm_pysr/eval_0000/results/task_000118.json
PySR,mips:rnn_base_3_addition:hidden:1,9,192,1,,runs/709714/final_eval_baseline_10seed/slurm_pysr/eval_0000/results/task_000119.json
PySR,mips:rnn_base_3_addition:output:0,0,192,1,,runs/709714/final_eval_baseline_10seed/slurm_pysr/eval_0000/results/task_000120.json
PySR,mips:rnn_base_3_addition:output:0,1,192,1,,runs/709714/final_eval_baseline_10seed/slurm_pysr/eval_0000/results/task_000121.json
PySR,mips:rnn_base_3_addition:output:0,2,192,1,,runs/709714/final_eval_baseline_10seed/slurm_pysr/eval_0000/results/task_000122.json
PySR,mips:rnn_base_3_addition:output:0,3,192,1,,runs/709714/final_eval_baseline_10seed/slurm_pysr/eval_0000/results/task_000123.json
PySR,mips:rnn_base_3_addition:output:0,4,192,1,,runs/709714/final_eval_baseline_10seed/slurm_pysr/eval_0000/results/task_000124.json
PySR,mips:rnn_base_3_addition:output:0,5,192,1,,runs/709714/final_eval_baseline_10seed/slurm_pysr/eval_0000/results/task_000125.json
PySR,mips:rnn_base_3_addition:output:0,6,192,1,,runs/709714/final_eval_baseline_10seed/slurm_pysr/eval_0000/results/task_000126.json
PySR,mips:rnn_base_3_addition:output:0,7,192,1,,runs/709714/final_eval_baseline_10seed/slurm_pysr/eval_0000/results/task_000127.json
PySR,mips:rnn_base_3_addition:output:0,8,192,1,,runs/709714/final_eval_baseline_10seed/slurm_pysr/eval_0000/results/task_000128.json
PySR,mips:rnn_base_3_addition:output:0,9,192,1,,runs/709714/final_eval_baseline_10seed/slurm_pysr/eval_0000/results/task_000129.json
PySR,mips:rnn_base_4_addition:hidden:0,0,192,0,,runs/709714/final_eval_baseline_10seed/slurm_pysr/eval_0000/results/task_000130.json
PySR,mips:rnn_base_4_addition:hidden:0,1,192,0,,runs/709714/final_eval_baseline_10seed/slurm_pysr/eval_0000/results/task_000131.json
PySR,mips:rnn_base_4_addition:hidden:0,2,192,0,,runs/709714/final_eval_baseline_10seed/slurm_pysr/eval_0000/results/task_000132.json
PySR,mips:rnn_base_4_addition:hidden:0,3,192,0,,runs/709714/final_eval_baseline_10seed/slurm_pysr/eval_0000/results/task_000133.json
PySR,mips:rnn_base_4_addition:hidden:0,4,192,0,,runs/709714/final_eval_baseline_10seed/slurm_pysr/eval_0000/results/task_000134.json
PySR,mips:rnn_base_4_addition:hidden:0,5,192,0,,runs/709714/final_eval_baseline_10seed/slurm_pysr/eval_0000/results/task_000135.json
PySR,mips:rnn_base_4_addition:hidden:0,6,192,0,,runs/709714/final_eval_baseline_10seed/slurm_pysr/eval_0000/results/task_000136.json
PySR,mips:rnn_base_4_addition:hidden:0,7,192,0,,runs/709714/final_eval_baseline_10seed/slurm_pysr/eval_0000/results/task_000137.json
PySR,mips:rnn_base_4_addition:hidden:0,8,192,0,,runs/709714/final_eval_baseline_10seed/slurm_pysr/eval_0000/results/task_000138.json
PySR,mips:rnn_base_4_addition:hidden:0,9,192,0,,runs/709714/final_eval_baseline_10seed/slurm_pysr/eval_0000/results/task_000139.json
PySR,mips:rnn_base_4_addition:hidden:1,0,192,1,,runs/709714/final_eval_baseline_10seed/slurm_pysr/eval_0000/results/task_000140.json
PySR,mips:rnn_base_4_addition:hidden:1,1,192,1,,runs/709714/final_eval_baseline_10seed/slurm_pysr/eval_0000/results/task_000141.json
PySR,mips:rnn_base_4_addition:hidden:1,2,192,1,,runs/709714/final_eval_baseline_10seed/slurm_pysr/eval_0000/results/task_000142.json
PySR,mips:rnn_base_4_addition:hidden:1,3,192,1,,runs/709714/final_eval_baseline_10seed/slurm_pysr/eval_0000/results/task_000143.json
PySR,mips:rnn_base_4_addition:hidden:1,4,192,1,,runs/709714/final_eval_baseline_10seed/slurm_pysr/eval_0000/results/task_000144.json
PySR,mips:rnn_base_4_addition:hidden:1,5,192,1,,runs/709714/final_eval_baseline_10seed/slurm_pysr/eval_0000/results/task_000145.json
PySR,mips:rnn_base_4_addition:hidden:1,6,192,1,,runs/709714/final_eval_baseline_10seed/slurm_pysr/eval_0000/results/task_000146.json
PySR,mips:rnn_base_4_addition:hidden:1,7,192,1,,runs/709714/final_eval_baseline_10seed/slurm_pysr/eval_0000/results/task_000147.json
PySR,mips:rnn_base_4_addition:hidden:1,8,192,1,,runs/709714/final_eval_baseline_10seed/slurm_pysr/eval_0000/results/task_000148.json
PySR,mips:rnn_base_4_addition:hidden:1,9,192,0,,runs/709714/final_eval_baseline_10seed/slurm_pysr/eval_0000/results/task_000149.json
PySR,mips:rnn_base_4_addition:output:0,0,192,1,,runs/709714/final_eval_baseline_10seed/slurm_pysr/eval_0000/results/task_000150.json
PySR,mips:rnn_base_4_addition:output:0,1,192,1,,runs/709714/final_eval_baseline_10seed/slurm_pysr/eval_0000/results/task_000151.json
PySR,mips:rnn_base_4_addition:output:0,2,192,1,,runs/709714/final_eval_baseline_10seed/slurm_pysr/eval_0000/results/task_000152.json
PySR,mips:rnn_base_4_addition:output:0,3,192,1,,runs/709714/final_eval_baseline_10seed/slurm_pysr/eval_0000/results/task_000153.json
PySR,mips:rnn_base_4_addition:output:0,4,192,1,,runs/709714/final_eval_baseline_10seed/slurm_pysr/eval_0000/results/task_000154.json
PySR,mips:rnn_base_4_addition:output:0,5,192,1,,runs/709714/final_eval_baseline_10seed/slurm_pysr/eval_0000/results/task_000155.json
PySR,mips:rnn_base_4_addition:output:0,6,192,1,,runs/709714/final_eval_baseline_10seed/slurm_pysr/eval_0000/results/task_000156.json
PySR,mips:rnn_base_4_addition:output:0,7,192,1,,runs/709714/final_eval_baseline_10seed/slurm_pysr/eval_0000/results/task_000157.json
PySR,mips:rnn_base_4_addition:output:0,8,192,1,,runs/709714/final_eval_baseline_10seed/slurm_pysr/eval_0000/results/task_000158.json
PySR,mips:rnn_base_4_addition:output:0,9,192,1,,runs/709714/final_eval_baseline_10seed/slurm_pysr/eval_0000/results/task_000159.json
PySR,mips:rnn_base_5_addition:hidden:0,0,192,0,,runs/709714/final_eval_baseline_10seed/slurm_pysr/eval_0000/results/task_000160.json
PySR,mips:rnn_base_5_addition:hidden:0,1,192,0,,runs/709714/final_eval_baseline_10seed/slurm_pysr/eval_0000/results/task_000161.json
PySR,mips:rnn_base_5_addition:hidden:0,2,192,0,,runs/709714/final_eval_baseline_10seed/slurm_pysr/eval_0000/results/task_000162.json
PySR,mips:rnn_base_5_addition:hidden:0,3,192,0,,runs/709714/final_eval_baseline_10seed/slurm_pysr/eval_0000/results/task_000163.json
PySR,mips:rnn_base_5_addition:hidden:0,4,192,0,,runs/709714/final_eval_baseline_10seed/slurm_pysr/eval_0000/results/task_000164.json
PySR,mips:rnn_base_5_addition:hidden:0,5,192,0,,runs/709714/final_eval_baseline_10seed/slurm_pysr/eval_0000/results/task_000165.json
PySR,mips:rnn_base_5_addition:hidden:0,6,192,0,,runs/709714/final_eval_baseline_10seed/slurm_pysr/eval_0000/results/task_000166.json
PySR,mips:rnn_base_5_addition:hidden:0,7,192,0,,runs/709714/final_eval_baseline_10seed/slurm_pysr/eval_0000/results/task_000167.json
PySR,mips:rnn_base_5_addition:hidden:0,8,192,0,,runs/709714/final_eval_baseline_10seed/slurm_pysr/eval_0000/results/task_000168.json
PySR,mips:rnn_base_5_addition:hidden:0,9,192,0,,runs/709714/final_eval_baseline_10seed/slurm_pysr/eval_0000/results/task_000169.json
PySR,mips:rnn_base_5_addition:hidden:1,0,192,1,,runs/709714/final_eval_baseline_10seed/slurm_pysr/eval_0000/results/task_000170.json
PySR,mips:rnn_base_5_addition:hidden:1,1,192,0,,runs/709714/final_eval_baseline_10seed/slurm_pysr/eval_0000/results/task_000171.json
PySR,mips:rnn_base_5_addition:hidden:1,2,192,1,,runs/709714/final_eval_baseline_10seed/slurm_pysr/eval_0000/results/task_000172.json
PySR,mips:rnn_base_5_addition:hidden:1,3,192,1,,runs/709714/final_eval_baseline_10seed/slurm_pysr/eval_0000/results/task_000173.json
PySR,mips:rnn_base_5_addition:hidden:1,4,192,1,,runs/709714/final_eval_baseline_10seed/slurm_pysr/eval_0000/results/task_000174.json
PySR,mips:rnn_base_5_addition:hidden:1,5,192,1,,runs/709714/final_eval_baseline_10seed/slurm_pysr/eval_0000/results/task_000175.json
PySR,mips:rnn_base_5_addition:hidden:1,6,192,1,,runs/709714/final_eval_baseline_10seed/slurm_pysr/eval_0000/results/task_000176.json
PySR,mips:rnn_base_5_addition:hidden:1,7,192,1,,runs/709714/final_eval_baseline_10seed/slurm_pysr/eval_0000/results/task_000177.json
PySR,mips:rnn_base_5_addition:hidden:1,8,192,1,,runs/709714/final_eval_baseline_10seed/slurm_pysr/eval_0000/results/task_000178.json
PySR,mips:rnn_base_5_addition:hidden:1,9,192,0,,runs/709714/final_eval_baseline_10seed/slurm_pysr/eval_0000/results/task_000179.json
PySR,mips:rnn_base_5_addition:output:0,0,192,1,,runs/709714/final_eval_baseline_10seed/slurm_pysr/eval_0000/results/task_000180.json
PySR,mips:rnn_base_5_addition:output:0,1,192,1,,runs/709714/final_eval_baseline_10seed/slurm_pysr/eval_0000/results/task_000181.json
PySR,mips:rnn_base_5_addition:output:0,2,192,1,,runs/709714/final_eval_baseline_10seed/slurm_pysr/eval_0000/results/task_000182.json
PySR,mips:rnn_base_5_addition:output:0,3,192,1,,runs/709714/final_eval_baseline_10seed/slurm_pysr/eval_0000/results/task_000183.json
PySR,mips:rnn_base_5_addition:output:0,4,192,1,,runs/709714/final_eval_baseline_10seed/slurm_pysr/eval_0000/results/task_000184.json
PySR,mips:rnn_base_5_addition:output:0,5,192,1,,runs/709714/final_eval_baseline_10seed/slurm_pysr/eval_0000/results/task_000185.json
PySR,mips:rnn_base_5_addition:output:0,6,192,1,,runs/709714/final_eval_baseline_10seed/slurm_pysr/eval_0000/results/task_000186.json
PySR,mips:rnn_base_5_addition:output:0,7,192,1,,runs/709714/final_eval_baseline_10seed/slurm_pysr/eval_0000/results/task_000187.json
PySR,mips:rnn_base_5_addition:output:0,8,192,1,,runs/709714/final_eval_baseline_10seed/slurm_pysr/eval_0000/results/task_000188.json
PySR,mips:rnn_base_5_addition:output:0,9,192,1,,runs/709714/final_eval_baseline_10seed/slurm_pysr/eval_0000/results/task_000189.json
PySR,mips:rnn_base_6_addition:hidden:0,0,192,1,,runs/709714/final_eval_baseline_10seed/slurm_pysr/eval_0000/results/task_000190.json
PySR,mips:rnn_base_6_addition:hidden:0,1,192,1,,runs/709714/final_eval_baseline_10seed/slurm_pysr/eval_0000/results/task_000191.json
PySR,mips:rnn_base_6_addition:hidden:0,2,192,1,,runs/709714/final_eval_baseline_10seed/slurm_pysr/eval_0000/results/task_000192.json
PySR,mips:rnn_base_6_addition:hidden:0,3,192,0,,runs/709714/final_eval_baseline_10seed/slurm_pysr/eval_0000/results/task_000193.json
PySR,mips:rnn_base_6_addition:hidden:0,4,192,0,,runs/709714/final_eval_baseline_10seed/slurm_pysr/eval_0000/results/task_000194.json
PySR,mips:rnn_base_6_addition:hidden:0,5,192,0,,runs/709714/final_eval_baseline_10seed/slurm_pysr/eval_0000/results/task_000195.json
PySR,mips:rnn_base_6_addition:hidden:0,6,192,1,,runs/709714/final_eval_baseline_10seed/slurm_pysr/eval_0000/results/task_000196.json
PySR,mips:rnn_base_6_addition:hidden:0,7,192,1,,runs/709714/final_eval_baseline_10seed/slurm_pysr/eval_0000/results/task_000197.json
PySR,mips:rnn_base_6_addition:hidden:0,8,192,1,,runs/709714/final_eval_baseline_10seed/slurm_pysr/eval_0000/results/task_000198.json
PySR,mips:rnn_base_6_addition:hidden:0,9,192,1,,runs/709714/final_eval_baseline_10seed/slurm_pysr/eval_0000/results/task_000199.json
PySR,mips:rnn_base_6_addition:hidden:1,0,192,0,,runs/709714/final_eval_baseline_10seed/slurm_pysr/eval_0000/results/task_000200.json
PySR,mips:rnn_base_6_addition:hidden:1,1,192,0,,runs/709714/final_eval_baseline_10seed/slurm_pysr/eval_0000/results/task_000201.json
PySR,mips:rnn_base_6_addition:hidden:1,2,192,0,,runs/709714/final_eval_baseline_10seed/slurm_pysr/eval_0000/results/task_000202.json
PySR,mips:rnn_base_6_addition:hidden:1,3,192,1,,runs/709714/final_eval_baseline_10seed/slurm_pysr/eval_0000/results/task_000203.json
PySR,mips:rnn_base_6_addition:hidden:1,4,192,0,,runs/709714/final_eval_baseline_10seed/slurm_pysr/eval_0000/results/task_000204.json
PySR,mips:rnn_base_6_addition:hidden:1,5,192,0,,runs/709714/final_eval_baseline_10seed/slurm_pysr/eval_0000/results/task_000205.json
PySR,mips:rnn_base_6_addition:hidden:1,6,192,0,,runs/709714/final_eval_baseline_10seed/slurm_pysr/eval_0000/results/task_000206.json
PySR,mips:rnn_base_6_addition:hidden:1,7,192,0,,runs/709714/final_eval_baseline_10seed/slurm_pysr/eval_0000/results/task_000207.json
PySR,mips:rnn_base_6_addition:hidden:1,8,192,0,,runs/709714/final_eval_baseline_10seed/slurm_pysr/eval_0000/results/task_000208.json
PySR,mips:rnn_base_6_addition:hidden:1,9,192,0,,runs/709714/final_eval_baseline_10seed/slurm_pysr/eval_0000/results/task_000209.json
PySR,mips:rnn_base_6_addition:output:0,0,192,1,,runs/709714/final_eval_baseline_10seed/slurm_pysr/eval_0000/results/task_000210.json
PySR,mips:rnn_base_6_addition:output:0,1,192,1,,runs/709714/final_eval_baseline_10seed/slurm_pysr/eval_0000/results/task_000211.json
PySR,mips:rnn_base_6_addition:output:0,2,192,1,,runs/709714/final_eval_baseline_10seed/slurm_pysr/eval_0000/results/task_000212.json
PySR,mips:rnn_base_6_addition:output:0,3,192,1,,runs/709714/final_eval_baseline_10seed/slurm_pysr/eval_0000/results/task_000213.json
PySR,mips:rnn_base_6_addition:output:0,4,192,1,,runs/709714/final_eval_baseline_10seed/slurm_pysr/eval_0000/results/task_000214.json
PySR,mips:rnn_base_6_addition:output:0,5,192,1,,runs/709714/final_eval_baseline_10seed/slurm_pysr/eval_0000/results/task_000215.json
PySR,mips:rnn_base_6_addition:output:0,6,192,1,,runs/709714/final_eval_baseline_10seed/slurm_pysr/eval_0000/results/task_000216.json
PySR,mips:rnn_base_6_addition:output:0,7,192,1,,runs/709714/final_eval_baseline_10seed/slurm_pysr/eval_0000/results/task_000217.json
PySR,mips:rnn_base_6_addition:output:0,8,192,1,,runs/709714/final_eval_baseline_10seed/slurm_pysr/eval_0000/results/task_000218.json
PySR,mips:rnn_base_6_addition:output:0,9,192,1,,runs/709714/final_eval_baseline_10seed/slurm_pysr/eval_0000/results/task_000219.json
PySR,mips:rnn_base_7_addition:hidden:0,0,192,1,,runs/709714/final_eval_baseline_10seed/slurm_pysr/eval_0000/results/task_000220.json
PySR,mips:rnn_base_7_addition:hidden:0,1,192,1,,runs/709714/final_eval_baseline_10seed/slurm_pysr/eval_0000/results/task_000221.json
PySR,mips:rnn_base_7_addition:hidden:0,2,192,1,,runs/709714/final_eval_baseline_10seed/slurm_pysr/eval_0000/results/task_000222.json
PySR,mips:rnn_base_7_addition:hidden:0,3,192,1,,runs/709714/final_eval_baseline_10seed/slurm_pysr/eval_0000/results/task_000223.json
PySR,mips:rnn_base_7_addition:hidden:0,4,192,1,,runs/709714/final_eval_baseline_10seed/slurm_pysr/eval_0000/results/task_000224.json
PySR,mips:rnn_base_7_addition:hidden:0,5,192,1,,runs/709714/final_eval_baseline_10seed/slurm_pysr/eval_0000/results/task_000225.json
PySR,mips:rnn_base_7_addition:hidden:0,6,192,1,,runs/709714/final_eval_baseline_10seed/slurm_pysr/eval_0000/results/task_000226.json
PySR,mips:rnn_base_7_addition:hidden:0,7,192,1,,runs/709714/final_eval_baseline_10seed/slurm_pysr/eval_0000/results/task_000227.json
PySR,mips:rnn_base_7_addition:hidden:0,8,192,1,,runs/709714/final_eval_baseline_10seed/slurm_pysr/eval_0000/results/task_000228.json
PySR,mips:rnn_base_7_addition:hidden:0,9,192,1,,runs/709714/final_eval_baseline_10seed/slurm_pysr/eval_0000/results/task_000229.json
PySR,mips:rnn_base_7_addition:hidden:1,0,192,0,,runs/709714/final_eval_baseline_10seed/slurm_pysr/eval_0000/results/task_000230.json
PySR,mips:rnn_base_7_addition:hidden:1,1,192,0,,runs/709714/final_eval_baseline_10seed/slurm_pysr/eval_0000/results/task_000231.json
PySR,mips:rnn_base_7_addition:hidden:1,2,192,0,,runs/709714/final_eval_baseline_10seed/slurm_pysr/eval_0000/results/task_000232.json
PySR,mips:rnn_base_7_addition:hidden:1,3,192,0,,runs/709714/final_eval_baseline_10seed/slurm_pysr/eval_0000/results/task_000233.json
PySR,mips:rnn_base_7_addition:hidden:1,4,192,0,,runs/709714/final_eval_baseline_10seed/slurm_pysr/eval_0000/results/task_000234.json
PySR,mips:rnn_base_7_addition:hidden:1,5,192,0,,runs/709714/final_eval_baseline_10seed/slurm_pysr/eval_0000/results/task_000235.json
PySR,mips:rnn_base_7_addition:hidden:1,6,192,0,,runs/709714/final_eval_baseline_10seed/slurm_pysr/eval_0000/results/task_000236.json
PySR,mips:rnn_base_7_addition:hidden:1,7,192,0,,runs/709714/final_eval_baseline_10seed/slurm_pysr/eval_0000/results/task_000237.json
PySR,mips:rnn_base_7_addition:hidden:1,8,192,0,,runs/709714/final_eval_baseline_10seed/slurm_pysr/eval_0000/results/task_000238.json
PySR,mips:rnn_base_7_addition:hidden:1,9,192,0,,runs/709714/final_eval_baseline_10seed/slurm_pysr/eval_0000/results/task_000239.json
PySR,mips:rnn_base_7_addition:output:0,0,192,1,,runs/709714/final_eval_baseline_10seed/slurm_pysr/eval_0000/results/task_000240.json
PySR,mips:rnn_base_7_addition:output:0,1,192,1,,runs/709714/final_eval_baseline_10seed/slurm_pysr/eval_0000/results/task_000241.json
PySR,mips:rnn_base_7_addition:output:0,2,192,1,,runs/709714/final_eval_baseline_10seed/slurm_pysr/eval_0000/results/task_000242.json
PySR,mips:rnn_base_7_addition:output:0,3,192,1,,runs/709714/final_eval_baseline_10seed/slurm_pysr/eval_0000/results/task_000243.json
PySR,mips:rnn_base_7_addition:output:0,4,192,1,,runs/709714/final_eval_baseline_10seed/slurm_pysr/eval_0000/results/task_000244.json
PySR,mips:rnn_base_7_addition:output:0,5,192,1,,runs/709714/final_eval_baseline_10seed/slurm_pysr/eval_0000/results/task_000245.json
PySR,mips:rnn_base_7_addition:output:0,6,192,1,,runs/709714/final_eval_baseline_10seed/slurm_pysr/eval_0000/results/task_000246.json
PySR,mips:rnn_base_7_addition:output:0,7,192,1,,runs/709714/final_eval_baseline_10seed/slurm_pysr/eval_0000/results/task_000247.json
PySR,mips:rnn_base_7_addition:output:0,8,192,1,,runs/709714/final_eval_baseline_10seed/slurm_pysr/eval_0000/results/task_000248.json
PySR,mips:rnn_base_7_addition:output:0,9,192,1,,runs/709714/final_eval_baseline_10seed/slurm_pysr/eval_0000/results/task_000249.json
PySR,mips:rnn_max_numerical:hidden:0,0,192,1,,runs/709714/final_eval_baseline_10seed/slurm_pysr/eval_0000/results/task_000250.json
PySR,mips:rnn_max_numerical:hidden:0,1,192,1,,runs/709714/final_eval_baseline_10seed/slurm_pysr/eval_0000/results/task_000251.json
PySR,mips:rnn_max_numerical:hidden:0,2,192,1,,runs/709714/final_eval_baseline_10seed/slurm_pysr/eval_0000/results/task_000252.json
PySR,mips:rnn_max_numerical:hidden:0,3,192,1,,runs/709714/final_eval_baseline_10seed/slurm_pysr/eval_0000/results/task_000253.json
PySR,mips:rnn_max_numerical:hidden:0,4,192,1,,runs/709714/final_eval_baseline_10seed/slurm_pysr/eval_0000/results/task_000254.json
PySR,mips:rnn_max_numerical:hidden:0,5,192,1,,runs/709714/final_eval_baseline_10seed/slurm_pysr/eval_0000/results/task_000255.json
PySR,mips:rnn_max_numerical:hidden:0,6,192,1,,runs/709714/final_eval_baseline_10seed/slurm_pysr/eval_0000/results/task_000256.json
PySR,mips:rnn_max_numerical:hidden:0,7,192,1,,runs/709714/final_eval_baseline_10seed/slurm_pysr/eval_0000/results/task_000257.json
PySR,mips:rnn_max_numerical:hidden:0,8,192,1,,runs/709714/final_eval_baseline_10seed/slurm_pysr/eval_0000/results/task_000258.json
PySR,mips:rnn_max_numerical:hidden:0,9,192,1,,runs/709714/final_eval_baseline_10seed/slurm_pysr/eval_0000/results/task_000259.json
PySR,mips:rnn_max_numerical:output:0,0,192,1,,runs/709714/final_eval_baseline_10seed/slurm_pysr/eval_0000/results/task_000260.json
PySR,mips:rnn_max_numerical:output:0,1,192,1,,runs/709714/final_eval_baseline_10seed/slurm_pysr/eval_0000/results/task_000261.json
PySR,mips:rnn_max_numerical:output:0,2,192,1,,runs/709714/final_eval_baseline_10seed/slurm_pysr/eval_0000/results/task_000262.json
PySR,mips:rnn_max_numerical:output:0,3,192,1,,runs/709714/final_eval_baseline_10seed/slurm_pysr/eval_0000/results/task_000263.json
PySR,mips:rnn_max_numerical:output:0,4,192,1,,runs/709714/final_eval_baseline_10seed/slurm_pysr/eval_0000/results/task_000264.json
PySR,mips:rnn_max_numerical:output:0,5,192,1,,runs/709714/final_eval_baseline_10seed/slurm_pysr/eval_0000/results/task_000265.json
PySR,mips:rnn_max_numerical:output:0,6,192,1,,runs/709714/final_eval_baseline_10seed/slurm_pysr/eval_0000/results/task_000266.json
PySR,mips:rnn_max_numerical:output:0,7,192,1,,runs/709714/final_eval_baseline_10seed/slurm_pysr/eval_0000/results/task_000267.json
PySR,mips:rnn_max_numerical:output:0,8,192,1,,runs/709714/final_eval_baseline_10seed/slurm_pysr/eval_0000/results/task_000268.json
PySR,mips:rnn_max_numerical:output:0,9,192,1,,runs/709714/final_eval_baseline_10seed/slurm_pysr/eval_0000/results/task_000269.json
PySR,mips:rnn_min_numerical:hidden:0,0,192,1,,runs/709714/final_eval_baseline_10seed/slurm_pysr/eval_0000/results/task_000270.json
PySR,mips:rnn_min_numerical:hidden:0,1,192,1,,runs/709714/final_eval_baseline_10seed/slurm_pysr/eval_0000/results/task_000271.json
PySR,mips:rnn_min_numerical:hidden:0,2,192,1,,runs/709714/final_eval_baseline_10seed/slurm_pysr/eval_0000/results/task_000272.json
PySR,mips:rnn_min_numerical:hidden:0,3,192,1,,runs/709714/final_eval_baseline_10seed/slurm_pysr/eval_0000/results/task_000273.json
PySR,mips:rnn_min_numerical:hidden:0,4,192,1,,runs/709714/final_eval_baseline_10seed/slurm_pysr/eval_0000/results/task_000274.json
PySR,mips:rnn_min_numerical:hidden:0,5,192,1,,runs/709714/final_eval_baseline_10seed/slurm_pysr/eval_0000/results/task_000275.json
PySR,mips:rnn_min_numerical:hidden:0,6,192,1,,runs/709714/final_eval_baseline_10seed/slurm_pysr/eval_0000/results/task_000276.json
PySR,mips:rnn_min_numerical:hidden:0,7,192,1,,runs/709714/final_eval_baseline_10seed/slurm_pysr/eval_0000/results/task_000277.json
PySR,mips:rnn_min_numerical:hidden:0,8,192,1,,runs/709714/final_eval_baseline_10seed/slurm_pysr/eval_0000/results/task_000278.json
PySR,mips:rnn_min_numerical:hidden:0,9,192,1,,runs/709714/final_eval_baseline_10seed/slurm_pysr/eval_0000/results/task_000279.json
PySR,mips:rnn_min_numerical:output:0,0,192,1,,runs/709714/final_eval_baseline_10seed/slurm_pysr/eval_0000/results/task_000280.json
PySR,mips:rnn_min_numerical:output:0,1,192,1,,runs/709714/final_eval_baseline_10seed/slurm_pysr/eval_0000/results/task_000281.json
PySR,mips:rnn_min_numerical:output:0,2,192,1,,runs/709714/final_eval_baseline_10seed/slurm_pysr/eval_0000/results/task_000282.json
PySR,mips:rnn_min_numerical:output:0,3,192,1,,runs/709714/final_eval_baseline_10seed/slurm_pysr/eval_0000/results/task_000283.json
PySR,mips:rnn_min_numerical:output:0,4,192,1,,runs/709714/final_eval_baseline_10seed/slurm_pysr/eval_0000/results/task_000284.json
PySR,mips:rnn_min_numerical:output:0,5,192,1,,runs/709714/final_eval_baseline_10seed/slurm_pysr/eval_0000/results/task_000285.json
PySR,mips:rnn_min_numerical:output:0,6,192,1,,runs/709714/final_eval_baseline_10seed/slurm_pysr/eval_0000/results/task_000286.json
PySR,mips:rnn_min_numerical:output:0,7,192,1,,runs/709714/final_eval_baseline_10seed/slurm_pysr/eval_0000/results/task_000287.json
PySR,mips:rnn_min_numerical:output:0,8,192,1,,runs/709714/final_eval_baseline_10seed/slurm_pysr/eval_0000/results/task_000288.json
PySR,mips:rnn_min_numerical:output:0,9,192,1,,runs/709714/final_eval_baseline_10seed/slurm_pysr/eval_0000/results/task_000289.json
PySR,mips:rnn_parity_last2_numerical:hidden:0,0,192,1,,runs/709714/final_eval_baseline_10seed/slurm_pysr/eval_0000/results/task_000290.json
PySR,mips:rnn_parity_last2_numerical:hidden:0,1,192,1,,runs/709714/final_eval_baseline_10seed/slurm_pysr/eval_0000/results/task_000291.json
PySR,mips:rnn_parity_last2_numerical:hidden:0,2,192,1,,runs/709714/final_eval_baseline_10seed/slurm_pysr/eval_0000/results/task_000292.json
PySR,mips:rnn_parity_last2_numerical:hidden:0,3,192,1,,runs/709714/final_eval_baseline_10seed/slurm_pysr/eval_0000/results/task_000293.json
PySR,mips:rnn_parity_last2_numerical:hidden:0,4,192,1,,runs/709714/final_eval_baseline_10seed/slurm_pysr/eval_0000/results/task_000294.json
PySR,mips:rnn_parity_last2_numerical:hidden:0,5,192,1,,runs/709714/final_eval_baseline_10seed/slurm_pysr/eval_0000/results/task_000295.json
PySR,mips:rnn_parity_last2_numerical:hidden:0,6,192,1,,runs/709714/final_eval_baseline_10seed/slurm_pysr/eval_0000/results/task_000296.json
PySR,mips:rnn_parity_last2_numerical:hidden:0,7,192,1,,runs/709714/final_eval_baseline_10seed/slurm_pysr/eval_0000/results/task_000297.json
PySR,mips:rnn_parity_last2_numerical:hidden:0,8,192,1,,runs/709714/final_eval_baseline_10seed/slurm_pysr/eval_0000/results/task_000298.json
PySR,mips:rnn_parity_last2_numerical:hidden:0,9,192,1,,runs/709714/final_eval_baseline_10seed/slurm_pysr/eval_0000/results/task_000299.json
PySR,mips:rnn_parity_last2_numerical:output:0,0,192,1,,runs/709714/final_eval_baseline_10seed/slurm_pysr/eval_0000/results/task_000300.json
PySR,mips:rnn_parity_last2_numerical:output:0,1,192,1,,runs/709714/final_eval_baseline_10seed/slurm_pysr/eval_0000/results/task_000301.json
PySR,mips:rnn_parity_last2_numerical:output:0,2,192,1,,runs/709714/final_eval_baseline_10seed/slurm_pysr/eval_0000/results/task_000302.json
PySR,mips:rnn_parity_last2_numerical:output:0,3,192,1,,runs/709714/final_eval_baseline_10seed/slurm_pysr/eval_0000/results/task_000303.json
PySR,mips:rnn_parity_last2_numerical:output:0,4,192,1,,runs/709714/final_eval_baseline_10seed/slurm_pysr/eval_0000/results/task_000304.json
PySR,mips:rnn_parity_last2_numerical:output:0,5,192,1,,runs/709714/final_eval_baseline_10seed/slurm_pysr/eval_0000/results/task_000305.json
PySR,mips:rnn_parity_last2_numerical:output:0,6,192,1,,runs/709714/final_eval_baseline_10seed/slurm_pysr/eval_0000/results/task_000306.json
PySR,mips:rnn_parity_last2_numerical:output:0,7,192,1,,runs/709714/final_eval_baseline_10seed/slurm_pysr/eval_0000/results/task_000307.json
PySR,mips:rnn_parity_last2_numerical:output:0,8,192,1,,runs/709714/final_eval_baseline_10seed/slurm_pysr/eval_0000/results/task_000308.json
PySR,mips:rnn_parity_last2_numerical:output:0,9,192,1,,runs/709714/final_eval_baseline_10seed/slurm_pysr/eval_0000/results/task_000309.json
PySR,mips:rnn_unique2_numerical:hidden:0,0,192,1,,runs/709714/final_eval_baseline_10seed/slurm_pysr/eval_0000/results/task_000310.json
PySR,mips:rnn_unique2_numerical:hidden:0,1,192,1,,runs/709714/final_eval_baseline_10seed/slurm_pysr/eval_0000/results/task_000311.json
PySR,mips:rnn_unique2_numerical:hidden:0,2,192,1,,runs/709714/final_eval_baseline_10seed/slurm_pysr/eval_0000/results/task_000312.json
PySR,mips:rnn_unique2_numerical:hidden:0,3,192,1,,runs/709714/final_eval_baseline_10seed/slurm_pysr/eval_0000/results/task_000313.json
PySR,mips:rnn_unique2_numerical:hidden:0,4,192,1,,runs/709714/final_eval_baseline_10seed/slurm_pysr/eval_0000/results/task_000314.json
PySR,mips:rnn_unique2_numerical:hidden:0,5,192,1,,runs/709714/final_eval_baseline_10seed/slurm_pysr/eval_0000/results/task_000315.json
PySR,mips:rnn_unique2_numerical:hidden:0,6,192,1,,runs/709714/final_eval_baseline_10seed/slurm_pysr/eval_0000/results/task_000316.json
PySR,mips:rnn_unique2_numerical:hidden:0,7,192,1,,runs/709714/final_eval_baseline_10seed/slurm_pysr/eval_0000/results/task_000317.json
PySR,mips:rnn_unique2_numerical:hidden:0,8,192,1,,runs/709714/final_eval_baseline_10seed/slurm_pysr/eval_0000/results/task_000318.json
PySR,mips:rnn_unique2_numerical:hidden:0,9,192,1,,runs/709714/final_eval_baseline_10seed/slurm_pysr/eval_0000/results/task_000319.json
PySR,mips:rnn_unique2_numerical:hidden:1,0,192,0,,runs/709714/final_eval_baseline_10seed/slurm_pysr/eval_0000/results/task_000320.json
PySR,mips:rnn_unique2_numerical:hidden:1,1,192,0,,runs/709714/final_eval_baseline_10seed/slurm_pysr/eval_0000/results/task_000321.json
PySR,mips:rnn_unique2_numerical:hidden:1,2,192,1,,runs/709714/final_eval_baseline_10seed/slurm_pysr/eval_0000/results/task_000322.json
PySR,mips:rnn_unique2_numerical:hidden:1,3,192,0,,runs/709714/final_eval_baseline_10seed/slurm_pysr/eval_0000/results/task_000323.json
PySR,mips:rnn_unique2_numerical:hidden:1,4,192,1,,runs/709714/final_eval_baseline_10seed/slurm_pysr/eval_0000/results/task_000324.json
PySR,mips:rnn_unique2_numerical:hidden:1,5,192,1,,runs/709714/final_eval_baseline_10seed/slurm_pysr/eval_0000/results/task_000325.json
PySR,mips:rnn_unique2_numerical:hidden:1,6,192,0,,runs/709714/final_eval_baseline_10seed/slurm_pysr/eval_0000/results/task_000326.json
PySR,mips:rnn_unique2_numerical:hidden:1,7,192,0,,runs/709714/final_eval_baseline_10seed/slurm_pysr/eval_0000/results/task_000327.json
PySR,mips:rnn_unique2_numerical:hidden:1,8,192,1,,runs/709714/final_eval_baseline_10seed/slurm_pysr/eval_0000/results/task_000328.json
PySR,mips:rnn_unique2_numerical:hidden:1,9,192,0,,runs/709714/final_eval_baseline_10seed/slurm_pysr/eval_0000/results/task_000329.json
PySR,mips:rnn_unique2_numerical:output:0,0,192,1,,runs/709714/final_eval_baseline_10seed/slurm_pysr/eval_0000/results/task_000330.json
PySR,mips:rnn_unique2_numerical:output:0,1,192,1,,runs/709714/final_eval_baseline_10seed/slurm_pysr/eval_0000/results/task_000331.json
PySR,mips:rnn_unique2_numerical:output:0,2,192,1,,runs/709714/final_eval_baseline_10seed/slurm_pysr/eval_0000/results/task_000332.json
PySR,mips:rnn_unique2_numerical:output:0,3,192,1,,runs/709714/final_eval_baseline_10seed/slurm_pysr/eval_0000/results/task_000333.json
PySR,mips:rnn_unique2_numerical:output:0,4,192,1,,runs/709714/final_eval_baseline_10seed/slurm_pysr/eval_0000/results/task_000334.json
PySR,mips:rnn_unique2_numerical:output:0,5,192,1,,runs/709714/final_eval_baseline_10seed/slurm_pysr/eval_0000/results/task_000335.json
PySR,mips:rnn_unique2_numerical:output:0,6,192,1,,runs/709714/final_eval_baseline_10seed/slurm_pysr/eval_0000/results/task_000336.json
PySR,mips:rnn_unique2_numerical:output:0,7,192,1,,runs/709714/final_eval_baseline_10seed/slurm_pysr/eval_0000/results/task_000337.json
PySR,mips:rnn_unique2_numerical:output:0,8,192,1,,runs/709714/final_eval_baseline_10seed/slurm_pysr/eval_0000/results/task_000338.json
PySR,mips:rnn_unique2_numerical:output:0,9,192,1,,runs/709714/final_eval_baseline_10seed/slurm_pysr/eval_0000/results/task_000339.json
PySR,mips:rnn_parity_last4_numerical:hidden:0,0,192,0,,runs/709714/final_eval_baseline_10seed/slurm_pysr/eval_0000/results/task_000340.json
PySR,mips:rnn_parity_last4_numerical:hidden:0,1,192,0,,runs/709714/final_eval_baseline_10seed/slurm_pysr/eval_0000/results/task_000341.json
PySR,mips:rnn_parity_last4_numerical:hidden:0,2,192,0,,runs/709714/final_eval_baseline_10seed/slurm_pysr/eval_0000/results/task_000342.json
PySR,mips:rnn_parity_last4_numerical:hidden:0,3,192,0,,runs/709714/final_eval_baseline_10seed/slurm_pysr/eval_0000/results/task_000343.json
PySR,mips:rnn_parity_last4_numerical:hidden:0,4,192,0,,runs/709714/final_eval_baseline_10seed/slurm_pysr/eval_0000/results/task_000344.json
PySR,mips:rnn_parity_last4_numerical:hidden:0,5,192,0,,runs/709714/final_eval_baseline_10seed/slurm_pysr/eval_0000/results/task_000345.json
PySR,mips:rnn_parity_last4_numerical:hidden:0,6,192,0,,runs/709714/final_eval_baseline_10seed/slurm_pysr/eval_0000/results/task_000346.json
PySR,mips:rnn_parity_last4_numerical:hidden:0,7,192,0,,runs/709714/final_eval_baseline_10seed/slurm_pysr/eval_0000/results/task_000347.json
PySR,mips:rnn_parity_last4_numerical:hidden:0,8,192,0,,runs/709714/final_eval_baseline_10seed/slurm_pysr/eval_0000/results/task_000348.json
PySR,mips:rnn_parity_last4_numerical:hidden:0,9,192,0,,runs/709714/final_eval_baseline_10seed/slurm_pysr/eval_0000/results/task_000349.json
PySR,mips:rnn_parity_last4_numerical:hidden:1,0,192,0,,runs/709714/final_eval_baseline_10seed/slurm_pysr/eval_0000/results/task_000350.json
PySR,mips:rnn_parity_last4_numerical:hidden:1,1,192,1,,runs/709714/final_eval_baseline_10seed/slurm_pysr/eval_0000/results/task_000351.json
PySR,mips:rnn_parity_last4_numerical:hidden:1,2,192,0,,runs/709714/final_eval_baseline_10seed/slurm_pysr/eval_0000/results/task_000352.json
PySR,mips:rnn_parity_last4_numerical:hidden:1,3,192,1,,runs/709714/final_eval_baseline_10seed/slurm_pysr/eval_0000/results/task_000353.json
PySR,mips:rnn_parity_last4_numerical:hidden:1,4,192,1,,runs/709714/final_eval_baseline_10seed/slurm_pysr/eval_0000/results/task_000354.json
PySR,mips:rnn_parity_last4_numerical:hidden:1,5,192,0,,runs/709714/final_eval_baseline_10seed/slurm_pysr/eval_0000/results/task_000355.json
PySR,mips:rnn_parity_last4_numerical:hidden:1,6,192,0,,runs/709714/final_eval_baseline_10seed/slurm_pysr/eval_0000/results/task_000356.json
PySR,mips:rnn_parity_last4_numerical:hidden:1,7,192,0,,runs/709714/final_eval_baseline_10seed/slurm_pysr/eval_0000/results/task_000357.json
PySR,mips:rnn_parity_last4_numerical:hidden:1,8,192,1,,runs/709714/final_eval_baseline_10seed/slurm_pysr/eval_0000/results/task_000358.json
PySR,mips:rnn_parity_last4_numerical:hidden:1,9,192,1,,runs/709714/final_eval_baseline_10seed/slurm_pysr/eval_0000/results/task_000359.json
PySR,mips:rnn_parity_last4_numerical:hidden:2,0,192,1,,runs/709714/final_eval_baseline_10seed/slurm_pysr/eval_0000/results/task_000360.json
PySR,mips:rnn_parity_last4_numerical:hidden:2,1,192,1,,runs/709714/final_eval_baseline_10seed/slurm_pysr/eval_0000/results/task_000361.json
PySR,mips:rnn_parity_last4_numerical:hidden:2,2,192,1,,runs/709714/final_eval_baseline_10seed/slurm_pysr/eval_0000/results/task_000362.json
PySR,mips:rnn_parity_last4_numerical:hidden:2,3,192,1,,runs/709714/final_eval_baseline_10seed/slurm_pysr/eval_0000/results/task_000363.json
PySR,mips:rnn_parity_last4_numerical:hidden:2,4,192,1,,runs/709714/final_eval_baseline_10seed/slurm_pysr/eval_0000/results/task_000364.json
PySR,mips:rnn_parity_last4_numerical:hidden:2,5,192,1,,runs/709714/final_eval_baseline_10seed/slurm_pysr/eval_0000/results/task_000365.json
PySR,mips:rnn_parity_last4_numerical:hidden:2,6,192,1,,runs/709714/final_eval_baseline_10seed/slurm_pysr/eval_0000/results/task_000366.json
PySR,mips:rnn_parity_last4_numerical:hidden:2,7,192,1,,runs/709714/final_eval_baseline_10seed/slurm_pysr/eval_0000/results/task_000367.json
PySR,mips:rnn_parity_last4_numerical:hidden:2,8,192,1,,runs/709714/final_eval_baseline_10seed/slurm_pysr/eval_0000/results/task_000368.json
PySR,mips:rnn_parity_last4_numerical:hidden:2,9,192,1,,runs/709714/final_eval_baseline_10seed/slurm_pysr/eval_0000/results/task_000369.json
PySR,mips:rnn_parity_last4_numerical:output:0,0,192,1,,runs/709714/final_eval_baseline_10seed/slurm_pysr/eval_0000/results/task_000370.json
PySR,mips:rnn_parity_last4_numerical:output:0,1,192,1,,runs/709714/final_eval_baseline_10seed/slurm_pysr/eval_0000/results/task_000371.json
PySR,mips:rnn_parity_last4_numerical:output:0,2,192,1,,runs/709714/final_eval_baseline_10seed/slurm_pysr/eval_0000/results/task_000372.json
PySR,mips:rnn_parity_last4_numerical:output:0,3,192,1,,runs/709714/final_eval_baseline_10seed/slurm_pysr/eval_0000/results/task_000373.json
PySR,mips:rnn_parity_last4_numerical:output:0,4,192,1,,runs/709714/final_eval_baseline_10seed/slurm_pysr/eval_0000/results/task_000374.json
PySR,mips:rnn_parity_last4_numerical:output:0,5,192,1,,runs/709714/final_eval_baseline_10seed/slurm_pysr/eval_0000/results/task_000375.json
PySR,mips:rnn_parity_last4_numerical:output:0,6,192,1,,runs/709714/final_eval_baseline_10seed/slurm_pysr/eval_0000/results/task_000376.json
PySR,mips:rnn_parity_last4_numerical:output:0,7,192,1,,runs/709714/final_eval_baseline_10seed/slurm_pysr/eval_0000/results/task_000377.json
PySR,mips:rnn_parity_last4_numerical:output:0,8,192,1,,runs/709714/final_eval_baseline_10seed/slurm_pysr/eval_0000/results/task_000378.json
PySR,mips:rnn_parity_last4_numerical:output:0,9,192,1,,runs/709714/final_eval_baseline_10seed/slurm_pysr/eval_0000/results/task_000379.json
PySR,mips:rnn_div_7_numerical:hidden:0,0,192,0,,runs/709714/final_eval_baseline_10seed/slurm_pysr/eval_0000/results/task_000380.json
PySR,mips:rnn_div_7_numerical:hidden:0,1,192,0,,runs/709714/final_eval_baseline_10seed/slurm_pysr/eval_0000/results/task_000381.json
PySR,mips:rnn_div_7_numerical:hidden:0,2,192,0,,runs/709714/final_eval_baseline_10seed/slurm_pysr/eval_0000/results/task_000382.json
PySR,mips:rnn_div_7_numerical:hidden:0,3,192,0,,runs/709714/final_eval_baseline_10seed/slurm_pysr/eval_0000/results/task_000383.json
PySR,mips:rnn_div_7_numerical:hidden:0,4,192,0,,runs/709714/final_eval_baseline_10seed/slurm_pysr/eval_0000/results/task_000384.json
PySR,mips:rnn_div_7_numerical:hidden:0,5,192,0,,runs/709714/final_eval_baseline_10seed/slurm_pysr/eval_0000/results/task_000385.json
PySR,mips:rnn_div_7_numerical:hidden:0,6,192,0,,runs/709714/final_eval_baseline_10seed/slurm_pysr/eval_0000/results/task_000386.json
PySR,mips:rnn_div_7_numerical:hidden:0,7,192,0,,runs/709714/final_eval_baseline_10seed/slurm_pysr/eval_0000/results/task_000387.json
PySR,mips:rnn_div_7_numerical:hidden:0,8,192,0,,runs/709714/final_eval_baseline_10seed/slurm_pysr/eval_0000/results/task_000388.json
PySR,mips:rnn_div_7_numerical:hidden:0,9,192,0,,runs/709714/final_eval_baseline_10seed/slurm_pysr/eval_0000/results/task_000389.json
PySR,mips:rnn_div_7_numerical:hidden:1,0,192,0,,runs/709714/final_eval_baseline_10seed/slurm_pysr/eval_0000/results/task_000390.json
PySR,mips:rnn_div_7_numerical:hidden:1,1,192,0,,runs/709714/final_eval_baseline_10seed/slurm_pysr/eval_0000/results/task_000391.json
PySR,mips:rnn_div_7_numerical:hidden:1,2,192,0,,runs/709714/final_eval_baseline_10seed/slurm_pysr/eval_0000/results/task_000392.json
PySR,mips:rnn_div_7_numerical:hidden:1,3,192,0,,runs/709714/final_eval_baseline_10seed/slurm_pysr/eval_0000/results/task_000393.json
PySR,mips:rnn_div_7_numerical:hidden:1,4,192,0,,runs/709714/final_eval_baseline_10seed/slurm_pysr/eval_0000/results/task_000394.json
PySR,mips:rnn_div_7_numerical:hidden:1,5,192,0,,runs/709714/final_eval_baseline_10seed/slurm_pysr/eval_0000/results/task_000395.json
PySR,mips:rnn_div_7_numerical:hidden:1,6,192,0,,runs/709714/final_eval_baseline_10seed/slurm_pysr/eval_0000/results/task_000396.json
PySR,mips:rnn_div_7_numerical:hidden:1,7,192,0,,runs/709714/final_eval_baseline_10seed/slurm_pysr/eval_0000/results/task_000397.json
PySR,mips:rnn_div_7_numerical:hidden:1,8,192,0,,runs/709714/final_eval_baseline_10seed/slurm_pysr/eval_0000/results/task_000398.json
PySR,mips:rnn_div_7_numerical:hidden:1,9,192,0,,runs/709714/final_eval_baseline_10seed/slurm_pysr/eval_0000/results/task_000399.json
PySR,mips:rnn_div_7_numerical:hidden:2,0,192,0,,runs/709714/final_eval_baseline_10seed/slurm_pysr/eval_0000/results/task_000400.json
PySR,mips:rnn_div_7_numerical:hidden:2,1,192,0,,runs/709714/final_eval_baseline_10seed/slurm_pysr/eval_0000/results/task_000401.json
PySR,mips:rnn_div_7_numerical:hidden:2,2,192,0,,runs/709714/final_eval_baseline_10seed/slurm_pysr/eval_0000/results/task_000402.json
PySR,mips:rnn_div_7_numerical:hidden:2,3,192,0,,runs/709714/final_eval_baseline_10seed/slurm_pysr/eval_0000/results/task_000403.json
PySR,mips:rnn_div_7_numerical:hidden:2,4,192,0,,runs/709714/final_eval_baseline_10seed/slurm_pysr/eval_0000/results/task_000404.json
PySR,mips:rnn_div_7_numerical:hidden:2,5,192,0,,runs/709714/final_eval_baseline_10seed/slurm_pysr/eval_0000/results/task_000405.json
PySR,mips:rnn_div_7_numerical:hidden:2,6,192,0,,runs/709714/final_eval_baseline_10seed/slurm_pysr/eval_0000/results/task_000406.json
PySR,mips:rnn_div_7_numerical:hidden:2,7,192,0,,runs/709714/final_eval_baseline_10seed/slurm_pysr/eval_0000/results/task_000407.json
PySR,mips:rnn_div_7_numerical:hidden:2,8,192,0,,runs/709714/final_eval_baseline_10seed/slurm_pysr/eval_0000/results/task_000408.json
PySR,mips:rnn_div_7_numerical:hidden:2,9,192,0,,runs/709714/final_eval_baseline_10seed/slurm_pysr/eval_0000/results/task_000409.json
PySR,mips:rnn_div_7_numerical:hidden:3,0,192,0,,runs/709714/final_eval_baseline_10seed/slurm_pysr/eval_0000/results/task_000410.json
PySR,mips:rnn_div_7_numerical:hidden:3,1,192,0,,runs/709714/final_eval_baseline_10seed/slurm_pysr/eval_0000/results/task_000411.json
PySR,mips:rnn_div_7_numerical:hidden:3,2,192,0,,runs/709714/final_eval_baseline_10seed/slurm_pysr/eval_0000/results/task_000412.json
PySR,mips:rnn_div_7_numerical:hidden:3,3,192,0,,runs/709714/final_eval_baseline_10seed/slurm_pysr/eval_0000/results/task_000413.json
PySR,mips:rnn_div_7_numerical:hidden:3,4,192,0,,runs/709714/final_eval_baseline_10seed/slurm_pysr/eval_0000/results/task_000414.json
PySR,mips:rnn_div_7_numerical:hidden:3,5,192,0,,runs/709714/final_eval_baseline_10seed/slurm_pysr/eval_0000/results/task_000415.json
PySR,mips:rnn_div_7_numerical:hidden:3,6,192,0,,runs/709714/final_eval_baseline_10seed/slurm_pysr/eval_0000/results/task_000416.json
PySR,mips:rnn_div_7_numerical:hidden:3,7,192,0,,runs/709714/final_eval_baseline_10seed/slurm_pysr/eval_0000/results/task_000417.json
PySR,mips:rnn_div_7_numerical:hidden:3,8,192,0,,runs/709714/final_eval_baseline_10seed/slurm_pysr/eval_0000/results/task_000418.json
PySR,mips:rnn_div_7_numerical:hidden:3,9,192,0,,runs/709714/final_eval_baseline_10seed/slurm_pysr/eval_0000/results/task_000419.json
PySR,mips:rnn_div_7_numerical:output:0,0,192,1,,runs/709714/final_eval_baseline_10seed/slurm_pysr/eval_0000/results/task_000420.json
PySR,mips:rnn_div_7_numerical:output:0,1,192,1,,runs/709714/final_eval_baseline_10seed/slurm_pysr/eval_0000/results/task_000421.json
PySR,mips:rnn_div_7_numerical:output:0,2,192,1,,runs/709714/final_eval_baseline_10seed/slurm_pysr/eval_0000/results/task_000422.json
PySR,mips:rnn_div_7_numerical:output:0,3,192,1,,runs/709714/final_eval_baseline_10seed/slurm_pysr/eval_0000/results/task_000423.json
PySR,mips:rnn_div_7_numerical:output:0,4,192,1,,runs/709714/final_eval_baseline_10seed/slurm_pysr/eval_0000/results/task_000424.json
PySR,mips:rnn_div_7_numerical:output:0,5,192,1,,runs/709714/final_eval_baseline_10seed/slurm_pysr/eval_0000/results/task_000425.json
PySR,mips:rnn_div_7_numerical:output:0,6,192,1,,runs/709714/final_eval_baseline_10seed/slurm_pysr/eval_0000/results/task_000426.json
PySR,mips:rnn_div_7_numerical:output:0,7,192,1,,runs/709714/final_eval_baseline_10seed/slurm_pysr/eval_0000/results/task_000427.json
PySR,mips:rnn_div_7_numerical:output:0,8,192,1,,runs/709714/final_eval_baseline_10seed/slurm_pysr/eval_0000/results/task_000428.json
PySR,mips:rnn_div_7_numerical:output:0,9,192,1,,runs/709714/final_eval_baseline_10seed/slurm_pysr/eval_0000/results/task_000429.json
PySR,mips:rnn_div_5_numerical:hidden:0,0,192,0,,runs/709714/final_eval_baseline_10seed/slurm_pysr/eval_0000/results/task_000430.json
PySR,mips:rnn_div_5_numerical:hidden:0,1,192,0,,runs/709714/final_eval_baseline_10seed/slurm_pysr/eval_0000/results/task_000431.json
PySR,mips:rnn_div_5_numerical:hidden:0,2,192,0,,runs/709714/final_eval_baseline_10seed/slurm_pysr/eval_0000/results/task_000432.json
PySR,mips:rnn_div_5_numerical:hidden:0,3,192,0,,runs/709714/final_eval_baseline_10seed/slurm_pysr/eval_0000/results/task_000433.json
PySR,mips:rnn_div_5_numerical:hidden:0,4,192,0,,runs/709714/final_eval_baseline_10seed/slurm_pysr/eval_0000/results/task_000434.json
PySR,mips:rnn_div_5_numerical:hidden:0,5,192,0,,runs/709714/final_eval_baseline_10seed/slurm_pysr/eval_0000/results/task_000435.json
PySR,mips:rnn_div_5_numerical:hidden:0,6,192,0,,runs/709714/final_eval_baseline_10seed/slurm_pysr/eval_0000/results/task_000436.json
PySR,mips:rnn_div_5_numerical:hidden:0,7,192,0,,runs/709714/final_eval_baseline_10seed/slurm_pysr/eval_0000/results/task_000437.json
PySR,mips:rnn_div_5_numerical:hidden:0,8,192,0,,runs/709714/final_eval_baseline_10seed/slurm_pysr/eval_0000/results/task_000438.json
PySR,mips:rnn_div_5_numerical:hidden:0,9,192,0,,runs/709714/final_eval_baseline_10seed/slurm_pysr/eval_0000/results/task_000439.json
PySR,mips:rnn_div_5_numerical:hidden:1,0,192,0,,runs/709714/final_eval_baseline_10seed/slurm_pysr/eval_0000/results/task_000440.json
PySR,mips:rnn_div_5_numerical:hidden:1,1,192,0,,runs/709714/final_eval_baseline_10seed/slurm_pysr/eval_0000/results/task_000441.json
PySR,mips:rnn_div_5_numerical:hidden:1,2,192,0,,runs/709714/final_eval_baseline_10seed/slurm_pysr/eval_0000/results/task_000442.json
PySR,mips:rnn_div_5_numerical:hidden:1,3,192,0,,runs/709714/final_eval_baseline_10seed/slurm_pysr/eval_0000/results/task_000443.json
PySR,mips:rnn_div_5_numerical:hidden:1,4,192,0,,runs/709714/final_eval_baseline_10seed/slurm_pysr/eval_0000/results/task_000444.json
PySR,mips:rnn_div_5_numerical:hidden:1,5,192,0,,runs/709714/final_eval_baseline_10seed/slurm_pysr/eval_0000/results/task_000445.json
PySR,mips:rnn_div_5_numerical:hidden:1,6,192,0,,runs/709714/final_eval_baseline_10seed/slurm_pysr/eval_0000/results/task_000446.json
PySR,mips:rnn_div_5_numerical:hidden:1,7,192,0,,runs/709714/final_eval_baseline_10seed/slurm_pysr/eval_0000/results/task_000447.json
PySR,mips:rnn_div_5_numerical:hidden:1,8,192,0,,runs/709714/final_eval_baseline_10seed/slurm_pysr/eval_0000/results/task_000448.json
PySR,mips:rnn_div_5_numerical:hidden:1,9,192,0,,runs/709714/final_eval_baseline_10seed/slurm_pysr/eval_0000/results/task_000449.json
PySR,mips:rnn_div_5_numerical:hidden:2,0,192,0,,runs/709714/final_eval_baseline_10seed/slurm_pysr/eval_0000/results/task_000450.json
PySR,mips:rnn_div_5_numerical:hidden:2,1,192,0,,runs/709714/final_eval_baseline_10seed/slurm_pysr/eval_0000/results/task_000451.json
PySR,mips:rnn_div_5_numerical:hidden:2,2,192,0,,runs/709714/final_eval_baseline_10seed/slurm_pysr/eval_0000/results/task_000452.json
PySR,mips:rnn_div_5_numerical:hidden:2,3,192,0,,runs/709714/final_eval_baseline_10seed/slurm_pysr/eval_0000/results/task_000453.json
PySR,mips:rnn_div_5_numerical:hidden:2,4,192,0,,runs/709714/final_eval_baseline_10seed/slurm_pysr/eval_0000/results/task_000454.json
PySR,mips:rnn_div_5_numerical:hidden:2,5,192,0,,runs/709714/final_eval_baseline_10seed/slurm_pysr/eval_0000/results/task_000455.json
PySR,mips:rnn_div_5_numerical:hidden:2,6,192,0,,runs/709714/final_eval_baseline_10seed/slurm_pysr/eval_0000/results/task_000456.json
PySR,mips:rnn_div_5_numerical:hidden:2,7,192,0,,runs/709714/final_eval_baseline_10seed/slurm_pysr/eval_0000/results/task_000457.json
PySR,mips:rnn_div_5_numerical:hidden:2,8,192,0,,runs/709714/final_eval_baseline_10seed/slurm_pysr/eval_0000/results/task_000458.json
PySR,mips:rnn_div_5_numerical:hidden:2,9,192,0,,runs/709714/final_eval_baseline_10seed/slurm_pysr/eval_0000/results/task_000459.json
PySR,mips:rnn_div_5_numerical:hidden:3,0,192,0,,runs/709714/final_eval_baseline_10seed/slurm_pysr/eval_0000/results/task_000460.json
PySR,mips:rnn_div_5_numerical:hidden:3,1,192,0,,runs/709714/final_eval_baseline_10seed/slurm_pysr/eval_0000/results/task_000461.json
PySR,mips:rnn_div_5_numerical:hidden:3,2,192,0,,runs/709714/final_eval_baseline_10seed/slurm_pysr/eval_0000/results/task_000462.json
PySR,mips:rnn_div_5_numerical:hidden:3,3,192,0,,runs/709714/final_eval_baseline_10seed/slurm_pysr/eval_0000/results/task_000463.json
PySR,mips:rnn_div_5_numerical:hidden:3,4,192,0,,runs/709714/final_eval_baseline_10seed/slurm_pysr/eval_0000/results/task_000464.json
PySR,mips:rnn_div_5_numerical:hidden:3,5,192,0,,runs/709714/final_eval_baseline_10seed/slurm_pysr/eval_0000/results/task_000465.json
PySR,mips:rnn_div_5_numerical:hidden:3,6,192,0,,runs/709714/final_eval_baseline_10seed/slurm_pysr/eval_0000/results/task_000466.json
PySR,mips:rnn_div_5_numerical:hidden:3,7,192,0,,runs/709714/final_eval_baseline_10seed/slurm_pysr/eval_0000/results/task_000467.json
PySR,mips:rnn_div_5_numerical:hidden:3,8,192,0,,runs/709714/final_eval_baseline_10seed/slurm_pysr/eval_0000/results/task_000468.json
PySR,mips:rnn_div_5_numerical:hidden:3,9,192,0,,runs/709714/final_eval_baseline_10seed/slurm_pysr/eval_0000/results/task_000469.json
PySR,mips:rnn_div_5_numerical:output:0,0,192,1,,runs/709714/final_eval_baseline_10seed/slurm_pysr/eval_0000/results/task_000470.json
PySR,mips:rnn_div_5_numerical:output:0,1,192,1,,runs/709714/final_eval_baseline_10seed/slurm_pysr/eval_0000/results/task_000471.json
PySR,mips:rnn_div_5_numerical:output:0,2,192,1,,runs/709714/final_eval_baseline_10seed/slurm_pysr/eval_0000/results/task_000472.json
PySR,mips:rnn_div_5_numerical:output:0,3,192,1,,runs/709714/final_eval_baseline_10seed/slurm_pysr/eval_0000/results/task_000473.json
PySR,mips:rnn_div_5_numerical:output:0,4,192,1,,runs/709714/final_eval_baseline_10seed/slurm_pysr/eval_0000/results/task_000474.json
PySR,mips:rnn_div_5_numerical:output:0,5,192,1,,runs/709714/final_eval_baseline_10seed/slurm_pysr/eval_0000/results/task_000475.json
PySR,mips:rnn_div_5_numerical:output:0,6,192,0,,runs/709714/final_eval_baseline_10seed/slurm_pysr/eval_0000/results/task_000476.json
PySR,mips:rnn_div_5_numerical:output:0,7,192,1,,runs/709714/final_eval_baseline_10seed/slurm_pysr/eval_0000/results/task_000477.json
PySR,mips:rnn_div_5_numerical:output:0,8,192,1,,runs/709714/final_eval_baseline_10seed/slurm_pysr/eval_0000/results/task_000478.json
PySR,mips:rnn_div_5_numerical:output:0,9,192,1,,runs/709714/final_eval_baseline_10seed/slurm_pysr/eval_0000/results/task_000479.json
PySR,mips:rnn_alternating_last3_numerical:hidden:0,0,192,0,,runs/709714/final_eval_baseline_10seed/slurm_pysr/eval_0000/results/task_000480.json
PySR,mips:rnn_alternating_last3_numerical:hidden:0,1,192,0,,runs/709714/final_eval_baseline_10seed/slurm_pysr/eval_0000/results/task_000481.json
PySR,mips:rnn_alternating_last3_numerical:hidden:0,2,192,0,,runs/709714/final_eval_baseline_10seed/slurm_pysr/eval_0000/results/task_000482.json
PySR,mips:rnn_alternating_last3_numerical:hidden:0,3,192,0,,runs/709714/final_eval_baseline_10seed/slurm_pysr/eval_0000/results/task_000483.json
PySR,mips:rnn_alternating_last3_numerical:hidden:0,4,192,0,,runs/709714/final_eval_baseline_10seed/slurm_pysr/eval_0000/results/task_000484.json
PySR,mips:rnn_alternating_last3_numerical:hidden:0,5,192,0,,runs/709714/final_eval_baseline_10seed/slurm_pysr/eval_0000/results/task_000485.json
PySR,mips:rnn_alternating_last3_numerical:hidden:0,6,192,0,,runs/709714/final_eval_baseline_10seed/slurm_pysr/eval_0000/results/task_000486.json
PySR,mips:rnn_alternating_last3_numerical:hidden:0,7,192,0,,runs/709714/final_eval_baseline_10seed/slurm_pysr/eval_0000/results/task_000487.json
PySR,mips:rnn_alternating_last3_numerical:hidden:0,8,192,0,,runs/709714/final_eval_baseline_10seed/slurm_pysr/eval_0000/results/task_000488.json
PySR,mips:rnn_alternating_last3_numerical:hidden:0,9,192,0,,runs/709714/final_eval_baseline_10seed/slurm_pysr/eval_0000/results/task_000489.json
PySR,mips:rnn_alternating_last3_numerical:hidden:1,0,192,0,,runs/709714/final_eval_baseline_10seed/slurm_pysr/eval_0000/results/task_000490.json
PySR,mips:rnn_alternating_last3_numerical:hidden:1,1,192,0,,runs/709714/final_eval_baseline_10seed/slurm_pysr/eval_0000/results/task_000491.json
PySR,mips:rnn_alternating_last3_numerical:hidden:1,2,192,0,,runs/709714/final_eval_baseline_10seed/slurm_pysr/eval_0000/results/task_000492.json
PySR,mips:rnn_alternating_last3_numerical:hidden:1,3,192,0,,runs/709714/final_eval_baseline_10seed/slurm_pysr/eval_0000/results/task_000493.json
PySR,mips:rnn_alternating_last3_numerical:hidden:1,4,192,0,,runs/709714/final_eval_baseline_10seed/slurm_pysr/eval_0000/results/task_000494.json
PySR,mips:rnn_alternating_last3_numerical:hidden:1,5,192,0,,runs/709714/final_eval_baseline_10seed/slurm_pysr/eval_0000/results/task_000495.json
PySR,mips:rnn_alternating_last3_numerical:hidden:1,6,192,0,,runs/709714/final_eval_baseline_10seed/slurm_pysr/eval_0000/results/task_000496.json
PySR,mips:rnn_alternating_last3_numerical:hidden:1,7,192,0,,runs/709714/final_eval_baseline_10seed/slurm_pysr/eval_0000/results/task_000497.json
PySR,mips:rnn_alternating_last3_numerical:hidden:1,8,192,0,,runs/709714/final_eval_baseline_10seed/slurm_pysr/eval_0000/results/task_000498.json
PySR,mips:rnn_alternating_last3_numerical:hidden:1,9,192,0,,runs/709714/final_eval_baseline_10seed/slurm_pysr/eval_0000/results/task_000499.json
PySR,mips:rnn_alternating_last3_numerical:output:0,0,192,1,,runs/709714/final_eval_baseline_10seed/slurm_pysr/eval_0000/results/task_000500.json
PySR,mips:rnn_alternating_last3_numerical:output:0,1,192,1,,runs/709714/final_eval_baseline_10seed/slurm_pysr/eval_0000/results/task_000501.json
PySR,mips:rnn_alternating_last3_numerical:output:0,2,192,1,,runs/709714/final_eval_baseline_10seed/slurm_pysr/eval_0000/results/task_000502.json
PySR,mips:rnn_alternating_last3_numerical:output:0,3,192,1,,runs/709714/final_eval_baseline_10seed/slurm_pysr/eval_0000/results/task_000503.json
PySR,mips:rnn_alternating_last3_numerical:output:0,4,192,1,,runs/709714/final_eval_baseline_10seed/slurm_pysr/eval_0000/results/task_000504.json
PySR,mips:rnn_alternating_last3_numerical:output:0,5,192,1,,runs/709714/final_eval_baseline_10seed/slurm_pysr/eval_0000/results/task_000505.json
PySR,mips:rnn_alternating_last3_numerical:output:0,6,192,1,,runs/709714/final_eval_baseline_10seed/slurm_pysr/eval_0000/results/task_000506.json
PySR,mips:rnn_alternating_last3_numerical:output:0,7,192,1,,runs/709714/final_eval_baseline_10seed/slurm_pysr/eval_0000/results/task_000507.json
PySR,mips:rnn_alternating_last3_numerical:output:0,8,192,1,,runs/709714/final_eval_baseline_10seed/slurm_pysr/eval_0000/results/task_000508.json
PySR,mips:rnn_alternating_last3_numerical:output:0,9,192,1,,runs/709714/final_eval_baseline_10seed/slurm_pysr/eval_0000/results/task_000509.json
SRBench bundle,mips:rnn_abs_value_numerical:hidden:0,0,192,1,,runs/709715/final_eval_mips_native_10seed/slurm_pysr/eval_0000/results/task_000000.json
SRBench bundle,mips:rnn_abs_value_numerical:hidden:0,1,192,1,,runs/709715/final_eval_mips_native_10seed/slurm_pysr/eval_0000/results/task_000001.json
SRBench bundle,mips:rnn_abs_value_numerical:hidden:0,2,192,1,,runs/709715/final_eval_mips_native_10seed/slurm_pysr/eval_0000/results/task_000002.json
SRBench bundle,mips:rnn_abs_value_numerical:hidden:0,3,192,1,,runs/709715/final_eval_mips_native_10seed/slurm_pysr/eval_0000/results/task_000003.json
SRBench bundle,mips:rnn_abs_value_numerical:hidden:0,4,192,1,,runs/709715/final_eval_mips_native_10seed/slurm_pysr/eval_0000/results/task_000004.json
SRBench bundle,mips:rnn_abs_value_numerical:hidden:0,5,192,1,,runs/709715/final_eval_mips_native_10seed/slurm_pysr/eval_0000/results/task_000005.json
SRBench bundle,mips:rnn_abs_value_numerical:hidden:0,6,192,1,,runs/709715/final_eval_mips_native_10seed/slurm_pysr/eval_0000/results/task_000006.json
SRBench bundle,mips:rnn_abs_value_numerical:hidden:0,7,192,1,,runs/709715/final_eval_mips_native_10seed/slurm_pysr/eval_0000/results/task_000007.json
SRBench bundle,mips:rnn_abs_value_numerical:hidden:0,8,192,1,,runs/709715/final_eval_mips_native_10seed/slurm_pysr/eval_0000/results/task_000008.json
SRBench bundle,mips:rnn_abs_value_numerical:hidden:0,9,192,1,,runs/709715/final_eval_mips_native_10seed/slurm_pysr/eval_0000/results/task_000009.json
SRBench bundle,mips:rnn_abs_value_numerical:output:0,0,192,1,,runs/709715/final_eval_mips_native_10seed/slurm_pysr/eval_0000/results/task_000010.json
SRBench bundle,mips:rnn_abs_value_numerical:output:0,1,192,1,,runs/709715/final_eval_mips_native_10seed/slurm_pysr/eval_0000/results/task_000011.json
SRBench bundle,mips:rnn_abs_value_numerical:output:0,2,192,1,,runs/709715/final_eval_mips_native_10seed/slurm_pysr/eval_0000/results/task_000012.json
SRBench bundle,mips:rnn_abs_value_numerical:output:0,3,192,1,,runs/709715/final_eval_mips_native_10seed/slurm_pysr/eval_0000/results/task_000013.json
SRBench bundle,mips:rnn_abs_value_numerical:output:0,4,192,1,,runs/709715/final_eval_mips_native_10seed/slurm_pysr/eval_0000/results/task_000014.json
SRBench bundle,mips:rnn_abs_value_numerical:output:0,5,192,1,,runs/709715/final_eval_mips_native_10seed/slurm_pysr/eval_0000/results/task_000015.json
SRBench bundle,mips:rnn_abs_value_numerical:output:0,6,192,1,,runs/709715/final_eval_mips_native_10seed/slurm_pysr/eval_0000/results/task_000016.json
SRBench bundle,mips:rnn_abs_value_numerical:output:0,7,192,1,,runs/709715/final_eval_mips_native_10seed/slurm_pysr/eval_0000/results/task_000017.json
SRBench bundle,mips:rnn_abs_value_numerical:output:0,8,192,1,,runs/709715/final_eval_mips_native_10seed/slurm_pysr/eval_0000/results/task_000018.json
SRBench bundle,mips:rnn_abs_value_numerical:output:0,9,192,1,,runs/709715/final_eval_mips_native_10seed/slurm_pysr/eval_0000/results/task_000019.json
SRBench bundle,mips:rnn_abs_value_of_diff_numerical:hidden:0,0,192,1,,runs/709715/final_eval_mips_native_10seed/slurm_pysr/eval_0000/results/task_000020.json
SRBench bundle,mips:rnn_abs_value_of_diff_numerical:hidden:0,1,192,1,,runs/709715/final_eval_mips_native_10seed/slurm_pysr/eval_0000/results/task_000021.json
SRBench bundle,mips:rnn_abs_value_of_diff_numerical:hidden:0,2,192,1,,runs/709715/final_eval_mips_native_10seed/slurm_pysr/eval_0000/results/task_000022.json
SRBench bundle,mips:rnn_abs_value_of_diff_numerical:hidden:0,3,192,1,,runs/709715/final_eval_mips_native_10seed/slurm_pysr/eval_0000/results/task_000023.json
SRBench bundle,mips:rnn_abs_value_of_diff_numerical:hidden:0,4,192,1,,runs/709715/final_eval_mips_native_10seed/slurm_pysr/eval_0000/results/task_000024.json
SRBench bundle,mips:rnn_abs_value_of_diff_numerical:hidden:0,5,192,1,,runs/709715/final_eval_mips_native_10seed/slurm_pysr/eval_0000/results/task_000025.json
SRBench bundle,mips:rnn_abs_value_of_diff_numerical:hidden:0,6,192,1,,runs/709715/final_eval_mips_native_10seed/slurm_pysr/eval_0000/results/task_000026.json
SRBench bundle,mips:rnn_abs_value_of_diff_numerical:hidden:0,7,192,1,,runs/709715/final_eval_mips_native_10seed/slurm_pysr/eval_0000/results/task_000027.json
SRBench bundle,mips:rnn_abs_value_of_diff_numerical:hidden:0,8,192,1,,runs/709715/final_eval_mips_native_10seed/slurm_pysr/eval_0000/results/task_000028.json
SRBench bundle,mips:rnn_abs_value_of_diff_numerical:hidden:0,9,192,1,,runs/709715/final_eval_mips_native_10seed/slurm_pysr/eval_0000/results/task_000029.json
SRBench bundle,mips:rnn_abs_value_of_diff_numerical:hidden:1,0,192,1,,runs/709715/final_eval_mips_native_10seed/slurm_pysr/eval_0000/results/task_000030.json
SRBench bundle,mips:rnn_abs_value_of_diff_numerical:hidden:1,1,192,1,,runs/709715/final_eval_mips_native_10seed/slurm_pysr/eval_0000/results/task_000031.json
SRBench bundle,mips:rnn_abs_value_of_diff_numerical:hidden:1,2,192,1,,runs/709715/final_eval_mips_native_10seed/slurm_pysr/eval_0000/results/task_000032.json
SRBench bundle,mips:rnn_abs_value_of_diff_numerical:hidden:1,3,192,1,,runs/709715/final_eval_mips_native_10seed/slurm_pysr/eval_0000/results/task_000033.json
SRBench bundle,mips:rnn_abs_value_of_diff_numerical:hidden:1,4,192,1,,runs/709715/final_eval_mips_native_10seed/slurm_pysr/eval_0000/results/task_000034.json
SRBench bundle,mips:rnn_abs_value_of_diff_numerical:hidden:1,5,192,1,,runs/709715/final_eval_mips_native_10seed/slurm_pysr/eval_0000/results/task_000035.json
SRBench bundle,mips:rnn_abs_value_of_diff_numerical:hidden:1,6,192,1,,runs/709715/final_eval_mips_native_10seed/slurm_pysr/eval_0000/results/task_000036.json
SRBench bundle,mips:rnn_abs_value_of_diff_numerical:hidden:1,7,192,1,,runs/709715/final_eval_mips_native_10seed/slurm_pysr/eval_0000/results/task_000037.json
SRBench bundle,mips:rnn_abs_value_of_diff_numerical:hidden:1,8,192,1,,runs/709715/final_eval_mips_native_10seed/slurm_pysr/eval_0000/results/task_000038.json
SRBench bundle,mips:rnn_abs_value_of_diff_numerical:hidden:1,9,192,1,,runs/709715/final_eval_mips_native_10seed/slurm_pysr/eval_0000/results/task_000039.json
SRBench bundle,mips:rnn_abs_value_of_diff_numerical:output:0,0,192,1,,runs/709715/final_eval_mips_native_10seed/slurm_pysr/eval_0000/results/task_000040.json
SRBench bundle,mips:rnn_abs_value_of_diff_numerical:output:0,1,192,0,,runs/709715/final_eval_mips_native_10seed/slurm_pysr/eval_0000/results/task_000041.json
SRBench bundle,mips:rnn_abs_value_of_diff_numerical:output:0,2,192,1,,runs/709715/final_eval_mips_native_10seed/slurm_pysr/eval_0000/results/task_000042.json
SRBench bundle,mips:rnn_abs_value_of_diff_numerical:output:0,3,192,1,,runs/709715/final_eval_mips_native_10seed/slurm_pysr/eval_0000/results/task_000043.json
SRBench bundle,mips:rnn_abs_value_of_diff_numerical:output:0,4,192,1,,runs/709715/final_eval_mips_native_10seed/slurm_pysr/eval_0000/results/task_000044.json
SRBench bundle,mips:rnn_abs_value_of_diff_numerical:output:0,5,192,1,,runs/709715/final_eval_mips_native_10seed/slurm_pysr/eval_0000/results/task_000045.json
SRBench bundle,mips:rnn_abs_value_of_diff_numerical:output:0,6,192,1,,runs/709715/final_eval_mips_native_10seed/slurm_pysr/eval_0000/results/task_000046.json
SRBench bundle,mips:rnn_abs_value_of_diff_numerical:output:0,7,192,0,,runs/709715/final_eval_mips_native_10seed/slurm_pysr/eval_0000/results/task_000047.json
SRBench bundle,mips:rnn_abs_value_of_diff_numerical:output:0,8,192,1,,runs/709715/final_eval_mips_native_10seed/slurm_pysr/eval_0000/results/task_000048.json
SRBench bundle,mips:rnn_abs_value_of_diff_numerical:output:0,9,192,0,,runs/709715/final_eval_mips_native_10seed/slurm_pysr/eval_0000/results/task_000049.json
SRBench bundle,mips:rnn_add_mod_3_numerical:hidden:0,0,192,1,,runs/709715/final_eval_mips_native_10seed/slurm_pysr/eval_0000/results/task_000050.json
SRBench bundle,mips:rnn_add_mod_3_numerical:hidden:0,1,192,1,,runs/709715/final_eval_mips_native_10seed/slurm_pysr/eval_0000/results/task_000051.json
SRBench bundle,mips:rnn_add_mod_3_numerical:hidden:0,2,192,1,,runs/709715/final_eval_mips_native_10seed/slurm_pysr/eval_0000/results/task_000052.json
SRBench bundle,mips:rnn_add_mod_3_numerical:hidden:0,3,192,1,,runs/709715/final_eval_mips_native_10seed/slurm_pysr/eval_0000/results/task_000053.json
SRBench bundle,mips:rnn_add_mod_3_numerical:hidden:0,4,192,1,,runs/709715/final_eval_mips_native_10seed/slurm_pysr/eval_0000/results/task_000054.json
SRBench bundle,mips:rnn_add_mod_3_numerical:hidden:0,5,192,1,,runs/709715/final_eval_mips_native_10seed/slurm_pysr/eval_0000/results/task_000055.json
SRBench bundle,mips:rnn_add_mod_3_numerical:hidden:0,6,192,1,,runs/709715/final_eval_mips_native_10seed/slurm_pysr/eval_0000/results/task_000056.json
SRBench bundle,mips:rnn_add_mod_3_numerical:hidden:0,7,192,1,,runs/709715/final_eval_mips_native_10seed/slurm_pysr/eval_0000/results/task_000057.json
SRBench bundle,mips:rnn_add_mod_3_numerical:hidden:0,8,192,1,,runs/709715/final_eval_mips_native_10seed/slurm_pysr/eval_0000/results/task_000058.json
SRBench bundle,mips:rnn_add_mod_3_numerical:hidden:0,9,192,1,,runs/709715/final_eval_mips_native_10seed/slurm_pysr/eval_0000/results/task_000059.json
SRBench bundle,mips:rnn_add_mod_3_numerical:output:0,0,192,1,,runs/709715/final_eval_mips_native_10seed/slurm_pysr/eval_0000/results/task_000060.json
SRBench bundle,mips:rnn_add_mod_3_numerical:output:0,1,192,1,,runs/709715/final_eval_mips_native_10seed/slurm_pysr/eval_0000/results/task_000061.json
SRBench bundle,mips:rnn_add_mod_3_numerical:output:0,2,192,1,,runs/709715/final_eval_mips_native_10seed/slurm_pysr/eval_0000/results/task_000062.json
SRBench bundle,mips:rnn_add_mod_3_numerical:output:0,3,192,1,,runs/709715/final_eval_mips_native_10seed/slurm_pysr/eval_0000/results/task_000063.json
SRBench bundle,mips:rnn_add_mod_3_numerical:output:0,4,192,1,,runs/709715/final_eval_mips_native_10seed/slurm_pysr/eval_0000/results/task_000064.json
SRBench bundle,mips:rnn_add_mod_3_numerical:output:0,5,192,1,,runs/709715/final_eval_mips_native_10seed/slurm_pysr/eval_0000/results/task_000065.json
SRBench bundle,mips:rnn_add_mod_3_numerical:output:0,6,192,1,,runs/709715/final_eval_mips_native_10seed/slurm_pysr/eval_0000/results/task_000066.json
SRBench bundle,mips:rnn_add_mod_3_numerical:output:0,7,192,1,,runs/709715/final_eval_mips_native_10seed/slurm_pysr/eval_0000/results/task_000067.json
SRBench bundle,mips:rnn_add_mod_3_numerical:output:0,8,192,1,,runs/709715/final_eval_mips_native_10seed/slurm_pysr/eval_0000/results/task_000068.json
SRBench bundle,mips:rnn_add_mod_3_numerical:output:0,9,192,1,,runs/709715/final_eval_mips_native_10seed/slurm_pysr/eval_0000/results/task_000069.json
SRBench bundle,mips:rnn_alternating_last4_numerical:hidden:0,0,192,0,,runs/709715/final_eval_mips_native_10seed/slurm_pysr/eval_0000/results/task_000070.json
SRBench bundle,mips:rnn_alternating_last4_numerical:hidden:0,1,192,0,,runs/709715/final_eval_mips_native_10seed/slurm_pysr/eval_0000/results/task_000071.json
SRBench bundle,mips:rnn_alternating_last4_numerical:hidden:0,2,192,0,,runs/709715/final_eval_mips_native_10seed/slurm_pysr/eval_0000/results/task_000072.json
SRBench bundle,mips:rnn_alternating_last4_numerical:hidden:0,3,192,0,,runs/709715/final_eval_mips_native_10seed/slurm_pysr/eval_0000/results/task_000073.json
SRBench bundle,mips:rnn_alternating_last4_numerical:hidden:0,4,192,0,,runs/709715/final_eval_mips_native_10seed/slurm_pysr/eval_0000/results/task_000074.json
SRBench bundle,mips:rnn_alternating_last4_numerical:hidden:0,5,192,0,,runs/709715/final_eval_mips_native_10seed/slurm_pysr/eval_0000/results/task_000075.json
SRBench bundle,mips:rnn_alternating_last4_numerical:hidden:0,6,192,0,,runs/709715/final_eval_mips_native_10seed/slurm_pysr/eval_0000/results/task_000076.json
SRBench bundle,mips:rnn_alternating_last4_numerical:hidden:0,7,192,0,,runs/709715/final_eval_mips_native_10seed/slurm_pysr/eval_0000/results/task_000077.json
SRBench bundle,mips:rnn_alternating_last4_numerical:hidden:0,8,192,0,,runs/709715/final_eval_mips_native_10seed/slurm_pysr/eval_0000/results/task_000078.json
SRBench bundle,mips:rnn_alternating_last4_numerical:hidden:0,9,192,0,,runs/709715/final_eval_mips_native_10seed/slurm_pysr/eval_0000/results/task_000079.json
SRBench bundle,mips:rnn_alternating_last4_numerical:hidden:1,0,192,1,,runs/709715/final_eval_mips_native_10seed/slurm_pysr/eval_0000/results/task_000080.json
SRBench bundle,mips:rnn_alternating_last4_numerical:hidden:1,1,192,1,,runs/709715/final_eval_mips_native_10seed/slurm_pysr/eval_0000/results/task_000081.json
SRBench bundle,mips:rnn_alternating_last4_numerical:hidden:1,2,192,1,,runs/709715/final_eval_mips_native_10seed/slurm_pysr/eval_0000/results/task_000082.json
SRBench bundle,mips:rnn_alternating_last4_numerical:hidden:1,3,192,1,,runs/709715/final_eval_mips_native_10seed/slurm_pysr/eval_0000/results/task_000083.json
SRBench bundle,mips:rnn_alternating_last4_numerical:hidden:1,4,192,1,,runs/709715/final_eval_mips_native_10seed/slurm_pysr/eval_0000/results/task_000084.json
SRBench bundle,mips:rnn_alternating_last4_numerical:hidden:1,5,192,1,,runs/709715/final_eval_mips_native_10seed/slurm_pysr/eval_0000/results/task_000085.json
SRBench bundle,mips:rnn_alternating_last4_numerical:hidden:1,6,192,1,,runs/709715/final_eval_mips_native_10seed/slurm_pysr/eval_0000/results/task_000086.json
SRBench bundle,mips:rnn_alternating_last4_numerical:hidden:1,7,192,1,,runs/709715/final_eval_mips_native_10seed/slurm_pysr/eval_0000/results/task_000087.json
SRBench bundle,mips:rnn_alternating_last4_numerical:hidden:1,8,192,1,,runs/709715/final_eval_mips_native_10seed/slurm_pysr/eval_0000/results/task_000088.json
SRBench bundle,mips:rnn_alternating_last4_numerical:hidden:1,9,192,1,,runs/709715/final_eval_mips_native_10seed/slurm_pysr/eval_0000/results/task_000089.json
SRBench bundle,mips:rnn_alternating_last4_numerical:output:0,0,192,1,,runs/709715/final_eval_mips_native_10seed/slurm_pysr/eval_0000/results/task_000090.json
SRBench bundle,mips:rnn_alternating_last4_numerical:output:0,1,192,1,,runs/709715/final_eval_mips_native_10seed/slurm_pysr/eval_0000/results/task_000091.json
SRBench bundle,mips:rnn_alternating_last4_numerical:output:0,2,192,1,,runs/709715/final_eval_mips_native_10seed/slurm_pysr/eval_0000/results/task_000092.json
SRBench bundle,mips:rnn_alternating_last4_numerical:output:0,3,192,1,,runs/709715/final_eval_mips_native_10seed/slurm_pysr/eval_0000/results/task_000093.json
SRBench bundle,mips:rnn_alternating_last4_numerical:output:0,4,192,1,,runs/709715/final_eval_mips_native_10seed/slurm_pysr/eval_0000/results/task_000094.json
SRBench bundle,mips:rnn_alternating_last4_numerical:output:0,5,192,1,,runs/709715/final_eval_mips_native_10seed/slurm_pysr/eval_0000/results/task_000095.json
SRBench bundle,mips:rnn_alternating_last4_numerical:output:0,6,192,1,,runs/709715/final_eval_mips_native_10seed/slurm_pysr/eval_0000/results/task_000096.json
SRBench bundle,mips:rnn_alternating_last4_numerical:output:0,7,192,1,,runs/709715/final_eval_mips_native_10seed/slurm_pysr/eval_0000/results/task_000097.json
SRBench bundle,mips:rnn_alternating_last4_numerical:output:0,8,192,1,,runs/709715/final_eval_mips_native_10seed/slurm_pysr/eval_0000/results/task_000098.json
SRBench bundle,mips:rnn_alternating_last4_numerical:output:0,9,192,1,,runs/709715/final_eval_mips_native_10seed/slurm_pysr/eval_0000/results/task_000099.json
SRBench bundle,mips:rnn_base_3_addition:hidden:0,0,192,1,,runs/709715/final_eval_mips_native_10seed/slurm_pysr/eval_0000/results/task_000100.json
SRBench bundle,mips:rnn_base_3_addition:hidden:0,1,192,1,,runs/709715/final_eval_mips_native_10seed/slurm_pysr/eval_0000/results/task_000101.json
SRBench bundle,mips:rnn_base_3_addition:hidden:0,2,192,1,,runs/709715/final_eval_mips_native_10seed/slurm_pysr/eval_0000/results/task_000102.json
SRBench bundle,mips:rnn_base_3_addition:hidden:0,3,192,1,,runs/709715/final_eval_mips_native_10seed/slurm_pysr/eval_0000/results/task_000103.json
SRBench bundle,mips:rnn_base_3_addition:hidden:0,4,192,1,,runs/709715/final_eval_mips_native_10seed/slurm_pysr/eval_0000/results/task_000104.json
SRBench bundle,mips:rnn_base_3_addition:hidden:0,5,192,1,,runs/709715/final_eval_mips_native_10seed/slurm_pysr/eval_0000/results/task_000105.json
SRBench bundle,mips:rnn_base_3_addition:hidden:0,6,192,1,,runs/709715/final_eval_mips_native_10seed/slurm_pysr/eval_0000/results/task_000106.json
SRBench bundle,mips:rnn_base_3_addition:hidden:0,7,192,1,,runs/709715/final_eval_mips_native_10seed/slurm_pysr/eval_0000/results/task_000107.json
SRBench bundle,mips:rnn_base_3_addition:hidden:0,8,192,1,,runs/709715/final_eval_mips_native_10seed/slurm_pysr/eval_0000/results/task_000108.json
SRBench bundle,mips:rnn_base_3_addition:hidden:0,9,192,1,,runs/709715/final_eval_mips_native_10seed/slurm_pysr/eval_0000/results/task_000109.json
SRBench bundle,mips:rnn_base_3_addition:hidden:1,0,192,1,,runs/709715/final_eval_mips_native_10seed/slurm_pysr/eval_0000/results/task_000110.json
SRBench bundle,mips:rnn_base_3_addition:hidden:1,1,192,1,,runs/709715/final_eval_mips_native_10seed/slurm_pysr/eval_0000/results/task_000111.json
SRBench bundle,mips:rnn_base_3_addition:hidden:1,2,192,1,,runs/709715/final_eval_mips_native_10seed/slurm_pysr/eval_0000/results/task_000112.json
SRBench bundle,mips:rnn_base_3_addition:hidden:1,3,192,1,,runs/709715/final_eval_mips_native_10seed/slurm_pysr/eval_0000/results/task_000113.json
SRBench bundle,mips:rnn_base_3_addition:hidden:1,4,192,1,,runs/709715/final_eval_mips_native_10seed/slurm_pysr/eval_0000/results/task_000114.json
SRBench bundle,mips:rnn_base_3_addition:hidden:1,5,192,1,,runs/709715/final_eval_mips_native_10seed/slurm_pysr/eval_0000/results/task_000115.json
SRBench bundle,mips:rnn_base_3_addition:hidden:1,6,192,1,,runs/709715/final_eval_mips_native_10seed/slurm_pysr/eval_0000/results/task_000116.json
SRBench bundle,mips:rnn_base_3_addition:hidden:1,7,192,1,,runs/709715/final_eval_mips_native_10seed/slurm_pysr/eval_0000/results/task_000117.json
SRBench bundle,mips:rnn_base_3_addition:hidden:1,8,192,1,,runs/709715/final_eval_mips_native_10seed/slurm_pysr/eval_0000/results/task_000118.json
SRBench bundle,mips:rnn_base_3_addition:hidden:1,9,192,1,,runs/709715/final_eval_mips_native_10seed/slurm_pysr/eval_0000/results/task_000119.json
SRBench bundle,mips:rnn_base_3_addition:output:0,0,192,1,,runs/709715/final_eval_mips_native_10seed/slurm_pysr/eval_0000/results/task_000120.json
SRBench bundle,mips:rnn_base_3_addition:output:0,1,192,1,,runs/709715/final_eval_mips_native_10seed/slurm_pysr/eval_0000/results/task_000121.json
SRBench bundle,mips:rnn_base_3_addition:output:0,2,192,1,,runs/709715/final_eval_mips_native_10seed/slurm_pysr/eval_0000/results/task_000122.json
SRBench bundle,mips:rnn_base_3_addition:output:0,3,192,1,,runs/709715/final_eval_mips_native_10seed/slurm_pysr/eval_0000/results/task_000123.json
SRBench bundle,mips:rnn_base_3_addition:output:0,4,192,1,,runs/709715/final_eval_mips_native_10seed/slurm_pysr/eval_0000/results/task_000124.json
SRBench bundle,mips:rnn_base_3_addition:output:0,5,192,1,,runs/709715/final_eval_mips_native_10seed/slurm_pysr/eval_0000/results/task_000125.json
SRBench bundle,mips:rnn_base_3_addition:output:0,6,192,1,,runs/709715/final_eval_mips_native_10seed/slurm_pysr/eval_0000/results/task_000126.json
SRBench bundle,mips:rnn_base_3_addition:output:0,7,192,1,,runs/709715/final_eval_mips_native_10seed/slurm_pysr/eval_0000/results/task_000127.json
SRBench bundle,mips:rnn_base_3_addition:output:0,8,192,1,,runs/709715/final_eval_mips_native_10seed/slurm_pysr/eval_0000/results/task_000128.json
SRBench bundle,mips:rnn_base_3_addition:output:0,9,192,1,,runs/709715/final_eval_mips_native_10seed/slurm_pysr/eval_0000/results/task_000129.json
SRBench bundle,mips:rnn_base_4_addition:hidden:0,0,192,1,,runs/709715/final_eval_mips_native_10seed/slurm_pysr/eval_0000/results/task_000130.json
SRBench bundle,mips:rnn_base_4_addition:hidden:0,1,192,1,,runs/709715/final_eval_mips_native_10seed/slurm_pysr/eval_0000/results/task_000131.json
SRBench bundle,mips:rnn_base_4_addition:hidden:0,2,192,0,,runs/709715/final_eval_mips_native_10seed/slurm_pysr/eval_0000/results/task_000132.json
SRBench bundle,mips:rnn_base_4_addition:hidden:0,3,192,1,,runs/709715/final_eval_mips_native_10seed/slurm_pysr/eval_0000/results/task_000133.json
SRBench bundle,mips:rnn_base_4_addition:hidden:0,4,192,1,,runs/709715/final_eval_mips_native_10seed/slurm_pysr/eval_0000/results/task_000134.json
SRBench bundle,mips:rnn_base_4_addition:hidden:0,5,192,1,,runs/709715/final_eval_mips_native_10seed/slurm_pysr/eval_0000/results/task_000135.json
SRBench bundle,mips:rnn_base_4_addition:hidden:0,6,192,0,,runs/709715/final_eval_mips_native_10seed/slurm_pysr/eval_0000/results/task_000136.json
SRBench bundle,mips:rnn_base_4_addition:hidden:0,7,192,1,,runs/709715/final_eval_mips_native_10seed/slurm_pysr/eval_0000/results/task_000137.json
SRBench bundle,mips:rnn_base_4_addition:hidden:0,8,192,1,,runs/709715/final_eval_mips_native_10seed/slurm_pysr/eval_0000/results/task_000138.json
SRBench bundle,mips:rnn_base_4_addition:hidden:0,9,192,1,,runs/709715/final_eval_mips_native_10seed/slurm_pysr/eval_0000/results/task_000139.json
SRBench bundle,mips:rnn_base_4_addition:hidden:1,0,192,1,,runs/709715/final_eval_mips_native_10seed/slurm_pysr/eval_0000/results/task_000140.json
SRBench bundle,mips:rnn_base_4_addition:hidden:1,1,192,1,,runs/709715/final_eval_mips_native_10seed/slurm_pysr/eval_0000/results/task_000141.json
SRBench bundle,mips:rnn_base_4_addition:hidden:1,2,192,1,,runs/709715/final_eval_mips_native_10seed/slurm_pysr/eval_0000/results/task_000142.json
SRBench bundle,mips:rnn_base_4_addition:hidden:1,3,192,1,,runs/709715/final_eval_mips_native_10seed/slurm_pysr/eval_0000/results/task_000143.json
SRBench bundle,mips:rnn_base_4_addition:hidden:1,4,192,1,,runs/709715/final_eval_mips_native_10seed/slurm_pysr/eval_0000/results/task_000144.json
SRBench bundle,mips:rnn_base_4_addition:hidden:1,5,192,1,,runs/709715/final_eval_mips_native_10seed/slurm_pysr/eval_0000/results/task_000145.json
SRBench bundle,mips:rnn_base_4_addition:hidden:1,6,192,1,,runs/709715/final_eval_mips_native_10seed/slurm_pysr/eval_0000/results/task_000146.json
SRBench bundle,mips:rnn_base_4_addition:hidden:1,7,192,1,,runs/709715/final_eval_mips_native_10seed/slurm_pysr/eval_0000/results/task_000147.json
SRBench bundle,mips:rnn_base_4_addition:hidden:1,8,192,1,,runs/709715/final_eval_mips_native_10seed/slurm_pysr/eval_0000/results/task_000148.json
SRBench bundle,mips:rnn_base_4_addition:hidden:1,9,192,1,,runs/709715/final_eval_mips_native_10seed/slurm_pysr/eval_0000/results/task_000149.json
SRBench bundle,mips:rnn_base_4_addition:output:0,0,192,1,,runs/709715/final_eval_mips_native_10seed/slurm_pysr/eval_0000/results/task_000150.json
SRBench bundle,mips:rnn_base_4_addition:output:0,1,192,1,,runs/709715/final_eval_mips_native_10seed/slurm_pysr/eval_0000/results/task_000151.json
SRBench bundle,mips:rnn_base_4_addition:output:0,2,192,1,,runs/709715/final_eval_mips_native_10seed/slurm_pysr/eval_0000/results/task_000152.json
SRBench bundle,mips:rnn_base_4_addition:output:0,3,192,1,,runs/709715/final_eval_mips_native_10seed/slurm_pysr/eval_0000/results/task_000153.json
SRBench bundle,mips:rnn_base_4_addition:output:0,4,192,1,,runs/709715/final_eval_mips_native_10seed/slurm_pysr/eval_0000/results/task_000154.json
SRBench bundle,mips:rnn_base_4_addition:output:0,5,192,1,,runs/709715/final_eval_mips_native_10seed/slurm_pysr/eval_0000/results/task_000155.json
SRBench bundle,mips:rnn_base_4_addition:output:0,6,192,1,,runs/709715/final_eval_mips_native_10seed/slurm_pysr/eval_0000/results/task_000156.json
SRBench bundle,mips:rnn_base_4_addition:output:0,7,192,1,,runs/709715/final_eval_mips_native_10seed/slurm_pysr/eval_0000/results/task_000157.json
SRBench bundle,mips:rnn_base_4_addition:output:0,8,192,1,,runs/709715/final_eval_mips_native_10seed/slurm_pysr/eval_0000/results/task_000158.json
SRBench bundle,mips:rnn_base_4_addition:output:0,9,192,1,,runs/709715/final_eval_mips_native_10seed/slurm_pysr/eval_0000/results/task_000159.json
SRBench bundle,mips:rnn_base_5_addition:hidden:0,0,192,0,,runs/709715/final_eval_mips_native_10seed/slurm_pysr/eval_0000/results/task_000160.json
SRBench bundle,mips:rnn_base_5_addition:hidden:0,1,192,1,,runs/709715/final_eval_mips_native_10seed/slurm_pysr/eval_0000/results/task_000161.json
SRBench bundle,mips:rnn_base_5_addition:hidden:0,2,192,0,,runs/709715/final_eval_mips_native_10seed/slurm_pysr/eval_0000/results/task_000162.json
SRBench bundle,mips:rnn_base_5_addition:hidden:0,3,192,0,,runs/709715/final_eval_mips_native_10seed/slurm_pysr/eval_0000/results/task_000163.json
SRBench bundle,mips:rnn_base_5_addition:hidden:0,4,192,0,,runs/709715/final_eval_mips_native_10seed/slurm_pysr/eval_0000/results/task_000164.json
SRBench bundle,mips:rnn_base_5_addition:hidden:0,5,192,1,,runs/709715/final_eval_mips_native_10seed/slurm_pysr/eval_0000/results/task_000165.json
SRBench bundle,mips:rnn_base_5_addition:hidden:0,6,192,0,,runs/709715/final_eval_mips_native_10seed/slurm_pysr/eval_0000/results/task_000166.json
SRBench bundle,mips:rnn_base_5_addition:hidden:0,7,192,0,,runs/709715/final_eval_mips_native_10seed/slurm_pysr/eval_0000/results/task_000167.json
SRBench bundle,mips:rnn_base_5_addition:hidden:0,8,192,0,,runs/709715/final_eval_mips_native_10seed/slurm_pysr/eval_0000/results/task_000168.json
SRBench bundle,mips:rnn_base_5_addition:hidden:0,9,192,0,,runs/709715/final_eval_mips_native_10seed/slurm_pysr/eval_0000/results/task_000169.json
SRBench bundle,mips:rnn_base_5_addition:hidden:1,0,192,1,,runs/709715/final_eval_mips_native_10seed/slurm_pysr/eval_0000/results/task_000170.json
SRBench bundle,mips:rnn_base_5_addition:hidden:1,1,192,1,,runs/709715/final_eval_mips_native_10seed/slurm_pysr/eval_0000/results/task_000171.json
SRBench bundle,mips:rnn_base_5_addition:hidden:1,2,192,1,,runs/709715/final_eval_mips_native_10seed/slurm_pysr/eval_0000/results/task_000172.json
SRBench bundle,mips:rnn_base_5_addition:hidden:1,3,192,1,,runs/709715/final_eval_mips_native_10seed/slurm_pysr/eval_0000/results/task_000173.json
SRBench bundle,mips:rnn_base_5_addition:hidden:1,4,192,1,,runs/709715/final_eval_mips_native_10seed/slurm_pysr/eval_0000/results/task_000174.json
SRBench bundle,mips:rnn_base_5_addition:hidden:1,5,192,1,,runs/709715/final_eval_mips_native_10seed/slurm_pysr/eval_0000/results/task_000175.json
SRBench bundle,mips:rnn_base_5_addition:hidden:1,6,192,1,,runs/709715/final_eval_mips_native_10seed/slurm_pysr/eval_0000/results/task_000176.json
SRBench bundle,mips:rnn_base_5_addition:hidden:1,7,192,1,,runs/709715/final_eval_mips_native_10seed/slurm_pysr/eval_0000/results/task_000177.json
SRBench bundle,mips:rnn_base_5_addition:hidden:1,8,192,1,,runs/709715/final_eval_mips_native_10seed/slurm_pysr/eval_0000/results/task_000178.json
SRBench bundle,mips:rnn_base_5_addition:hidden:1,9,192,1,,runs/709715/final_eval_mips_native_10seed/slurm_pysr/eval_0000/results/task_000179.json
SRBench bundle,mips:rnn_base_5_addition:output:0,0,192,1,,runs/709715/final_eval_mips_native_10seed/slurm_pysr/eval_0000/results/task_000180.json
SRBench bundle,mips:rnn_base_5_addition:output:0,1,192,1,,runs/709715/final_eval_mips_native_10seed/slurm_pysr/eval_0000/results/task_000181.json
SRBench bundle,mips:rnn_base_5_addition:output:0,2,192,1,,runs/709715/final_eval_mips_native_10seed/slurm_pysr/eval_0000/results/task_000182.json
SRBench bundle,mips:rnn_base_5_addition:output:0,3,192,1,,runs/709715/final_eval_mips_native_10seed/slurm_pysr/eval_0000/results/task_000183.json
SRBench bundle,mips:rnn_base_5_addition:output:0,4,192,1,,runs/709715/final_eval_mips_native_10seed/slurm_pysr/eval_0000/results/task_000184.json
SRBench bundle,mips:rnn_base_5_addition:output:0,5,192,1,,runs/709715/final_eval_mips_native_10seed/slurm_pysr/eval_0000/results/task_000185.json
SRBench bundle,mips:rnn_base_5_addition:output:0,6,192,1,,runs/709715/final_eval_mips_native_10seed/slurm_pysr/eval_0000/results/task_000186.json
SRBench bundle,mips:rnn_base_5_addition:output:0,7,192,1,,runs/709715/final_eval_mips_native_10seed/slurm_pysr/eval_0000/results/task_000187.json
SRBench bundle,mips:rnn_base_5_addition:output:0,8,192,1,,runs/709715/final_eval_mips_native_10seed/slurm_pysr/eval_0000/results/task_000188.json
SRBench bundle,mips:rnn_base_5_addition:output:0,9,192,1,,runs/709715/final_eval_mips_native_10seed/slurm_pysr/eval_0000/results/task_000189.json
SRBench bundle,mips:rnn_base_6_addition:hidden:0,0,192,1,,runs/709715/final_eval_mips_native_10seed/slurm_pysr/eval_0000/results/task_000190.json
SRBench bundle,mips:rnn_base_6_addition:hidden:0,1,192,1,,runs/709715/final_eval_mips_native_10seed/slurm_pysr/eval_0000/results/task_000191.json
SRBench bundle,mips:rnn_base_6_addition:hidden:0,2,192,1,,runs/709715/final_eval_mips_native_10seed/slurm_pysr/eval_0000/results/task_000192.json
SRBench bundle,mips:rnn_base_6_addition:hidden:0,3,192,1,,runs/709715/final_eval_mips_native_10seed/slurm_pysr/eval_0000/results/task_000193.json
SRBench bundle,mips:rnn_base_6_addition:hidden:0,4,192,1,,runs/709715/final_eval_mips_native_10seed/slurm_pysr/eval_0000/results/task_000194.json
SRBench bundle,mips:rnn_base_6_addition:hidden:0,5,192,1,,runs/709715/final_eval_mips_native_10seed/slurm_pysr/eval_0000/results/task_000195.json
SRBench bundle,mips:rnn_base_6_addition:hidden:0,6,192,1,,runs/709715/final_eval_mips_native_10seed/slurm_pysr/eval_0000/results/task_000196.json
SRBench bundle,mips:rnn_base_6_addition:hidden:0,7,192,1,,runs/709715/final_eval_mips_native_10seed/slurm_pysr/eval_0000/results/task_000197.json
SRBench bundle,mips:rnn_base_6_addition:hidden:0,8,192,1,,runs/709715/final_eval_mips_native_10seed/slurm_pysr/eval_0000/results/task_000198.json
SRBench bundle,mips:rnn_base_6_addition:hidden:0,9,192,1,,runs/709715/final_eval_mips_native_10seed/slurm_pysr/eval_0000/results/task_000199.json
SRBench bundle,mips:rnn_base_6_addition:hidden:1,0,192,0,,runs/709715/final_eval_mips_native_10seed/slurm_pysr/eval_0000/results/task_000200.json
SRBench bundle,mips:rnn_base_6_addition:hidden:1,1,192,0,,runs/709715/final_eval_mips_native_10seed/slurm_pysr/eval_0000/results/task_000201.json
SRBench bundle,mips:rnn_base_6_addition:hidden:1,2,192,1,,runs/709715/final_eval_mips_native_10seed/slurm_pysr/eval_0000/results/task_000202.json
SRBench bundle,mips:rnn_base_6_addition:hidden:1,3,192,0,,runs/709715/final_eval_mips_native_10seed/slurm_pysr/eval_0000/results/task_000203.json
SRBench bundle,mips:rnn_base_6_addition:hidden:1,4,192,0,,runs/709715/final_eval_mips_native_10seed/slurm_pysr/eval_0000/results/task_000204.json
SRBench bundle,mips:rnn_base_6_addition:hidden:1,5,192,0,,runs/709715/final_eval_mips_native_10seed/slurm_pysr/eval_0000/results/task_000205.json
SRBench bundle,mips:rnn_base_6_addition:hidden:1,6,192,1,,runs/709715/final_eval_mips_native_10seed/slurm_pysr/eval_0000/results/task_000206.json
SRBench bundle,mips:rnn_base_6_addition:hidden:1,7,192,1,,runs/709715/final_eval_mips_native_10seed/slurm_pysr/eval_0000/results/task_000207.json
SRBench bundle,mips:rnn_base_6_addition:hidden:1,8,192,1,,runs/709715/final_eval_mips_native_10seed/slurm_pysr/eval_0000/results/task_000208.json
SRBench bundle,mips:rnn_base_6_addition:hidden:1,9,192,1,,runs/709715/final_eval_mips_native_10seed/slurm_pysr/eval_0000/results/task_000209.json
SRBench bundle,mips:rnn_base_6_addition:output:0,0,192,1,,runs/709715/final_eval_mips_native_10seed/slurm_pysr/eval_0000/results/task_000210.json
SRBench bundle,mips:rnn_base_6_addition:output:0,1,192,1,,runs/709715/final_eval_mips_native_10seed/slurm_pysr/eval_0000/results/task_000211.json
SRBench bundle,mips:rnn_base_6_addition:output:0,2,192,1,,runs/709715/final_eval_mips_native_10seed/slurm_pysr/eval_0000/results/task_000212.json
SRBench bundle,mips:rnn_base_6_addition:output:0,3,192,1,,runs/709715/final_eval_mips_native_10seed/slurm_pysr/eval_0000/results/task_000213.json
SRBench bundle,mips:rnn_base_6_addition:output:0,4,192,1,,runs/709715/final_eval_mips_native_10seed/slurm_pysr/eval_0000/results/task_000214.json
SRBench bundle,mips:rnn_base_6_addition:output:0,5,192,1,,runs/709715/final_eval_mips_native_10seed/slurm_pysr/eval_0000/results/task_000215.json
SRBench bundle,mips:rnn_base_6_addition:output:0,6,192,1,,runs/709715/final_eval_mips_native_10seed/slurm_pysr/eval_0000/results/task_000216.json
SRBench bundle,mips:rnn_base_6_addition:output:0,7,192,1,,runs/709715/final_eval_mips_native_10seed/slurm_pysr/eval_0000/results/task_000217.json
SRBench bundle,mips:rnn_base_6_addition:output:0,8,192,1,,runs/709715/final_eval_mips_native_10seed/slurm_pysr/eval_0000/results/task_000218.json
SRBench bundle,mips:rnn_base_6_addition:output:0,9,192,1,,runs/709715/final_eval_mips_native_10seed/slurm_pysr/eval_0000/results/task_000219.json
SRBench bundle,mips:rnn_base_7_addition:hidden:0,0,192,1,,runs/709715/final_eval_mips_native_10seed/slurm_pysr/eval_0000/results/task_000220.json
SRBench bundle,mips:rnn_base_7_addition:hidden:0,1,192,1,,runs/709715/final_eval_mips_native_10seed/slurm_pysr/eval_0000/results/task_000221.json
SRBench bundle,mips:rnn_base_7_addition:hidden:0,2,192,1,,runs/709715/final_eval_mips_native_10seed/slurm_pysr/eval_0000/results/task_000222.json
SRBench bundle,mips:rnn_base_7_addition:hidden:0,3,192,1,,runs/709715/final_eval_mips_native_10seed/slurm_pysr/eval_0000/results/task_000223.json
SRBench bundle,mips:rnn_base_7_addition:hidden:0,4,192,1,,runs/709715/final_eval_mips_native_10seed/slurm_pysr/eval_0000/results/task_000224.json
SRBench bundle,mips:rnn_base_7_addition:hidden:0,5,192,1,,runs/709715/final_eval_mips_native_10seed/slurm_pysr/eval_0000/results/task_000225.json
SRBench bundle,mips:rnn_base_7_addition:hidden:0,6,192,1,,runs/709715/final_eval_mips_native_10seed/slurm_pysr/eval_0000/results/task_000226.json
SRBench bundle,mips:rnn_base_7_addition:hidden:0,7,192,1,,runs/709715/final_eval_mips_native_10seed/slurm_pysr/eval_0000/results/task_000227.json
SRBench bundle,mips:rnn_base_7_addition:hidden:0,8,192,1,,runs/709715/final_eval_mips_native_10seed/slurm_pysr/eval_0000/results/task_000228.json
SRBench bundle,mips:rnn_base_7_addition:hidden:0,9,192,1,,runs/709715/final_eval_mips_native_10seed/slurm_pysr/eval_0000/results/task_000229.json
SRBench bundle,mips:rnn_base_7_addition:hidden:1,0,192,0,,runs/709715/final_eval_mips_native_10seed/slurm_pysr/eval_0000/results/task_000230.json
SRBench bundle,mips:rnn_base_7_addition:hidden:1,1,192,1,,runs/709715/final_eval_mips_native_10seed/slurm_pysr/eval_0000/results/task_000231.json
SRBench bundle,mips:rnn_base_7_addition:hidden:1,2,192,0,,runs/709715/final_eval_mips_native_10seed/slurm_pysr/eval_0000/results/task_000232.json
SRBench bundle,mips:rnn_base_7_addition:hidden:1,3,192,0,,runs/709715/final_eval_mips_native_10seed/slurm_pysr/eval_0000/results/task_000233.json
SRBench bundle,mips:rnn_base_7_addition:hidden:1,4,192,0,,runs/709715/final_eval_mips_native_10seed/slurm_pysr/eval_0000/results/task_000234.json
SRBench bundle,mips:rnn_base_7_addition:hidden:1,5,192,0,,runs/709715/final_eval_mips_native_10seed/slurm_pysr/eval_0000/results/task_000235.json
SRBench bundle,mips:rnn_base_7_addition:hidden:1,6,192,0,,runs/709715/final_eval_mips_native_10seed/slurm_pysr/eval_0000/results/task_000236.json
SRBench bundle,mips:rnn_base_7_addition:hidden:1,7,192,0,,runs/709715/final_eval_mips_native_10seed/slurm_pysr/eval_0000/results/task_000237.json
SRBench bundle,mips:rnn_base_7_addition:hidden:1,8,192,1,,runs/709715/final_eval_mips_native_10seed/slurm_pysr/eval_0000/results/task_000238.json
SRBench bundle,mips:rnn_base_7_addition:hidden:1,9,192,0,,runs/709715/final_eval_mips_native_10seed/slurm_pysr/eval_0000/results/task_000239.json
SRBench bundle,mips:rnn_base_7_addition:output:0,0,192,1,,runs/709715/final_eval_mips_native_10seed/slurm_pysr/eval_0000/results/task_000240.json
SRBench bundle,mips:rnn_base_7_addition:output:0,1,192,1,,runs/709715/final_eval_mips_native_10seed/slurm_pysr/eval_0000/results/task_000241.json
SRBench bundle,mips:rnn_base_7_addition:output:0,2,192,1,,runs/709715/final_eval_mips_native_10seed/slurm_pysr/eval_0000/results/task_000242.json
SRBench bundle,mips:rnn_base_7_addition:output:0,3,192,1,,runs/709715/final_eval_mips_native_10seed/slurm_pysr/eval_0000/results/task_000243.json
SRBench bundle,mips:rnn_base_7_addition:output:0,4,192,1,,runs/709715/final_eval_mips_native_10seed/slurm_pysr/eval_0000/results/task_000244.json
SRBench bundle,mips:rnn_base_7_addition:output:0,5,192,1,,runs/709715/final_eval_mips_native_10seed/slurm_pysr/eval_0000/results/task_000245.json
SRBench bundle,mips:rnn_base_7_addition:output:0,6,192,1,,runs/709715/final_eval_mips_native_10seed/slurm_pysr/eval_0000/results/task_000246.json
SRBench bundle,mips:rnn_base_7_addition:output:0,7,192,1,,runs/709715/final_eval_mips_native_10seed/slurm_pysr/eval_0000/results/task_000247.json
SRBench bundle,mips:rnn_base_7_addition:output:0,8,192,1,,runs/709715/final_eval_mips_native_10seed/slurm_pysr/eval_0000/results/task_000248.json
SRBench bundle,mips:rnn_base_7_addition:output:0,9,192,1,,runs/709715/final_eval_mips_native_10seed/slurm_pysr/eval_0000/results/task_000249.json
SRBench bundle,mips:rnn_max_numerical:hidden:0,0,192,1,,runs/709715/final_eval_mips_native_10seed/slurm_pysr/eval_0000/results/task_000250.json
SRBench bundle,mips:rnn_max_numerical:hidden:0,1,192,1,,runs/709715/final_eval_mips_native_10seed/slurm_pysr/eval_0000/results/task_000251.json
SRBench bundle,mips:rnn_max_numerical:hidden:0,2,192,1,,runs/709715/final_eval_mips_native_10seed/slurm_pysr/eval_0000/results/task_000252.json
SRBench bundle,mips:rnn_max_numerical:hidden:0,3,192,1,,runs/709715/final_eval_mips_native_10seed/slurm_pysr/eval_0000/results/task_000253.json
SRBench bundle,mips:rnn_max_numerical:hidden:0,4,192,1,,runs/709715/final_eval_mips_native_10seed/slurm_pysr/eval_0000/results/task_000254.json
SRBench bundle,mips:rnn_max_numerical:hidden:0,5,192,1,,runs/709715/final_eval_mips_native_10seed/slurm_pysr/eval_0000/results/task_000255.json
SRBench bundle,mips:rnn_max_numerical:hidden:0,6,192,1,,runs/709715/final_eval_mips_native_10seed/slurm_pysr/eval_0000/results/task_000256.json
SRBench bundle,mips:rnn_max_numerical:hidden:0,7,192,1,,runs/709715/final_eval_mips_native_10seed/slurm_pysr/eval_0000/results/task_000257.json
SRBench bundle,mips:rnn_max_numerical:hidden:0,8,192,1,,runs/709715/final_eval_mips_native_10seed/slurm_pysr/eval_0000/results/task_000258.json
SRBench bundle,mips:rnn_max_numerical:hidden:0,9,192,1,,runs/709715/final_eval_mips_native_10seed/slurm_pysr/eval_0000/results/task_000259.json
SRBench bundle,mips:rnn_max_numerical:output:0,0,192,1,,runs/709715/final_eval_mips_native_10seed/slurm_pysr/eval_0000/results/task_000260.json
SRBench bundle,mips:rnn_max_numerical:output:0,1,192,1,,runs/709715/final_eval_mips_native_10seed/slurm_pysr/eval_0000/results/task_000261.json
SRBench bundle,mips:rnn_max_numerical:output:0,2,192,1,,runs/709715/final_eval_mips_native_10seed/slurm_pysr/eval_0000/results/task_000262.json
SRBench bundle,mips:rnn_max_numerical:output:0,3,192,1,,runs/709715/final_eval_mips_native_10seed/slurm_pysr/eval_0000/results/task_000263.json
SRBench bundle,mips:rnn_max_numerical:output:0,4,192,1,,runs/709715/final_eval_mips_native_10seed/slurm_pysr/eval_0000/results/task_000264.json
SRBench bundle,mips:rnn_max_numerical:output:0,5,192,1,,runs/709715/final_eval_mips_native_10seed/slurm_pysr/eval_0000/results/task_000265.json
SRBench bundle,mips:rnn_max_numerical:output:0,6,192,1,,runs/709715/final_eval_mips_native_10seed/slurm_pysr/eval_0000/results/task_000266.json
SRBench bundle,mips:rnn_max_numerical:output:0,7,192,1,,runs/709715/final_eval_mips_native_10seed/slurm_pysr/eval_0000/results/task_000267.json
SRBench bundle,mips:rnn_max_numerical:output:0,8,192,1,,runs/709715/final_eval_mips_native_10seed/slurm_pysr/eval_0000/results/task_000268.json
SRBench bundle,mips:rnn_max_numerical:output:0,9,192,1,,runs/709715/final_eval_mips_native_10seed/slurm_pysr/eval_0000/results/task_000269.json
SRBench bundle,mips:rnn_min_numerical:hidden:0,0,192,1,,runs/709715/final_eval_mips_native_10seed/slurm_pysr/eval_0000/results/task_000270.json
SRBench bundle,mips:rnn_min_numerical:hidden:0,1,192,1,,runs/709715/final_eval_mips_native_10seed/slurm_pysr/eval_0000/results/task_000271.json
SRBench bundle,mips:rnn_min_numerical:hidden:0,2,192,1,,runs/709715/final_eval_mips_native_10seed/slurm_pysr/eval_0000/results/task_000272.json
SRBench bundle,mips:rnn_min_numerical:hidden:0,3,192,1,,runs/709715/final_eval_mips_native_10seed/slurm_pysr/eval_0000/results/task_000273.json
SRBench bundle,mips:rnn_min_numerical:hidden:0,4,192,1,,runs/709715/final_eval_mips_native_10seed/slurm_pysr/eval_0000/results/task_000274.json
SRBench bundle,mips:rnn_min_numerical:hidden:0,5,192,1,,runs/709715/final_eval_mips_native_10seed/slurm_pysr/eval_0000/results/task_000275.json
SRBench bundle,mips:rnn_min_numerical:hidden:0,6,192,1,,runs/709715/final_eval_mips_native_10seed/slurm_pysr/eval_0000/results/task_000276.json
SRBench bundle,mips:rnn_min_numerical:hidden:0,7,192,1,,runs/709715/final_eval_mips_native_10seed/slurm_pysr/eval_0000/results/task_000277.json
SRBench bundle,mips:rnn_min_numerical:hidden:0,8,192,1,,runs/709715/final_eval_mips_native_10seed/slurm_pysr/eval_0000/results/task_000278.json
SRBench bundle,mips:rnn_min_numerical:hidden:0,9,192,1,,runs/709715/final_eval_mips_native_10seed/slurm_pysr/eval_0000/results/task_000279.json
SRBench bundle,mips:rnn_min_numerical:output:0,0,192,1,,runs/709715/final_eval_mips_native_10seed/slurm_pysr/eval_0000/results/task_000280.json
SRBench bundle,mips:rnn_min_numerical:output:0,1,192,1,,runs/709715/final_eval_mips_native_10seed/slurm_pysr/eval_0000/results/task_000281.json
SRBench bundle,mips:rnn_min_numerical:output:0,2,192,1,,runs/709715/final_eval_mips_native_10seed/slurm_pysr/eval_0000/results/task_000282.json
SRBench bundle,mips:rnn_min_numerical:output:0,3,192,1,,runs/709715/final_eval_mips_native_10seed/slurm_pysr/eval_0000/results/task_000283.json
SRBench bundle,mips:rnn_min_numerical:output:0,4,192,1,,runs/709715/final_eval_mips_native_10seed/slurm_pysr/eval_0000/results/task_000284.json
SRBench bundle,mips:rnn_min_numerical:output:0,5,192,1,,runs/709715/final_eval_mips_native_10seed/slurm_pysr/eval_0000/results/task_000285.json
SRBench bundle,mips:rnn_min_numerical:output:0,6,192,1,,runs/709715/final_eval_mips_native_10seed/slurm_pysr/eval_0000/results/task_000286.json
SRBench bundle,mips:rnn_min_numerical:output:0,7,192,1,,runs/709715/final_eval_mips_native_10seed/slurm_pysr/eval_0000/results/task_000287.json
SRBench bundle,mips:rnn_min_numerical:output:0,8,192,1,,runs/709715/final_eval_mips_native_10seed/slurm_pysr/eval_0000/results/task_000288.json
SRBench bundle,mips:rnn_min_numerical:output:0,9,192,1,,runs/709715/final_eval_mips_native_10seed/slurm_pysr/eval_0000/results/task_000289.json
SRBench bundle,mips:rnn_parity_last2_numerical:hidden:0,0,192,1,,runs/709715/final_eval_mips_native_10seed/slurm_pysr/eval_0000/results/task_000290.json
SRBench bundle,mips:rnn_parity_last2_numerical:hidden:0,1,192,1,,runs/709715/final_eval_mips_native_10seed/slurm_pysr/eval_0000/results/task_000291.json
SRBench bundle,mips:rnn_parity_last2_numerical:hidden:0,2,192,1,,runs/709715/final_eval_mips_native_10seed/slurm_pysr/eval_0000/results/task_000292.json
SRBench bundle,mips:rnn_parity_last2_numerical:hidden:0,3,192,1,,runs/709715/final_eval_mips_native_10seed/slurm_pysr/eval_0000/results/task_000293.json
SRBench bundle,mips:rnn_parity_last2_numerical:hidden:0,4,192,1,,runs/709715/final_eval_mips_native_10seed/slurm_pysr/eval_0000/results/task_000294.json
SRBench bundle,mips:rnn_parity_last2_numerical:hidden:0,5,192,1,,runs/709715/final_eval_mips_native_10seed/slurm_pysr/eval_0000/results/task_000295.json
SRBench bundle,mips:rnn_parity_last2_numerical:hidden:0,6,192,1,,runs/709715/final_eval_mips_native_10seed/slurm_pysr/eval_0000/results/task_000296.json
SRBench bundle,mips:rnn_parity_last2_numerical:hidden:0,7,192,1,,runs/709715/final_eval_mips_native_10seed/slurm_pysr/eval_0000/results/task_000297.json
SRBench bundle,mips:rnn_parity_last2_numerical:hidden:0,8,192,1,,runs/709715/final_eval_mips_native_10seed/slurm_pysr/eval_0000/results/task_000298.json
SRBench bundle,mips:rnn_parity_last2_numerical:hidden:0,9,192,1,,runs/709715/final_eval_mips_native_10seed/slurm_pysr/eval_0000/results/task_000299.json
SRBench bundle,mips:rnn_parity_last2_numerical:output:0,0,192,1,,runs/709715/final_eval_mips_native_10seed/slurm_pysr/eval_0000/results/task_000300.json
SRBench bundle,mips:rnn_parity_last2_numerical:output:0,1,192,1,,runs/709715/final_eval_mips_native_10seed/slurm_pysr/eval_0000/results/task_000301.json
SRBench bundle,mips:rnn_parity_last2_numerical:output:0,2,192,1,,runs/709715/final_eval_mips_native_10seed/slurm_pysr/eval_0000/results/task_000302.json
SRBench bundle,mips:rnn_parity_last2_numerical:output:0,3,192,1,,runs/709715/final_eval_mips_native_10seed/slurm_pysr/eval_0000/results/task_000303.json
SRBench bundle,mips:rnn_parity_last2_numerical:output:0,4,192,1,,runs/709715/final_eval_mips_native_10seed/slurm_pysr/eval_0000/results/task_000304.json
SRBench bundle,mips:rnn_parity_last2_numerical:output:0,5,192,1,,runs/709715/final_eval_mips_native_10seed/slurm_pysr/eval_0000/results/task_000305.json
SRBench bundle,mips:rnn_parity_last2_numerical:output:0,6,192,1,,runs/709715/final_eval_mips_native_10seed/slurm_pysr/eval_0000/results/task_000306.json
SRBench bundle,mips:rnn_parity_last2_numerical:output:0,7,192,1,,runs/709715/final_eval_mips_native_10seed/slurm_pysr/eval_0000/results/task_000307.json
SRBench bundle,mips:rnn_parity_last2_numerical:output:0,8,192,1,,runs/709715/final_eval_mips_native_10seed/slurm_pysr/eval_0000/results/task_000308.json
SRBench bundle,mips:rnn_parity_last2_numerical:output:0,9,192,1,,runs/709715/final_eval_mips_native_10seed/slurm_pysr/eval_0000/results/task_000309.json
SRBench bundle,mips:rnn_unique2_numerical:hidden:0,0,192,1,,runs/709715/final_eval_mips_native_10seed/slurm_pysr/eval_0000/results/task_000310.json
SRBench bundle,mips:rnn_unique2_numerical:hidden:0,1,192,1,,runs/709715/final_eval_mips_native_10seed/slurm_pysr/eval_0000/results/task_000311.json
SRBench bundle,mips:rnn_unique2_numerical:hidden:0,2,192,1,,runs/709715/final_eval_mips_native_10seed/slurm_pysr/eval_0000/results/task_000312.json
SRBench bundle,mips:rnn_unique2_numerical:hidden:0,3,192,1,,runs/709715/final_eval_mips_native_10seed/slurm_pysr/eval_0000/results/task_000313.json
SRBench bundle,mips:rnn_unique2_numerical:hidden:0,4,192,1,,runs/709715/final_eval_mips_native_10seed/slurm_pysr/eval_0000/results/task_000314.json
SRBench bundle,mips:rnn_unique2_numerical:hidden:0,5,192,1,,runs/709715/final_eval_mips_native_10seed/slurm_pysr/eval_0000/results/task_000315.json
SRBench bundle,mips:rnn_unique2_numerical:hidden:0,6,192,1,,runs/709715/final_eval_mips_native_10seed/slurm_pysr/eval_0000/results/task_000316.json
SRBench bundle,mips:rnn_unique2_numerical:hidden:0,7,192,1,,runs/709715/final_eval_mips_native_10seed/slurm_pysr/eval_0000/results/task_000317.json
SRBench bundle,mips:rnn_unique2_numerical:hidden:0,8,192,1,,runs/709715/final_eval_mips_native_10seed/slurm_pysr/eval_0000/results/task_000318.json
SRBench bundle,mips:rnn_unique2_numerical:hidden:0,9,192,1,,runs/709715/final_eval_mips_native_10seed/slurm_pysr/eval_0000/results/task_000319.json
SRBench bundle,mips:rnn_unique2_numerical:hidden:1,0,192,1,,runs/709715/final_eval_mips_native_10seed/slurm_pysr/eval_0000/results/task_000320.json
SRBench bundle,mips:rnn_unique2_numerical:hidden:1,1,192,1,,runs/709715/final_eval_mips_native_10seed/slurm_pysr/eval_0000/results/task_000321.json
SRBench bundle,mips:rnn_unique2_numerical:hidden:1,2,192,1,,runs/709715/final_eval_mips_native_10seed/slurm_pysr/eval_0000/results/task_000322.json
SRBench bundle,mips:rnn_unique2_numerical:hidden:1,3,192,1,,runs/709715/final_eval_mips_native_10seed/slurm_pysr/eval_0000/results/task_000323.json
SRBench bundle,mips:rnn_unique2_numerical:hidden:1,4,192,1,,runs/709715/final_eval_mips_native_10seed/slurm_pysr/eval_0000/results/task_000324.json
SRBench bundle,mips:rnn_unique2_numerical:hidden:1,5,192,1,,runs/709715/final_eval_mips_native_10seed/slurm_pysr/eval_0000/results/task_000325.json
SRBench bundle,mips:rnn_unique2_numerical:hidden:1,6,192,1,,runs/709715/final_eval_mips_native_10seed/slurm_pysr/eval_0000/results/task_000326.json
SRBench bundle,mips:rnn_unique2_numerical:hidden:1,7,192,1,,runs/709715/final_eval_mips_native_10seed/slurm_pysr/eval_0000/results/task_000327.json
SRBench bundle,mips:rnn_unique2_numerical:hidden:1,8,192,1,,runs/709715/final_eval_mips_native_10seed/slurm_pysr/eval_0000/results/task_000328.json
SRBench bundle,mips:rnn_unique2_numerical:hidden:1,9,192,1,,runs/709715/final_eval_mips_native_10seed/slurm_pysr/eval_0000/results/task_000329.json
SRBench bundle,mips:rnn_unique2_numerical:output:0,0,192,1,,runs/709715/final_eval_mips_native_10seed/slurm_pysr/eval_0000/results/task_000330.json
SRBench bundle,mips:rnn_unique2_numerical:output:0,1,192,1,,runs/709715/final_eval_mips_native_10seed/slurm_pysr/eval_0000/results/task_000331.json
SRBench bundle,mips:rnn_unique2_numerical:output:0,2,192,1,,runs/709715/final_eval_mips_native_10seed/slurm_pysr/eval_0000/results/task_000332.json
SRBench bundle,mips:rnn_unique2_numerical:output:0,3,192,1,,runs/709715/final_eval_mips_native_10seed/slurm_pysr/eval_0000/results/task_000333.json
SRBench bundle,mips:rnn_unique2_numerical:output:0,4,192,1,,runs/709715/final_eval_mips_native_10seed/slurm_pysr/eval_0000/results/task_000334.json
SRBench bundle,mips:rnn_unique2_numerical:output:0,5,192,1,,runs/709715/final_eval_mips_native_10seed/slurm_pysr/eval_0000/results/task_000335.json
SRBench bundle,mips:rnn_unique2_numerical:output:0,6,192,1,,runs/709715/final_eval_mips_native_10seed/slurm_pysr/eval_0000/results/task_000336.json
SRBench bundle,mips:rnn_unique2_numerical:output:0,7,192,1,,runs/709715/final_eval_mips_native_10seed/slurm_pysr/eval_0000/results/task_000337.json
SRBench bundle,mips:rnn_unique2_numerical:output:0,8,192,1,,runs/709715/final_eval_mips_native_10seed/slurm_pysr/eval_0000/results/task_000338.json
SRBench bundle,mips:rnn_unique2_numerical:output:0,9,192,1,,runs/709715/final_eval_mips_native_10seed/slurm_pysr/eval_0000/results/task_000339.json
SRBench bundle,mips:rnn_parity_last4_numerical:hidden:0,0,192,0,,runs/709715/final_eval_mips_native_10seed/slurm_pysr/eval_0000/results/task_000340.json
SRBench bundle,mips:rnn_parity_last4_numerical:hidden:0,1,192,0,,runs/709715/final_eval_mips_native_10seed/slurm_pysr/eval_0000/results/task_000341.json
SRBench bundle,mips:rnn_parity_last4_numerical:hidden:0,2,192,0,,runs/709715/final_eval_mips_native_10seed/slurm_pysr/eval_0000/results/task_000342.json
SRBench bundle,mips:rnn_parity_last4_numerical:hidden:0,3,192,0,,runs/709715/final_eval_mips_native_10seed/slurm_pysr/eval_0000/results/task_000343.json
SRBench bundle,mips:rnn_parity_last4_numerical:hidden:0,4,192,0,,runs/709715/final_eval_mips_native_10seed/slurm_pysr/eval_0000/results/task_000344.json
SRBench bundle,mips:rnn_parity_last4_numerical:hidden:0,5,192,0,,runs/709715/final_eval_mips_native_10seed/slurm_pysr/eval_0000/results/task_000345.json
SRBench bundle,mips:rnn_parity_last4_numerical:hidden:0,6,192,0,,runs/709715/final_eval_mips_native_10seed/slurm_pysr/eval_0000/results/task_000346.json
SRBench bundle,mips:rnn_parity_last4_numerical:hidden:0,7,192,0,,runs/709715/final_eval_mips_native_10seed/slurm_pysr/eval_0000/results/task_000347.json
SRBench bundle,mips:rnn_parity_last4_numerical:hidden:0,8,192,0,,runs/709715/final_eval_mips_native_10seed/slurm_pysr/eval_0000/results/task_000348.json
SRBench bundle,mips:rnn_parity_last4_numerical:hidden:0,9,192,0,,runs/709715/final_eval_mips_native_10seed/slurm_pysr/eval_0000/results/task_000349.json
SRBench bundle,mips:rnn_parity_last4_numerical:hidden:1,0,192,0,,runs/709715/final_eval_mips_native_10seed/slurm_pysr/eval_0000/results/task_000350.json
SRBench bundle,mips:rnn_parity_last4_numerical:hidden:1,1,192,1,,runs/709715/final_eval_mips_native_10seed/slurm_pysr/eval_0000/results/task_000351.json
SRBench bundle,mips:rnn_parity_last4_numerical:hidden:1,2,192,0,,runs/709715/final_eval_mips_native_10seed/slurm_pysr/eval_0000/results/task_000352.json
SRBench bundle,mips:rnn_parity_last4_numerical:hidden:1,3,192,0,,runs/709715/final_eval_mips_native_10seed/slurm_pysr/eval_0000/results/task_000353.json
SRBench bundle,mips:rnn_parity_last4_numerical:hidden:1,4,192,1,,runs/709715/final_eval_mips_native_10seed/slurm_pysr/eval_0000/results/task_000354.json
SRBench bundle,mips:rnn_parity_last4_numerical:hidden:1,5,192,0,,runs/709715/final_eval_mips_native_10seed/slurm_pysr/eval_0000/results/task_000355.json
SRBench bundle,mips:rnn_parity_last4_numerical:hidden:1,6,192,0,,runs/709715/final_eval_mips_native_10seed/slurm_pysr/eval_0000/results/task_000356.json
SRBench bundle,mips:rnn_parity_last4_numerical:hidden:1,7,192,0,,runs/709715/final_eval_mips_native_10seed/slurm_pysr/eval_0000/results/task_000357.json
SRBench bundle,mips:rnn_parity_last4_numerical:hidden:1,8,192,0,,runs/709715/final_eval_mips_native_10seed/slurm_pysr/eval_0000/results/task_000358.json
SRBench bundle,mips:rnn_parity_last4_numerical:hidden:1,9,192,1,,runs/709715/final_eval_mips_native_10seed/slurm_pysr/eval_0000/results/task_000359.json
SRBench bundle,mips:rnn_parity_last4_numerical:hidden:2,0,192,1,,runs/709715/final_eval_mips_native_10seed/slurm_pysr/eval_0000/results/task_000360.json
SRBench bundle,mips:rnn_parity_last4_numerical:hidden:2,1,192,1,,runs/709715/final_eval_mips_native_10seed/slurm_pysr/eval_0000/results/task_000361.json
SRBench bundle,mips:rnn_parity_last4_numerical:hidden:2,2,192,1,,runs/709715/final_eval_mips_native_10seed/slurm_pysr/eval_0000/results/task_000362.json
SRBench bundle,mips:rnn_parity_last4_numerical:hidden:2,3,192,1,,runs/709715/final_eval_mips_native_10seed/slurm_pysr/eval_0000/results/task_000363.json
SRBench bundle,mips:rnn_parity_last4_numerical:hidden:2,4,192,1,,runs/709715/final_eval_mips_native_10seed/slurm_pysr/eval_0000/results/task_000364.json
SRBench bundle,mips:rnn_parity_last4_numerical:hidden:2,5,192,1,,runs/709715/final_eval_mips_native_10seed/slurm_pysr/eval_0000/results/task_000365.json
SRBench bundle,mips:rnn_parity_last4_numerical:hidden:2,6,192,1,,runs/709715/final_eval_mips_native_10seed/slurm_pysr/eval_0000/results/task_000366.json
SRBench bundle,mips:rnn_parity_last4_numerical:hidden:2,7,192,1,,runs/709715/final_eval_mips_native_10seed/slurm_pysr/eval_0000/results/task_000367.json
SRBench bundle,mips:rnn_parity_last4_numerical:hidden:2,8,192,1,,runs/709715/final_eval_mips_native_10seed/slurm_pysr/eval_0000/results/task_000368.json
SRBench bundle,mips:rnn_parity_last4_numerical:hidden:2,9,192,1,,runs/709715/final_eval_mips_native_10seed/slurm_pysr/eval_0000/results/task_000369.json
SRBench bundle,mips:rnn_parity_last4_numerical:output:0,0,192,1,,runs/709715/final_eval_mips_native_10seed/slurm_pysr/eval_0000/results/task_000370.json
SRBench bundle,mips:rnn_parity_last4_numerical:output:0,1,192,1,,runs/709715/final_eval_mips_native_10seed/slurm_pysr/eval_0000/results/task_000371.json
SRBench bundle,mips:rnn_parity_last4_numerical:output:0,2,192,1,,runs/709715/final_eval_mips_native_10seed/slurm_pysr/eval_0000/results/task_000372.json
SRBench bundle,mips:rnn_parity_last4_numerical:output:0,3,192,1,,runs/709715/final_eval_mips_native_10seed/slurm_pysr/eval_0000/results/task_000373.json
SRBench bundle,mips:rnn_parity_last4_numerical:output:0,4,192,1,,runs/709715/final_eval_mips_native_10seed/slurm_pysr/eval_0000/results/task_000374.json
SRBench bundle,mips:rnn_parity_last4_numerical:output:0,5,192,1,,runs/709715/final_eval_mips_native_10seed/slurm_pysr/eval_0000/results/task_000375.json
SRBench bundle,mips:rnn_parity_last4_numerical:output:0,6,192,1,,runs/709715/final_eval_mips_native_10seed/slurm_pysr/eval_0000/results/task_000376.json
SRBench bundle,mips:rnn_parity_last4_numerical:output:0,7,192,1,,runs/709715/final_eval_mips_native_10seed/slurm_pysr/eval_0000/results/task_000377.json
SRBench bundle,mips:rnn_parity_last4_numerical:output:0,8,192,1,,runs/709715/final_eval_mips_native_10seed/slurm_pysr/eval_0000/results/task_000378.json
SRBench bundle,mips:rnn_parity_last4_numerical:output:0,9,192,1,,runs/709715/final_eval_mips_native_10seed/slurm_pysr/eval_0000/results/task_000379.json
SRBench bundle,mips:rnn_div_7_numerical:hidden:0,0,192,0,,runs/709715/final_eval_mips_native_10seed/slurm_pysr/eval_0000/results/task_000380.json
SRBench bundle,mips:rnn_div_7_numerical:hidden:0,1,192,0,,runs/709715/final_eval_mips_native_10seed/slurm_pysr/eval_0000/results/task_000381.json
SRBench bundle,mips:rnn_div_7_numerical:hidden:0,2,192,0,,runs/709715/final_eval_mips_native_10seed/slurm_pysr/eval_0000/results/task_000382.json
SRBench bundle,mips:rnn_div_7_numerical:hidden:0,3,192,0,,runs/709715/final_eval_mips_native_10seed/slurm_pysr/eval_0000/results/task_000383.json
SRBench bundle,mips:rnn_div_7_numerical:hidden:0,4,192,0,,runs/709715/final_eval_mips_native_10seed/slurm_pysr/eval_0000/results/task_000384.json
SRBench bundle,mips:rnn_div_7_numerical:hidden:0,5,192,0,,runs/709715/final_eval_mips_native_10seed/slurm_pysr/eval_0000/results/task_000385.json
SRBench bundle,mips:rnn_div_7_numerical:hidden:0,6,192,0,,runs/709715/final_eval_mips_native_10seed/slurm_pysr/eval_0000/results/task_000386.json
SRBench bundle,mips:rnn_div_7_numerical:hidden:0,7,192,0,,runs/709715/final_eval_mips_native_10seed/slurm_pysr/eval_0000/results/task_000387.json
SRBench bundle,mips:rnn_div_7_numerical:hidden:0,8,192,0,,runs/709715/final_eval_mips_native_10seed/slurm_pysr/eval_0000/results/task_000388.json
SRBench bundle,mips:rnn_div_7_numerical:hidden:0,9,192,0,,runs/709715/final_eval_mips_native_10seed/slurm_pysr/eval_0000/results/task_000389.json
SRBench bundle,mips:rnn_div_7_numerical:hidden:1,0,192,0,,runs/709715/final_eval_mips_native_10seed/slurm_pysr/eval_0000/results/task_000390.json
SRBench bundle,mips:rnn_div_7_numerical:hidden:1,1,192,0,,runs/709715/final_eval_mips_native_10seed/slurm_pysr/eval_0000/results/task_000391.json
SRBench bundle,mips:rnn_div_7_numerical:hidden:1,2,192,0,,runs/709715/final_eval_mips_native_10seed/slurm_pysr/eval_0000/results/task_000392.json
SRBench bundle,mips:rnn_div_7_numerical:hidden:1,3,192,0,,runs/709715/final_eval_mips_native_10seed/slurm_pysr/eval_0000/results/task_000393.json
SRBench bundle,mips:rnn_div_7_numerical:hidden:1,4,192,0,,runs/709715/final_eval_mips_native_10seed/slurm_pysr/eval_0000/results/task_000394.json
SRBench bundle,mips:rnn_div_7_numerical:hidden:1,5,192,0,,runs/709715/final_eval_mips_native_10seed/slurm_pysr/eval_0000/results/task_000395.json
SRBench bundle,mips:rnn_div_7_numerical:hidden:1,6,192,0,,runs/709715/final_eval_mips_native_10seed/slurm_pysr/eval_0000/results/task_000396.json
SRBench bundle,mips:rnn_div_7_numerical:hidden:1,7,192,0,,runs/709715/final_eval_mips_native_10seed/slurm_pysr/eval_0000/results/task_000397.json
SRBench bundle,mips:rnn_div_7_numerical:hidden:1,8,192,0,,runs/709715/final_eval_mips_native_10seed/slurm_pysr/eval_0000/results/task_000398.json
SRBench bundle,mips:rnn_div_7_numerical:hidden:1,9,192,0,,runs/709715/final_eval_mips_native_10seed/slurm_pysr/eval_0000/results/task_000399.json
SRBench bundle,mips:rnn_div_7_numerical:hidden:2,0,192,0,,runs/709715/final_eval_mips_native_10seed/slurm_pysr/eval_0000/results/task_000400.json
SRBench bundle,mips:rnn_div_7_numerical:hidden:2,1,192,0,,runs/709715/final_eval_mips_native_10seed/slurm_pysr/eval_0000/results/task_000401.json
SRBench bundle,mips:rnn_div_7_numerical:hidden:2,2,192,0,,runs/709715/final_eval_mips_native_10seed/slurm_pysr/eval_0000/results/task_000402.json
SRBench bundle,mips:rnn_div_7_numerical:hidden:2,3,192,0,,runs/709715/final_eval_mips_native_10seed/slurm_pysr/eval_0000/results/task_000403.json
SRBench bundle,mips:rnn_div_7_numerical:hidden:2,4,192,0,,runs/709715/final_eval_mips_native_10seed/slurm_pysr/eval_0000/results/task_000404.json
SRBench bundle,mips:rnn_div_7_numerical:hidden:2,5,192,0,,runs/709715/final_eval_mips_native_10seed/slurm_pysr/eval_0000/results/task_000405.json
SRBench bundle,mips:rnn_div_7_numerical:hidden:2,6,192,0,,runs/709715/final_eval_mips_native_10seed/slurm_pysr/eval_0000/results/task_000406.json
SRBench bundle,mips:rnn_div_7_numerical:hidden:2,7,192,0,,runs/709715/final_eval_mips_native_10seed/slurm_pysr/eval_0000/results/task_000407.json
SRBench bundle,mips:rnn_div_7_numerical:hidden:2,8,192,0,,runs/709715/final_eval_mips_native_10seed/slurm_pysr/eval_0000/results/task_000408.json
SRBench bundle,mips:rnn_div_7_numerical:hidden:2,9,192,0,,runs/709715/final_eval_mips_native_10seed/slurm_pysr/eval_0000/results/task_000409.json
SRBench bundle,mips:rnn_div_7_numerical:hidden:3,0,192,0,,runs/709715/final_eval_mips_native_10seed/slurm_pysr/eval_0000/results/task_000410.json
SRBench bundle,mips:rnn_div_7_numerical:hidden:3,1,192,0,,runs/709715/final_eval_mips_native_10seed/slurm_pysr/eval_0000/results/task_000411.json
SRBench bundle,mips:rnn_div_7_numerical:hidden:3,2,192,0,,runs/709715/final_eval_mips_native_10seed/slurm_pysr/eval_0000/results/task_000412.json
SRBench bundle,mips:rnn_div_7_numerical:hidden:3,3,192,0,,runs/709715/final_eval_mips_native_10seed/slurm_pysr/eval_0000/results/task_000413.json
SRBench bundle,mips:rnn_div_7_numerical:hidden:3,4,192,0,,runs/709715/final_eval_mips_native_10seed/slurm_pysr/eval_0000/results/task_000414.json
SRBench bundle,mips:rnn_div_7_numerical:hidden:3,5,192,0,,runs/709715/final_eval_mips_native_10seed/slurm_pysr/eval_0000/results/task_000415.json
SRBench bundle,mips:rnn_div_7_numerical:hidden:3,6,192,0,,runs/709715/final_eval_mips_native_10seed/slurm_pysr/eval_0000/results/task_000416.json
SRBench bundle,mips:rnn_div_7_numerical:hidden:3,7,192,0,,runs/709715/final_eval_mips_native_10seed/slurm_pysr/eval_0000/results/task_000417.json
SRBench bundle,mips:rnn_div_7_numerical:hidden:3,8,192,0,,runs/709715/final_eval_mips_native_10seed/slurm_pysr/eval_0000/results/task_000418.json
SRBench bundle,mips:rnn_div_7_numerical:hidden:3,9,192,0,,runs/709715/final_eval_mips_native_10seed/slurm_pysr/eval_0000/results/task_000419.json
SRBench bundle,mips:rnn_div_7_numerical:output:0,0,192,1,,runs/709715/final_eval_mips_native_10seed/slurm_pysr/eval_0000/results/task_000420.json
SRBench bundle,mips:rnn_div_7_numerical:output:0,1,192,1,,runs/709715/final_eval_mips_native_10seed/slurm_pysr/eval_0000/results/task_000421.json
SRBench bundle,mips:rnn_div_7_numerical:output:0,2,192,1,,runs/709715/final_eval_mips_native_10seed/slurm_pysr/eval_0000/results/task_000422.json
SRBench bundle,mips:rnn_div_7_numerical:output:0,3,192,1,,runs/709715/final_eval_mips_native_10seed/slurm_pysr/eval_0000/results/task_000423.json
SRBench bundle,mips:rnn_div_7_numerical:output:0,4,192,1,,runs/709715/final_eval_mips_native_10seed/slurm_pysr/eval_0000/results/task_000424.json
SRBench bundle,mips:rnn_div_7_numerical:output:0,5,192,1,,runs/709715/final_eval_mips_native_10seed/slurm_pysr/eval_0000/results/task_000425.json
SRBench bundle,mips:rnn_div_7_numerical:output:0,6,192,1,,runs/709715/final_eval_mips_native_10seed/slurm_pysr/eval_0000/results/task_000426.json
SRBench bundle,mips:rnn_div_7_numerical:output:0,7,192,1,,runs/709715/final_eval_mips_native_10seed/slurm_pysr/eval_0000/results/task_000427.json
SRBench bundle,mips:rnn_div_7_numerical:output:0,8,192,1,,runs/709715/final_eval_mips_native_10seed/slurm_pysr/eval_0000/results/task_000428.json
SRBench bundle,mips:rnn_div_7_numerical:output:0,9,192,1,,runs/709715/final_eval_mips_native_10seed/slurm_pysr/eval_0000/results/task_000429.json
SRBench bundle,mips:rnn_div_5_numerical:hidden:0,0,192,0,,runs/709715/final_eval_mips_native_10seed/slurm_pysr/eval_0000/results/task_000430.json
SRBench bundle,mips:rnn_div_5_numerical:hidden:0,1,192,0,,runs/709715/final_eval_mips_native_10seed/slurm_pysr/eval_0000/results/task_000431.json
SRBench bundle,mips:rnn_div_5_numerical:hidden:0,2,192,0,,runs/709715/final_eval_mips_native_10seed/slurm_pysr/eval_0000/results/task_000432.json
SRBench bundle,mips:rnn_div_5_numerical:hidden:0,3,192,0,,runs/709715/final_eval_mips_native_10seed/slurm_pysr/eval_0000/results/task_000433.json
SRBench bundle,mips:rnn_div_5_numerical:hidden:0,4,192,0,,runs/709715/final_eval_mips_native_10seed/slurm_pysr/eval_0000/results/task_000434.json
SRBench bundle,mips:rnn_div_5_numerical:hidden:0,5,192,0,,runs/709715/final_eval_mips_native_10seed/slurm_pysr/eval_0000/results/task_000435.json
SRBench bundle,mips:rnn_div_5_numerical:hidden:0,6,192,0,,runs/709715/final_eval_mips_native_10seed/slurm_pysr/eval_0000/results/task_000436.json
SRBench bundle,mips:rnn_div_5_numerical:hidden:0,7,192,0,,runs/709715/final_eval_mips_native_10seed/slurm_pysr/eval_0000/results/task_000437.json
SRBench bundle,mips:rnn_div_5_numerical:hidden:0,8,192,0,,runs/709715/final_eval_mips_native_10seed/slurm_pysr/eval_0000/results/task_000438.json
SRBench bundle,mips:rnn_div_5_numerical:hidden:0,9,192,0,,runs/709715/final_eval_mips_native_10seed/slurm_pysr/eval_0000/results/task_000439.json
SRBench bundle,mips:rnn_div_5_numerical:hidden:1,0,192,0,,runs/709715/final_eval_mips_native_10seed/slurm_pysr/eval_0000/results/task_000440.json
SRBench bundle,mips:rnn_div_5_numerical:hidden:1,1,192,0,,runs/709715/final_eval_mips_native_10seed/slurm_pysr/eval_0000/results/task_000441.json
SRBench bundle,mips:rnn_div_5_numerical:hidden:1,2,192,0,,runs/709715/final_eval_mips_native_10seed/slurm_pysr/eval_0000/results/task_000442.json
SRBench bundle,mips:rnn_div_5_numerical:hidden:1,3,192,0,,runs/709715/final_eval_mips_native_10seed/slurm_pysr/eval_0000/results/task_000443.json
SRBench bundle,mips:rnn_div_5_numerical:hidden:1,4,192,0,,runs/709715/final_eval_mips_native_10seed/slurm_pysr/eval_0000/results/task_000444.json
SRBench bundle,mips:rnn_div_5_numerical:hidden:1,5,192,0,,runs/709715/final_eval_mips_native_10seed/slurm_pysr/eval_0000/results/task_000445.json
SRBench bundle,mips:rnn_div_5_numerical:hidden:1,6,192,0,,runs/709715/final_eval_mips_native_10seed/slurm_pysr/eval_0000/results/task_000446.json
SRBench bundle,mips:rnn_div_5_numerical:hidden:1,7,192,0,,runs/709715/final_eval_mips_native_10seed/slurm_pysr/eval_0000/results/task_000447.json
SRBench bundle,mips:rnn_div_5_numerical:hidden:1,8,192,0,,runs/709715/final_eval_mips_native_10seed/slurm_pysr/eval_0000/results/task_000448.json
SRBench bundle,mips:rnn_div_5_numerical:hidden:1,9,192,0,,runs/709715/final_eval_mips_native_10seed/slurm_pysr/eval_0000/results/task_000449.json
SRBench bundle,mips:rnn_div_5_numerical:hidden:2,0,192,0,,runs/709715/final_eval_mips_native_10seed/slurm_pysr/eval_0000/results/task_000450.json
SRBench bundle,mips:rnn_div_5_numerical:hidden:2,1,192,0,,runs/709715/final_eval_mips_native_10seed/slurm_pysr/eval_0000/results/task_000451.json
SRBench bundle,mips:rnn_div_5_numerical:hidden:2,2,192,0,,runs/709715/final_eval_mips_native_10seed/slurm_pysr/eval_0000/results/task_000452.json
SRBench bundle,mips:rnn_div_5_numerical:hidden:2,3,192,0,,runs/709715/final_eval_mips_native_10seed/slurm_pysr/eval_0000/results/task_000453.json
SRBench bundle,mips:rnn_div_5_numerical:hidden:2,4,192,0,,runs/709715/final_eval_mips_native_10seed/slurm_pysr/eval_0000/results/task_000454.json
SRBench bundle,mips:rnn_div_5_numerical:hidden:2,5,192,0,,runs/709715/final_eval_mips_native_10seed/slurm_pysr/eval_0000/results/task_000455.json
SRBench bundle,mips:rnn_div_5_numerical:hidden:2,6,192,0,,runs/709715/final_eval_mips_native_10seed/slurm_pysr/eval_0000/results/task_000456.json
SRBench bundle,mips:rnn_div_5_numerical:hidden:2,7,192,0,,runs/709715/final_eval_mips_native_10seed/slurm_pysr/eval_0000/results/task_000457.json
SRBench bundle,mips:rnn_div_5_numerical:hidden:2,8,192,0,,runs/709715/final_eval_mips_native_10seed/slurm_pysr/eval_0000/results/task_000458.json
SRBench bundle,mips:rnn_div_5_numerical:hidden:2,9,192,0,,runs/709715/final_eval_mips_native_10seed/slurm_pysr/eval_0000/results/task_000459.json
SRBench bundle,mips:rnn_div_5_numerical:hidden:3,0,192,0,,runs/709715/final_eval_mips_native_10seed/slurm_pysr/eval_0000/results/task_000460.json
SRBench bundle,mips:rnn_div_5_numerical:hidden:3,1,192,0,,runs/709715/final_eval_mips_native_10seed/slurm_pysr/eval_0000/results/task_000461.json
SRBench bundle,mips:rnn_div_5_numerical:hidden:3,2,192,0,,runs/709715/final_eval_mips_native_10seed/slurm_pysr/eval_0000/results/task_000462.json
SRBench bundle,mips:rnn_div_5_numerical:hidden:3,3,192,0,,runs/709715/final_eval_mips_native_10seed/slurm_pysr/eval_0000/results/task_000463.json
SRBench bundle,mips:rnn_div_5_numerical:hidden:3,4,192,0,,runs/709715/final_eval_mips_native_10seed/slurm_pysr/eval_0000/results/task_000464.json
SRBench bundle,mips:rnn_div_5_numerical:hidden:3,5,192,0,,runs/709715/final_eval_mips_native_10seed/slurm_pysr/eval_0000/results/task_000465.json
SRBench bundle,mips:rnn_div_5_numerical:hidden:3,6,192,0,,runs/709715/final_eval_mips_native_10seed/slurm_pysr/eval_0000/results/task_000466.json
SRBench bundle,mips:rnn_div_5_numerical:hidden:3,7,192,0,,runs/709715/final_eval_mips_native_10seed/slurm_pysr/eval_0000/results/task_000467.json
SRBench bundle,mips:rnn_div_5_numerical:hidden:3,8,192,0,,runs/709715/final_eval_mips_native_10seed/slurm_pysr/eval_0000/results/task_000468.json
SRBench bundle,mips:rnn_div_5_numerical:hidden:3,9,192,0,,runs/709715/final_eval_mips_native_10seed/slurm_pysr/eval_0000/results/task_000469.json
SRBench bundle,mips:rnn_div_5_numerical:output:0,0,192,1,,runs/709715/final_eval_mips_native_10seed/slurm_pysr/eval_0000/results/task_000470.json
SRBench bundle,mips:rnn_div_5_numerical:output:0,1,192,0,,runs/709715/final_eval_mips_native_10seed/slurm_pysr/eval_0000/results/task_000471.json
SRBench bundle,mips:rnn_div_5_numerical:output:0,2,192,1,,runs/709715/final_eval_mips_native_10seed/slurm_pysr/eval_0000/results/task_000472.json
SRBench bundle,mips:rnn_div_5_numerical:output:0,3,192,1,,runs/709715/final_eval_mips_native_10seed/slurm_pysr/eval_0000/results/task_000473.json
SRBench bundle,mips:rnn_div_5_numerical:output:0,4,192,1,,runs/709715/final_eval_mips_native_10seed/slurm_pysr/eval_0000/results/task_000474.json
SRBench bundle,mips:rnn_div_5_numerical:output:0,5,192,1,,runs/709715/final_eval_mips_native_10seed/slurm_pysr/eval_0000/results/task_000475.json
SRBench bundle,mips:rnn_div_5_numerical:output:0,6,192,1,,runs/709715/final_eval_mips_native_10seed/slurm_pysr/eval_0000/results/task_000476.json
SRBench bundle,mips:rnn_div_5_numerical:output:0,7,192,1,,runs/709715/final_eval_mips_native_10seed/slurm_pysr/eval_0000/results/task_000477.json
SRBench bundle,mips:rnn_div_5_numerical:output:0,8,192,1,,runs/709715/final_eval_mips_native_10seed/slurm_pysr/eval_0000/results/task_000478.json
SRBench bundle,mips:rnn_div_5_numerical:output:0,9,192,1,,runs/709715/final_eval_mips_native_10seed/slurm_pysr/eval_0000/results/task_000479.json
SRBench bundle,mips:rnn_alternating_last3_numerical:hidden:0,0,192,0,,runs/709715/final_eval_mips_native_10seed/slurm_pysr/eval_0000/results/task_000480.json
SRBench bundle,mips:rnn_alternating_last3_numerical:hidden:0,1,192,0,,runs/709715/final_eval_mips_native_10seed/slurm_pysr/eval_0000/results/task_000481.json
SRBench bundle,mips:rnn_alternating_last3_numerical:hidden:0,2,192,0,,runs/709715/final_eval_mips_native_10seed/slurm_pysr/eval_0000/results/task_000482.json
SRBench bundle,mips:rnn_alternating_last3_numerical:hidden:0,3,192,0,,runs/709715/final_eval_mips_native_10seed/slurm_pysr/eval_0000/results/task_000483.json
SRBench bundle,mips:rnn_alternating_last3_numerical:hidden:0,4,192,0,,runs/709715/final_eval_mips_native_10seed/slurm_pysr/eval_0000/results/task_000484.json
SRBench bundle,mips:rnn_alternating_last3_numerical:hidden:0,5,192,0,,runs/709715/final_eval_mips_native_10seed/slurm_pysr/eval_0000/results/task_000485.json
SRBench bundle,mips:rnn_alternating_last3_numerical:hidden:0,6,192,0,,runs/709715/final_eval_mips_native_10seed/slurm_pysr/eval_0000/results/task_000486.json
SRBench bundle,mips:rnn_alternating_last3_numerical:hidden:0,7,192,0,,runs/709715/final_eval_mips_native_10seed/slurm_pysr/eval_0000/results/task_000487.json
SRBench bundle,mips:rnn_alternating_last3_numerical:hidden:0,8,192,0,,runs/709715/final_eval_mips_native_10seed/slurm_pysr/eval_0000/results/task_000488.json
SRBench bundle,mips:rnn_alternating_last3_numerical:hidden:0,9,192,0,,runs/709715/final_eval_mips_native_10seed/slurm_pysr/eval_0000/results/task_000489.json
SRBench bundle,mips:rnn_alternating_last3_numerical:hidden:1,0,192,0,,runs/709715/final_eval_mips_native_10seed/slurm_pysr/eval_0000/results/task_000490.json
SRBench bundle,mips:rnn_alternating_last3_numerical:hidden:1,1,192,0,,runs/709715/final_eval_mips_native_10seed/slurm_pysr/eval_0000/results/task_000491.json
SRBench bundle,mips:rnn_alternating_last3_numerical:hidden:1,2,192,0,,runs/709715/final_eval_mips_native_10seed/slurm_pysr/eval_0000/results/task_000492.json
SRBench bundle,mips:rnn_alternating_last3_numerical:hidden:1,3,192,0,,runs/709715/final_eval_mips_native_10seed/slurm_pysr/eval_0000/results/task_000493.json
SRBench bundle,mips:rnn_alternating_last3_numerical:hidden:1,4,192,0,,runs/709715/final_eval_mips_native_10seed/slurm_pysr/eval_0000/results/task_000494.json
SRBench bundle,mips:rnn_alternating_last3_numerical:hidden:1,5,192,0,,runs/709715/final_eval_mips_native_10seed/slurm_pysr/eval_0000/results/task_000495.json
SRBench bundle,mips:rnn_alternating_last3_numerical:hidden:1,6,192,0,,runs/709715/final_eval_mips_native_10seed/slurm_pysr/eval_0000/results/task_000496.json
SRBench bundle,mips:rnn_alternating_last3_numerical:hidden:1,7,192,0,,runs/709715/final_eval_mips_native_10seed/slurm_pysr/eval_0000/results/task_000497.json
SRBench bundle,mips:rnn_alternating_last3_numerical:hidden:1,8,192,0,,runs/709715/final_eval_mips_native_10seed/slurm_pysr/eval_0000/results/task_000498.json
SRBench bundle,mips:rnn_alternating_last3_numerical:hidden:1,9,192,0,,runs/709715/final_eval_mips_native_10seed/slurm_pysr/eval_0000/results/task_000499.json
SRBench bundle,mips:rnn_alternating_last3_numerical:output:0,0,192,0,,runs/709715/final_eval_mips_native_10seed/slurm_pysr/eval_0000/results/task_000500.json
SRBench bundle,mips:rnn_alternating_last3_numerical:output:0,1,192,0,,runs/709715/final_eval_mips_native_10seed/slurm_pysr/eval_0000/results/task_000501.json
SRBench bundle,mips:rnn_alternating_last3_numerical:output:0,2,192,0,,runs/709715/final_eval_mips_native_10seed/slurm_pysr/eval_0000/results/task_000502.json
SRBench bundle,mips:rnn_alternating_last3_numerical:output:0,3,192,0,,runs/709715/final_eval_mips_native_10seed/slurm_pysr/eval_0000/results/task_000503.json
SRBench bundle,mips:rnn_alternating_last3_numerical:output:0,4,192,0,,runs/709715/final_eval_mips_native_10seed/slurm_pysr/eval_0000/results/task_000504.json
SRBench bundle,mips:rnn_alternating_last3_numerical:output:0,5,192,1,,runs/709715/final_eval_mips_native_10seed/slurm_pysr/eval_0000/results/task_000505.json
SRBench bundle,mips:rnn_alternating_last3_numerical:output:0,6,192,0,,runs/709715/final_eval_mips_native_10seed/slurm_pysr/eval_0000/results/task_000506.json
SRBench bundle,mips:rnn_alternating_last3_numerical:output:0,7,192,0,,runs/709715/final_eval_mips_native_10seed/slurm_pysr/eval_0000/results/task_000507.json
SRBench bundle,mips:rnn_alternating_last3_numerical:output:0,8,192,0,,runs/709715/final_eval_mips_native_10seed/slurm_pysr/eval_0000/results/task_000508.json
SRBench bundle,mips:rnn_alternating_last3_numerical:output:0,9,192,0,,runs/709715/final_eval_mips_native_10seed/slurm_pysr/eval_0000/results/task_000509.json
MIPS meta-evolution,mips:rnn_abs_value_numerical:hidden:0,0,192,1,,runs/709714/final_eval/slurm_pysr/eval_0000/results/task_000000.json
MIPS meta-evolution,mips:rnn_abs_value_numerical:hidden:0,1,192,1,,runs/709714/final_eval/slurm_pysr/eval_0000/results/task_000001.json
MIPS meta-evolution,mips:rnn_abs_value_numerical:hidden:0,2,192,1,,runs/709714/final_eval/slurm_pysr/eval_0000/results/task_000002.json
MIPS meta-evolution,mips:rnn_abs_value_numerical:hidden:0,3,192,1,,runs/709714/final_eval/slurm_pysr/eval_0000/results/task_000003.json
MIPS meta-evolution,mips:rnn_abs_value_numerical:hidden:0,4,192,1,,runs/709714/final_eval/slurm_pysr/eval_0000/results/task_000004.json
MIPS meta-evolution,mips:rnn_abs_value_numerical:hidden:0,5,192,1,,runs/709714/final_eval/slurm_pysr/eval_0000/results/task_000005.json
MIPS meta-evolution,mips:rnn_abs_value_numerical:hidden:0,6,192,1,,runs/709714/final_eval/slurm_pysr/eval_0000/results/task_000006.json
MIPS meta-evolution,mips:rnn_abs_value_numerical:hidden:0,7,192,1,,runs/709714/final_eval/slurm_pysr/eval_0000/results/task_000007.json
MIPS meta-evolution,mips:rnn_abs_value_numerical:hidden:0,8,192,1,,runs/709714/final_eval/slurm_pysr/eval_0000/results/task_000008.json
MIPS meta-evolution,mips:rnn_abs_value_numerical:hidden:0,9,192,1,,runs/709714/final_eval/slurm_pysr/eval_0000/results/task_000009.json
MIPS meta-evolution,mips:rnn_abs_value_numerical:output:0,0,192,1,,runs/709714/final_eval/slurm_pysr/eval_0000/results/task_000010.json
MIPS meta-evolution,mips:rnn_abs_value_numerical:output:0,1,192,1,,runs/709714/final_eval/slurm_pysr/eval_0000/results/task_000011.json
MIPS meta-evolution,mips:rnn_abs_value_numerical:output:0,2,192,1,,runs/709714/final_eval/slurm_pysr/eval_0000/results/task_000012.json
MIPS meta-evolution,mips:rnn_abs_value_numerical:output:0,3,192,1,,runs/709714/final_eval/slurm_pysr/eval_0000/results/task_000013.json
MIPS meta-evolution,mips:rnn_abs_value_numerical:output:0,4,192,1,,runs/709714/final_eval/slurm_pysr/eval_0000/results/task_000014.json
MIPS meta-evolution,mips:rnn_abs_value_numerical:output:0,5,192,1,,runs/709714/final_eval/slurm_pysr/eval_0000/results/task_000015.json
MIPS meta-evolution,mips:rnn_abs_value_numerical:output:0,6,192,1,,runs/709714/final_eval/slurm_pysr/eval_0000/results/task_000016.json
MIPS meta-evolution,mips:rnn_abs_value_numerical:output:0,7,192,1,,runs/709714/final_eval/slurm_pysr/eval_0000/results/task_000017.json
MIPS meta-evolution,mips:rnn_abs_value_numerical:output:0,8,192,1,,runs/709714/final_eval/slurm_pysr/eval_0000/results/task_000018.json
MIPS meta-evolution,mips:rnn_abs_value_numerical:output:0,9,192,1,,runs/709714/final_eval/slurm_pysr/eval_0000/results/task_000019.json
MIPS meta-evolution,mips:rnn_abs_value_of_diff_numerical:hidden:0,0,192,1,,runs/709714/final_eval/slurm_pysr/eval_0000/results/task_000020.json
MIPS meta-evolution,mips:rnn_abs_value_of_diff_numerical:hidden:0,1,192,1,,runs/709714/final_eval/slurm_pysr/eval_0000/results/task_000021.json
MIPS meta-evolution,mips:rnn_abs_value_of_diff_numerical:hidden:0,2,192,1,,runs/709714/final_eval/slurm_pysr/eval_0000/results/task_000022.json
MIPS meta-evolution,mips:rnn_abs_value_of_diff_numerical:hidden:0,3,192,1,,runs/709714/final_eval/slurm_pysr/eval_0000/results/task_000023.json
MIPS meta-evolution,mips:rnn_abs_value_of_diff_numerical:hidden:0,4,192,1,,runs/709714/final_eval/slurm_pysr/eval_0000/results/task_000024.json
MIPS meta-evolution,mips:rnn_abs_value_of_diff_numerical:hidden:0,5,192,1,,runs/709714/final_eval/slurm_pysr/eval_0000/results/task_000025.json
MIPS meta-evolution,mips:rnn_abs_value_of_diff_numerical:hidden:0,6,192,1,,runs/709714/final_eval/slurm_pysr/eval_0000/results/task_000026.json
MIPS meta-evolution,mips:rnn_abs_value_of_diff_numerical:hidden:0,7,192,1,,runs/709714/final_eval/slurm_pysr/eval_0000/results/task_000027.json
MIPS meta-evolution,mips:rnn_abs_value_of_diff_numerical:hidden:0,8,192,1,,runs/709714/final_eval/slurm_pysr/eval_0000/results/task_000028.json
MIPS meta-evolution,mips:rnn_abs_value_of_diff_numerical:hidden:0,9,192,0,,runs/709714/final_eval/slurm_pysr/eval_0000/results/task_000029.json
MIPS meta-evolution,mips:rnn_abs_value_of_diff_numerical:hidden:1,0,192,1,,runs/709714/final_eval/slurm_pysr/eval_0000/results/task_000030.json
MIPS meta-evolution,mips:rnn_abs_value_of_diff_numerical:hidden:1,1,192,1,,runs/709714/final_eval/slurm_pysr/eval_0000/results/task_000031.json
MIPS meta-evolution,mips:rnn_abs_value_of_diff_numerical:hidden:1,2,192,1,,runs/709714/final_eval/slurm_pysr/eval_0000/results/task_000032.json
MIPS meta-evolution,mips:rnn_abs_value_of_diff_numerical:hidden:1,3,192,1,,runs/709714/final_eval/slurm_pysr/eval_0000/results/task_000033.json
MIPS meta-evolution,mips:rnn_abs_value_of_diff_numerical:hidden:1,4,192,1,,runs/709714/final_eval/slurm_pysr/eval_0000/results/task_000034.json
MIPS meta-evolution,mips:rnn_abs_value_of_diff_numerical:hidden:1,5,192,1,,runs/709714/final_eval/slurm_pysr/eval_0000/results/task_000035.json
MIPS meta-evolution,mips:rnn_abs_value_of_diff_numerical:hidden:1,6,192,1,,runs/709714/final_eval/slurm_pysr/eval_0000/results/task_000036.json
MIPS meta-evolution,mips:rnn_abs_value_of_diff_numerical:hidden:1,7,192,1,,runs/709714/final_eval/slurm_pysr/eval_0000/results/task_000037.json
MIPS meta-evolution,mips:rnn_abs_value_of_diff_numerical:hidden:1,8,192,1,,runs/709714/final_eval/slurm_pysr/eval_0000/results/task_000038.json
MIPS meta-evolution,mips:rnn_abs_value_of_diff_numerical:hidden:1,9,192,1,,runs/709714/final_eval/slurm_pysr/eval_0000/results/task_000039.json
MIPS meta-evolution,mips:rnn_abs_value_of_diff_numerical:output:0,0,192,1,,runs/709714/final_eval/slurm_pysr/eval_0000/results/task_000040.json
MIPS meta-evolution,mips:rnn_abs_value_of_diff_numerical:output:0,1,192,1,,runs/709714/final_eval/slurm_pysr/eval_0000/results/task_000041.json
MIPS meta-evolution,mips:rnn_abs_value_of_diff_numerical:output:0,2,192,1,,runs/709714/final_eval/slurm_pysr/eval_0000/results/task_000042.json
MIPS meta-evolution,mips:rnn_abs_value_of_diff_numerical:output:0,3,192,1,,runs/709714/final_eval/slurm_pysr/eval_0000/results/task_000043.json
MIPS meta-evolution,mips:rnn_abs_value_of_diff_numerical:output:0,4,192,0,,runs/709714/final_eval/slurm_pysr/eval_0000/results/task_000044.json
MIPS meta-evolution,mips:rnn_abs_value_of_diff_numerical:output:0,5,192,1,,runs/709714/final_eval/slurm_pysr/eval_0000/results/task_000045.json
MIPS meta-evolution,mips:rnn_abs_value_of_diff_numerical:output:0,6,192,1,,runs/709714/final_eval/slurm_pysr/eval_0000/results/task_000046.json
MIPS meta-evolution,mips:rnn_abs_value_of_diff_numerical:output:0,7,192,1,,runs/709714/final_eval/slurm_pysr/eval_0000/results/task_000047.json
MIPS meta-evolution,mips:rnn_abs_value_of_diff_numerical:output:0,8,192,1,,runs/709714/final_eval/slurm_pysr/eval_0000/results/task_000048.json
MIPS meta-evolution,mips:rnn_abs_value_of_diff_numerical:output:0,9,192,1,,runs/709714/final_eval/slurm_pysr/eval_0000/results/task_000049.json
MIPS meta-evolution,mips:rnn_add_mod_3_numerical:hidden:0,0,192,1,,runs/709714/final_eval/slurm_pysr/eval_0000/results/task_000050.json
MIPS meta-evolution,mips:rnn_add_mod_3_numerical:hidden:0,1,192,1,,runs/709714/final_eval/slurm_pysr/eval_0000/results/task_000051.json
MIPS meta-evolution,mips:rnn_add_mod_3_numerical:hidden:0,2,192,1,,runs/709714/final_eval/slurm_pysr/eval_0000/results/task_000052.json
MIPS meta-evolution,mips:rnn_add_mod_3_numerical:hidden:0,3,192,1,,runs/709714/final_eval/slurm_pysr/eval_0000/results/task_000053.json
MIPS meta-evolution,mips:rnn_add_mod_3_numerical:hidden:0,4,192,1,,runs/709714/final_eval/slurm_pysr/eval_0000/results/task_000054.json
MIPS meta-evolution,mips:rnn_add_mod_3_numerical:hidden:0,5,192,1,,runs/709714/final_eval/slurm_pysr/eval_0000/results/task_000055.json
MIPS meta-evolution,mips:rnn_add_mod_3_numerical:hidden:0,6,192,1,,runs/709714/final_eval/slurm_pysr/eval_0000/results/task_000056.json
MIPS meta-evolution,mips:rnn_add_mod_3_numerical:hidden:0,7,192,1,,runs/709714/final_eval/slurm_pysr/eval_0000/results/task_000057.json
MIPS meta-evolution,mips:rnn_add_mod_3_numerical:hidden:0,8,192,1,,runs/709714/final_eval/slurm_pysr/eval_0000/results/task_000058.json
MIPS meta-evolution,mips:rnn_add_mod_3_numerical:hidden:0,9,192,1,,runs/709714/final_eval/slurm_pysr/eval_0000/results/task_000059.json
MIPS meta-evolution,mips:rnn_add_mod_3_numerical:output:0,0,192,1,,runs/709714/final_eval/slurm_pysr/eval_0000/results/task_000060.json
MIPS meta-evolution,mips:rnn_add_mod_3_numerical:output:0,1,192,1,,runs/709714/final_eval/slurm_pysr/eval_0000/results/task_000061.json
MIPS meta-evolution,mips:rnn_add_mod_3_numerical:output:0,2,192,1,,runs/709714/final_eval/slurm_pysr/eval_0000/results/task_000062.json
MIPS meta-evolution,mips:rnn_add_mod_3_numerical:output:0,3,192,1,,runs/709714/final_eval/slurm_pysr/eval_0000/results/task_000063.json
MIPS meta-evolution,mips:rnn_add_mod_3_numerical:output:0,4,192,1,,runs/709714/final_eval/slurm_pysr/eval_0000/results/task_000064.json
MIPS meta-evolution,mips:rnn_add_mod_3_numerical:output:0,5,192,1,,runs/709714/final_eval/slurm_pysr/eval_0000/results/task_000065.json
MIPS meta-evolution,mips:rnn_add_mod_3_numerical:output:0,6,192,1,,runs/709714/final_eval/slurm_pysr/eval_0000/results/task_000066.json
MIPS meta-evolution,mips:rnn_add_mod_3_numerical:output:0,7,192,1,,runs/709714/final_eval/slurm_pysr/eval_0000/results/task_000067.json
MIPS meta-evolution,mips:rnn_add_mod_3_numerical:output:0,8,192,1,,runs/709714/final_eval/slurm_pysr/eval_0000/results/task_000068.json
MIPS meta-evolution,mips:rnn_add_mod_3_numerical:output:0,9,192,1,,runs/709714/final_eval/slurm_pysr/eval_0000/results/task_000069.json
MIPS meta-evolution,mips:rnn_alternating_last4_numerical:hidden:0,0,192,1,,runs/709714/final_eval/slurm_pysr/eval_0000/results/task_000070.json
MIPS meta-evolution,mips:rnn_alternating_last4_numerical:hidden:0,1,192,1,,runs/709714/final_eval/slurm_pysr/eval_0000/results/task_000071.json
MIPS meta-evolution,mips:rnn_alternating_last4_numerical:hidden:0,2,192,1,,runs/709714/final_eval/slurm_pysr/eval_0000/results/task_000072.json
MIPS meta-evolution,mips:rnn_alternating_last4_numerical:hidden:0,3,192,0,,runs/709714/final_eval/slurm_pysr/eval_0000/results/task_000073.json
MIPS meta-evolution,mips:rnn_alternating_last4_numerical:hidden:0,4,192,0,,runs/709714/final_eval/slurm_pysr/eval_0000/results/task_000074.json
MIPS meta-evolution,mips:rnn_alternating_last4_numerical:hidden:0,5,192,0,,runs/709714/final_eval/slurm_pysr/eval_0000/results/task_000075.json
MIPS meta-evolution,mips:rnn_alternating_last4_numerical:hidden:0,6,192,1,,runs/709714/final_eval/slurm_pysr/eval_0000/results/task_000076.json
MIPS meta-evolution,mips:rnn_alternating_last4_numerical:hidden:0,7,192,0,,runs/709714/final_eval/slurm_pysr/eval_0000/results/task_000077.json
MIPS meta-evolution,mips:rnn_alternating_last4_numerical:hidden:0,8,192,1,,runs/709714/final_eval/slurm_pysr/eval_0000/results/task_000078.json
MIPS meta-evolution,mips:rnn_alternating_last4_numerical:hidden:0,9,192,0,,runs/709714/final_eval/slurm_pysr/eval_0000/results/task_000079.json
MIPS meta-evolution,mips:rnn_alternating_last4_numerical:hidden:1,0,192,1,,runs/709714/final_eval/slurm_pysr/eval_0000/results/task_000080.json
MIPS meta-evolution,mips:rnn_alternating_last4_numerical:hidden:1,1,192,1,,runs/709714/final_eval/slurm_pysr/eval_0000/results/task_000081.json
MIPS meta-evolution,mips:rnn_alternating_last4_numerical:hidden:1,2,192,1,,runs/709714/final_eval/slurm_pysr/eval_0000/results/task_000082.json
MIPS meta-evolution,mips:rnn_alternating_last4_numerical:hidden:1,3,192,1,,runs/709714/final_eval/slurm_pysr/eval_0000/results/task_000083.json
MIPS meta-evolution,mips:rnn_alternating_last4_numerical:hidden:1,4,192,1,,runs/709714/final_eval/slurm_pysr/eval_0000/results/task_000084.json
MIPS meta-evolution,mips:rnn_alternating_last4_numerical:hidden:1,5,192,1,,runs/709714/final_eval/slurm_pysr/eval_0000/results/task_000085.json
MIPS meta-evolution,mips:rnn_alternating_last4_numerical:hidden:1,6,192,1,,runs/709714/final_eval/slurm_pysr/eval_0000/results/task_000086.json
MIPS meta-evolution,mips:rnn_alternating_last4_numerical:hidden:1,7,192,1,,runs/709714/final_eval/slurm_pysr/eval_0000/results/task_000087.json
MIPS meta-evolution,mips:rnn_alternating_last4_numerical:hidden:1,8,192,1,,runs/709714/final_eval/slurm_pysr/eval_0000/results/task_000088.json
MIPS meta-evolution,mips:rnn_alternating_last4_numerical:hidden:1,9,192,1,,runs/709714/final_eval/slurm_pysr/eval_0000/results/task_000089.json
MIPS meta-evolution,mips:rnn_alternating_last4_numerical:output:0,0,192,1,,runs/709714/final_eval/slurm_pysr/eval_0000/results/task_000090.json
MIPS meta-evolution,mips:rnn_alternating_last4_numerical:output:0,1,192,1,,runs/709714/final_eval/slurm_pysr/eval_0000/results/task_000091.json
MIPS meta-evolution,mips:rnn_alternating_last4_numerical:output:0,2,192,1,,runs/709714/final_eval/slurm_pysr/eval_0000/results/task_000092.json
MIPS meta-evolution,mips:rnn_alternating_last4_numerical:output:0,3,192,1,,runs/709714/final_eval/slurm_pysr/eval_0000/results/task_000093.json
MIPS meta-evolution,mips:rnn_alternating_last4_numerical:output:0,4,192,1,,runs/709714/final_eval/slurm_pysr/eval_0000/results/task_000094.json
MIPS meta-evolution,mips:rnn_alternating_last4_numerical:output:0,5,192,1,,runs/709714/final_eval/slurm_pysr/eval_0000/results/task_000095.json
MIPS meta-evolution,mips:rnn_alternating_last4_numerical:output:0,6,192,1,,runs/709714/final_eval/slurm_pysr/eval_0000/results/task_000096.json
MIPS meta-evolution,mips:rnn_alternating_last4_numerical:output:0,7,192,1,,runs/709714/final_eval/slurm_pysr/eval_0000/results/task_000097.json
MIPS meta-evolution,mips:rnn_alternating_last4_numerical:output:0,8,192,1,,runs/709714/final_eval/slurm_pysr/eval_0000/results/task_000098.json
MIPS meta-evolution,mips:rnn_alternating_last4_numerical:output:0,9,192,1,,runs/709714/final_eval/slurm_pysr/eval_0000/results/task_000099.json
MIPS meta-evolution,mips:rnn_base_3_addition:hidden:0,0,192,1,,runs/709714/final_eval/slurm_pysr/eval_0000/results/task_000100.json
MIPS meta-evolution,mips:rnn_base_3_addition:hidden:0,1,192,1,,runs/709714/final_eval/slurm_pysr/eval_0000/results/task_000101.json
MIPS meta-evolution,mips:rnn_base_3_addition:hidden:0,2,192,1,,runs/709714/final_eval/slurm_pysr/eval_0000/results/task_000102.json
MIPS meta-evolution,mips:rnn_base_3_addition:hidden:0,3,192,1,,runs/709714/final_eval/slurm_pysr/eval_0000/results/task_000103.json
MIPS meta-evolution,mips:rnn_base_3_addition:hidden:0,4,192,1,,runs/709714/final_eval/slurm_pysr/eval_0000/results/task_000104.json
MIPS meta-evolution,mips:rnn_base_3_addition:hidden:0,5,192,1,,runs/709714/final_eval/slurm_pysr/eval_0000/results/task_000105.json
MIPS meta-evolution,mips:rnn_base_3_addition:hidden:0,6,192,1,,runs/709714/final_eval/slurm_pysr/eval_0000/results/task_000106.json
MIPS meta-evolution,mips:rnn_base_3_addition:hidden:0,7,192,1,,runs/709714/final_eval/slurm_pysr/eval_0000/results/task_000107.json
MIPS meta-evolution,mips:rnn_base_3_addition:hidden:0,8,192,1,,runs/709714/final_eval/slurm_pysr/eval_0000/results/task_000108.json
MIPS meta-evolution,mips:rnn_base_3_addition:hidden:0,9,192,1,,runs/709714/final_eval/slurm_pysr/eval_0000/results/task_000109.json
MIPS meta-evolution,mips:rnn_base_3_addition:hidden:1,0,192,1,,runs/709714/final_eval/slurm_pysr/eval_0000/results/task_000110.json
MIPS meta-evolution,mips:rnn_base_3_addition:hidden:1,1,192,1,,runs/709714/final_eval/slurm_pysr/eval_0000/results/task_000111.json
MIPS meta-evolution,mips:rnn_base_3_addition:hidden:1,2,192,1,,runs/709714/final_eval/slurm_pysr/eval_0000/results/task_000112.json
MIPS meta-evolution,mips:rnn_base_3_addition:hidden:1,3,192,1,,runs/709714/final_eval/slurm_pysr/eval_0000/results/task_000113.json
MIPS meta-evolution,mips:rnn_base_3_addition:hidden:1,4,192,1,,runs/709714/final_eval/slurm_pysr/eval_0000/results/task_000114.json
MIPS meta-evolution,mips:rnn_base_3_addition:hidden:1,5,192,1,,runs/709714/final_eval/slurm_pysr/eval_0000/results/task_000115.json
MIPS meta-evolution,mips:rnn_base_3_addition:hidden:1,6,192,1,,runs/709714/final_eval/slurm_pysr/eval_0000/results/task_000116.json
MIPS meta-evolution,mips:rnn_base_3_addition:hidden:1,7,192,1,,runs/709714/final_eval/slurm_pysr/eval_0000/results/task_000117.json
MIPS meta-evolution,mips:rnn_base_3_addition:hidden:1,8,192,1,,runs/709714/final_eval/slurm_pysr/eval_0000/results/task_000118.json
MIPS meta-evolution,mips:rnn_base_3_addition:hidden:1,9,192,1,,runs/709714/final_eval/slurm_pysr/eval_0000/results/task_000119.json
MIPS meta-evolution,mips:rnn_base_3_addition:output:0,0,192,1,,runs/709714/final_eval/slurm_pysr/eval_0000/results/task_000120.json
MIPS meta-evolution,mips:rnn_base_3_addition:output:0,1,192,1,,runs/709714/final_eval/slurm_pysr/eval_0000/results/task_000121.json
MIPS meta-evolution,mips:rnn_base_3_addition:output:0,2,192,1,,runs/709714/final_eval/slurm_pysr/eval_0000/results/task_000122.json
MIPS meta-evolution,mips:rnn_base_3_addition:output:0,3,192,1,,runs/709714/final_eval/slurm_pysr/eval_0000/results/task_000123.json
MIPS meta-evolution,mips:rnn_base_3_addition:output:0,4,192,1,,runs/709714/final_eval/slurm_pysr/eval_0000/results/task_000124.json
MIPS meta-evolution,mips:rnn_base_3_addition:output:0,5,192,1,,runs/709714/final_eval/slurm_pysr/eval_0000/results/task_000125.json
MIPS meta-evolution,mips:rnn_base_3_addition:output:0,6,192,1,,runs/709714/final_eval/slurm_pysr/eval_0000/results/task_000126.json
MIPS meta-evolution,mips:rnn_base_3_addition:output:0,7,192,1,,runs/709714/final_eval/slurm_pysr/eval_0000/results/task_000127.json
MIPS meta-evolution,mips:rnn_base_3_addition:output:0,8,192,1,,runs/709714/final_eval/slurm_pysr/eval_0000/results/task_000128.json
MIPS meta-evolution,mips:rnn_base_3_addition:output:0,9,192,1,,runs/709714/final_eval/slurm_pysr/eval_0000/results/task_000129.json
MIPS meta-evolution,mips:rnn_base_4_addition:hidden:0,0,192,0,,runs/709714/final_eval/slurm_pysr/eval_0000/results/task_000130.json
MIPS meta-evolution,mips:rnn_base_4_addition:hidden:0,1,192,0,,runs/709714/final_eval/slurm_pysr/eval_0000/results/task_000131.json
MIPS meta-evolution,mips:rnn_base_4_addition:hidden:0,2,192,0,,runs/709714/final_eval/slurm_pysr/eval_0000/results/task_000132.json
MIPS meta-evolution,mips:rnn_base_4_addition:hidden:0,3,192,0,,runs/709714/final_eval/slurm_pysr/eval_0000/results/task_000133.json
MIPS meta-evolution,mips:rnn_base_4_addition:hidden:0,4,192,1,,runs/709714/final_eval/slurm_pysr/eval_0000/results/task_000134.json
MIPS meta-evolution,mips:rnn_base_4_addition:hidden:0,5,192,1,,runs/709714/final_eval/slurm_pysr/eval_0000/results/task_000135.json
MIPS meta-evolution,mips:rnn_base_4_addition:hidden:0,6,192,0,,runs/709714/final_eval/slurm_pysr/eval_0000/results/task_000136.json
MIPS meta-evolution,mips:rnn_base_4_addition:hidden:0,7,192,0,,runs/709714/final_eval/slurm_pysr/eval_0000/results/task_000137.json
MIPS meta-evolution,mips:rnn_base_4_addition:hidden:0,8,192,0,,runs/709714/final_eval/slurm_pysr/eval_0000/results/task_000138.json
MIPS meta-evolution,mips:rnn_base_4_addition:hidden:0,9,192,1,,runs/709714/final_eval/slurm_pysr/eval_0000/results/task_000139.json
MIPS meta-evolution,mips:rnn_base_4_addition:hidden:1,0,192,1,,runs/709714/final_eval/slurm_pysr/eval_0000/results/task_000140.json
MIPS meta-evolution,mips:rnn_base_4_addition:hidden:1,1,192,1,,runs/709714/final_eval/slurm_pysr/eval_0000/results/task_000141.json
MIPS meta-evolution,mips:rnn_base_4_addition:hidden:1,2,192,1,,runs/709714/final_eval/slurm_pysr/eval_0000/results/task_000142.json
MIPS meta-evolution,mips:rnn_base_4_addition:hidden:1,3,192,1,,runs/709714/final_eval/slurm_pysr/eval_0000/results/task_000143.json
MIPS meta-evolution,mips:rnn_base_4_addition:hidden:1,4,192,1,,runs/709714/final_eval/slurm_pysr/eval_0000/results/task_000144.json
MIPS meta-evolution,mips:rnn_base_4_addition:hidden:1,5,192,1,,runs/709714/final_eval/slurm_pysr/eval_0000/results/task_000145.json
MIPS meta-evolution,mips:rnn_base_4_addition:hidden:1,6,192,1,,runs/709714/final_eval/slurm_pysr/eval_0000/results/task_000146.json
MIPS meta-evolution,mips:rnn_base_4_addition:hidden:1,7,192,1,,runs/709714/final_eval/slurm_pysr/eval_0000/results/task_000147.json
MIPS meta-evolution,mips:rnn_base_4_addition:hidden:1,8,192,1,,runs/709714/final_eval/slurm_pysr/eval_0000/results/task_000148.json
MIPS meta-evolution,mips:rnn_base_4_addition:hidden:1,9,192,1,,runs/709714/final_eval/slurm_pysr/eval_0000/results/task_000149.json
MIPS meta-evolution,mips:rnn_base_4_addition:output:0,0,192,1,,runs/709714/final_eval/slurm_pysr/eval_0000/results/task_000150.json
MIPS meta-evolution,mips:rnn_base_4_addition:output:0,1,192,1,,runs/709714/final_eval/slurm_pysr/eval_0000/results/task_000151.json
MIPS meta-evolution,mips:rnn_base_4_addition:output:0,2,192,1,,runs/709714/final_eval/slurm_pysr/eval_0000/results/task_000152.json
MIPS meta-evolution,mips:rnn_base_4_addition:output:0,3,192,1,,runs/709714/final_eval/slurm_pysr/eval_0000/results/task_000153.json
MIPS meta-evolution,mips:rnn_base_4_addition:output:0,4,192,1,,runs/709714/final_eval/slurm_pysr/eval_0000/results/task_000154.json
MIPS meta-evolution,mips:rnn_base_4_addition:output:0,5,192,1,,runs/709714/final_eval/slurm_pysr/eval_0000/results/task_000155.json
MIPS meta-evolution,mips:rnn_base_4_addition:output:0,6,192,1,,runs/709714/final_eval/slurm_pysr/eval_0000/results/task_000156.json
MIPS meta-evolution,mips:rnn_base_4_addition:output:0,7,192,1,,runs/709714/final_eval/slurm_pysr/eval_0000/results/task_000157.json
MIPS meta-evolution,mips:rnn_base_4_addition:output:0,8,192,1,,runs/709714/final_eval/slurm_pysr/eval_0000/results/task_000158.json
MIPS meta-evolution,mips:rnn_base_4_addition:output:0,9,192,1,,runs/709714/final_eval/slurm_pysr/eval_0000/results/task_000159.json
MIPS meta-evolution,mips:rnn_base_5_addition:hidden:0,0,192,0,,runs/709714/final_eval/slurm_pysr/eval_0000/results/task_000160.json
MIPS meta-evolution,mips:rnn_base_5_addition:hidden:0,1,192,0,,runs/709714/final_eval/slurm_pysr/eval_0000/results/task_000161.json
MIPS meta-evolution,mips:rnn_base_5_addition:hidden:0,2,192,0,,runs/709714/final_eval/slurm_pysr/eval_0000/results/task_000162.json
MIPS meta-evolution,mips:rnn_base_5_addition:hidden:0,3,192,0,,runs/709714/final_eval/slurm_pysr/eval_0000/results/task_000163.json
MIPS meta-evolution,mips:rnn_base_5_addition:hidden:0,4,192,1,,runs/709714/final_eval/slurm_pysr/eval_0000/results/task_000164.json
MIPS meta-evolution,mips:rnn_base_5_addition:hidden:0,5,192,1,,runs/709714/final_eval/slurm_pysr/eval_0000/results/task_000165.json
MIPS meta-evolution,mips:rnn_base_5_addition:hidden:0,6,192,0,,runs/709714/final_eval/slurm_pysr/eval_0000/results/task_000166.json
MIPS meta-evolution,mips:rnn_base_5_addition:hidden:0,7,192,0,,runs/709714/final_eval/slurm_pysr/eval_0000/results/task_000167.json
MIPS meta-evolution,mips:rnn_base_5_addition:hidden:0,8,192,1,,runs/709714/final_eval/slurm_pysr/eval_0000/results/task_000168.json
MIPS meta-evolution,mips:rnn_base_5_addition:hidden:0,9,192,0,,runs/709714/final_eval/slurm_pysr/eval_0000/results/task_000169.json
MIPS meta-evolution,mips:rnn_base_5_addition:hidden:1,0,192,1,,runs/709714/final_eval/slurm_pysr/eval_0000/results/task_000170.json
MIPS meta-evolution,mips:rnn_base_5_addition:hidden:1,1,192,1,,runs/709714/final_eval/slurm_pysr/eval_0000/results/task_000171.json
MIPS meta-evolution,mips:rnn_base_5_addition:hidden:1,2,192,1,,runs/709714/final_eval/slurm_pysr/eval_0000/results/task_000172.json
MIPS meta-evolution,mips:rnn_base_5_addition:hidden:1,3,192,1,,runs/709714/final_eval/slurm_pysr/eval_0000/results/task_000173.json
MIPS meta-evolution,mips:rnn_base_5_addition:hidden:1,4,192,1,,runs/709714/final_eval/slurm_pysr/eval_0000/results/task_000174.json
MIPS meta-evolution,mips:rnn_base_5_addition:hidden:1,5,192,1,,runs/709714/final_eval/slurm_pysr/eval_0000/results/task_000175.json
MIPS meta-evolution,mips:rnn_base_5_addition:hidden:1,6,192,1,,runs/709714/final_eval/slurm_pysr/eval_0000/results/task_000176.json
MIPS meta-evolution,mips:rnn_base_5_addition:hidden:1,7,192,1,,runs/709714/final_eval/slurm_pysr/eval_0000/results/task_000177.json
MIPS meta-evolution,mips:rnn_base_5_addition:hidden:1,8,192,1,,runs/709714/final_eval/slurm_pysr/eval_0000/results/task_000178.json
MIPS meta-evolution,mips:rnn_base_5_addition:hidden:1,9,192,1,,runs/709714/final_eval/slurm_pysr/eval_0000/results/task_000179.json
MIPS meta-evolution,mips:rnn_base_5_addition:output:0,0,192,0,,runs/709714/final_eval/slurm_pysr/eval_0000/results/task_000180.json
MIPS meta-evolution,mips:rnn_base_5_addition:output:0,1,192,1,,runs/709714/final_eval/slurm_pysr/eval_0000/results/task_000181.json
MIPS meta-evolution,mips:rnn_base_5_addition:output:0,2,192,1,,runs/709714/final_eval/slurm_pysr/eval_0000/results/task_000182.json
MIPS meta-evolution,mips:rnn_base_5_addition:output:0,3,192,1,,runs/709714/final_eval/slurm_pysr/eval_0000/results/task_000183.json
MIPS meta-evolution,mips:rnn_base_5_addition:output:0,4,192,1,,runs/709714/final_eval/slurm_pysr/eval_0000/results/task_000184.json
MIPS meta-evolution,mips:rnn_base_5_addition:output:0,5,192,1,,runs/709714/final_eval/slurm_pysr/eval_0000/results/task_000185.json
MIPS meta-evolution,mips:rnn_base_5_addition:output:0,6,192,1,,runs/709714/final_eval/slurm_pysr/eval_0000/results/task_000186.json
MIPS meta-evolution,mips:rnn_base_5_addition:output:0,7,192,1,,runs/709714/final_eval/slurm_pysr/eval_0000/results/task_000187.json
MIPS meta-evolution,mips:rnn_base_5_addition:output:0,8,192,1,,runs/709714/final_eval/slurm_pysr/eval_0000/results/task_000188.json
MIPS meta-evolution,mips:rnn_base_5_addition:output:0,9,192,1,,runs/709714/final_eval/slurm_pysr/eval_0000/results/task_000189.json
MIPS meta-evolution,mips:rnn_base_6_addition:hidden:0,0,192,1,,runs/709714/final_eval/slurm_pysr/eval_0000/results/task_000190.json
MIPS meta-evolution,mips:rnn_base_6_addition:hidden:0,1,192,1,,runs/709714/final_eval/slurm_pysr/eval_0000/results/task_000191.json
MIPS meta-evolution,mips:rnn_base_6_addition:hidden:0,2,192,1,,runs/709714/final_eval/slurm_pysr/eval_0000/results/task_000192.json
MIPS meta-evolution,mips:rnn_base_6_addition:hidden:0,3,192,1,,runs/709714/final_eval/slurm_pysr/eval_0000/results/task_000193.json
MIPS meta-evolution,mips:rnn_base_6_addition:hidden:0,4,192,1,,runs/709714/final_eval/slurm_pysr/eval_0000/results/task_000194.json
MIPS meta-evolution,mips:rnn_base_6_addition:hidden:0,5,192,1,,runs/709714/final_eval/slurm_pysr/eval_0000/results/task_000195.json
MIPS meta-evolution,mips:rnn_base_6_addition:hidden:0,6,192,1,,runs/709714/final_eval/slurm_pysr/eval_0000/results/task_000196.json
MIPS meta-evolution,mips:rnn_base_6_addition:hidden:0,7,192,1,,runs/709714/final_eval/slurm_pysr/eval_0000/results/task_000197.json
MIPS meta-evolution,mips:rnn_base_6_addition:hidden:0,8,192,1,,runs/709714/final_eval/slurm_pysr/eval_0000/results/task_000198.json
MIPS meta-evolution,mips:rnn_base_6_addition:hidden:0,9,192,1,,runs/709714/final_eval/slurm_pysr/eval_0000/results/task_000199.json
MIPS meta-evolution,mips:rnn_base_6_addition:hidden:1,0,192,0,,runs/709714/final_eval/slurm_pysr/eval_0000/results/task_000200.json
MIPS meta-evolution,mips:rnn_base_6_addition:hidden:1,1,192,1,,runs/709714/final_eval/slurm_pysr/eval_0000/results/task_000201.json
MIPS meta-evolution,mips:rnn_base_6_addition:hidden:1,2,192,1,,runs/709714/final_eval/slurm_pysr/eval_0000/results/task_000202.json
MIPS meta-evolution,mips:rnn_base_6_addition:hidden:1,3,192,1,,runs/709714/final_eval/slurm_pysr/eval_0000/results/task_000203.json
MIPS meta-evolution,mips:rnn_base_6_addition:hidden:1,4,192,1,,runs/709714/final_eval/slurm_pysr/eval_0000/results/task_000204.json
MIPS meta-evolution,mips:rnn_base_6_addition:hidden:1,5,192,0,,runs/709714/final_eval/slurm_pysr/eval_0000/results/task_000205.json
MIPS meta-evolution,mips:rnn_base_6_addition:hidden:1,6,192,1,,runs/709714/final_eval/slurm_pysr/eval_0000/results/task_000206.json
MIPS meta-evolution,mips:rnn_base_6_addition:hidden:1,7,192,0,,runs/709714/final_eval/slurm_pysr/eval_0000/results/task_000207.json
MIPS meta-evolution,mips:rnn_base_6_addition:hidden:1,8,192,0,,runs/709714/final_eval/slurm_pysr/eval_0000/results/task_000208.json
MIPS meta-evolution,mips:rnn_base_6_addition:hidden:1,9,192,0,,runs/709714/final_eval/slurm_pysr/eval_0000/results/task_000209.json
MIPS meta-evolution,mips:rnn_base_6_addition:output:0,0,192,1,,runs/709714/final_eval/slurm_pysr/eval_0000/results/task_000210.json
MIPS meta-evolution,mips:rnn_base_6_addition:output:0,1,192,1,,runs/709714/final_eval/slurm_pysr/eval_0000/results/task_000211.json
MIPS meta-evolution,mips:rnn_base_6_addition:output:0,2,192,1,,runs/709714/final_eval/slurm_pysr/eval_0000/results/task_000212.json
MIPS meta-evolution,mips:rnn_base_6_addition:output:0,3,192,1,,runs/709714/final_eval/slurm_pysr/eval_0000/results/task_000213.json
MIPS meta-evolution,mips:rnn_base_6_addition:output:0,4,192,1,,runs/709714/final_eval/slurm_pysr/eval_0000/results/task_000214.json
MIPS meta-evolution,mips:rnn_base_6_addition:output:0,5,192,1,,runs/709714/final_eval/slurm_pysr/eval_0000/results/task_000215.json
MIPS meta-evolution,mips:rnn_base_6_addition:output:0,6,192,1,,runs/709714/final_eval/slurm_pysr/eval_0000/results/task_000216.json
MIPS meta-evolution,mips:rnn_base_6_addition:output:0,7,192,1,,runs/709714/final_eval/slurm_pysr/eval_0000/results/task_000217.json
MIPS meta-evolution,mips:rnn_base_6_addition:output:0,8,192,1,,runs/709714/final_eval/slurm_pysr/eval_0000/results/task_000218.json
MIPS meta-evolution,mips:rnn_base_6_addition:output:0,9,192,1,,runs/709714/final_eval/slurm_pysr/eval_0000/results/task_000219.json
MIPS meta-evolution,mips:rnn_base_7_addition:hidden:0,0,192,1,,runs/709714/final_eval/slurm_pysr/eval_0000/results/task_000220.json
MIPS meta-evolution,mips:rnn_base_7_addition:hidden:0,1,192,1,,runs/709714/final_eval/slurm_pysr/eval_0000/results/task_000221.json
MIPS meta-evolution,mips:rnn_base_7_addition:hidden:0,2,192,1,,runs/709714/final_eval/slurm_pysr/eval_0000/results/task_000222.json
MIPS meta-evolution,mips:rnn_base_7_addition:hidden:0,3,192,1,,runs/709714/final_eval/slurm_pysr/eval_0000/results/task_000223.json
MIPS meta-evolution,mips:rnn_base_7_addition:hidden:0,4,192,1,,runs/709714/final_eval/slurm_pysr/eval_0000/results/task_000224.json
MIPS meta-evolution,mips:rnn_base_7_addition:hidden:0,5,192,1,,runs/709714/final_eval/slurm_pysr/eval_0000/results/task_000225.json
MIPS meta-evolution,mips:rnn_base_7_addition:hidden:0,6,192,1,,runs/709714/final_eval/slurm_pysr/eval_0000/results/task_000226.json
MIPS meta-evolution,mips:rnn_base_7_addition:hidden:0,7,192,1,,runs/709714/final_eval/slurm_pysr/eval_0000/results/task_000227.json
MIPS meta-evolution,mips:rnn_base_7_addition:hidden:0,8,192,1,,runs/709714/final_eval/slurm_pysr/eval_0000/results/task_000228.json
MIPS meta-evolution,mips:rnn_base_7_addition:hidden:0,9,192,1,,runs/709714/final_eval/slurm_pysr/eval_0000/results/task_000229.json
MIPS meta-evolution,mips:rnn_base_7_addition:hidden:1,0,192,0,,runs/709714/final_eval/slurm_pysr/eval_0000/results/task_000230.json
MIPS meta-evolution,mips:rnn_base_7_addition:hidden:1,1,192,1,,runs/709714/final_eval/slurm_pysr/eval_0000/results/task_000231.json
MIPS meta-evolution,mips:rnn_base_7_addition:hidden:1,2,192,1,,runs/709714/final_eval/slurm_pysr/eval_0000/results/task_000232.json
MIPS meta-evolution,mips:rnn_base_7_addition:hidden:1,3,192,0,,runs/709714/final_eval/slurm_pysr/eval_0000/results/task_000233.json
MIPS meta-evolution,mips:rnn_base_7_addition:hidden:1,4,192,0,,runs/709714/final_eval/slurm_pysr/eval_0000/results/task_000234.json
MIPS meta-evolution,mips:rnn_base_7_addition:hidden:1,5,192,0,,runs/709714/final_eval/slurm_pysr/eval_0000/results/task_000235.json
MIPS meta-evolution,mips:rnn_base_7_addition:hidden:1,6,192,0,,runs/709714/final_eval/slurm_pysr/eval_0000/results/task_000236.json
MIPS meta-evolution,mips:rnn_base_7_addition:hidden:1,7,192,0,,runs/709714/final_eval/slurm_pysr/eval_0000/results/task_000237.json
MIPS meta-evolution,mips:rnn_base_7_addition:hidden:1,8,192,0,,runs/709714/final_eval/slurm_pysr/eval_0000/results/task_000238.json
MIPS meta-evolution,mips:rnn_base_7_addition:hidden:1,9,192,0,,runs/709714/final_eval/slurm_pysr/eval_0000/results/task_000239.json
MIPS meta-evolution,mips:rnn_base_7_addition:output:0,0,192,1,,runs/709714/final_eval/slurm_pysr/eval_0000/results/task_000240.json
MIPS meta-evolution,mips:rnn_base_7_addition:output:0,1,192,1,,runs/709714/final_eval/slurm_pysr/eval_0000/results/task_000241.json
MIPS meta-evolution,mips:rnn_base_7_addition:output:0,2,192,1,,runs/709714/final_eval/slurm_pysr/eval_0000/results/task_000242.json
MIPS meta-evolution,mips:rnn_base_7_addition:output:0,3,192,1,,runs/709714/final_eval/slurm_pysr/eval_0000/results/task_000243.json
MIPS meta-evolution,mips:rnn_base_7_addition:output:0,4,192,1,,runs/709714/final_eval/slurm_pysr/eval_0000/results/task_000244.json
MIPS meta-evolution,mips:rnn_base_7_addition:output:0,5,192,1,,runs/709714/final_eval/slurm_pysr/eval_0000/results/task_000245.json
MIPS meta-evolution,mips:rnn_base_7_addition:output:0,6,192,1,,runs/709714/final_eval/slurm_pysr/eval_0000/results/task_000246.json
MIPS meta-evolution,mips:rnn_base_7_addition:output:0,7,192,1,,runs/709714/final_eval/slurm_pysr/eval_0000/results/task_000247.json
MIPS meta-evolution,mips:rnn_base_7_addition:output:0,8,192,1,,runs/709714/final_eval/slurm_pysr/eval_0000/results/task_000248.json
MIPS meta-evolution,mips:rnn_base_7_addition:output:0,9,192,1,,runs/709714/final_eval/slurm_pysr/eval_0000/results/task_000249.json
MIPS meta-evolution,mips:rnn_max_numerical:hidden:0,0,192,1,,runs/709714/final_eval/slurm_pysr/eval_0000/results/task_000250.json
MIPS meta-evolution,mips:rnn_max_numerical:hidden:0,1,192,1,,runs/709714/final_eval/slurm_pysr/eval_0000/results/task_000251.json
MIPS meta-evolution,mips:rnn_max_numerical:hidden:0,2,192,1,,runs/709714/final_eval/slurm_pysr/eval_0000/results/task_000252.json
MIPS meta-evolution,mips:rnn_max_numerical:hidden:0,3,192,1,,runs/709714/final_eval/slurm_pysr/eval_0000/results/task_000253.json
MIPS meta-evolution,mips:rnn_max_numerical:hidden:0,4,192,1,,runs/709714/final_eval/slurm_pysr/eval_0000/results/task_000254.json
MIPS meta-evolution,mips:rnn_max_numerical:hidden:0,5,192,1,,runs/709714/final_eval/slurm_pysr/eval_0000/results/task_000255.json
MIPS meta-evolution,mips:rnn_max_numerical:hidden:0,6,192,1,,runs/709714/final_eval/slurm_pysr/eval_0000/results/task_000256.json
MIPS meta-evolution,mips:rnn_max_numerical:hidden:0,7,192,1,,runs/709714/final_eval/slurm_pysr/eval_0000/results/task_000257.json
MIPS meta-evolution,mips:rnn_max_numerical:hidden:0,8,192,1,,runs/709714/final_eval/slurm_pysr/eval_0000/results/task_000258.json
MIPS meta-evolution,mips:rnn_max_numerical:hidden:0,9,192,1,,runs/709714/final_eval/slurm_pysr/eval_0000/results/task_000259.json
MIPS meta-evolution,mips:rnn_max_numerical:output:0,0,192,1,,runs/709714/final_eval/slurm_pysr/eval_0000/results/task_000260.json
MIPS meta-evolution,mips:rnn_max_numerical:output:0,1,192,1,,runs/709714/final_eval/slurm_pysr/eval_0000/results/task_000261.json
MIPS meta-evolution,mips:rnn_max_numerical:output:0,2,192,1,,runs/709714/final_eval/slurm_pysr/eval_0000/results/task_000262.json
MIPS meta-evolution,mips:rnn_max_numerical:output:0,3,192,1,,runs/709714/final_eval/slurm_pysr/eval_0000/results/task_000263.json
MIPS meta-evolution,mips:rnn_max_numerical:output:0,4,192,1,,runs/709714/final_eval/slurm_pysr/eval_0000/results/task_000264.json
MIPS meta-evolution,mips:rnn_max_numerical:output:0,5,192,1,,runs/709714/final_eval/slurm_pysr/eval_0000/results/task_000265.json
MIPS meta-evolution,mips:rnn_max_numerical:output:0,6,192,1,,runs/709714/final_eval/slurm_pysr/eval_0000/results/task_000266.json
MIPS meta-evolution,mips:rnn_max_numerical:output:0,7,192,1,,runs/709714/final_eval/slurm_pysr/eval_0000/results/task_000267.json
MIPS meta-evolution,mips:rnn_max_numerical:output:0,8,192,1,,runs/709714/final_eval/slurm_pysr/eval_0000/results/task_000268.json
MIPS meta-evolution,mips:rnn_max_numerical:output:0,9,192,1,,runs/709714/final_eval/slurm_pysr/eval_0000/results/task_000269.json
MIPS meta-evolution,mips:rnn_min_numerical:hidden:0,0,192,1,,runs/709714/final_eval/slurm_pysr/eval_0000/results/task_000270.json
MIPS meta-evolution,mips:rnn_min_numerical:hidden:0,1,192,1,,runs/709714/final_eval/slurm_pysr/eval_0000/results/task_000271.json
MIPS meta-evolution,mips:rnn_min_numerical:hidden:0,2,192,1,,runs/709714/final_eval/slurm_pysr/eval_0000/results/task_000272.json
MIPS meta-evolution,mips:rnn_min_numerical:hidden:0,3,192,1,,runs/709714/final_eval/slurm_pysr/eval_0000/results/task_000273.json
MIPS meta-evolution,mips:rnn_min_numerical:hidden:0,4,192,1,,runs/709714/final_eval/slurm_pysr/eval_0000/results/task_000274.json
MIPS meta-evolution,mips:rnn_min_numerical:hidden:0,5,192,1,,runs/709714/final_eval/slurm_pysr/eval_0000/results/task_000275.json
MIPS meta-evolution,mips:rnn_min_numerical:hidden:0,6,192,1,,runs/709714/final_eval/slurm_pysr/eval_0000/results/task_000276.json
MIPS meta-evolution,mips:rnn_min_numerical:hidden:0,7,192,1,,runs/709714/final_eval/slurm_pysr/eval_0000/results/task_000277.json
MIPS meta-evolution,mips:rnn_min_numerical:hidden:0,8,192,1,,runs/709714/final_eval/slurm_pysr/eval_0000/results/task_000278.json
MIPS meta-evolution,mips:rnn_min_numerical:hidden:0,9,192,1,,runs/709714/final_eval/slurm_pysr/eval_0000/results/task_000279.json
MIPS meta-evolution,mips:rnn_min_numerical:output:0,0,192,1,,runs/709714/final_eval/slurm_pysr/eval_0000/results/task_000280.json
MIPS meta-evolution,mips:rnn_min_numerical:output:0,1,192,1,,runs/709714/final_eval/slurm_pysr/eval_0000/results/task_000281.json
MIPS meta-evolution,mips:rnn_min_numerical:output:0,2,192,1,,runs/709714/final_eval/slurm_pysr/eval_0000/results/task_000282.json
MIPS meta-evolution,mips:rnn_min_numerical:output:0,3,192,1,,runs/709714/final_eval/slurm_pysr/eval_0000/results/task_000283.json
MIPS meta-evolution,mips:rnn_min_numerical:output:0,4,192,1,,runs/709714/final_eval/slurm_pysr/eval_0000/results/task_000284.json
MIPS meta-evolution,mips:rnn_min_numerical:output:0,5,192,1,,runs/709714/final_eval/slurm_pysr/eval_0000/results/task_000285.json
MIPS meta-evolution,mips:rnn_min_numerical:output:0,6,192,1,,runs/709714/final_eval/slurm_pysr/eval_0000/results/task_000286.json
MIPS meta-evolution,mips:rnn_min_numerical:output:0,7,192,1,,runs/709714/final_eval/slurm_pysr/eval_0000/results/task_000287.json
MIPS meta-evolution,mips:rnn_min_numerical:output:0,8,192,1,,runs/709714/final_eval/slurm_pysr/eval_0000/results/task_000288.json
MIPS meta-evolution,mips:rnn_min_numerical:output:0,9,192,1,,runs/709714/final_eval/slurm_pysr/eval_0000/results/task_000289.json
MIPS meta-evolution,mips:rnn_parity_last2_numerical:hidden:0,0,192,1,,runs/709714/final_eval/slurm_pysr/eval_0000/results/task_000290.json
MIPS meta-evolution,mips:rnn_parity_last2_numerical:hidden:0,1,192,1,,runs/709714/final_eval/slurm_pysr/eval_0000/results/task_000291.json
MIPS meta-evolution,mips:rnn_parity_last2_numerical:hidden:0,2,192,1,,runs/709714/final_eval/slurm_pysr/eval_0000/results/task_000292.json
MIPS meta-evolution,mips:rnn_parity_last2_numerical:hidden:0,3,192,1,,runs/709714/final_eval/slurm_pysr/eval_0000/results/task_000293.json
MIPS meta-evolution,mips:rnn_parity_last2_numerical:hidden:0,4,192,1,,runs/709714/final_eval/slurm_pysr/eval_0000/results/task_000294.json
MIPS meta-evolution,mips:rnn_parity_last2_numerical:hidden:0,5,192,1,,runs/709714/final_eval/slurm_pysr/eval_0000/results/task_000295.json
MIPS meta-evolution,mips:rnn_parity_last2_numerical:hidden:0,6,192,1,,runs/709714/final_eval/slurm_pysr/eval_0000/results/task_000296.json
MIPS meta-evolution,mips:rnn_parity_last2_numerical:hidden:0,7,192,1,,runs/709714/final_eval/slurm_pysr/eval_0000/results/task_000297.json
MIPS meta-evolution,mips:rnn_parity_last2_numerical:hidden:0,8,192,1,,runs/709714/final_eval/slurm_pysr/eval_0000/results/task_000298.json
MIPS meta-evolution,mips:rnn_parity_last2_numerical:hidden:0,9,192,0,,runs/709714/final_eval/slurm_pysr/eval_0000/results/task_000299.json
MIPS meta-evolution,mips:rnn_parity_last2_numerical:output:0,0,192,1,,runs/709714/final_eval/slurm_pysr/eval_0000/results/task_000300.json
MIPS meta-evolution,mips:rnn_parity_last2_numerical:output:0,1,192,1,,runs/709714/final_eval/slurm_pysr/eval_0000/results/task_000301.json
MIPS meta-evolution,mips:rnn_parity_last2_numerical:output:0,2,192,1,,runs/709714/final_eval/slurm_pysr/eval_0000/results/task_000302.json
MIPS meta-evolution,mips:rnn_parity_last2_numerical:output:0,3,192,1,,runs/709714/final_eval/slurm_pysr/eval_0000/results/task_000303.json
MIPS meta-evolution,mips:rnn_parity_last2_numerical:output:0,4,192,1,,runs/709714/final_eval/slurm_pysr/eval_0000/results/task_000304.json
MIPS meta-evolution,mips:rnn_parity_last2_numerical:output:0,5,192,1,,runs/709714/final_eval/slurm_pysr/eval_0000/results/task_000305.json
MIPS meta-evolution,mips:rnn_parity_last2_numerical:output:0,6,192,1,,runs/709714/final_eval/slurm_pysr/eval_0000/results/task_000306.json
MIPS meta-evolution,mips:rnn_parity_last2_numerical:output:0,7,192,1,,runs/709714/final_eval/slurm_pysr/eval_0000/results/task_000307.json
MIPS meta-evolution,mips:rnn_parity_last2_numerical:output:0,8,192,1,,runs/709714/final_eval/slurm_pysr/eval_0000/results/task_000308.json
MIPS meta-evolution,mips:rnn_parity_last2_numerical:output:0,9,192,1,,runs/709714/final_eval/slurm_pysr/eval_0000/results/task_000309.json
MIPS meta-evolution,mips:rnn_unique2_numerical:hidden:0,0,192,1,,runs/709714/final_eval/slurm_pysr/eval_0000/results/task_000310.json
MIPS meta-evolution,mips:rnn_unique2_numerical:hidden:0,1,192,1,,runs/709714/final_eval/slurm_pysr/eval_0000/results/task_000311.json
MIPS meta-evolution,mips:rnn_unique2_numerical:hidden:0,2,192,1,,runs/709714/final_eval/slurm_pysr/eval_0000/results/task_000312.json
MIPS meta-evolution,mips:rnn_unique2_numerical:hidden:0,3,192,1,,runs/709714/final_eval/slurm_pysr/eval_0000/results/task_000313.json
MIPS meta-evolution,mips:rnn_unique2_numerical:hidden:0,4,192,1,,runs/709714/final_eval/slurm_pysr/eval_0000/results/task_000314.json
MIPS meta-evolution,mips:rnn_unique2_numerical:hidden:0,5,192,1,,runs/709714/final_eval/slurm_pysr/eval_0000/results/task_000315.json
MIPS meta-evolution,mips:rnn_unique2_numerical:hidden:0,6,192,1,,runs/709714/final_eval/slurm_pysr/eval_0000/results/task_000316.json
MIPS meta-evolution,mips:rnn_unique2_numerical:hidden:0,7,192,1,,runs/709714/final_eval/slurm_pysr/eval_0000/results/task_000317.json
MIPS meta-evolution,mips:rnn_unique2_numerical:hidden:0,8,192,1,,runs/709714/final_eval/slurm_pysr/eval_0000/results/task_000318.json
MIPS meta-evolution,mips:rnn_unique2_numerical:hidden:0,9,192,1,,runs/709714/final_eval/slurm_pysr/eval_0000/results/task_000319.json
MIPS meta-evolution,mips:rnn_unique2_numerical:hidden:1,0,192,1,,runs/709714/final_eval/slurm_pysr/eval_0000/results/task_000320.json
MIPS meta-evolution,mips:rnn_unique2_numerical:hidden:1,1,192,1,,runs/709714/final_eval/slurm_pysr/eval_0000/results/task_000321.json
MIPS meta-evolution,mips:rnn_unique2_numerical:hidden:1,2,192,1,,runs/709714/final_eval/slurm_pysr/eval_0000/results/task_000322.json
MIPS meta-evolution,mips:rnn_unique2_numerical:hidden:1,3,192,1,,runs/709714/final_eval/slurm_pysr/eval_0000/results/task_000323.json
MIPS meta-evolution,mips:rnn_unique2_numerical:hidden:1,4,192,1,,runs/709714/final_eval/slurm_pysr/eval_0000/results/task_000324.json
MIPS meta-evolution,mips:rnn_unique2_numerical:hidden:1,5,192,1,,runs/709714/final_eval/slurm_pysr/eval_0000/results/task_000325.json
MIPS meta-evolution,mips:rnn_unique2_numerical:hidden:1,6,192,1,,runs/709714/final_eval/slurm_pysr/eval_0000/results/task_000326.json
MIPS meta-evolution,mips:rnn_unique2_numerical:hidden:1,7,192,1,,runs/709714/final_eval/slurm_pysr/eval_0000/results/task_000327.json
MIPS meta-evolution,mips:rnn_unique2_numerical:hidden:1,8,192,1,,runs/709714/final_eval/slurm_pysr/eval_0000/results/task_000328.json
MIPS meta-evolution,mips:rnn_unique2_numerical:hidden:1,9,192,1,,runs/709714/final_eval/slurm_pysr/eval_0000/results/task_000329.json
MIPS meta-evolution,mips:rnn_unique2_numerical:output:0,0,192,1,,runs/709714/final_eval/slurm_pysr/eval_0000/results/task_000330.json
MIPS meta-evolution,mips:rnn_unique2_numerical:output:0,1,192,1,,runs/709714/final_eval/slurm_pysr/eval_0000/results/task_000331.json
MIPS meta-evolution,mips:rnn_unique2_numerical:output:0,2,192,1,,runs/709714/final_eval/slurm_pysr/eval_0000/results/task_000332.json
MIPS meta-evolution,mips:rnn_unique2_numerical:output:0,3,192,1,,runs/709714/final_eval/slurm_pysr/eval_0000/results/task_000333.json
MIPS meta-evolution,mips:rnn_unique2_numerical:output:0,4,192,1,,runs/709714/final_eval/slurm_pysr/eval_0000/results/task_000334.json
MIPS meta-evolution,mips:rnn_unique2_numerical:output:0,5,192,1,,runs/709714/final_eval/slurm_pysr/eval_0000/results/task_000335.json
MIPS meta-evolution,mips:rnn_unique2_numerical:output:0,6,192,1,,runs/709714/final_eval/slurm_pysr/eval_0000/results/task_000336.json
MIPS meta-evolution,mips:rnn_unique2_numerical:output:0,7,192,1,,runs/709714/final_eval/slurm_pysr/eval_0000/results/task_000337.json
MIPS meta-evolution,mips:rnn_unique2_numerical:output:0,8,192,1,,runs/709714/final_eval/slurm_pysr/eval_0000/results/task_000338.json
MIPS meta-evolution,mips:rnn_unique2_numerical:output:0,9,192,1,,runs/709714/final_eval/slurm_pysr/eval_0000/results/task_000339.json
MIPS meta-evolution,mips:rnn_parity_last4_numerical:hidden:0,0,192,0,,runs/709714/final_eval/slurm_pysr/eval_0000/results/task_000340.json
MIPS meta-evolution,mips:rnn_parity_last4_numerical:hidden:0,1,192,0,,runs/709714/final_eval/slurm_pysr/eval_0000/results/task_000341.json
MIPS meta-evolution,mips:rnn_parity_last4_numerical:hidden:0,2,192,0,,runs/709714/final_eval/slurm_pysr/eval_0000/results/task_000342.json
MIPS meta-evolution,mips:rnn_parity_last4_numerical:hidden:0,3,192,0,,runs/709714/final_eval/slurm_pysr/eval_0000/results/task_000343.json
MIPS meta-evolution,mips:rnn_parity_last4_numerical:hidden:0,4,192,0,,runs/709714/final_eval/slurm_pysr/eval_0000/results/task_000344.json
MIPS meta-evolution,mips:rnn_parity_last4_numerical:hidden:0,5,192,0,,runs/709714/final_eval/slurm_pysr/eval_0000/results/task_000345.json
MIPS meta-evolution,mips:rnn_parity_last4_numerical:hidden:0,6,192,0,,runs/709714/final_eval/slurm_pysr/eval_0000/results/task_000346.json
MIPS meta-evolution,mips:rnn_parity_last4_numerical:hidden:0,7,192,0,,runs/709714/final_eval/slurm_pysr/eval_0000/results/task_000347.json
MIPS meta-evolution,mips:rnn_parity_last4_numerical:hidden:0,8,192,1,,runs/709714/final_eval/slurm_pysr/eval_0000/results/task_000348.json
MIPS meta-evolution,mips:rnn_parity_last4_numerical:hidden:0,9,192,0,,runs/709714/final_eval/slurm_pysr/eval_0000/results/task_000349.json
MIPS meta-evolution,mips:rnn_parity_last4_numerical:hidden:1,0,192,1,,runs/709714/final_eval/slurm_pysr/eval_0000/results/task_000350.json
MIPS meta-evolution,mips:rnn_parity_last4_numerical:hidden:1,1,192,1,,runs/709714/final_eval/slurm_pysr/eval_0000/results/task_000351.json
MIPS meta-evolution,mips:rnn_parity_last4_numerical:hidden:1,2,192,1,,runs/709714/final_eval/slurm_pysr/eval_0000/results/task_000352.json
MIPS meta-evolution,mips:rnn_parity_last4_numerical:hidden:1,3,192,1,,runs/709714/final_eval/slurm_pysr/eval_0000/results/task_000353.json
MIPS meta-evolution,mips:rnn_parity_last4_numerical:hidden:1,4,192,1,,runs/709714/final_eval/slurm_pysr/eval_0000/results/task_000354.json
MIPS meta-evolution,mips:rnn_parity_last4_numerical:hidden:1,5,192,1,,runs/709714/final_eval/slurm_pysr/eval_0000/results/task_000355.json
MIPS meta-evolution,mips:rnn_parity_last4_numerical:hidden:1,6,192,1,,runs/709714/final_eval/slurm_pysr/eval_0000/results/task_000356.json
MIPS meta-evolution,mips:rnn_parity_last4_numerical:hidden:1,7,192,1,,runs/709714/final_eval/slurm_pysr/eval_0000/results/task_000357.json
MIPS meta-evolution,mips:rnn_parity_last4_numerical:hidden:1,8,192,1,,runs/709714/final_eval/slurm_pysr/eval_0000/results/task_000358.json
MIPS meta-evolution,mips:rnn_parity_last4_numerical:hidden:1,9,192,1,,runs/709714/final_eval/slurm_pysr/eval_0000/results/task_000359.json
MIPS meta-evolution,mips:rnn_parity_last4_numerical:hidden:2,0,192,1,,runs/709714/final_eval/slurm_pysr/eval_0000/results/task_000360.json
MIPS meta-evolution,mips:rnn_parity_last4_numerical:hidden:2,1,192,1,,runs/709714/final_eval/slurm_pysr/eval_0000/results/task_000361.json
MIPS meta-evolution,mips:rnn_parity_last4_numerical:hidden:2,2,192,1,,runs/709714/final_eval/slurm_pysr/eval_0000/results/task_000362.json
MIPS meta-evolution,mips:rnn_parity_last4_numerical:hidden:2,3,192,1,,runs/709714/final_eval/slurm_pysr/eval_0000/results/task_000363.json
MIPS meta-evolution,mips:rnn_parity_last4_numerical:hidden:2,4,192,1,,runs/709714/final_eval/slurm_pysr/eval_0000/results/task_000364.json
MIPS meta-evolution,mips:rnn_parity_last4_numerical:hidden:2,5,192,1,,runs/709714/final_eval/slurm_pysr/eval_0000/results/task_000365.json
MIPS meta-evolution,mips:rnn_parity_last4_numerical:hidden:2,6,192,1,,runs/709714/final_eval/slurm_pysr/eval_0000/results/task_000366.json
MIPS meta-evolution,mips:rnn_parity_last4_numerical:hidden:2,7,192,1,,runs/709714/final_eval/slurm_pysr/eval_0000/results/task_000367.json
MIPS meta-evolution,mips:rnn_parity_last4_numerical:hidden:2,8,192,1,,runs/709714/final_eval/slurm_pysr/eval_0000/results/task_000368.json
MIPS meta-evolution,mips:rnn_parity_last4_numerical:hidden:2,9,192,1,,runs/709714/final_eval/slurm_pysr/eval_0000/results/task_000369.json
MIPS meta-evolution,mips:rnn_parity_last4_numerical:output:0,0,192,1,,runs/709714/final_eval/slurm_pysr/eval_0000/results/task_000370.json
MIPS meta-evolution,mips:rnn_parity_last4_numerical:output:0,1,192,1,,runs/709714/final_eval/slurm_pysr/eval_0000/results/task_000371.json
MIPS meta-evolution,mips:rnn_parity_last4_numerical:output:0,2,192,1,,runs/709714/final_eval/slurm_pysr/eval_0000/results/task_000372.json
MIPS meta-evolution,mips:rnn_parity_last4_numerical:output:0,3,192,1,,runs/709714/final_eval/slurm_pysr/eval_0000/results/task_000373.json
MIPS meta-evolution,mips:rnn_parity_last4_numerical:output:0,4,192,1,,runs/709714/final_eval/slurm_pysr/eval_0000/results/task_000374.json
MIPS meta-evolution,mips:rnn_parity_last4_numerical:output:0,5,192,1,,runs/709714/final_eval/slurm_pysr/eval_0000/results/task_000375.json
MIPS meta-evolution,mips:rnn_parity_last4_numerical:output:0,6,192,1,,runs/709714/final_eval/slurm_pysr/eval_0000/results/task_000376.json
MIPS meta-evolution,mips:rnn_parity_last4_numerical:output:0,7,192,1,,runs/709714/final_eval/slurm_pysr/eval_0000/results/task_000377.json
MIPS meta-evolution,mips:rnn_parity_last4_numerical:output:0,8,192,1,,runs/709714/final_eval/slurm_pysr/eval_0000/results/task_000378.json
MIPS meta-evolution,mips:rnn_parity_last4_numerical:output:0,9,192,1,,runs/709714/final_eval/slurm_pysr/eval_0000/results/task_000379.json
MIPS meta-evolution,mips:rnn_div_7_numerical:hidden:0,0,192,0,,runs/709714/final_eval/slurm_pysr/eval_0000/results/task_000380.json
MIPS meta-evolution,mips:rnn_div_7_numerical:hidden:0,1,192,0,,runs/709714/final_eval/slurm_pysr/eval_0000/results/task_000381.json
MIPS meta-evolution,mips:rnn_div_7_numerical:hidden:0,2,192,0,,runs/709714/final_eval/slurm_pysr/eval_0000/results/task_000382.json
MIPS meta-evolution,mips:rnn_div_7_numerical:hidden:0,3,192,0,,runs/709714/final_eval/slurm_pysr/eval_0000/results/task_000383.json
MIPS meta-evolution,mips:rnn_div_7_numerical:hidden:0,4,192,0,,runs/709714/final_eval/slurm_pysr/eval_0000/results/task_000384.json
MIPS meta-evolution,mips:rnn_div_7_numerical:hidden:0,5,192,0,,runs/709714/final_eval/slurm_pysr/eval_0000/results/task_000385.json
MIPS meta-evolution,mips:rnn_div_7_numerical:hidden:0,6,192,0,,runs/709714/final_eval/slurm_pysr/eval_0000/results/task_000386.json
MIPS meta-evolution,mips:rnn_div_7_numerical:hidden:0,7,192,0,,runs/709714/final_eval/slurm_pysr/eval_0000/results/task_000387.json
MIPS meta-evolution,mips:rnn_div_7_numerical:hidden:0,8,192,0,,runs/709714/final_eval/slurm_pysr/eval_0000/results/task_000388.json
MIPS meta-evolution,mips:rnn_div_7_numerical:hidden:0,9,192,0,,runs/709714/final_eval/slurm_pysr/eval_0000/results/task_000389.json
MIPS meta-evolution,mips:rnn_div_7_numerical:hidden:1,0,192,0,,runs/709714/final_eval/slurm_pysr/eval_0000/results/task_000390.json
MIPS meta-evolution,mips:rnn_div_7_numerical:hidden:1,1,192,0,,runs/709714/final_eval/slurm_pysr/eval_0000/results/task_000391.json
MIPS meta-evolution,mips:rnn_div_7_numerical:hidden:1,2,192,0,,runs/709714/final_eval/slurm_pysr/eval_0000/results/task_000392.json
MIPS meta-evolution,mips:rnn_div_7_numerical:hidden:1,3,192,0,,runs/709714/final_eval/slurm_pysr/eval_0000/results/task_000393.json
MIPS meta-evolution,mips:rnn_div_7_numerical:hidden:1,4,192,0,,runs/709714/final_eval/slurm_pysr/eval_0000/results/task_000394.json
MIPS meta-evolution,mips:rnn_div_7_numerical:hidden:1,5,192,0,,runs/709714/final_eval/slurm_pysr/eval_0000/results/task_000395.json
MIPS meta-evolution,mips:rnn_div_7_numerical:hidden:1,6,192,0,,runs/709714/final_eval/slurm_pysr/eval_0000/results/task_000396.json
MIPS meta-evolution,mips:rnn_div_7_numerical:hidden:1,7,192,0,,runs/709714/final_eval/slurm_pysr/eval_0000/results/task_000397.json
MIPS meta-evolution,mips:rnn_div_7_numerical:hidden:1,8,192,0,,runs/709714/final_eval/slurm_pysr/eval_0000/results/task_000398.json
MIPS meta-evolution,mips:rnn_div_7_numerical:hidden:1,9,192,0,,runs/709714/final_eval/slurm_pysr/eval_0000/results/task_000399.json
MIPS meta-evolution,mips:rnn_div_7_numerical:hidden:2,0,192,0,,runs/709714/final_eval/slurm_pysr/eval_0000/results/task_000400.json
MIPS meta-evolution,mips:rnn_div_7_numerical:hidden:2,1,192,0,,runs/709714/final_eval/slurm_pysr/eval_0000/results/task_000401.json
MIPS meta-evolution,mips:rnn_div_7_numerical:hidden:2,2,192,0,,runs/709714/final_eval/slurm_pysr/eval_0000/results/task_000402.json
MIPS meta-evolution,mips:rnn_div_7_numerical:hidden:2,3,192,0,,runs/709714/final_eval/slurm_pysr/eval_0000/results/task_000403.json
MIPS meta-evolution,mips:rnn_div_7_numerical:hidden:2,4,192,0,,runs/709714/final_eval/slurm_pysr/eval_0000/results/task_000404.json
MIPS meta-evolution,mips:rnn_div_7_numerical:hidden:2,5,192,0,,runs/709714/final_eval/slurm_pysr/eval_0000/results/task_000405.json
MIPS meta-evolution,mips:rnn_div_7_numerical:hidden:2,6,192,0,,runs/709714/final_eval/slurm_pysr/eval_0000/results/task_000406.json
MIPS meta-evolution,mips:rnn_div_7_numerical:hidden:2,7,192,0,,runs/709714/final_eval/slurm_pysr/eval_0000/results/task_000407.json
MIPS meta-evolution,mips:rnn_div_7_numerical:hidden:2,8,192,0,,runs/709714/final_eval/slurm_pysr/eval_0000/results/task_000408.json
MIPS meta-evolution,mips:rnn_div_7_numerical:hidden:2,9,192,0,,runs/709714/final_eval/slurm_pysr/eval_0000/results/task_000409.json
MIPS meta-evolution,mips:rnn_div_7_numerical:hidden:3,0,192,0,,runs/709714/final_eval/slurm_pysr/eval_0000/results/task_000410.json
MIPS meta-evolution,mips:rnn_div_7_numerical:hidden:3,1,192,0,,runs/709714/final_eval/slurm_pysr/eval_0000/results/task_000411.json
MIPS meta-evolution,mips:rnn_div_7_numerical:hidden:3,2,192,0,,runs/709714/final_eval/slurm_pysr/eval_0000/results/task_000412.json
MIPS meta-evolution,mips:rnn_div_7_numerical:hidden:3,3,192,0,,runs/709714/final_eval/slurm_pysr/eval_0000/results/task_000413.json
MIPS meta-evolution,mips:rnn_div_7_numerical:hidden:3,4,192,0,,runs/709714/final_eval/slurm_pysr/eval_0000/results/task_000414.json
MIPS meta-evolution,mips:rnn_div_7_numerical:hidden:3,5,192,0,,runs/709714/final_eval/slurm_pysr/eval_0000/results/task_000415.json
MIPS meta-evolution,mips:rnn_div_7_numerical:hidden:3,6,192,0,,runs/709714/final_eval/slurm_pysr/eval_0000/results/task_000416.json
MIPS meta-evolution,mips:rnn_div_7_numerical:hidden:3,7,192,0,,runs/709714/final_eval/slurm_pysr/eval_0000/results/task_000417.json
MIPS meta-evolution,mips:rnn_div_7_numerical:hidden:3,8,192,0,,runs/709714/final_eval/slurm_pysr/eval_0000/results/task_000418.json
MIPS meta-evolution,mips:rnn_div_7_numerical:hidden:3,9,192,0,,runs/709714/final_eval/slurm_pysr/eval_0000/results/task_000419.json
MIPS meta-evolution,mips:rnn_div_7_numerical:output:0,0,192,1,,runs/709714/final_eval/slurm_pysr/eval_0000/results/task_000420.json
MIPS meta-evolution,mips:rnn_div_7_numerical:output:0,1,192,1,,runs/709714/final_eval/slurm_pysr/eval_0000/results/task_000421.json
MIPS meta-evolution,mips:rnn_div_7_numerical:output:0,2,192,1,,runs/709714/final_eval/slurm_pysr/eval_0000/results/task_000422.json
MIPS meta-evolution,mips:rnn_div_7_numerical:output:0,3,192,1,,runs/709714/final_eval/slurm_pysr/eval_0000/results/task_000423.json
MIPS meta-evolution,mips:rnn_div_7_numerical:output:0,4,192,1,,runs/709714/final_eval/slurm_pysr/eval_0000/results/task_000424.json
MIPS meta-evolution,mips:rnn_div_7_numerical:output:0,5,192,1,,runs/709714/final_eval/slurm_pysr/eval_0000/results/task_000425.json
MIPS meta-evolution,mips:rnn_div_7_numerical:output:0,6,192,1,,runs/709714/final_eval/slurm_pysr/eval_0000/results/task_000426.json
MIPS meta-evolution,mips:rnn_div_7_numerical:output:0,7,192,1,,runs/709714/final_eval/slurm_pysr/eval_0000/results/task_000427.json
MIPS meta-evolution,mips:rnn_div_7_numerical:output:0,8,192,1,,runs/709714/final_eval/slurm_pysr/eval_0000/results/task_000428.json
MIPS meta-evolution,mips:rnn_div_7_numerical:output:0,9,192,1,,runs/709714/final_eval/slurm_pysr/eval_0000/results/task_000429.json
MIPS meta-evolution,mips:rnn_div_5_numerical:hidden:0,0,192,0,,runs/709714/final_eval/slurm_pysr/eval_0000/results/task_000430.json
MIPS meta-evolution,mips:rnn_div_5_numerical:hidden:0,1,192,0,,runs/709714/final_eval/slurm_pysr/eval_0000/results/task_000431.json
MIPS meta-evolution,mips:rnn_div_5_numerical:hidden:0,2,192,0,,runs/709714/final_eval/slurm_pysr/eval_0000/results/task_000432.json
MIPS meta-evolution,mips:rnn_div_5_numerical:hidden:0,3,192,0,,runs/709714/final_eval/slurm_pysr/eval_0000/results/task_000433.json
MIPS meta-evolution,mips:rnn_div_5_numerical:hidden:0,4,192,0,,runs/709714/final_eval/slurm_pysr/eval_0000/results/task_000434.json
MIPS meta-evolution,mips:rnn_div_5_numerical:hidden:0,5,192,0,,runs/709714/final_eval/slurm_pysr/eval_0000/results/task_000435.json
MIPS meta-evolution,mips:rnn_div_5_numerical:hidden:0,6,192,0,,runs/709714/final_eval/slurm_pysr/eval_0000/results/task_000436.json
MIPS meta-evolution,mips:rnn_div_5_numerical:hidden:0,7,192,0,,runs/709714/final_eval/slurm_pysr/eval_0000/results/task_000437.json
MIPS meta-evolution,mips:rnn_div_5_numerical:hidden:0,8,192,0,,runs/709714/final_eval/slurm_pysr/eval_0000/results/task_000438.json
MIPS meta-evolution,mips:rnn_div_5_numerical:hidden:0,9,192,0,,runs/709714/final_eval/slurm_pysr/eval_0000/results/task_000439.json
MIPS meta-evolution,mips:rnn_div_5_numerical:hidden:1,0,192,0,,runs/709714/final_eval/slurm_pysr/eval_0000/results/task_000440.json
MIPS meta-evolution,mips:rnn_div_5_numerical:hidden:1,1,192,0,,runs/709714/final_eval/slurm_pysr/eval_0000/results/task_000441.json
MIPS meta-evolution,mips:rnn_div_5_numerical:hidden:1,2,192,0,,runs/709714/final_eval/slurm_pysr/eval_0000/results/task_000442.json
MIPS meta-evolution,mips:rnn_div_5_numerical:hidden:1,3,192,0,,runs/709714/final_eval/slurm_pysr/eval_0000/results/task_000443.json
MIPS meta-evolution,mips:rnn_div_5_numerical:hidden:1,4,192,0,,runs/709714/final_eval/slurm_pysr/eval_0000/results/task_000444.json
MIPS meta-evolution,mips:rnn_div_5_numerical:hidden:1,5,192,0,,runs/709714/final_eval/slurm_pysr/eval_0000/results/task_000445.json
MIPS meta-evolution,mips:rnn_div_5_numerical:hidden:1,6,192,0,,runs/709714/final_eval/slurm_pysr/eval_0000/results/task_000446.json
MIPS meta-evolution,mips:rnn_div_5_numerical:hidden:1,7,192,0,,runs/709714/final_eval/slurm_pysr/eval_0000/results/task_000447.json
MIPS meta-evolution,mips:rnn_div_5_numerical:hidden:1,8,192,0,,runs/709714/final_eval/slurm_pysr/eval_0000/results/task_000448.json
MIPS meta-evolution,mips:rnn_div_5_numerical:hidden:1,9,192,0,,runs/709714/final_eval/slurm_pysr/eval_0000/results/task_000449.json
MIPS meta-evolution,mips:rnn_div_5_numerical:hidden:2,0,192,0,,runs/709714/final_eval/slurm_pysr/eval_0000/results/task_000450.json
MIPS meta-evolution,mips:rnn_div_5_numerical:hidden:2,1,192,0,,runs/709714/final_eval/slurm_pysr/eval_0000/results/task_000451.json
MIPS meta-evolution,mips:rnn_div_5_numerical:hidden:2,2,192,0,,runs/709714/final_eval/slurm_pysr/eval_0000/results/task_000452.json
MIPS meta-evolution,mips:rnn_div_5_numerical:hidden:2,3,192,0,,runs/709714/final_eval/slurm_pysr/eval_0000/results/task_000453.json
MIPS meta-evolution,mips:rnn_div_5_numerical:hidden:2,4,192,0,,runs/709714/final_eval/slurm_pysr/eval_0000/results/task_000454.json
MIPS meta-evolution,mips:rnn_div_5_numerical:hidden:2,5,192,0,,runs/709714/final_eval/slurm_pysr/eval_0000/results/task_000455.json
MIPS meta-evolution,mips:rnn_div_5_numerical:hidden:2,6,192,0,,runs/709714/final_eval/slurm_pysr/eval_0000/results/task_000456.json
MIPS meta-evolution,mips:rnn_div_5_numerical:hidden:2,7,192,0,,runs/709714/final_eval/slurm_pysr/eval_0000/results/task_000457.json
MIPS meta-evolution,mips:rnn_div_5_numerical:hidden:2,8,192,0,,runs/709714/final_eval/slurm_pysr/eval_0000/results/task_000458.json
MIPS meta-evolution,mips:rnn_div_5_numerical:hidden:2,9,192,0,,runs/709714/final_eval/slurm_pysr/eval_0000/results/task_000459.json
MIPS meta-evolution,mips:rnn_div_5_numerical:hidden:3,0,192,0,,runs/709714/final_eval/slurm_pysr/eval_0000/results/task_000460.json
MIPS meta-evolution,mips:rnn_div_5_numerical:hidden:3,1,192,0,,runs/709714/final_eval/slurm_pysr/eval_0000/results/task_000461.json
MIPS meta-evolution,mips:rnn_div_5_numerical:hidden:3,2,192,0,,runs/709714/final_eval/slurm_pysr/eval_0000/results/task_000462.json
MIPS meta-evolution,mips:rnn_div_5_numerical:hidden:3,3,192,0,,runs/709714/final_eval/slurm_pysr/eval_0000/results/task_000463.json
MIPS meta-evolution,mips:rnn_div_5_numerical:hidden:3,4,192,0,,runs/709714/final_eval/slurm_pysr/eval_0000/results/task_000464.json
MIPS meta-evolution,mips:rnn_div_5_numerical:hidden:3,5,192,0,,runs/709714/final_eval/slurm_pysr/eval_0000/results/task_000465.json
MIPS meta-evolution,mips:rnn_div_5_numerical:hidden:3,6,192,0,,runs/709714/final_eval/slurm_pysr/eval_0000/results/task_000466.json
MIPS meta-evolution,mips:rnn_div_5_numerical:hidden:3,7,192,0,,runs/709714/final_eval/slurm_pysr/eval_0000/results/task_000467.json
MIPS meta-evolution,mips:rnn_div_5_numerical:hidden:3,8,192,0,,runs/709714/final_eval/slurm_pysr/eval_0000/results/task_000468.json
MIPS meta-evolution,mips:rnn_div_5_numerical:hidden:3,9,192,0,,runs/709714/final_eval/slurm_pysr/eval_0000/results/task_000469.json
MIPS meta-evolution,mips:rnn_div_5_numerical:output:0,0,192,1,,runs/709714/final_eval/slurm_pysr/eval_0000/results/task_000470.json
MIPS meta-evolution,mips:rnn_div_5_numerical:output:0,1,192,1,,runs/709714/final_eval/slurm_pysr/eval_0000/results/task_000471.json
MIPS meta-evolution,mips:rnn_div_5_numerical:output:0,2,192,1,,runs/709714/final_eval/slurm_pysr/eval_0000/results/task_000472.json
MIPS meta-evolution,mips:rnn_div_5_numerical:output:0,3,192,0,,runs/709714/final_eval/slurm_pysr/eval_0000/results/task_000473.json
MIPS meta-evolution,mips:rnn_div_5_numerical:output:0,4,192,1,,runs/709714/final_eval/slurm_pysr/eval_0000/results/task_000474.json
MIPS meta-evolution,mips:rnn_div_5_numerical:output:0,5,192,1,,runs/709714/final_eval/slurm_pysr/eval_0000/results/task_000475.json
MIPS meta-evolution,mips:rnn_div_5_numerical:output:0,6,192,1,,runs/709714/final_eval/slurm_pysr/eval_0000/results/task_000476.json
MIPS meta-evolution,mips:rnn_div_5_numerical:output:0,7,192,0,,runs/709714/final_eval/slurm_pysr/eval_0000/results/task_000477.json
MIPS meta-evolution,mips:rnn_div_5_numerical:output:0,8,192,1,,runs/709714/final_eval/slurm_pysr/eval_0000/results/task_000478.json
MIPS meta-evolution,mips:rnn_div_5_numerical:output:0,9,192,1,,runs/709714/final_eval/slurm_pysr/eval_0000/results/task_000479.json
MIPS meta-evolution,mips:rnn_alternating_last3_numerical:hidden:0,0,192,0,,runs/709714/final_eval/slurm_pysr/eval_0000/results/task_000480.json
MIPS meta-evolution,mips:rnn_alternating_last3_numerical:hidden:0,1,192,0,,runs/709714/final_eval/slurm_pysr/eval_0000/results/task_000481.json
MIPS meta-evolution,mips:rnn_alternating_last3_numerical:hidden:0,2,192,0,,runs/709714/final_eval/slurm_pysr/eval_0000/results/task_000482.json
MIPS meta-evolution,mips:rnn_alternating_last3_numerical:hidden:0,3,192,0,,runs/709714/final_eval/slurm_pysr/eval_0000/results/task_000483.json
MIPS meta-evolution,mips:rnn_alternating_last3_numerical:hidden:0,4,192,0,,runs/709714/final_eval/slurm_pysr/eval_0000/results/task_000484.json
MIPS meta-evolution,mips:rnn_alternating_last3_numerical:hidden:0,5,192,0,,runs/709714/final_eval/slurm_pysr/eval_0000/results/task_000485.json
MIPS meta-evolution,mips:rnn_alternating_last3_numerical:hidden:0,6,192,0,,runs/709714/final_eval/slurm_pysr/eval_0000/results/task_000486.json
MIPS meta-evolution,mips:rnn_alternating_last3_numerical:hidden:0,7,192,0,,runs/709714/final_eval/slurm_pysr/eval_0000/results/task_000487.json
MIPS meta-evolution,mips:rnn_alternating_last3_numerical:hidden:0,8,192,0,,runs/709714/final_eval/slurm_pysr/eval_0000/results/task_000488.json
MIPS meta-evolution,mips:rnn_alternating_last3_numerical:hidden:0,9,192,0,,runs/709714/final_eval/slurm_pysr/eval_0000/results/task_000489.json
MIPS meta-evolution,mips:rnn_alternating_last3_numerical:hidden:1,0,192,0,,runs/709714/final_eval/slurm_pysr/eval_0000/results/task_000490.json
MIPS meta-evolution,mips:rnn_alternating_last3_numerical:hidden:1,1,192,0,,runs/709714/final_eval/slurm_pysr/eval_0000/results/task_000491.json
MIPS meta-evolution,mips:rnn_alternating_last3_numerical:hidden:1,2,192,0,,runs/709714/final_eval/slurm_pysr/eval_0000/results/task_000492.json
MIPS meta-evolution,mips:rnn_alternating_last3_numerical:hidden:1,3,192,0,,runs/709714/final_eval/slurm_pysr/eval_0000/results/task_000493.json
MIPS meta-evolution,mips:rnn_alternating_last3_numerical:hidden:1,4,192,0,,runs/709714/final_eval/slurm_pysr/eval_0000/results/task_000494.json
MIPS meta-evolution,mips:rnn_alternating_last3_numerical:hidden:1,5,192,0,,runs/709714/final_eval/slurm_pysr/eval_0000/results/task_000495.json
MIPS meta-evolution,mips:rnn_alternating_last3_numerical:hidden:1,6,192,0,,runs/709714/final_eval/slurm_pysr/eval_0000/results/task_000496.json
MIPS meta-evolution,mips:rnn_alternating_last3_numerical:hidden:1,7,192,0,,runs/709714/final_eval/slurm_pysr/eval_0000/results/task_000497.json
MIPS meta-evolution,mips:rnn_alternating_last3_numerical:hidden:1,8,192,0,,runs/709714/final_eval/slurm_pysr/eval_0000/results/task_000498.json
MIPS meta-evolution,mips:rnn_alternating_last3_numerical:hidden:1,9,192,0,,runs/709714/final_eval/slurm_pysr/eval_0000/results/task_000499.json
MIPS meta-evolution,mips:rnn_alternating_last3_numerical:output:0,0,192,1,,runs/709714/final_eval/slurm_pysr/eval_0000/results/task_000500.json
MIPS meta-evolution,mips:rnn_alternating_last3_numerical:output:0,1,192,0,,runs/709714/final_eval/slurm_pysr/eval_0000/results/task_000501.json
MIPS meta-evolution,mips:rnn_alternating_last3_numerical:output:0,2,192,1,,runs/709714/final_eval/slurm_pysr/eval_0000/results/task_000502.json
MIPS meta-evolution,mips:rnn_alternating_last3_numerical:output:0,3,192,1,,runs/709714/final_eval/slurm_pysr/eval_0000/results/task_000503.json
MIPS meta-evolution,mips:rnn_alternating_last3_numerical:output:0,4,192,1,,runs/709714/final_eval/slurm_pysr/eval_0000/results/task_000504.json
MIPS meta-evolution,mips:rnn_alternating_last3_numerical:output:0,5,192,1,,runs/709714/final_eval/slurm_pysr/eval_0000/results/task_000505.json
MIPS meta-evolution,mips:rnn_alternating_last3_numerical:output:0,6,192,1,,runs/709714/final_eval/slurm_pysr/eval_0000/results/task_000506.json
MIPS meta-evolution,mips:rnn_alternating_last3_numerical:output:0,7,192,1,,runs/709714/final_eval/slurm_pysr/eval_0000/results/task_000507.json
MIPS meta-evolution,mips:rnn_alternating_last3_numerical:output:0,8,192,1,,runs/709714/final_eval/slurm_pysr/eval_0000/results/task_000508.json
MIPS meta-evolution,mips:rnn_alternating_last3_numerical:output:0,9,192,1,,runs/709714/final_eval/slurm_pysr/eval_0000/results/task_000509.json
