{
  "best_history": [
    0.5902863554035849,
    0.5902863554035849,
    0.6126722417395798,
    0.6126722417395798,
    0.6126722417395798,
    0.6126722417395798
  ],
  "final_score": 0.6126722417395798,
  "final_score_vector": [
    0.4599196663800461,
    0.771921688460448,
    0.6560156612758514,
    0.5628319508419737
  ],
  "final_loc": 81
}