{
  "best_history": [
    0.9738984695432646,
    0.9738984695432646,
    0.9738984695432646,
    0.9804973968672603,
    0.9804973968672603,
    0.9804973968672603
  ],
  "final_score": 0.9804973968672603,
  "final_score_vector": [
    0.9375142105950034,
    1.0,
    0.984475376874038,
    1.0
  ],
  "final_loc": 50
}