Complexity,Loss,Equation
1,0.6688878,"1.4380171"
2,0.44779658,"sqrt(n)"
3,0.3283587,"n * 0.48571357"
5,8.698375e-15,"(n * h) * 0.15915494"
7,8.0813135e-15,"(0.406068 * h) * (0.3919416 * n)"
