method,dataset,run_index,seed,exact,gt_match_score,error,timed_out,equation,source
PySR,mips:rnn_abs_value_numerical:hidden:0,0,192,1,1.0,,False,mips_abs(x1),runs/709714/final_eval_baseline_3seed_1h/slurm_pysr/eval_0000/results/task_000000.json
PySR,mips:rnn_abs_value_numerical:hidden:0,1,192,1,1.0,,False,mips_abs(x1),runs/709714/final_eval_baseline_3seed_1h/slurm_pysr/eval_0000/results/task_000001.json
PySR,mips:rnn_abs_value_numerical:hidden:0,2,192,1,1.0,,False,mips_abs(x1),runs/709714/final_eval_baseline_3seed_1h/slurm_pysr/eval_0000/results/task_000002.json
PySR,mips:rnn_abs_value_numerical:output:0,0,192,1,1.0,,False,x0,runs/709714/final_eval_baseline_3seed_1h/slurm_pysr/eval_0000/results/task_000003.json
PySR,mips:rnn_abs_value_numerical:output:0,1,192,1,1.0,,False,x0,runs/709714/final_eval_baseline_3seed_1h/slurm_pysr/eval_0000/results/task_000004.json
PySR,mips:rnn_abs_value_numerical:output:0,2,192,1,1.0,,False,x0,runs/709714/final_eval_baseline_3seed_1h/slurm_pysr/eval_0000/results/task_000005.json
PySR,mips:rnn_abs_value_of_diff_numerical:hidden:0,0,192,1,1.0,,False,"mips_abs(mips_floordiv((x1 + 0.6361451931351012) - 199.0675363108103, 1.0))",runs/709714/final_eval_baseline_3seed_1h/slurm_pysr/eval_0000/results/task_000006.json
PySR,mips:rnn_abs_value_of_diff_numerical:hidden:0,1,192,1,1.0,,False,"(((mips_not(mips_abs(x1 * (63.48248699014253 - x1))) * mips_floordiv(mips_abs(mips_not(x1 - (x1 * 203.2267405943264))), mips_zero(x0))) * x1) + 199.0) - x1",runs/709714/final_eval_baseline_3seed_1h/slurm_pysr/eval_0000/results/task_000007.json
PySR,mips:rnn_abs_value_of_diff_numerical:hidden:0,2,192,1,1.0,,False,"mips_abs(mips_mod(-78.38119557943249, 277.3811955794325 - mips_floordiv(mips_abs(mips_mod(mips_mod(mips_floordiv(mips_zero(mips_max(mips_abs(x0), x2)), x0), x0), mips_max(x0, x0))), mips_zero(x0))) - x1)",runs/709714/final_eval_baseline_3seed_1h/slurm_pysr/eval_0000/results/task_000008.json
PySR,mips:rnn_abs_value_of_diff_numerical:hidden:1,0,192,1,1.0,,False,"mips_abs(mips_max(mips_abs(mips_abs(mips_abs(mips_abs(mips_abs(99.0 - x2))))), x2 - 99.00000154297021))",runs/709714/final_eval_baseline_3seed_1h/slurm_pysr/eval_0000/results/task_000009.json
PySR,mips:rnn_abs_value_of_diff_numerical:hidden:1,1,192,1,1.0,,False,"mips_max(99.0 - mips_max(x2, x2), -0.41894893000182865)",runs/709714/final_eval_baseline_3seed_1h/slurm_pysr/eval_0000/results/task_000010.json
PySR,mips:rnn_abs_value_of_diff_numerical:hidden:1,2,192,1,1.0,,False,"mips_abs(mips_abs(mips_max(mips_max(99.0, x2), 1.0163373308019477))) - x2",runs/709714/final_eval_baseline_3seed_1h/slurm_pysr/eval_0000/results/task_000011.json
PySR,mips:rnn_abs_value_of_diff_numerical:output:0,0,192,1,1.0,,False,"mips_abs(x0 + (mips_min(mips_min(mips_not(mips_mod(x0, x1)), 0.4674693231134274), -199.0) + x1))",runs/709714/final_eval_baseline_3seed_1h/slurm_pysr/eval_0000/results/task_000012.json
PySR,mips:rnn_abs_value_of_diff_numerical:output:0,1,192,1,1.0,,False,"mips_floordiv(mips_abs((x1 - (96.9384584650696 - x0)) - 102.0615415349309), 0.9955988012393023)",runs/709714/final_eval_baseline_3seed_1h/slurm_pysr/eval_0000/results/task_000013.json
PySR,mips:rnn_abs_value_of_diff_numerical:output:0,2,192,1,1.0,,False,"mips_abs((mips_min(x1, x1) + mips_abs(x0)) + (mips_min(mips_floordiv(x1, x0), mips_floordiv(-198.07660040722914, mips_mod(mips_lt(-94.86149904242181, x0), -183.00000558143827))) + 0.0))",runs/709714/final_eval_baseline_3seed_1h/slurm_pysr/eval_0000/results/task_000014.json
PySR,mips:rnn_add_mod_3_numerical:hidden:0,0,192,1,1.0,,False,"mips_floordiv(mips_abs(x0) + x1, ((mips_floordiv(x0, x1 * 1.0) * x0) * x1) + mips_zero(mips_not(mips_eq(0.214428180919787, mips_floordiv(x1, x0)))))",runs/709714/final_eval_baseline_3seed_1h/slurm_pysr/eval_0000/results/task_000015.json
PySR,mips:rnn_add_mod_3_numerical:hidden:0,1,192,1,1.0,,False,"mips_max(mips_floordiv(mips_floordiv(mips_eq(x1, x0 + 0.45326084266040717), x1), 0.3355754973984229), mips_abs(mips_abs(x0 - x1) - mips_abs(mips_not(mips_not(mips_floordiv(x0, mips_not(x1 + x1)) - x0)))))",runs/709714/final_eval_baseline_3seed_1h/slurm_pysr/eval_0000/results/task_000016.json
PySR,mips:rnn_add_mod_3_numerical:hidden:0,2,192,1,1.0,,False,"mips_abs(mips_abs((mips_max(mips_not(x1), mips_abs(mips_abs(mips_not(x0 - mips_lt(mips_lt(x0, x1), x0 * x0))))) * mips_max(x0, x1)) - (mips_lt(x1, x0) - mips_lt(mips_lt(x0, x1), x0))))",runs/709714/final_eval_baseline_3seed_1h/slurm_pysr/eval_0000/results/task_000017.json
PySR,mips:rnn_add_mod_3_numerical:output:0,0,192,1,1.0,,False,x0,runs/709714/final_eval_baseline_3seed_1h/slurm_pysr/eval_0000/results/task_000018.json
PySR,mips:rnn_add_mod_3_numerical:output:0,1,192,1,1.0,,False,x0,runs/709714/final_eval_baseline_3seed_1h/slurm_pysr/eval_0000/results/task_000019.json
PySR,mips:rnn_add_mod_3_numerical:output:0,2,192,1,1.0,,False,x0,runs/709714/final_eval_baseline_3seed_1h/slurm_pysr/eval_0000/results/task_000020.json
PySR,mips:rnn_alternating_last4_numerical:hidden:0,0,192,1,1.0,,False,"mips_floordiv(mips_abs(mips_max(mips_abs((1.279999989071449 - mips_abs(x2)) * (mips_xor(mips_zero(x0), x2) + -30.000037001192393)), 0.20000137910220583)) - ((x0 * 0.20000137910220583) + 0.400041605172119), 0.9796243384511509)",runs/709714/final_eval_baseline_3seed_1h/slurm_pysr/eval_0000/results/task_000021.json
PySR,mips:rnn_alternating_last4_numerical:hidden:0,1,192,1,1.0,,False,"mips_floordiv(mips_max(0.022302032845654962, mips_eq(mips_not(x0), x2) + ((x2 - (mips_max(x0 - x2, x2) * 0.199994253678914)) + (31.000005703903582 * (0.2064445480153814 + mips_not(x2))))), 0.98518167076356)",runs/709714/final_eval_baseline_3seed_1h/slurm_pysr/eval_0000/results/task_000022.json
PySR,mips:rnn_alternating_last4_numerical:hidden:0,2,192,1,1.0,,False,"mips_abs((mips_max(mips_floordiv(mips_not(mips_floordiv(x2, mips_max(x1, x2))), 0.031529787447358834), mips_zero(x0)) - mips_floordiv(mips_zero(x0), mips_abs(mips_zero(x2)))) + 7.0) - mips_mod(mips_floordiv(x0, 0.8275752226105312), x0)",runs/709714/final_eval_baseline_3seed_1h/slurm_pysr/eval_0000/results/task_000023.json
PySR,mips:rnn_alternating_last4_numerical:hidden:1,0,192,1,1.0,,False,"mips_xor(mips_not(x2), mips_lt(0.5214824151671572 * (x2 * mips_zero(x1)), mips_mod(x0 * x0, 0.6067499335480723)))",runs/709714/final_eval_baseline_3seed_1h/slurm_pysr/eval_0000/results/task_000024.json
PySR,mips:rnn_alternating_last4_numerical:hidden:1,1,192,1,1.0,,False,"mips_eq(mips_zero(x2), mips_xor(mips_not(mips_abs(x0)), mips_mod(x0, mips_lt(x1, mips_min(x2, x2)) * 1.0427025966163632)))",runs/709714/final_eval_baseline_3seed_1h/slurm_pysr/eval_0000/results/task_000025.json
PySR,mips:rnn_alternating_last4_numerical:hidden:1,2,192,1,1.0,,False,"mips_xor(x2, mips_abs(mips_abs(mips_not(mips_lt(mips_lt(mips_xor(mips_max(x2, x0 * (0.1464842402251836 * x2)), mips_lt(x1, mips_abs(1.0))), x2), mips_lt(x2, mips_lt(x2, x0) * x0))))))",runs/709714/final_eval_baseline_3seed_1h/slurm_pysr/eval_0000/results/task_000026.json
PySR,mips:rnn_alternating_last4_numerical:output:0,0,192,1,1.0,,False,x1,runs/709714/final_eval_baseline_3seed_1h/slurm_pysr/eval_0000/results/task_000027.json
PySR,mips:rnn_alternating_last4_numerical:output:0,1,192,1,1.0,,False,x1,runs/709714/final_eval_baseline_3seed_1h/slurm_pysr/eval_0000/results/task_000028.json
PySR,mips:rnn_alternating_last4_numerical:output:0,2,192,1,1.0,,False,x1,runs/709714/final_eval_baseline_3seed_1h/slurm_pysr/eval_0000/results/task_000029.json
PySR,mips:rnn_base_3_addition:hidden:0,0,192,1,1.0,,False,"mips_max(mips_eq(mips_floordiv(mips_abs(mips_abs(mips_abs(x3))), x0 - (x2 + -1.7114359879588004)), mips_eq(x0, x2 + -1.8289932406914564)), 0.0)",runs/709714/final_eval_baseline_3seed_1h/slurm_pysr/eval_0000/results/task_000030.json
PySR,mips:rnn_base_3_addition:hidden:0,1,192,1,1.0,,False,"mips_abs(mips_abs(mips_zero(mips_lt(x0 - (x3 - 1.8236568990137063), x2))))",runs/709714/final_eval_baseline_3seed_1h/slurm_pysr/eval_0000/results/task_000031.json
PySR,mips:rnn_base_3_addition:hidden:0,2,192,1,1.0,,False,"mips_abs(mips_eq(mips_min(0.801716851371551 - x3, (mips_abs(x0) - x2) * mips_floordiv(0.7764711668564958, -2.080591824639821)), mips_max(-2.080591824639821, x2) - x0))",runs/709714/final_eval_baseline_3seed_1h/slurm_pysr/eval_0000/results/task_000032.json
PySR,mips:rnn_base_3_addition:hidden:1,0,192,1,1.0,,False,"mips_min(mips_max(mips_mod(mips_abs(x2), mips_floordiv(x2, mips_zero(mips_xor(x0, -1.9494794402005422))) * x3), mips_xor(x2 + x0, x3)), (x2 - x0) + x3) + 1.0",runs/709714/final_eval_baseline_3seed_1h/slurm_pysr/eval_0000/results/task_000033.json
PySR,mips:rnn_base_3_addition:hidden:1,1,192,1,1.0,,False,"mips_max(mips_floordiv(x2 - -0.7374672621366659, mips_min(x3 - 1.2722865928166363, mips_zero(x0))), mips_lt(mips_mod(x3, x3), (x2 + x3) + x2) + mips_xor(mips_max(x3, mips_zero(x2)) + mips_abs(x2), x0))",runs/709714/final_eval_baseline_3seed_1h/slurm_pysr/eval_0000/results/task_000034.json
PySR,mips:rnn_base_3_addition:hidden:1,2,192,1,1.0,,False,"mips_max(mips_xor(mips_xor(x0, mips_max(mips_zero(x2), x3)), x2) + mips_abs(mips_zero(mips_not(x3 + x2))), (x3 * x2) + ((mips_xor(-0.15378052269595333, x3 + -0.8279604167628682) - x0) - x3))",runs/709714/final_eval_baseline_3seed_1h/slurm_pysr/eval_0000/results/task_000035.json
PySR,mips:rnn_base_3_addition:output:0,0,192,1,1.0,,False,"mips_floordiv(x1 * (0.5578009640467559 + (0.5610793019148955 * x0)), 0.7834261597076715)",runs/709714/final_eval_baseline_3seed_1h/slurm_pysr/eval_0000/results/task_000036.json
PySR,mips:rnn_base_3_addition:output:0,1,192,1,1.0,,False,"mips_floordiv(x0 + x1, 1.1186438823736868)",runs/709714/final_eval_baseline_3seed_1h/slurm_pysr/eval_0000/results/task_000037.json
PySR,mips:rnn_base_3_addition:output:0,2,192,1,1.0,,False,"x1 - mips_eq(mips_lt(mips_eq(x1, x0), x1) + mips_mod(x0, x1), 1.1443367651970566)",runs/709714/final_eval_baseline_3seed_1h/slurm_pysr/eval_0000/results/task_000038.json
PySR,mips:rnn_base_4_addition:hidden:0,0,192,1,1.0,,False,"mips_zero(mips_lt(mips_not(x1), x3 + x2)) - ((mips_mod(mips_abs(mips_xor(x1, mips_max(x2, x3)) - mips_min(x3, x2)), x1 + mips_max(x3, x2)) - mips_lt(mips_max(x2, x3), mips_zero(x1))) - 3.0)",runs/709714/final_eval_baseline_3seed_1h/slurm_pysr/eval_0000/results/task_000039.json
PySR,mips:rnn_base_4_addition:hidden:0,1,192,1,1.0,,False,"(mips_floordiv(mips_not(mips_lt(mips_not(x1) - x2, x3)), 0.3667448676623899) + 3.0) - mips_max(mips_xor(mips_abs(x2), mips_abs(x1) + x3), (mips_lt(2.2837318160252438, x2 + x1) * x3) - mips_xor(x1, x2))",runs/709714/final_eval_baseline_3seed_1h/slurm_pysr/eval_0000/results/task_000040.json
PySR,mips:rnn_base_4_addition:hidden:0,2,192,1,1.0,,False,"mips_max(mips_xor(x3, x2), mips_xor(mips_xor(x3, mips_not(x1)), x2) + ((mips_lt(mips_min(x3, x2) + mips_min(mips_xor(x3, x2), x1), 2.0374298325771565) + mips_lt(x3 + (x1 + x2), 1.9465288106040624)) * 2.0))",runs/709714/final_eval_baseline_3seed_1h/slurm_pysr/eval_0000/results/task_000041.json
PySR,mips:rnn_base_4_addition:hidden:1,0,192,1,1.0,,False,"mips_floordiv(mips_mod(1.0, 1.0 * (x1 - ((mips_abs(x3) * (x1 - ((mips_mod(x3, x1) + x2) * 0.36362886173238096))) + (x2 * x1)))), 1.0)",runs/709714/final_eval_baseline_3seed_1h/slurm_pysr/eval_0000/results/task_000042.json
PySR,mips:rnn_base_4_addition:hidden:1,1,192,1,1.0,,False,"mips_lt(2.375190602890145, mips_abs(mips_max(mips_abs(x3) * (x2 + x1), mips_min(x2, x2) * x1)))",runs/709714/final_eval_baseline_3seed_1h/slurm_pysr/eval_0000/results/task_000043.json
PySR,mips:rnn_base_4_addition:hidden:1,2,192,1,1.0,,False,"mips_lt((mips_xor(mips_min(x1, 1.1726550344732554), mips_lt(-0.8725866706575532, x2)) + mips_lt(-0.4362933353287766, x2 + x0)) - (x2 - 1.1726550344732554), x3)",runs/709714/final_eval_baseline_3seed_1h/slurm_pysr/eval_0000/results/task_000044.json
PySR,mips:rnn_base_4_addition:output:0,0,192,1,1.0,,False,mips_zero(x1 + -0.23613896265434328) + ((mips_zero(x1) - -3.0) - x0),runs/709714/final_eval_baseline_3seed_1h/slurm_pysr/eval_0000/results/task_000045.json
PySR,mips:rnn_base_4_addition:output:0,1,192,1,1.0,,False,"((1.4455242358471345 - x0) + (mips_not(x1) + 1.5544757641528655)) + mips_min(mips_max((x0 + x1) - 0.0, mips_not(x1) + 2.273939351210927), mips_not(x1))",runs/709714/final_eval_baseline_3seed_1h/slurm_pysr/eval_0000/results/task_000046.json
PySR,mips:rnn_base_4_addition:output:0,2,192,1,1.0,,False,"mips_abs(mips_abs(mips_floordiv(3.2638818587464264 - mips_xor(x0 * 0.4793886764276913, mips_zero(x1)), (x0 * 0.4793886764276913) + x1)))",runs/709714/final_eval_baseline_3seed_1h/slurm_pysr/eval_0000/results/task_000047.json
PySR,mips:rnn_base_5_addition:hidden:0,0,192,1,1.0,,False,"mips_floordiv(mips_abs(mips_min((x3 - mips_zero(x1)) + x2, mips_mod((x3 + (x2 + -3.000050788649947)) - mips_not(x1), x2 + (x1 + x3))) + -4.999949222242293), 0.9618436019592271)",runs/709714/final_eval_baseline_3seed_1h/slurm_pysr/eval_0000/results/task_000048.json
PySR,mips:rnn_base_5_addition:hidden:0,1,192,1,1.0,,False,"mips_floordiv((mips_not(x1 + mips_mod(-3.604974977494194, x2 + x3)) + 4.9850477748860715) - mips_mod(mips_mod(x1, (x3 - x1) + x2) + -4.019159257729703, x3 + x2), 0.9241832055687985)",runs/709714/final_eval_baseline_3seed_1h/slurm_pysr/eval_0000/results/task_000049.json
PySR,mips:rnn_base_5_addition:hidden:0,2,192,1,1.0,,False,"mips_floordiv((((((mips_lt(4.853076842793038, (x1 + x2) + x3) * -3.0000058467270554) + x1) + x2) + x3) * -0.9182723293917245) + 6.01361541963331, 0.9720996984803095)",runs/709714/final_eval_baseline_3seed_1h/slurm_pysr/eval_0000/results/task_000050.json
PySR,mips:rnn_base_5_addition:hidden:1,0,192,1,1.0,,False,"mips_lt(2.0728279547994326 - x2, (x3 - mips_max(mips_zero(mips_lt(x2, x3 * mips_zero(mips_xor(x2, x2)))), mips_lt(1.2829787068926284, x3))) - mips_zero(x1))",runs/709714/final_eval_baseline_3seed_1h/slurm_pysr/eval_0000/results/task_000051.json
PySR,mips:rnn_base_5_addition:hidden:1,1,192,1,1.0,,False,"mips_abs(mips_mod(mips_lt(3.7583509416185263, mips_max(mips_max(mips_abs((x2 * x3) - mips_eq(x3, x2)), x1 * mips_abs(x3 + x2)), 0.0)), 1.6474986676552568))",runs/709714/final_eval_baseline_3seed_1h/slurm_pysr/eval_0000/results/task_000052.json
PySR,mips:rnn_base_5_addition:hidden:1,2,192,1,1.0,,False,"mips_xor(mips_lt(mips_mod(mips_xor(x1, -0.6681830193844145), x0) + 3.0176169583424137, mips_abs(x2 + (mips_max(x3, -0.5406062114052674) + -0.9170320502496165))), mips_min(x2, -0.010039251079289041))",runs/709714/final_eval_baseline_3seed_1h/slurm_pysr/eval_0000/results/task_000053.json
PySR,mips:rnn_base_5_addition:output:0,0,192,1,1.0,,False,"mips_floordiv((x0 * -0.9999768685795558) + ((mips_not(mips_abs(mips_not(mips_zero(mips_max(x1, -1.9450018485382894))))) * mips_max(1.9999262038137082, mips_not(x0))) + 4.000006449543723), 0.8002829184008537)",runs/709714/final_eval_baseline_3seed_1h/slurm_pysr/eval_0000/results/task_000054.json
PySR,mips:rnn_base_5_addition:output:0,1,192,1,1.0,,False,"mips_max(x1, 1.5717242926262476) + (mips_abs((mips_not(x1) + 1.0805787084724494) - -0.5356471349576194) + ((mips_max(x1, mips_xor(x1, mips_xor(0.5322176291297213, x1)) + 0.8120498639436835) - x1) - x0))",runs/709714/final_eval_baseline_3seed_1h/slurm_pysr/eval_0000/results/task_000055.json
PySR,mips:rnn_base_5_addition:output:0,2,192,1,1.0,,False,"((3.9022229891396503 - x1) + mips_eq(mips_max(mips_floordiv(x0, -0.9004820156178964), x1), mips_floordiv(mips_lt(-0.20211254394811182, x1), 1.095447881221132))) - (x0 - 1.0977770108603495)",runs/709714/final_eval_baseline_3seed_1h/slurm_pysr/eval_0000/results/task_000056.json
PySR,mips:rnn_base_6_addition:hidden:0,0,192,1,1.0,,False,"mips_abs(mips_xor(0.09071966357466724, mips_max((x0 + x3) + x2, x2) * 0.09071966357466724))",runs/709714/final_eval_baseline_3seed_1h/slurm_pysr/eval_0000/results/task_000057.json
PySR,mips:rnn_base_6_addition:hidden:0,1,192,1,1.0,,False,"mips_zero(mips_not(mips_max(mips_max(mips_max(x2, x2) * (x3 * 0.11255966397276639), x0), (x2 + x3) - mips_zero(x0)) * 0.11255966397276639))",runs/709714/final_eval_baseline_3seed_1h/slurm_pysr/eval_0000/results/task_000058.json
PySR,mips:rnn_base_6_addition:hidden:0,2,192,1,1.0,,False,"mips_lt((mips_eq(x3, x3) - (-3.2844993357772863 - mips_lt(mips_lt(2.173138281647782, 0.0019300251964018752), mips_zero(x0)))) - x2, x3)",runs/709714/final_eval_baseline_3seed_1h/slurm_pysr/eval_0000/results/task_000059.json
PySR,mips:rnn_base_6_addition:hidden:1,0,192,1,1.0,,False,"mips_max((x3 + -3.0) + x2, mips_max(mips_min(x3, mips_zero(mips_xor(x1, x0))), mips_mod(x3 + x2, x0 + -5.871780986326509))) + x0",runs/709714/final_eval_baseline_3seed_1h/slurm_pysr/eval_0000/results/task_000060.json
PySR,mips:rnn_base_6_addition:hidden:1,1,192,1,1.0,,False,"(mips_max(-3.0, mips_mod(-3.0, mips_mod(-3.0, mips_max(x3 * (x2 + x0), (x3 + x0) * x2))) * -3.0) + x0) + (x2 + x3)",runs/709714/final_eval_baseline_3seed_1h/slurm_pysr/eval_0000/results/task_000061.json
PySR,mips:rnn_base_6_addition:hidden:1,2,192,1,1.0,,False,"mips_floordiv(mips_max(mips_min(mips_abs(-2.9999959489362062 - mips_mod((x2 + x3) + x0, -2.9999959489362062)), (mips_abs(x3) + x2) + x0), mips_mod(-2.9999959489362062, (x2 + x0) + x3)), 0.9395331895441137)",runs/709714/final_eval_baseline_3seed_1h/slurm_pysr/eval_0000/results/task_000062.json
PySR,mips:rnn_base_6_addition:output:0,0,192,1,1.0,,False,x1 - ((x0 + x0) + x0),runs/709714/final_eval_baseline_3seed_1h/slurm_pysr/eval_0000/results/task_000063.json
PySR,mips:rnn_base_6_addition:output:0,1,192,1,1.0,,False,((x1 - x0) - x0) - mips_abs(x0),runs/709714/final_eval_baseline_3seed_1h/slurm_pysr/eval_0000/results/task_000064.json
PySR,mips:rnn_base_6_addition:output:0,2,192,1,1.0,,False,"x1 + mips_floordiv(-0.932838273350557 - 1.2787792651528533, x0)",runs/709714/final_eval_baseline_3seed_1h/slurm_pysr/eval_0000/results/task_000065.json
PySR,mips:rnn_base_7_addition:hidden:0,0,192,1,1.0,,False,"mips_zero(mips_not(mips_max(mips_mod(-1.2715809966843767, mips_min(mips_not(x0), 1.0)), x0) * ((x3 + x2) * -0.09875191283631833)))",runs/709714/final_eval_baseline_3seed_1h/slurm_pysr/eval_0000/results/task_000066.json
PySR,mips:rnn_base_7_addition:hidden:0,1,192,1,1.0,,False,mips_zero(mips_not((mips_abs(x0) + (x2 + x3)) * -0.07725588006325065)),runs/709714/final_eval_baseline_3seed_1h/slurm_pysr/eval_0000/results/task_000067.json
PySR,mips:rnn_base_7_addition:hidden:0,2,192,1,1.0,,False,"mips_abs(mips_lt(mips_not(x2), mips_floordiv(2.117328734795093, mips_floordiv(mips_floordiv(x3 + (x0 + x2), 2.117328734795093), mips_max(mips_zero(x1), 2.117328734795093)))))",runs/709714/final_eval_baseline_3seed_1h/slurm_pysr/eval_0000/results/task_000068.json
PySR,mips:rnn_base_7_addition:hidden:1,0,192,1,1.0,,False,"mips_max(6.10773068901163 - mips_mod((x3 + x0) + x2, 6.89226931098837), 8.0 - (x2 + (mips_eq(0.5924206641820261, mips_xor(mips_mod(0.09476517095449895, x0), x0)) + x3)))",runs/709714/final_eval_baseline_3seed_1h/slurm_pysr/eval_0000/results/task_000069.json
PySR,mips:rnn_base_7_addition:hidden:1,1,192,1,1.0,,False,"mips_abs(mips_floordiv(mips_abs(mips_max(x0 + ((x3 + x2) + -6.0), mips_mod(x0 + (x2 + x3), -6.000013512114831) - 1.0) + -7.000005263089515), 0.9070304671939685))",runs/709714/final_eval_baseline_3seed_1h/slurm_pysr/eval_0000/results/task_000070.json
PySR,mips:rnn_base_7_addition:hidden:1,2,192,1,1.0,,False,"6.0 - mips_min(((x0 + -2.0) + x3) + x2, mips_mod((x0 + x3) + x2, -7.0))",runs/709714/final_eval_baseline_3seed_1h/slurm_pysr/eval_0000/results/task_000071.json
PySR,mips:rnn_base_7_addition:output:0,0,192,1,1.0,,False,"mips_max(mips_floordiv(1.5833845036066287 * ((mips_xor(x1, x1) - (-5.0547807297735705 - (x1 * -0.31599673008361107))) - mips_abs((x0 * 1.263899906198862) - (x1 * -0.31599673008361107))), 0.9088422038413025), mips_zero(x1))",runs/709714/final_eval_baseline_3seed_1h/slurm_pysr/eval_0000/results/task_000072.json
PySR,mips:rnn_base_7_addition:output:0,1,192,1,1.0,,False,(((mips_not(x0) + 6.398769040082475) + mips_not(x0)) + -0.3987690400824748) - x1,runs/709714/final_eval_baseline_3seed_1h/slurm_pysr/eval_0000/results/task_000073.json
PySR,mips:rnn_base_7_addition:output:0,2,192,1,1.0,,False,"mips_abs(mips_abs((mips_abs(mips_abs(mips_max(x0, -2.9596964362902294) + mips_abs(x1)) + -2.5386890167696123e-5) + -7.999974613109831) + x0))",runs/709714/final_eval_baseline_3seed_1h/slurm_pysr/eval_0000/results/task_000074.json
PySR,mips:rnn_max_numerical:hidden:0,0,192,1,1.0,,False,"mips_max(mips_abs(x0), mips_abs((mips_lt((mips_lt(mips_lt(x1, mips_zero(mips_zero(mips_not(x0)))), 0.781857625192654) - x1) + 1.0, 0.9659078310240002) - x1) + mips_abs(mips_not(mips_zero(x1)))))",runs/709714/final_eval_baseline_3seed_1h/slurm_pysr/eval_0000/results/task_000075.json
PySR,mips:rnn_max_numerical:hidden:0,1,192,1,1.0,,False,"mips_max(x0, mips_floordiv(mips_max((-1.1480457314654753 + -0.405418252984479) + x1, x0), 0.942419907570091))",runs/709714/final_eval_baseline_3seed_1h/slurm_pysr/eval_0000/results/task_000076.json
PySR,mips:rnn_max_numerical:hidden:0,2,192,1,1.0,,False,"mips_max(x1 - (mips_eq(mips_xor(mips_lt(x1, x1), 0.08815746107792527), 0.09191578360737901) + 1.0), mips_max(x0, x0))",runs/709714/final_eval_baseline_3seed_1h/slurm_pysr/eval_0000/results/task_000077.json
PySR,mips:rnn_max_numerical:output:0,0,192,1,1.0,,False,"mips_xor(1.0587491213543847, -0.026565272475516225) + (mips_xor(1.0587491213543847, -0.026565272475516225) + x0)",runs/709714/final_eval_baseline_3seed_1h/slurm_pysr/eval_0000/results/task_000078.json
PySR,mips:rnn_max_numerical:output:0,1,192,1,1.0,,False,"mips_max(-0.013118254234595282, x0) - -2.0",runs/709714/final_eval_baseline_3seed_1h/slurm_pysr/eval_0000/results/task_000079.json
PySR,mips:rnn_max_numerical:output:0,2,192,1,1.0,,False,"mips_abs((mips_not(mips_floordiv(x0 - x0, x0)) * mips_max(2.0, 1.0 - x0)) + x0)",runs/709714/final_eval_baseline_3seed_1h/slurm_pysr/eval_0000/results/task_000080.json
PySR,mips:rnn_min_numerical:hidden:0,0,192,1,1.0,,False,"mips_min(mips_abs(x1), x0)",runs/709714/final_eval_baseline_3seed_1h/slurm_pysr/eval_0000/results/task_000081.json
PySR,mips:rnn_min_numerical:hidden:0,1,192,1,1.0,,False,"mips_min(x1, x0)",runs/709714/final_eval_baseline_3seed_1h/slurm_pysr/eval_0000/results/task_000082.json
PySR,mips:rnn_min_numerical:hidden:0,2,192,1,1.0,,False,"mips_min(x1, x0)",runs/709714/final_eval_baseline_3seed_1h/slurm_pysr/eval_0000/results/task_000083.json
PySR,mips:rnn_min_numerical:output:0,0,192,1,1.0,,False,x0,runs/709714/final_eval_baseline_3seed_1h/slurm_pysr/eval_0000/results/task_000084.json
PySR,mips:rnn_min_numerical:output:0,1,192,1,1.0,,False,x0,runs/709714/final_eval_baseline_3seed_1h/slurm_pysr/eval_0000/results/task_000085.json
PySR,mips:rnn_min_numerical:output:0,2,192,1,1.0,,False,x0,runs/709714/final_eval_baseline_3seed_1h/slurm_pysr/eval_0000/results/task_000086.json
PySR,mips:rnn_parity_last2_numerical:hidden:0,0,192,1,1.0,,False,"mips_max(mips_abs(x1), mips_not(mips_xor(x1 * -0.9431155095837519, x0 * -0.5765675452711605)) * ((mips_not(x1) + 1.0) + mips_max(x1, mips_xor(0.6719768308634491, x1))))",runs/709714/final_eval_baseline_3seed_1h/slurm_pysr/eval_0000/results/task_000087.json
PySR,mips:rnn_parity_last2_numerical:hidden:0,1,192,1,1.0,,False,"mips_max((mips_eq(x0 * 0.17617424585794422, mips_zero(x1)) * x0) + (mips_abs(mips_not(x0) + mips_eq(mips_min(x1, x1), x0)) + mips_eq(x0, mips_min(x1, mips_not(x0)))), x1)",runs/709714/final_eval_baseline_3seed_1h/slurm_pysr/eval_0000/results/task_000088.json
PySR,mips:rnn_parity_last2_numerical:hidden:0,2,192,1,1.0,,False,"mips_max(mips_zero(x0), x1) + mips_floordiv(mips_max(x0, mips_floordiv(1.4911056795808424, 0.5517784508073964)) - x1, mips_xor(x0 * 0.7125993573692565, mips_not(x1)))",runs/709714/final_eval_baseline_3seed_1h/slurm_pysr/eval_0000/results/task_000089.json
PySR,mips:rnn_parity_last2_numerical:output:0,0,192,1,1.0,,False,"mips_eq(mips_not(mips_zero(x0)), x0)",runs/709714/final_eval_baseline_3seed_1h/slurm_pysr/eval_0000/results/task_000090.json
PySR,mips:rnn_parity_last2_numerical:output:0,1,192,1,1.0,,False,mips_zero(x0 * 0.4794145007139939),runs/709714/final_eval_baseline_3seed_1h/slurm_pysr/eval_0000/results/task_000091.json
PySR,mips:rnn_parity_last2_numerical:output:0,2,192,1,1.0,,False,"mips_lt(x0, 1.545413679815468)",runs/709714/final_eval_baseline_3seed_1h/slurm_pysr/eval_0000/results/task_000092.json
PySR,mips:rnn_unique2_numerical:hidden:0,0,192,1,1.0,,False,"(mips_max(0.8744585678158433, (x1 - x1) + -0.0350757055697108) + 6.125541432184157) - x2",runs/709714/final_eval_baseline_3seed_1h/slurm_pysr/eval_0000/results/task_000093.json
PySR,mips:rnn_unique2_numerical:hidden:0,1,192,1,1.0,,False,"mips_abs(mips_zero(mips_xor(-0.026580814251793882 - mips_abs(mips_lt(-2.478822288267322, x2) * 1.0), -1.2853419086950797))) - (x2 + -6.0)",runs/709714/final_eval_baseline_3seed_1h/slurm_pysr/eval_0000/results/task_000094.json
PySR,mips:rnn_unique2_numerical:hidden:0,2,192,1,1.0,,False,"mips_abs(mips_floordiv(mips_floordiv(mips_min(mips_zero(mips_lt(-0.47443760281703157, mips_floordiv(x0, mips_xor(x1, -1.4007894696217866) * -0.8718050618187098))), -0.2247919587719721), -0.04338387544887367), -0.7254867394057873) + x2) + 4.988362314837787e-19",runs/709714/final_eval_baseline_3seed_1h/slurm_pysr/eval_0000/results/task_000095.json
PySR,mips:rnn_unique2_numerical:hidden:1,0,192,1,1.0,,False,"mips_eq(1.441378657836532, mips_not((7.0 - x2) - x0) - 0.0)",runs/709714/final_eval_baseline_3seed_1h/slurm_pysr/eval_0000/results/task_000096.json
PySR,mips:rnn_unique2_numerical:hidden:1,1,192,1,1.0,,False,"mips_floordiv(mips_max(mips_mod(x2, mips_mod(x0, 1.5908760790073835)), mips_eq(mips_mod(x2 + x0, 1.6829544790022624), mips_mod(x0, mips_abs(x0)))), mips_xor(x2, x0))",runs/709714/final_eval_baseline_3seed_1h/slurm_pysr/eval_0000/results/task_000097.json
PySR,mips:rnn_unique2_numerical:hidden:1,2,192,1,1.0,,False,"mips_floordiv(1.3643173442188101, mips_floordiv(mips_max(x2, x0), mips_floordiv(mips_mod(x0 + x2, mips_mod(x0 + x2, mips_max(4.0, mips_min(mips_zero(x2), x0)))), 0.23492903171401988)))",runs/709714/final_eval_baseline_3seed_1h/slurm_pysr/eval_0000/results/task_000098.json
PySR,mips:rnn_unique2_numerical:output:0,0,192,1,1.0,,False,x1,runs/709714/final_eval_baseline_3seed_1h/slurm_pysr/eval_0000/results/task_000099.json
PySR,mips:rnn_unique2_numerical:output:0,1,192,1,1.0,,False,x1,runs/709714/final_eval_baseline_3seed_1h/slurm_pysr/eval_0000/results/task_000100.json
PySR,mips:rnn_unique2_numerical:output:0,2,192,1,1.0,,False,x1,runs/709714/final_eval_baseline_3seed_1h/slurm_pysr/eval_0000/results/task_000101.json
PySR,mips:rnn_parity_last4_numerical:hidden:0,0,192,1,1.0,,False,"mips_abs(mips_floordiv(mips_max(mips_mod(17680.24411540707, x1), mips_mod((mips_mod(17681.19207257748, x1) - mips_eq(x1, x1)) - x3, mips_max(x1, x0 - 0.876449534283016) + (x1 + (mips_not(x3) + mips_zero(x3))))), 1.060992405107239))",runs/709714/final_eval_baseline_3seed_1h/slurm_pysr/eval_0000/results/task_000102.json
PySR,mips:rnn_parity_last4_numerical:hidden:0,1,192,1,1.0,,False,"mips_floordiv(mips_mod(mips_mod(mips_lt(x1, x0), 0.571848402646118) + (mips_max(x1, mips_mod(0.05328489593461366, mips_zero(x3))) * -17349.066976115595), 3.0986879853670133 + (mips_max(0.10517033532788472, x3) * x1)), mips_abs(0.93744765053288))",runs/709714/final_eval_baseline_3seed_1h/slurm_pysr/eval_0000/results/task_000103.json
PySR,mips:rnn_parity_last4_numerical:hidden:0,2,192,1,1.0,,False,"mips_floordiv((mips_xor(x3, x1 * 1.2195248090703252) + mips_max(mips_mod(x3, mips_max(x1 - 1.4999965986177906, x0)), mips_not(x1))) * mips_min(4.00000928663469, mips_zero(x3) + (mips_zero(x3) + x1)), 0.950077452399138)",runs/709714/final_eval_baseline_3seed_1h/slurm_pysr/eval_0000/results/task_000104.json
PySR,mips:rnn_parity_last4_numerical:hidden:1,0,192,1,1.0,,False,"mips_floordiv(mips_abs((x3 * (2.999999874340823 + x3)) + mips_min(mips_max(x3, mips_max(mips_floordiv(x1, 1.3017504183974755), x3)), mips_abs(((mips_abs(x3) + x3) + x3) + 2.000001077308079))), 0.9012417518361783)",runs/709714/final_eval_baseline_3seed_1h/slurm_pysr/eval_0000/results/task_000105.json
PySR,mips:rnn_parity_last4_numerical:hidden:1,1,192,1,1.0,,False,"mips_min(mips_max(mips_abs(mips_abs(mips_floordiv(mips_max(mips_max(mips_floordiv(mips_abs(x1), x3), mips_floordiv(3.000001326434429, x3)), mips_min(x1, mips_mod(mips_mod(x1, 1.8542928410834285), x1))), -0.9999986537695816))), x3) + x3, 9.0)",runs/709714/final_eval_baseline_3seed_1h/slurm_pysr/eval_0000/results/task_000106.json
PySR,mips:rnn_parity_last4_numerical:hidden:1,2,192,1,1.0,,False,"mips_floordiv(mips_abs(mips_lt(x1, x3) + mips_min(mips_lt(mips_abs(mips_xor(x3, x1)), x1) + mips_max(x3 + (mips_max(2.9999839515001328, x1) * x3), mips_mod(mips_xor(x1, x3), x1)), 9.000022455447278)), 0.9036419991036331)",runs/709714/final_eval_baseline_3seed_1h/slurm_pysr/eval_0000/results/task_000107.json
PySR,mips:rnn_parity_last4_numerical:hidden:2,0,192,1,1.0,,False,"mips_floordiv(mips_xor(mips_lt(mips_abs(mips_mod(-0.24204771908726924, x0) + x0), x1), x3), 0.24919036173852108)",runs/709714/final_eval_baseline_3seed_1h/slurm_pysr/eval_0000/results/task_000108.json
PySR,mips:rnn_parity_last4_numerical:hidden:2,1,192,1,1.0,,False,"mips_eq(x3, mips_abs(mips_lt(mips_mod(-1.5674117678516593, x1 + -0.9720628074704112), x0))) * 3.999999999999999",runs/709714/final_eval_baseline_3seed_1h/slurm_pysr/eval_0000/results/task_000109.json
PySR,mips:rnn_parity_last4_numerical:hidden:2,2,192,1,1.0,,False,"mips_floordiv(mips_xor(mips_mod(x1, 0.601504285198693), mips_eq(mips_zero(x0), mips_floordiv(mips_xor(x3, mips_xor(0.6652119448058719, 0.13467743705181884)), 0.601504285198693))), 0.21104413809994327)",runs/709714/final_eval_baseline_3seed_1h/slurm_pysr/eval_0000/results/task_000110.json
PySR,mips:rnn_parity_last4_numerical:output:0,0,192,1,1.0,,False,"mips_lt(mips_lt(-2.0655007983684164, x2), x2)",runs/709714/final_eval_baseline_3seed_1h/slurm_pysr/eval_0000/results/task_000111.json
PySR,mips:rnn_parity_last4_numerical:output:0,1,192,1,1.0,,False,mips_zero(mips_not(x2)),runs/709714/final_eval_baseline_3seed_1h/slurm_pysr/eval_0000/results/task_000112.json
PySR,mips:rnn_parity_last4_numerical:output:0,2,192,1,1.0,,False,"mips_lt(mips_zero(x2), x2)",runs/709714/final_eval_baseline_3seed_1h/slurm_pysr/eval_0000/results/task_000113.json
PySR,mips:rnn_div_7_numerical:hidden:0,0,192,0,0.0,,False,,runs/709714/final_eval_baseline_3seed_1h/slurm_pysr/eval_0000/results/task_000114.json
PySR,mips:rnn_div_7_numerical:hidden:0,1,192,0,0.0,,False,,runs/709714/final_eval_baseline_3seed_1h/slurm_pysr/eval_0000/results/task_000115.json
PySR,mips:rnn_div_7_numerical:hidden:0,2,192,0,0.0,,False,,runs/709714/final_eval_baseline_3seed_1h/slurm_pysr/eval_0000/results/task_000116.json
PySR,mips:rnn_div_7_numerical:hidden:1,0,192,0,0.0,,False,,runs/709714/final_eval_baseline_3seed_1h/slurm_pysr/eval_0000/results/task_000117.json
PySR,mips:rnn_div_7_numerical:hidden:1,1,192,0,0.0,,False,,runs/709714/final_eval_baseline_3seed_1h/slurm_pysr/eval_0000/results/task_000118.json
PySR,mips:rnn_div_7_numerical:hidden:1,2,192,0,0.0,,False,,runs/709714/final_eval_baseline_3seed_1h/slurm_pysr/eval_0000/results/task_000119.json
PySR,mips:rnn_div_7_numerical:hidden:2,0,192,0,0.0,,False,,runs/709714/final_eval_baseline_3seed_1h/slurm_pysr/eval_0000/results/task_000120.json
PySR,mips:rnn_div_7_numerical:hidden:2,1,192,0,0.0,,False,,runs/709714/final_eval_baseline_3seed_1h/slurm_pysr/eval_0000/results/task_000121.json
PySR,mips:rnn_div_7_numerical:hidden:2,2,192,0,0.0,,False,,runs/709714/final_eval_baseline_3seed_1h/slurm_pysr/eval_0000/results/task_000122.json
PySR,mips:rnn_div_7_numerical:hidden:3,0,192,0,0.0,,False,,runs/709714/final_eval_baseline_3seed_1h/slurm_pysr/eval_0000/results/task_000123.json
PySR,mips:rnn_div_7_numerical:hidden:3,1,192,0,0.0,,False,,runs/709714/final_eval_baseline_3seed_1h/slurm_pysr/eval_0000/results/task_000124.json
PySR,mips:rnn_div_7_numerical:hidden:3,2,192,0,0.0,,False,,runs/709714/final_eval_baseline_3seed_1h/slurm_pysr/eval_0000/results/task_000125.json
PySR,mips:rnn_div_7_numerical:output:0,0,192,1,1.0,,False,"mips_mod(mips_lt(x0, (mips_min(x1, x2 - x3) - mips_floordiv(mips_min(x3, x3), mips_min(mips_floordiv(x3, mips_floordiv(-0.7382843217018661, -0.030553100050867737)), x0))) - x0), x0)",runs/709714/final_eval_baseline_3seed_1h/slurm_pysr/eval_0000/results/task_000126.json
PySR,mips:rnn_div_7_numerical:output:0,1,192,1,1.0,,False,"mips_eq(mips_abs(mips_abs(-0.9821344060749179)), mips_abs(mips_min(mips_min(-0.003290530098302414, x3) * x1, x2)))",runs/709714/final_eval_baseline_3seed_1h/slurm_pysr/eval_0000/results/task_000127.json
PySR,mips:rnn_div_7_numerical:output:0,2,192,1,1.0,,False,"mips_min(mips_lt(mips_lt(x1 * 0.020362566942146543, 3.0135305996633797), mips_min(mips_xor(mips_zero(x0), -0.6468794910300136), 0.8085600529649309)), 1.3319242545693255)",runs/709714/final_eval_baseline_3seed_1h/slurm_pysr/eval_0000/results/task_000128.json
PySR,mips:rnn_div_5_numerical:hidden:0,0,192,0,0.0,,False,,runs/709714/final_eval_baseline_3seed_1h/slurm_pysr/eval_0000/results/task_000129.json
PySR,mips:rnn_div_5_numerical:hidden:0,1,192,0,0.0,,False,,runs/709714/final_eval_baseline_3seed_1h/slurm_pysr/eval_0000/results/task_000130.json
PySR,mips:rnn_div_5_numerical:hidden:0,2,192,0,0.0,,False,,runs/709714/final_eval_baseline_3seed_1h/slurm_pysr/eval_0000/results/task_000131.json
PySR,mips:rnn_div_5_numerical:hidden:1,0,192,0,0.0,,False,,runs/709714/final_eval_baseline_3seed_1h/slurm_pysr/eval_0000/results/task_000132.json
PySR,mips:rnn_div_5_numerical:hidden:1,1,192,0,0.0,,False,,runs/709714/final_eval_baseline_3seed_1h/slurm_pysr/eval_0000/results/task_000133.json
PySR,mips:rnn_div_5_numerical:hidden:1,2,192,0,0.0,,False,,runs/709714/final_eval_baseline_3seed_1h/slurm_pysr/eval_0000/results/task_000134.json
PySR,mips:rnn_div_5_numerical:hidden:2,0,192,0,0.0,,False,,runs/709714/final_eval_baseline_3seed_1h/slurm_pysr/eval_0000/results/task_000135.json
PySR,mips:rnn_div_5_numerical:hidden:2,1,192,0,0.0,,False,,runs/709714/final_eval_baseline_3seed_1h/slurm_pysr/eval_0000/results/task_000136.json
PySR,mips:rnn_div_5_numerical:hidden:2,2,192,0,0.0,,False,,runs/709714/final_eval_baseline_3seed_1h/slurm_pysr/eval_0000/results/task_000137.json
PySR,mips:rnn_div_5_numerical:hidden:3,0,192,0,0.0,,False,,runs/709714/final_eval_baseline_3seed_1h/slurm_pysr/eval_0000/results/task_000138.json
PySR,mips:rnn_div_5_numerical:hidden:3,1,192,0,0.0,,False,,runs/709714/final_eval_baseline_3seed_1h/slurm_pysr/eval_0000/results/task_000139.json
PySR,mips:rnn_div_5_numerical:hidden:3,2,192,0,0.0,,False,,runs/709714/final_eval_baseline_3seed_1h/slurm_pysr/eval_0000/results/task_000140.json
PySR,mips:rnn_div_5_numerical:output:0,0,192,1,1.0,,False,"mips_abs(mips_floordiv(mips_lt(x0, x2), mips_mod(mips_lt(x0, x1), x2)))",runs/709714/final_eval_baseline_3seed_1h/slurm_pysr/eval_0000/results/task_000141.json
PySR,mips:rnn_div_5_numerical:output:0,1,192,1,1.0,,False,"mips_lt(1.34511798382401 * mips_min(x0, x0), x1)",runs/709714/final_eval_baseline_3seed_1h/slurm_pysr/eval_0000/results/task_000142.json
PySR,mips:rnn_div_5_numerical:output:0,2,192,1,1.0,,False,"mips_xor(mips_lt(x0, mips_min(x2, x1)), -0.37050054925309817)",runs/709714/final_eval_baseline_3seed_1h/slurm_pysr/eval_0000/results/task_000143.json
PySR,mips:rnn_alternating_last3_numerical:hidden:0,0,192,0,0.0,,False,,runs/709714/final_eval_baseline_3seed_1h/slurm_pysr/eval_0000/results/task_000144.json
PySR,mips:rnn_alternating_last3_numerical:hidden:0,1,192,0,0.0,,False,,runs/709714/final_eval_baseline_3seed_1h/slurm_pysr/eval_0000/results/task_000145.json
PySR,mips:rnn_alternating_last3_numerical:hidden:0,2,192,0,0.0,,False,,runs/709714/final_eval_baseline_3seed_1h/slurm_pysr/eval_0000/results/task_000146.json
PySR,mips:rnn_alternating_last3_numerical:hidden:1,0,192,0,0.0,,False,,runs/709714/final_eval_baseline_3seed_1h/slurm_pysr/eval_0000/results/task_000147.json
PySR,mips:rnn_alternating_last3_numerical:hidden:1,1,192,0,0.0,,False,,runs/709714/final_eval_baseline_3seed_1h/slurm_pysr/eval_0000/results/task_000148.json
PySR,mips:rnn_alternating_last3_numerical:hidden:1,2,192,0,0.0,,False,,runs/709714/final_eval_baseline_3seed_1h/slurm_pysr/eval_0000/results/task_000149.json
PySR,mips:rnn_alternating_last3_numerical:output:0,0,192,1,1.0,,False,"mips_floordiv(mips_min(mips_abs(x0), (x0 - mips_zero(x0)) * (x1 * 3.903080144246073e-8)), mips_min(x0, x1))",runs/709714/final_eval_baseline_3seed_1h/slurm_pysr/eval_0000/results/task_000150.json
PySR,mips:rnn_alternating_last3_numerical:output:0,1,192,1,1.0,,False,"mips_xor(x1 * 1.8599108653320034e-8, 0.3447802290312899)",runs/709714/final_eval_baseline_3seed_1h/slurm_pysr/eval_0000/results/task_000151.json
PySR,mips:rnn_alternating_last3_numerical:output:0,2,192,1,1.0,,False,"mips_not(mips_max(mips_xor(mips_eq(0.7466626177511576, mips_abs(mips_max(0.09901507593285284, x1)) * 9.138725586952282e-9), -0.5192757461079344), -0.0))",runs/709714/final_eval_baseline_3seed_1h/slurm_pysr/eval_0000/results/task_000152.json
PySR++,mips:rnn_abs_value_numerical:hidden:0,0,192,1,1.0,,False,mips_abs(x1),runs/709715/final_eval_mips_native_3seed_1h/slurm_pysr/eval_0000/results/task_000000.json
PySR++,mips:rnn_abs_value_numerical:hidden:0,1,192,1,1.0,,False,mips_abs(x1),runs/709715/final_eval_mips_native_3seed_1h/slurm_pysr/eval_0000/results/task_000001.json
PySR++,mips:rnn_abs_value_numerical:hidden:0,2,192,1,1.0,,False,mips_abs(x1),runs/709715/final_eval_mips_native_3seed_1h/slurm_pysr/eval_0000/results/task_000002.json
PySR++,mips:rnn_abs_value_numerical:output:0,0,192,1,1.0,,False,x0,runs/709715/final_eval_mips_native_3seed_1h/slurm_pysr/eval_0000/results/task_000003.json
PySR++,mips:rnn_abs_value_numerical:output:0,1,192,1,1.0,,False,x0,runs/709715/final_eval_mips_native_3seed_1h/slurm_pysr/eval_0000/results/task_000004.json
PySR++,mips:rnn_abs_value_numerical:output:0,2,192,1,1.0,,False,x0,runs/709715/final_eval_mips_native_3seed_1h/slurm_pysr/eval_0000/results/task_000005.json
PySR++,mips:rnn_abs_value_of_diff_numerical:hidden:0,0,192,1,1.0,,False,"(mips_max(198.9999999983003, mips_min(mips_not(x0) * mips_lt(x1, 1.1048273793638566), mips_xor(x2, x2))) * 1.0000000000085416) - x1",runs/709715/final_eval_mips_native_3seed_1h/slurm_pysr/eval_0000/results/task_000006.json
PySR++,mips:rnn_abs_value_of_diff_numerical:hidden:0,1,192,1,1.0,,False,(199.00000009676197 - x1) + -9.676076126225065e-8,runs/709715/final_eval_mips_native_3seed_1h/slurm_pysr/eval_0000/results/task_000007.json
PySR++,mips:rnn_abs_value_of_diff_numerical:hidden:0,2,192,1,1.0,,False,"mips_max(199.00000000000003 - mips_max(-0.4833227073237116, x1), mips_zero(mips_zero(x2) - x0) + (0.04709087864131045 - x1))",runs/709715/final_eval_mips_native_3seed_1h/slurm_pysr/eval_0000/results/task_000008.json
PySR++,mips:rnn_abs_value_of_diff_numerical:hidden:1,0,192,1,1.0,,False,"((((mips_eq(x0, x0) - x2) - -47.106453534972815) + mips_eq(x2, x2)) + 48.89354646502717) + mips_eq(x0, x0)",runs/709715/final_eval_mips_native_3seed_1h/slurm_pysr/eval_0000/results/task_000009.json
PySR++,mips:rnn_abs_value_of_diff_numerical:hidden:1,1,192,1,1.0,,False,"mips_max(50.096534791690424, mips_lt((x0 * 0.16513810695534906) * (x2 + x2), mips_abs(x0))) - (x2 + -48.9034652083226)",runs/709715/final_eval_mips_native_3seed_1h/slurm_pysr/eval_0000/results/task_000010.json
PySR++,mips:rnn_abs_value_of_diff_numerical:hidden:1,2,192,1,1.0,,False,(32.90065700076864 - (x2 + -32.14103247421711)) + 33.958310525014674,runs/709715/final_eval_mips_native_3seed_1h/slurm_pysr/eval_0000/results/task_000011.json
PySR++,mips:rnn_abs_value_of_diff_numerical:output:0,0,192,1,1.0,,False,"mips_abs(mips_min(199.00000000809234 - (x1 - x0), x1 - mips_abs(mips_abs(mips_min(x0 - 199.00000000000003, mips_not(mips_abs(mips_eq(x0, -228.55240171230207)) * 199.00000861146597))))))",runs/709715/final_eval_mips_native_3seed_1h/slurm_pysr/eval_0000/results/task_000012.json
PySR++,mips:rnn_abs_value_of_diff_numerical:output:0,1,192,1,1.0,,False,mips_abs((x0 + x1) - 199.0),runs/709715/final_eval_mips_native_3seed_1h/slurm_pysr/eval_0000/results/task_000013.json
PySR++,mips:rnn_abs_value_of_diff_numerical:output:0,2,192,1,1.0,,False,"mips_abs((x0 - mips_abs(mips_floordiv(199.00000026643136, mips_zero(mips_min(x0, mips_lt(1.2587997451956092, -181.0451076788595)))))) + x1)",runs/709715/final_eval_mips_native_3seed_1h/slurm_pysr/eval_0000/results/task_000014.json
PySR++,mips:rnn_add_mod_3_numerical:hidden:0,0,192,1,1.0,,False,"mips_mod(x1 + x0, mips_floordiv(mips_abs(mips_min(x1, -3.0525495643272986)), 0.8444878279813671))",runs/709715/final_eval_mips_native_3seed_1h/slurm_pysr/eval_0000/results/task_000015.json
PySR++,mips:rnn_add_mod_3_numerical:hidden:0,1,192,1,1.0,,False,"mips_floordiv(mips_mod(x0 + mips_max(x1, x1), -0.7468387836867981) * (mips_not(mips_lt(mips_zero(x1), x1 * -0.7099454884253087)) + mips_zero(mips_abs(mips_max(mips_mod(x1, x0) * x1, -0.7099454884253087)))), 0.3879404343036201)",runs/709715/final_eval_mips_native_3seed_1h/slurm_pysr/eval_0000/results/task_000016.json
PySR++,mips:rnn_add_mod_3_numerical:hidden:0,2,192,1,1.0,,False,"mips_floordiv(mips_not(mips_floordiv(0.5616089833831982, x0) * -2.079654741172369), mips_mod(x1 + x0, 1.5706101459615462))",runs/709715/final_eval_mips_native_3seed_1h/slurm_pysr/eval_0000/results/task_000017.json
PySR++,mips:rnn_add_mod_3_numerical:output:0,0,192,1,1.0,,False,x0,runs/709715/final_eval_mips_native_3seed_1h/slurm_pysr/eval_0000/results/task_000018.json
PySR++,mips:rnn_add_mod_3_numerical:output:0,1,192,1,1.0,,False,x0,runs/709715/final_eval_mips_native_3seed_1h/slurm_pysr/eval_0000/results/task_000019.json
PySR++,mips:rnn_add_mod_3_numerical:output:0,2,192,1,1.0,,False,x0,runs/709715/final_eval_mips_native_3seed_1h/slurm_pysr/eval_0000/results/task_000020.json
PySR++,mips:rnn_alternating_last4_numerical:hidden:0,0,192,1,1.0,,False,"mips_abs(mips_floordiv(mips_mod(-1.901917028700359, mips_max(mips_min(x0, mips_floordiv((0.2392290184200268 - (x2 * 7.493761508398937)) + (x0 * -0.047179521903953796), -0.24190120163131992) * -0.9945270983972777) + 39.526899851469075, x1)), 1.0))",runs/709715/final_eval_mips_native_3seed_1h/slurm_pysr/eval_0000/results/task_000021.json
PySR++,mips:rnn_alternating_last4_numerical:hidden:0,1,192,1,1.0,,False,"mips_floordiv((mips_floordiv(mips_floordiv(mips_zero(x2) + mips_zero(x2), 0.062142998606270886), 1.0027760667585475) - mips_max(x0 * 0.20556979470497377, mips_zero(x0 + x2))) + 8.088006903935996, mips_abs(1.0027760667585475))",runs/709715/final_eval_mips_native_3seed_1h/slurm_pysr/eval_0000/results/task_000022.json
PySR++,mips:rnn_alternating_last4_numerical:hidden:0,2,192,1,1.0,,False,"38.00849020149367 - ((mips_abs(mips_max(mips_max(mips_not(mips_xor(x2, x0)), mips_floordiv(mips_mod(3.7205846648451217, x2) + (x0 * 0.004579634625119546), 0.02258173872297838)), x1)) + 0.008490201494549357) - x2)",runs/709715/final_eval_mips_native_3seed_1h/slurm_pysr/eval_0000/results/task_000023.json
PySR++,mips:rnn_alternating_last4_numerical:hidden:1,0,192,1,1.0,,False,"mips_zero(mips_eq(0.09156366440756042, mips_min(x0 - x2, mips_min(x1 * x2, x0 * 1.999999996821517)) + mips_max(mips_xor(x0, x0 + mips_not(x0)), mips_mod(mips_mod(x0 * 0.2599334245158294, x2), mips_xor(x2, x0)))))",runs/709715/final_eval_mips_native_3seed_1h/slurm_pysr/eval_0000/results/task_000024.json
PySR++,mips:rnn_alternating_last4_numerical:hidden:1,1,192,1,1.0,,False,"mips_min(mips_xor(x2 + mips_zero(x0), -0.46517124742211047), mips_max(mips_zero(0.11826119636840336 + mips_mod(x0, 1.7960281127341498)), x1))",runs/709715/final_eval_mips_native_3seed_1h/slurm_pysr/eval_0000/results/task_000025.json
PySR++,mips:rnn_alternating_last4_numerical:hidden:1,2,192,1,1.0,,False,"mips_abs(mips_lt(0.22917973544954004, mips_mod(x0 + 1.2551646931059757, mips_zero(x0) + (x1 + -0.27470186162022886)) * mips_xor(mips_zero(x0), x2)))",runs/709715/final_eval_mips_native_3seed_1h/slurm_pysr/eval_0000/results/task_000026.json
PySR++,mips:rnn_alternating_last4_numerical:output:0,0,192,1,1.0,,False,x1,runs/709715/final_eval_mips_native_3seed_1h/slurm_pysr/eval_0000/results/task_000027.json
PySR++,mips:rnn_alternating_last4_numerical:output:0,1,192,1,1.0,,False,x1,runs/709715/final_eval_mips_native_3seed_1h/slurm_pysr/eval_0000/results/task_000028.json
PySR++,mips:rnn_alternating_last4_numerical:output:0,2,192,1,1.0,,False,x1,runs/709715/final_eval_mips_native_3seed_1h/slurm_pysr/eval_0000/results/task_000029.json
PySR++,mips:rnn_base_3_addition:hidden:0,0,192,1,1.0,,False,"mips_zero(mips_lt(1.1484101456348164, mips_abs(mips_not(-0.39570356572493304) - mips_floordiv(mips_abs(-0.5752741387772013 + mips_max((x2 + mips_xor(x0, -1.2516673005738368)) + x3, 1.6791145491576835)), 0.5703200295210343))))",runs/709715/final_eval_mips_native_3seed_1h/slurm_pysr/eval_0000/results/task_000030.json
PySR++,mips:rnn_base_3_addition:hidden:0,1,192,1,1.0,,False,"mips_zero(mips_abs(mips_floordiv(-0.7158521410088633 - (mips_max(((x3 - x0) + (x2 + x2)) + x3, 0.8715388025154166) - (x0 + -0.05573711290949022)), 1.168472788713372) * 0.12139645208006167))",runs/709715/final_eval_mips_native_3seed_1h/slurm_pysr/eval_0000/results/task_000031.json
PySR++,mips:rnn_base_3_addition:hidden:0,2,192,1,1.0,,False,"mips_zero(mips_zero(mips_min(-1.645728529979596 + mips_max((mips_max(mips_abs(x2), (x2 + x2) - ((x0 - x3) - x3)) + -1.971036448759896) - x0, x0), 0.0542373173554709)))",runs/709715/final_eval_mips_native_3seed_1h/slurm_pysr/eval_0000/results/task_000032.json
PySR++,mips:rnn_base_3_addition:hidden:1,0,192,1,1.0,,False,"mips_abs(mips_floordiv(mips_abs(mips_mod(-2.0125666101687374, (x3 + mips_not(x0)) + x2)), 0.9032375392694382))",runs/709715/final_eval_mips_native_3seed_1h/slurm_pysr/eval_0000/results/task_000033.json
PySR++,mips:rnn_base_3_addition:hidden:1,1,192,1,1.0,,False,"mips_floordiv(mips_mod(19.793636838824405, ((x3 + x2) + mips_abs(mips_not(x0))) * 0.34127140631288166), 0.26125121519641814)",runs/709715/final_eval_mips_native_3seed_1h/slurm_pysr/eval_0000/results/task_000034.json
PySR++,mips:rnn_base_3_addition:hidden:1,2,192,1,1.0,,False,"mips_floordiv(mips_mod(-2.0007386918385315, (x2 + x3) + mips_not(x0)), 0.7975463870130525)",runs/709715/final_eval_mips_native_3seed_1h/slurm_pysr/eval_0000/results/task_000035.json
PySR++,mips:rnn_base_3_addition:output:0,0,192,1,1.0,,False,mips_abs(x1 - mips_not(x0)),runs/709715/final_eval_mips_native_3seed_1h/slurm_pysr/eval_0000/results/task_000036.json
PySR++,mips:rnn_base_3_addition:output:0,1,192,1,1.0,,False,"x1 + (mips_floordiv(-0.8919529303773541, 1.2436676966584146) + x0)",runs/709715/final_eval_mips_native_3seed_1h/slurm_pysr/eval_0000/results/task_000037.json
PySR++,mips:rnn_base_3_addition:output:0,2,192,1,1.0,,False,"mips_abs(mips_abs(mips_floordiv(((x0 + x1) * (1.4396756614316009 - 0.34637563515976444)) * 0.4148707875722536, 0.6700058837139761)))",runs/709715/final_eval_mips_native_3seed_1h/slurm_pysr/eval_0000/results/task_000038.json
PySR++,mips:rnn_base_4_addition:hidden:0,0,192,1,1.0,,False,"mips_floordiv((mips_xor(mips_xor(x2, x1) - x3, mips_floordiv((x1 + x2) + x3, -1.3438721123017388)) - -5.1733838195389446) + mips_floordiv((x1 + x2) + x3, -1.3438721123017388), 0.8839932633602178)",runs/709715/final_eval_mips_native_3seed_1h/slurm_pysr/eval_0000/results/task_000039.json
PySR++,mips:rnn_base_4_addition:hidden:0,1,192,1,1.0,,False,"mips_floordiv(mips_floordiv(mips_floordiv((((x2 + x1) + x3) * 0.4501366274698856) + mips_floordiv((x2 + x3) + x1, -1.3938265030439907), -0.2575413220813054), -2.4344266197950994) + 5.030908917409733, 0.9009375639060621)",runs/709715/final_eval_mips_native_3seed_1h/slurm_pysr/eval_0000/results/task_000040.json
PySR++,mips:rnn_base_4_addition:hidden:0,2,192,1,1.0,,False,"mips_floordiv((3.3142799205085836 - (mips_mod(-1.0000304322635332, (mips_not(x1) - (x3 + x2)) * 0.5000091796409935) + mips_max(mips_zero(mips_lt(x2, mips_abs(mips_not(x3)))), x1))) * 1.6154296699829576, 0.8381945315971913)",runs/709715/final_eval_mips_native_3seed_1h/slurm_pysr/eval_0000/results/task_000041.json
PySR++,mips:rnn_base_4_addition:hidden:1,0,192,1,1.0,,False,"mips_min(1.0, mips_not(mips_not(mips_abs(mips_abs(mips_abs(((x3 * 1.2045068628051059) + (x2 - mips_zero(x1))) * 0.3290531748113272) + -0.4037062916854638)))))",runs/709715/final_eval_mips_native_3seed_1h/slurm_pysr/eval_0000/results/task_000042.json
PySR++,mips:rnn_base_4_addition:hidden:1,1,192,1,1.0,,False,"mips_zero(mips_abs(mips_abs(mips_xor(0.2113406580270134 * mips_mod(-0.833404698441917 - mips_xor(-0.833404698441917, x1), (x3 + x2) + 0.2113406580270134), 0.9882349360666288))))",runs/709715/final_eval_mips_native_3seed_1h/slurm_pysr/eval_0000/results/task_000043.json
PySR++,mips:rnn_base_4_addition:hidden:1,2,192,1,1.0,,False,"mips_abs(mips_zero(mips_zero(mips_abs(-0.3762418471920054 * mips_mod(-1.798626050682034, mips_abs(x2 + x3) + mips_not(mips_eq(mips_abs(0.427895965169631), x1)))))))",runs/709715/final_eval_mips_native_3seed_1h/slurm_pysr/eval_0000/results/task_000044.json
PySR++,mips:rnn_base_4_addition:output:0,0,192,1,1.0,,False,"mips_floordiv(mips_abs(x1 + ((x1 + x0) + -5.000188895046102)), 0.8116376645356441)",runs/709715/final_eval_mips_native_3seed_1h/slurm_pysr/eval_0000/results/task_000045.json
PySR++,mips:rnn_base_4_addition:output:0,1,192,1,1.0,,False,"mips_floordiv(mips_abs(5.000000000015251), 0.9555079265250028) - (x0 + (x1 + x1))",runs/709715/final_eval_mips_native_3seed_1h/slurm_pysr/eval_0000/results/task_000046.json
PySR++,mips:rnn_base_4_addition:output:0,2,192,1,1.0,,False,"mips_max(5.0, mips_max(4.999999999997432, (-1.0135477124824577 - x1) + x1) - x0) - (mips_abs(x1 + x1) + mips_abs(mips_abs(x0)))",runs/709715/final_eval_mips_native_3seed_1h/slurm_pysr/eval_0000/results/task_000047.json
PySR++,mips:rnn_base_5_addition:hidden:0,0,192,1,1.0,,False,"mips_abs(mips_abs(6.0 - mips_min(1.0 - mips_floordiv(mips_mod(-3.013686143836522, (x3 + x2) + (x1 + -1.4978944696018222)), -0.9194692359366223), (x2 + x3) + x1)))",runs/709715/final_eval_mips_native_3seed_1h/slurm_pysr/eval_0000/results/task_000048.json
PySR++,mips:rnn_base_5_addition:hidden:0,1,192,1,1.0,,False,"mips_abs(mips_abs(mips_floordiv(mips_mod(mips_abs(mips_floordiv(x3 + (x1 + x2), -0.5599750501402808)), -0.6296346639472669) + -0.6296346639472669, 0.09116043590533185)) - mips_eq(x0, x0))",runs/709715/final_eval_mips_native_3seed_1h/slurm_pysr/eval_0000/results/task_000049.json
PySR++,mips:rnn_base_5_addition:hidden:0,2,192,1,1.0,,False,"6.0 - (x3 + ((x2 + x1) - mips_floordiv(3.220020697290761, mips_xor(mips_min(0.9679052970527666, mips_floordiv(x3 + (x2 + mips_max(-0.048169798014442974, x1)), -1.2662925174656352)), (x3 + x1) + x2))))",runs/709715/final_eval_mips_native_3seed_1h/slurm_pysr/eval_0000/results/task_000050.json
PySR++,mips:rnn_base_5_addition:hidden:1,0,192,1,1.0,,False,"mips_not(mips_eq(-0.19226130710292194, mips_abs(mips_max(x1, (mips_min(x3, x3) + -0.2208532670149033) + (x2 + x1)) * mips_abs(-0.07591561126312388))))",runs/709715/final_eval_mips_native_3seed_1h/slurm_pysr/eval_0000/results/task_000051.json
PySR++,mips:rnn_base_5_addition:hidden:1,1,192,1,1.0,,False,"mips_zero(mips_not((mips_lt(-2.616343195948594, x1) - (1.960560489285596 + (mips_mod(-0.9635176153871706, x3 + (x2 + x1)) * -0.40679703056044075))) * (-0.40679703056044075 * (mips_mod(-0.9635176153871706, x3) + x2))))",runs/709715/final_eval_mips_native_3seed_1h/slurm_pysr/eval_0000/results/task_000052.json
PySR++,mips:rnn_base_5_addition:hidden:1,2,192,1,1.0,,False,"mips_not(mips_lt(x2 + ((((x1 - 0.5029225537477809) - mips_xor(0.0, -1.4449680440345205)) + (x3 - 1.0)) + -0.9221915343295184), 0.7059481530563642))",runs/709715/final_eval_mips_native_3seed_1h/slurm_pysr/eval_0000/results/task_000053.json
PySR++,mips:rnn_base_5_addition:output:0,0,192,1,1.0,,False,"mips_floordiv(((x1 + (x1 + x0)) * -0.3538129812718138) + 2.381550448481593, 0.35367647452526607)",runs/709715/final_eval_mips_native_3seed_1h/slurm_pysr/eval_0000/results/task_000054.json
PySR++,mips:rnn_base_5_addition:output:0,1,192,1,1.0,,False,"mips_floordiv(3.8718588651857817 - ((mips_max((x1 + x0) + mips_abs(x1), x1) * 1.0000132914484616) + -2.128321308465442), 0.8816376327047493)",runs/709715/final_eval_mips_native_3seed_1h/slurm_pysr/eval_0000/results/task_000055.json
PySR++,mips:rnn_base_5_addition:output:0,2,192,1,1.0,,False,"mips_floordiv(mips_abs(mips_mod(-1.0147160034579716, 3.942734912770299 * ((x1 * -0.1656292946947381) + mips_mod((x1 + x0) * -0.16562929469473808, 1.3621770008177057)))), 0.7338126360296723)",runs/709715/final_eval_mips_native_3seed_1h/slurm_pysr/eval_0000/results/task_000056.json
PySR++,mips:rnn_base_6_addition:hidden:0,0,192,1,1.0,,False,mips_zero((((x0 - (1.0 - (x2 + x3))) - 0.0) * -0.04149756146484744) + 0.6882414923103619),runs/709715/final_eval_mips_native_3seed_1h/slurm_pysr/eval_0000/results/task_000057.json
PySR++,mips:rnn_base_6_addition:hidden:0,1,192,1,1.0,,False,"mips_not(mips_zero(mips_max((((x0 - 0.4114331377280197) + -0.09737177490330562) + x2) + (x3 + -0.9239585035699847), 1.860313090993931) * 0.1227604455033599))",runs/709715/final_eval_mips_native_3seed_1h/slurm_pysr/eval_0000/results/task_000058.json
PySR++,mips:rnn_base_6_addition:hidden:0,2,192,1,1.0,,False,"mips_abs(mips_not(mips_not(mips_max(mips_mod(-0.3116251184859161, mips_mod(-0.0948449396063757, mips_mod(-0.0948449396063757, x2) + ((mips_abs(x3) - mips_not(x0)) + -0.46058163450279704))), -0.15581255924295806) * 0.15581255924295806)))",runs/709715/final_eval_mips_native_3seed_1h/slurm_pysr/eval_0000/results/task_000059.json
PySR++,mips:rnn_base_6_addition:hidden:1,0,192,1,1.0,,False,"mips_floordiv(((x3 + (x2 + x0)) + mips_mod(x0 + (x3 + x2), 5.9995591476899275)) * mips_abs(-0.5603689706358793), 1.004997964136866)",runs/709715/final_eval_mips_native_3seed_1h/slurm_pysr/eval_0000/results/task_000060.json
PySR++,mips:rnn_base_6_addition:hidden:1,1,192,1,1.0,,False,"mips_abs(mips_floordiv(mips_max(-1.0048429410161261, mips_abs(mips_floordiv((x3 + x2) + x0, -1.2060634194300839)) + ((x2 + (x3 + x0)) * -0.666666665532382)), -0.33536756563565595))",runs/709715/final_eval_mips_native_3seed_1h/slurm_pysr/eval_0000/results/task_000061.json
PySR++,mips:rnn_base_6_addition:hidden:1,2,192,1,1.0,,False,"mips_lt(-0.7797503000824374, x1) - (mips_not(x0) - (((mips_floordiv(mips_floordiv((x2 + x0) + x3, 0.5572510640829802), 9.942830307307043) * mips_floordiv(0.5703699587307193, -0.23580220853543996)) + x3) + x2))",runs/709715/final_eval_mips_native_3seed_1h/slurm_pysr/eval_0000/results/task_000062.json
PySR++,mips:rnn_base_6_addition:output:0,0,192,1,1.0,,False,"mips_min(x1, mips_max(((x1 - x0) - x0) - mips_floordiv(x0, x0), -0.2391492266299127))",runs/709715/final_eval_mips_native_3seed_1h/slurm_pysr/eval_0000/results/task_000063.json
PySR++,mips:rnn_base_6_addition:output:0,1,192,1,1.0,,False,"mips_min(mips_floordiv(mips_abs(((x0 * -1.4530472027711534) * x0) + mips_max(x1, -1.470903177721317)), mips_lt(x0, x1)) - x0, x1)",runs/709715/final_eval_mips_native_3seed_1h/slurm_pysr/eval_0000/results/task_000064.json
PySR++,mips:rnn_base_6_addition:output:0,2,192,1,1.0,,False,"mips_abs(mips_floordiv(mips_abs((((x0 + mips_max(mips_mod(0.7559756537917597, mips_mod(x0, x1)), x0)) + x0) - x1) * -0.7663229641916739) - 0.13342902441833562, -0.8952691923420624))",runs/709715/final_eval_mips_native_3seed_1h/slurm_pysr/eval_0000/results/task_000065.json
PySR++,mips:rnn_base_7_addition:hidden:0,0,192,1,1.0,,False,mips_zero(mips_not((x2 + (mips_abs(x0) + x3)) * 0.0816420119830442)),runs/709715/final_eval_mips_native_3seed_1h/slurm_pysr/eval_0000/results/task_000066.json
PySR++,mips:rnn_base_7_addition:hidden:0,1,192,1,1.0,,False,"mips_not(mips_eq(0.2867382838713806, (0.24473857287488085 * mips_floordiv((x2 + x3) + mips_xor(x2 - x3, x0), -0.6787520972693335)) * -0.312784103058137))",runs/709715/final_eval_mips_native_3seed_1h/slurm_pysr/eval_0000/results/task_000067.json
PySR++,mips:rnn_base_7_addition:hidden:0,2,192,1,1.0,,False,"mips_abs(mips_xor(mips_abs(mips_abs((mips_abs(1.0 - mips_mod(-1.011921176728121, mips_abs((x3 + x2) - mips_lt(x0, 0.1915433434994908)))) - -0.16408495427755815) * -0.1367924628261065)), -0.0))",runs/709715/final_eval_mips_native_3seed_1h/slurm_pysr/eval_0000/results/task_000068.json
PySR++,mips:rnn_base_7_addition:hidden:1,0,192,1,1.0,,False,"8.0 - mips_floordiv(x3 + ((mips_mod(mips_floordiv(x3 + x2, 1.3831673690969821) + x0, -4.999958964450282) * 3.564275604092238) + (x2 + 3.5085009575641184)), 3.564275604092238)",runs/709715/final_eval_mips_native_3seed_1h/slurm_pysr/eval_0000/results/task_000069.json
PySR++,mips:rnn_base_7_addition:hidden:1,1,192,1,1.0,,False,"mips_floordiv(2.7169811317107646 - (((mips_floordiv(mips_mod((x0 + x3) + x2, 0.8681543920094468) + -0.9182136345799998, 0.016587981686586206) * 0.38461538469031814) + ((x3 + x2) + x0)) * 0.2452830188229579), 0.9380824180674551)",runs/709715/final_eval_mips_native_3seed_1h/slurm_pysr/eval_0000/results/task_000070.json
PySR++,mips:rnn_base_7_addition:hidden:1,2,192,1,1.0,,False,"mips_mod(-0.9555804200340324, mips_abs(mips_floordiv(mips_min(-0.306276555992209 - mips_mod((x0 + x2) + x3, 0.46171528995557953), mips_abs((x3 + x2) - mips_not(x0)) * -0.07656924561334665) + 1.0, 0.07089995630484876))) + -0.044419579965971755",runs/709715/final_eval_mips_native_3seed_1h/slurm_pysr/eval_0000/results/task_000071.json
PySR++,mips:rnn_base_7_addition:output:0,0,192,1,1.0,,False,"mips_floordiv(mips_abs((x1 + x0) + (-8.000034809990517 + x0)), 0.9572247729348612)",runs/709715/final_eval_mips_native_3seed_1h/slurm_pysr/eval_0000/results/task_000072.json
PySR++,mips:rnn_base_7_addition:output:0,1,192,1,1.0,,False,"mips_floordiv(mips_abs(mips_min(x0, ((x1 + x0) - (x0 + ((((x1 + x0) + x0) * -1.2946453191242075) - -1.17301458569789))) * -0.4357920211078768) + 7.488728078001782), 0.9821733975769137)",runs/709715/final_eval_mips_native_3seed_1h/slurm_pysr/eval_0000/results/task_000073.json
PySR++,mips:rnn_base_7_addition:output:0,2,192,1,1.0,,False,(x1 + ((x1 + (x0 + (x0 - 2.6836433790550203))) * -2.0000000000000524)) + ((x0 + x0) + 2.6327132418901846),runs/709715/final_eval_mips_native_3seed_1h/slurm_pysr/eval_0000/results/task_000074.json
PySR++,mips:rnn_max_numerical:hidden:0,0,192,1,1.0,,False,"mips_floordiv(mips_abs(mips_max(mips_max(0.0, x0) + 2.448348283174112, x1)) + -1.6786255979374431, 1.044969593575653)",runs/709715/final_eval_mips_native_3seed_1h/slurm_pysr/eval_0000/results/task_000075.json
PySR++,mips:rnn_max_numerical:hidden:0,1,192,1,1.0,,False,"mips_floordiv(mips_abs(mips_max(mips_max(mips_max(-0.44292872333283345, mips_zero(mips_zero(mips_not(mips_not(x0) + mips_not(mips_not(mips_not(x0 + mips_not(x0)))))))), x1 - 1.9999977499106663), x0)), 0.9549436800272814)",runs/709715/final_eval_mips_native_3seed_1h/slurm_pysr/eval_0000/results/task_000076.json
PySR++,mips:rnn_max_numerical:hidden:0,2,192,1,1.0,,False,"mips_floordiv(mips_min(mips_lt(-2.4994144826826448, x0) - x1, (-1.0794870943303703 + 0.10613629671826609) - x0), -1.1389969425209172)",runs/709715/final_eval_mips_native_3seed_1h/slurm_pysr/eval_0000/results/task_000077.json
PySR++,mips:rnn_max_numerical:output:0,0,192,1,1.0,,False,"mips_max(mips_max((x0 + 1.9774204495564445) - -0.022579550443902432, 0.33496578103035557), 1.3416702032675456)",runs/709715/final_eval_mips_native_3seed_1h/slurm_pysr/eval_0000/results/task_000078.json
PySR++,mips:rnn_max_numerical:output:0,1,192,1,1.0,,False,"mips_abs((x0 + mips_eq(-0.07640337025381694, 0.13131640871314773)) + mips_eq(-0.07640337025381694, mips_xor(mips_max(0.13131640871314773, x0), x0)))",runs/709715/final_eval_mips_native_3seed_1h/slurm_pysr/eval_0000/results/task_000079.json
PySR++,mips:rnn_max_numerical:output:0,2,192,1,1.0,,False,"mips_lt(0.3463454390777403, mips_abs(-0.5157661472090428)) + mips_abs(x0 + mips_eq(0.050040132894505054, mips_mod(0.23789889017895188, x0)))",runs/709715/final_eval_mips_native_3seed_1h/slurm_pysr/eval_0000/results/task_000080.json
PySR++,mips:rnn_min_numerical:hidden:0,0,192,1,1.0,,False,"mips_min(x0, x1)",runs/709715/final_eval_mips_native_3seed_1h/slurm_pysr/eval_0000/results/task_000081.json
PySR++,mips:rnn_min_numerical:hidden:0,1,192,1,1.0,,False,"mips_min(x1, x0)",runs/709715/final_eval_mips_native_3seed_1h/slurm_pysr/eval_0000/results/task_000082.json
PySR++,mips:rnn_min_numerical:hidden:0,2,192,1,1.0,,False,"mips_min(x1, x0)",runs/709715/final_eval_mips_native_3seed_1h/slurm_pysr/eval_0000/results/task_000083.json
PySR++,mips:rnn_min_numerical:output:0,0,192,1,1.0,,False,x0,runs/709715/final_eval_mips_native_3seed_1h/slurm_pysr/eval_0000/results/task_000084.json
PySR++,mips:rnn_min_numerical:output:0,1,192,1,1.0,,False,x0,runs/709715/final_eval_mips_native_3seed_1h/slurm_pysr/eval_0000/results/task_000085.json
PySR++,mips:rnn_min_numerical:output:0,2,192,1,1.0,,False,x0,runs/709715/final_eval_mips_native_3seed_1h/slurm_pysr/eval_0000/results/task_000086.json
PySR++,mips:rnn_parity_last2_numerical:hidden:0,0,192,1,1.0,,False,"mips_eq(mips_mod(x0, -1.4506653141115209), x1 - x1) + mips_abs(mips_floordiv(-1.4506653141115209, mips_eq(mips_mod(mips_abs(x0), -1.4506653141115209), x1)))",runs/709715/final_eval_mips_native_3seed_1h/slurm_pysr/eval_0000/results/task_000087.json
PySR++,mips:rnn_parity_last2_numerical:hidden:0,1,192,1,1.0,,False,"mips_xor(mips_xor(mips_floordiv(x0, 2.2092455419447696), mips_not(x0)), mips_floordiv(x1, 0.40624171031968387)) + mips_floordiv(mips_xor(mips_xor(mips_floordiv(x0, 2.2092455419447696), mips_not(x0)), x1), 0.40624171031968387)",runs/709715/final_eval_mips_native_3seed_1h/slurm_pysr/eval_0000/results/task_000088.json
PySR++,mips:rnn_parity_last2_numerical:hidden:0,2,192,1,1.0,,False,"mips_floordiv(mips_abs(mips_abs(mips_min(1.5008475517189677 * mips_floordiv(x0, -2.3723231227852737), x1) + x1) + -1.497222576643236), mips_abs(0.3887273264874096))",runs/709715/final_eval_mips_native_3seed_1h/slurm_pysr/eval_0000/results/task_000089.json
PySR++,mips:rnn_parity_last2_numerical:output:0,0,192,1,1.0,,False,"mips_eq(mips_not(mips_zero(x0)), x0)",runs/709715/final_eval_mips_native_3seed_1h/slurm_pysr/eval_0000/results/task_000090.json
PySR++,mips:rnn_parity_last2_numerical:output:0,1,192,1,1.0,,False,"mips_zero(mips_max(x0, mips_eq(x0, x0) * x0) * mips_mod(x0, x0 + -0.3435306575427412))",runs/709715/final_eval_mips_native_3seed_1h/slurm_pysr/eval_0000/results/task_000091.json
PySR++,mips:rnn_parity_last2_numerical:output:0,2,192,1,1.0,,False,"mips_lt(mips_abs(x0), 1.545413679815468)",runs/709715/final_eval_mips_native_3seed_1h/slurm_pysr/eval_0000/results/task_000092.json
PySR++,mips:rnn_unique2_numerical:hidden:0,0,192,1,1.0,,False,"mips_floordiv(7.667987601768564 - mips_max(mips_min(mips_abs(x2), -0.019510664312973845), x2), 1.0787285398900057)",runs/709715/final_eval_mips_native_3seed_1h/slurm_pysr/eval_0000/results/task_000093.json
PySR++,mips:rnn_unique2_numerical:hidden:0,1,192,1,1.0,,False,mips_abs(7.000161102569065 - x2) + -0.00016110256910516785,runs/709715/final_eval_mips_native_3seed_1h/slurm_pysr/eval_0000/results/task_000094.json
PySR++,mips:rnn_unique2_numerical:hidden:0,2,192,1,1.0,,False,7.0 - x2,runs/709715/final_eval_mips_native_3seed_1h/slurm_pysr/eval_0000/results/task_000095.json
PySR++,mips:rnn_unique2_numerical:hidden:1,0,192,1,1.0,,False,"mips_floordiv(mips_mod(mips_abs(x0 + 1.0) + x2, 0.730077020912481), 0.6963896154008217)",runs/709715/final_eval_mips_native_3seed_1h/slurm_pysr/eval_0000/results/task_000096.json
PySR++,mips:rnn_unique2_numerical:hidden:1,1,192,1,1.0,,False,"mips_xor(mips_mod(0.0, x2), mips_abs(mips_not(0.25924718486089926 - ((-2.299223458507688 - (x0 + x2)) * mips_mod(x2 - (1.0223458405548413 - x0), 0.25924718486089926))) * mips_lt(x1, x0 + x2)))",runs/709715/final_eval_mips_native_3seed_1h/slurm_pysr/eval_0000/results/task_000097.json
PySR++,mips:rnn_unique2_numerical:hidden:1,2,192,1,1.0,,False,"mips_floordiv(mips_mod(x0 + x2, -1.425400161588467), 1.2764430839947385)",runs/709715/final_eval_mips_native_3seed_1h/slurm_pysr/eval_0000/results/task_000098.json
PySR++,mips:rnn_unique2_numerical:output:0,0,192,1,1.0,,False,x1,runs/709715/final_eval_mips_native_3seed_1h/slurm_pysr/eval_0000/results/task_000099.json
PySR++,mips:rnn_unique2_numerical:output:0,1,192,1,1.0,,False,x1,runs/709715/final_eval_mips_native_3seed_1h/slurm_pysr/eval_0000/results/task_000100.json
PySR++,mips:rnn_unique2_numerical:output:0,2,192,1,1.0,,False,x1,runs/709715/final_eval_mips_native_3seed_1h/slurm_pysr/eval_0000/results/task_000101.json
PySR++,mips:rnn_parity_last4_numerical:hidden:0,0,192,1,1.0,,False,"mips_floordiv(mips_mod(-2.9733618558232067, mips_floordiv(mips_max(mips_min(x0, 0.16656873811612488) + (mips_xor(mips_floordiv(x1, x3), mips_max(mips_not(x3), mips_mod(x1, 3.03555961792397))) + mips_mod(x3 + 0.4332438153646728, x1)), 0.7163283160845808), 0.22109728120741048)), 0.9153585803633856)",runs/709715/final_eval_mips_native_3seed_1h/slurm_pysr/eval_0000/results/task_000102.json
PySR++,mips:rnn_parity_last4_numerical:hidden:0,1,192,1,1.0,,False,"mips_floordiv(mips_mod(-0.5453503033232873, mips_max(0.6019002409932468, mips_lt(mips_xor(mips_floordiv(x1, 0.2136255526248794), x3), mips_xor(x1, mips_zero(x1))) + mips_mod((mips_mod(x0, mips_mod(x1, -1.2440320197891412)) + x3) - -0.19679215513581627, x1))), 0.19172548822801405)",runs/709715/final_eval_mips_native_3seed_1h/slurm_pysr/eval_0000/results/task_000103.json
PySR++,mips:rnn_parity_last4_numerical:hidden:0,2,192,1,1.0,,False,"mips_floordiv(mips_floordiv(x3, mips_lt(3.8716575852222683, x1)) + mips_min((mips_max(0.12500075005102124, x0) * (mips_xor(x1, -0.23784202873034388) + x1)) + 0.5416708548551548, mips_zero(mips_xor(-0.25944969712306715 * x1, x3))), mips_abs(-0.23784202873034388))",runs/709715/final_eval_mips_native_3seed_1h/slurm_pysr/eval_0000/results/task_000104.json
PySR++,mips:rnn_parity_last4_numerical:hidden:1,0,192,1,1.0,,False,"mips_floordiv(x3 + mips_max(x3, 0.18287815218104184 * (((1.547178848413141 + (x1 * -0.11217746694296032)) + x3) * x1)), mips_abs(mips_min(x2, -0.3575891931979442)))",runs/709715/final_eval_mips_native_3seed_1h/slurm_pysr/eval_0000/results/task_000105.json
PySR++,mips:rnn_parity_last4_numerical:hidden:1,1,192,1,1.0,,False,"1.5437283229106868 - (mips_floordiv(mips_abs(mips_abs(mips_abs(mips_floordiv(x3 - mips_abs(x1), x3 + -1.5523347370287914) * 0.10040743745070183)) + (x3 - 2.177703962429979)), 0.23661532380107694) + -7.456271677089545)",runs/709715/final_eval_mips_native_3seed_1h/slurm_pysr/eval_0000/results/task_000106.json
PySR++,mips:rnn_parity_last4_numerical:hidden:1,2,192,1,1.0,,False,"mips_floordiv(mips_floordiv(mips_max(x3, 0.42775130388841565) * (x1 + 11.916980080387312), 1.1781344220669163), 1.4277513038884155) + -2.0",runs/709715/final_eval_mips_native_3seed_1h/slurm_pysr/eval_0000/results/task_000107.json
PySR++,mips:rnn_parity_last4_numerical:hidden:2,0,192,1,1.0,,False,"mips_floordiv(mips_eq(mips_lt((x1 + (x0 * -2.0655007983684164)) * (x0 * mips_lt(mips_not(x0), mips_zero(x0) + x1)), mips_zero(x1 + -0.30297621380681855) + -0.30297621380681855), x3), 0.2338689735679332)",runs/709715/final_eval_mips_native_3seed_1h/slurm_pysr/eval_0000/results/task_000108.json
PySR++,mips:rnn_parity_last4_numerical:hidden:2,1,192,1,1.0,,False,"mips_floordiv(2.0102372975179708, mips_mod(mips_eq(mips_max(-1.2072899247680662, mips_lt(mips_floordiv(x1, 1.8357122153522911), x0)), x3), 0.5730904638502671))",runs/709715/final_eval_mips_native_3seed_1h/slurm_pysr/eval_0000/results/task_000109.json
PySR++,mips:rnn_parity_last4_numerical:hidden:2,2,192,1,1.0,,False,"mips_floordiv(mips_floordiv(mips_xor(mips_floordiv(mips_max(x0, x1), x0), mips_zero(x3)) * 2.265687977499946, mips_abs(0.3785935366853935)), 1.0835149652136773)",runs/709715/final_eval_mips_native_3seed_1h/slurm_pysr/eval_0000/results/task_000110.json
PySR++,mips:rnn_parity_last4_numerical:output:0,0,192,1,1.0,,False,"mips_min(mips_lt(mips_zero(x0 - (x1 - x2)), x2), mips_abs(x2))",runs/709715/final_eval_mips_native_3seed_1h/slurm_pysr/eval_0000/results/task_000111.json
PySR++,mips:rnn_parity_last4_numerical:output:0,1,192,1,1.0,,False,mips_zero(mips_not(x2)),runs/709715/final_eval_mips_native_3seed_1h/slurm_pysr/eval_0000/results/task_000112.json
PySR++,mips:rnn_parity_last4_numerical:output:0,2,192,1,1.0,,False,"mips_lt(0.6556323735192601, x2)",runs/709715/final_eval_mips_native_3seed_1h/slurm_pysr/eval_0000/results/task_000113.json
PySR++,mips:rnn_div_7_numerical:hidden:0,0,192,0,0.0,,False,,runs/709715/final_eval_mips_native_3seed_1h/slurm_pysr/eval_0000/results/task_000114.json
PySR++,mips:rnn_div_7_numerical:hidden:0,1,192,0,0.0,,False,,runs/709715/final_eval_mips_native_3seed_1h/slurm_pysr/eval_0000/results/task_000115.json
PySR++,mips:rnn_div_7_numerical:hidden:0,2,192,0,0.0,,False,,runs/709715/final_eval_mips_native_3seed_1h/slurm_pysr/eval_0000/results/task_000116.json
PySR++,mips:rnn_div_7_numerical:hidden:1,0,192,0,0.0,,False,,runs/709715/final_eval_mips_native_3seed_1h/slurm_pysr/eval_0000/results/task_000117.json
PySR++,mips:rnn_div_7_numerical:hidden:1,1,192,0,0.0,,False,,runs/709715/final_eval_mips_native_3seed_1h/slurm_pysr/eval_0000/results/task_000118.json
PySR++,mips:rnn_div_7_numerical:hidden:1,2,192,0,0.0,,False,,runs/709715/final_eval_mips_native_3seed_1h/slurm_pysr/eval_0000/results/task_000119.json
PySR++,mips:rnn_div_7_numerical:hidden:2,0,192,0,0.0,,False,,runs/709715/final_eval_mips_native_3seed_1h/slurm_pysr/eval_0000/results/task_000120.json
PySR++,mips:rnn_div_7_numerical:hidden:2,1,192,0,0.0,,False,,runs/709715/final_eval_mips_native_3seed_1h/slurm_pysr/eval_0000/results/task_000121.json
PySR++,mips:rnn_div_7_numerical:hidden:2,2,192,0,0.0,,False,,runs/709715/final_eval_mips_native_3seed_1h/slurm_pysr/eval_0000/results/task_000122.json
PySR++,mips:rnn_div_7_numerical:hidden:3,0,192,0,0.0,,False,,runs/709715/final_eval_mips_native_3seed_1h/slurm_pysr/eval_0000/results/task_000123.json
PySR++,mips:rnn_div_7_numerical:hidden:3,1,192,0,0.0,,False,,runs/709715/final_eval_mips_native_3seed_1h/slurm_pysr/eval_0000/results/task_000124.json
PySR++,mips:rnn_div_7_numerical:hidden:3,2,192,0,0.0,,False,,runs/709715/final_eval_mips_native_3seed_1h/slurm_pysr/eval_0000/results/task_000125.json
PySR++,mips:rnn_div_7_numerical:output:0,0,192,1,1.0,,False,"mips_xor(0.42378142248267836, mips_max(mips_mod(mips_mod(mips_abs(x1), -0.11905068944072131 * x1) * 0.0816420119830442, x2), 0.11558425395501318))",runs/709715/final_eval_mips_native_3seed_1h/slurm_pysr/eval_0000/results/task_000126.json
PySR++,mips:rnn_div_7_numerical:output:0,1,192,1,1.0,,False,"mips_min(x0, mips_abs(mips_xor(0.0, mips_abs(((mips_abs(mips_min(x2, -0.05828188521443972)) + mips_max(x0, x1)) * 0.006877424993777681) + -0.3770183877415038))))",runs/709715/final_eval_mips_native_3seed_1h/slurm_pysr/eval_0000/results/task_000127.json
PySR++,mips:rnn_div_7_numerical:output:0,2,192,1,1.0,,False,"mips_min(x2, mips_abs(mips_not(mips_not(mips_max(mips_zero(x0), mips_max(x1, 1.212123249427595)) * 0.004070939425802638))))",runs/709715/final_eval_mips_native_3seed_1h/slurm_pysr/eval_0000/results/task_000128.json
PySR++,mips:rnn_div_5_numerical:hidden:0,0,192,0,0.0,,False,,runs/709715/final_eval_mips_native_3seed_1h/slurm_pysr/eval_0000/results/task_000129.json
PySR++,mips:rnn_div_5_numerical:hidden:0,1,192,0,0.0,,False,,runs/709715/final_eval_mips_native_3seed_1h/slurm_pysr/eval_0000/results/task_000130.json
PySR++,mips:rnn_div_5_numerical:hidden:0,2,192,0,0.0,,False,,runs/709715/final_eval_mips_native_3seed_1h/slurm_pysr/eval_0000/results/task_000131.json
PySR++,mips:rnn_div_5_numerical:hidden:1,0,192,0,0.0,,False,,runs/709715/final_eval_mips_native_3seed_1h/slurm_pysr/eval_0000/results/task_000132.json
PySR++,mips:rnn_div_5_numerical:hidden:1,1,192,0,0.0,,False,,runs/709715/final_eval_mips_native_3seed_1h/slurm_pysr/eval_0000/results/task_000133.json
PySR++,mips:rnn_div_5_numerical:hidden:1,2,192,0,0.0,,False,,runs/709715/final_eval_mips_native_3seed_1h/slurm_pysr/eval_0000/results/task_000134.json
PySR++,mips:rnn_div_5_numerical:hidden:2,0,192,0,0.0,,False,,runs/709715/final_eval_mips_native_3seed_1h/slurm_pysr/eval_0000/results/task_000135.json
PySR++,mips:rnn_div_5_numerical:hidden:2,1,192,0,0.0,,False,,runs/709715/final_eval_mips_native_3seed_1h/slurm_pysr/eval_0000/results/task_000136.json
PySR++,mips:rnn_div_5_numerical:hidden:2,2,192,0,0.0,,False,,runs/709715/final_eval_mips_native_3seed_1h/slurm_pysr/eval_0000/results/task_000137.json
PySR++,mips:rnn_div_5_numerical:hidden:3,0,192,0,0.0,,False,,runs/709715/final_eval_mips_native_3seed_1h/slurm_pysr/eval_0000/results/task_000138.json
PySR++,mips:rnn_div_5_numerical:hidden:3,1,192,0,0.0,,False,,runs/709715/final_eval_mips_native_3seed_1h/slurm_pysr/eval_0000/results/task_000139.json
PySR++,mips:rnn_div_5_numerical:hidden:3,2,192,0,0.0,,False,,runs/709715/final_eval_mips_native_3seed_1h/slurm_pysr/eval_0000/results/task_000140.json
PySR++,mips:rnn_div_5_numerical:output:0,0,192,1,1.0,,False,"mips_abs(mips_min(mips_abs(mips_min(x0 - mips_min(x0, x1), -1.6155014228177094)), mips_zero(mips_lt(x1 * 1.1642163340605356, 1.1147785009311653 - (x0 * -1.6155014228177094)))))",runs/709715/final_eval_mips_native_3seed_1h/slurm_pysr/eval_0000/results/task_000141.json
PySR++,mips:rnn_div_5_numerical:output:0,1,192,0,0.0,,False,,runs/709715/final_eval_mips_native_3seed_1h/slurm_pysr/eval_0000/results/task_000142.json
PySR++,mips:rnn_div_5_numerical:output:0,2,192,1,1.0,,False,"mips_zero(mips_lt(x2 - x0, x3))",runs/709715/final_eval_mips_native_3seed_1h/slurm_pysr/eval_0000/results/task_000143.json
PySR++,mips:rnn_alternating_last3_numerical:hidden:0,0,192,0,0.0,,False,,runs/709715/final_eval_mips_native_3seed_1h/slurm_pysr/eval_0000/results/task_000144.json
PySR++,mips:rnn_alternating_last3_numerical:hidden:0,1,192,0,0.0,,False,,runs/709715/final_eval_mips_native_3seed_1h/slurm_pysr/eval_0000/results/task_000145.json
PySR++,mips:rnn_alternating_last3_numerical:hidden:0,2,192,0,0.0,,False,,runs/709715/final_eval_mips_native_3seed_1h/slurm_pysr/eval_0000/results/task_000146.json
PySR++,mips:rnn_alternating_last3_numerical:hidden:1,0,192,0,0.0,,False,,runs/709715/final_eval_mips_native_3seed_1h/slurm_pysr/eval_0000/results/task_000147.json
PySR++,mips:rnn_alternating_last3_numerical:hidden:1,1,192,0,0.0,,False,,runs/709715/final_eval_mips_native_3seed_1h/slurm_pysr/eval_0000/results/task_000148.json
PySR++,mips:rnn_alternating_last3_numerical:hidden:1,2,192,0,0.0,,False,,runs/709715/final_eval_mips_native_3seed_1h/slurm_pysr/eval_0000/results/task_000149.json
PySR++,mips:rnn_alternating_last3_numerical:output:0,0,192,1,1.0,,False,"mips_min(mips_not(mips_zero(mips_not(x1) + mips_xor(x1, -1.1058026287734002))), mips_xor((x1 * mips_floordiv(x1, -1.1058026287734002)) - 1.4519365756366205, -1.316167809396771))",runs/709715/final_eval_mips_native_3seed_1h/slurm_pysr/eval_0000/results/task_000150.json
PySR++,mips:rnn_alternating_last3_numerical:output:0,1,192,0,0.0,,False,,runs/709715/final_eval_mips_native_3seed_1h/slurm_pysr/eval_0000/results/task_000151.json
PySR++,mips:rnn_alternating_last3_numerical:output:0,2,192,1,1.0,,False,"mips_abs(mips_mod(mips_xor(mips_floordiv(2.77993811254174e6 * mips_floordiv(x1, 2.5017424390721012e7), 0.7036665685985162 - (x0 * x0)), 1.6797979711979873), 1.5143219848902507))",runs/709715/final_eval_mips_native_3seed_1h/slurm_pysr/eval_0000/results/task_000152.json
MIPS evolved from scratch,mips:rnn_abs_value_numerical:hidden:0,0,192,1,1.0,,False,mips_abs(x1),runs/709714/final_eval_mips_3seed_1h/slurm_pysr/eval_0000/results/task_000000.json
MIPS evolved from scratch,mips:rnn_abs_value_numerical:hidden:0,1,192,1,1.0,,False,mips_abs(x1),runs/709714/final_eval_mips_3seed_1h/slurm_pysr/eval_0000/results/task_000001.json
MIPS evolved from scratch,mips:rnn_abs_value_numerical:hidden:0,2,192,1,1.0,,False,"mips_abs(mips_floordiv(x1 + 0.6928989296476069, 1.0))",runs/709714/final_eval_mips_3seed_1h/slurm_pysr/eval_0000/results/task_000002.json
MIPS evolved from scratch,mips:rnn_abs_value_numerical:output:0,0,192,1,1.0,,False,x0,runs/709714/final_eval_mips_3seed_1h/slurm_pysr/eval_0000/results/task_000003.json
MIPS evolved from scratch,mips:rnn_abs_value_numerical:output:0,1,192,1,1.0,,False,x0,runs/709714/final_eval_mips_3seed_1h/slurm_pysr/eval_0000/results/task_000004.json
MIPS evolved from scratch,mips:rnn_abs_value_numerical:output:0,2,192,1,1.0,,False,x0,runs/709714/final_eval_mips_3seed_1h/slurm_pysr/eval_0000/results/task_000005.json
MIPS evolved from scratch,mips:rnn_abs_value_of_diff_numerical:hidden:0,0,192,1,1.0,,False,198.0 - (x1 + -1.0),runs/709714/final_eval_mips_3seed_1h/slurm_pysr/eval_0000/results/task_000006.json
MIPS evolved from scratch,mips:rnn_abs_value_of_diff_numerical:hidden:0,1,192,1,1.0,,False,"mips_floordiv(174.08075483089326 - (x1 + -24.97444959523203), 1.0)",runs/709714/final_eval_mips_3seed_1h/slurm_pysr/eval_0000/results/task_000007.json
MIPS evolved from scratch,mips:rnn_abs_value_of_diff_numerical:hidden:0,2,192,1,1.0,,False,"((mips_max(mips_max(106.6450304186271, x2), mips_abs(x2)) + (108.54820237229279 - x1)) + -17.19323279091988) + mips_not(mips_eq(mips_not(x0), x0))",runs/709714/final_eval_mips_3seed_1h/slurm_pysr/eval_0000/results/task_000008.json
MIPS evolved from scratch,mips:rnn_abs_value_of_diff_numerical:hidden:1,0,192,1,1.0,,False,99.0 - x2,runs/709714/final_eval_mips_3seed_1h/slurm_pysr/eval_0000/results/task_000009.json
MIPS evolved from scratch,mips:rnn_abs_value_of_diff_numerical:hidden:1,1,192,1,1.0,,False,99.0 - x2,runs/709714/final_eval_mips_3seed_1h/slurm_pysr/eval_0000/results/task_000010.json
MIPS evolved from scratch,mips:rnn_abs_value_of_diff_numerical:hidden:1,2,192,1,1.0,,False,(46.0 - x2) + 53.0,runs/709714/final_eval_mips_3seed_1h/slurm_pysr/eval_0000/results/task_000011.json
MIPS evolved from scratch,mips:rnn_abs_value_of_diff_numerical:output:0,0,192,1,1.0,,False,mips_abs((((x0 * -0.05129790078933727) + ((x0 - -2.472454412773741) * -0.9487020992106647)) + (x1 * -1.0000000000000022)) + 201.34562269160162),runs/709714/final_eval_mips_3seed_1h/slurm_pysr/eval_0000/results/task_000012.json
MIPS evolved from scratch,mips:rnn_abs_value_of_diff_numerical:output:0,1,192,1,1.0,,False,mips_abs(x1 + ((x0 + -198.99999999994208) * 1.0000000000008722)),runs/709714/final_eval_mips_3seed_1h/slurm_pysr/eval_0000/results/task_000013.json
MIPS evolved from scratch,mips:rnn_abs_value_of_diff_numerical:output:0,2,192,1,1.0,,False,"mips_abs(mips_floordiv(109.58721261079052 - (x1 + (x0 + -90.34633310102598)), 1.0))",runs/709714/final_eval_mips_3seed_1h/slurm_pysr/eval_0000/results/task_000014.json
MIPS evolved from scratch,mips:rnn_add_mod_3_numerical:hidden:0,0,192,1,1.0,,False,"mips_zero(mips_xor(mips_eq(mips_mod(0.8977859684865406, x1), x0), x1)) + (mips_xor(mips_max(x0, mips_zero(x0)), mips_not(x1)) - mips_mod(x0, x1))",runs/709714/final_eval_mips_3seed_1h/slurm_pysr/eval_0000/results/task_000015.json
MIPS evolved from scratch,mips:rnn_add_mod_3_numerical:hidden:0,1,192,1,1.0,,False,"mips_mod(x0 + x1, mips_min(mips_eq(x0, x0) + (mips_xor(x0 + 1.3333333333148827, mips_mod(x1, x1)) + x0), -3.0))",runs/709714/final_eval_mips_3seed_1h/slurm_pysr/eval_0000/results/task_000016.json
MIPS evolved from scratch,mips:rnn_add_mod_3_numerical:hidden:0,2,192,1,1.0,,False,"mips_floordiv(mips_mod(x1 + x0, 2.7126524781863357), 1.0)",runs/709714/final_eval_mips_3seed_1h/slurm_pysr/eval_0000/results/task_000017.json
MIPS evolved from scratch,mips:rnn_add_mod_3_numerical:output:0,0,192,1,1.0,,False,x0,runs/709714/final_eval_mips_3seed_1h/slurm_pysr/eval_0000/results/task_000018.json
MIPS evolved from scratch,mips:rnn_add_mod_3_numerical:output:0,1,192,1,1.0,,False,x0,runs/709714/final_eval_mips_3seed_1h/slurm_pysr/eval_0000/results/task_000019.json
MIPS evolved from scratch,mips:rnn_add_mod_3_numerical:output:0,2,192,1,1.0,,False,x0,runs/709714/final_eval_mips_3seed_1h/slurm_pysr/eval_0000/results/task_000020.json
MIPS evolved from scratch,mips:rnn_alternating_last4_numerical:hidden:0,0,192,1,1.0,,False,"mips_floordiv(mips_max(mips_mod(-0.5474654210353451 + x2, mips_not(x0) + -38.90689439256871), 7.504743070485192) - mips_floordiv((x0 - x2) * 0.200772455698988, 1.0), 1.0)",runs/709714/final_eval_mips_3seed_1h/slurm_pysr/eval_0000/results/task_000021.json
MIPS evolved from scratch,mips:rnn_alternating_last4_numerical:hidden:0,1,192,1,1.0,,False,"mips_floordiv((mips_not(x2) * (mips_not(mips_not(x0)) + 29.81818181847929)) + (7.181818181733893 - mips_floordiv(mips_max(x0 + -1.0, mips_floordiv(-0.9181448308089855, mips_max(x2, -0.37100988031718596))), 4.755948862103156)), 1.0)",runs/709714/final_eval_mips_3seed_1h/slurm_pysr/eval_0000/results/task_000022.json
MIPS evolved from scratch,mips:rnn_alternating_last4_numerical:hidden:0,2,192,1,1.0,,False,"mips_floordiv((mips_min(x0, 2.0001035093006845) * ((0.5971506860584127 - mips_mod(-0.13953931982641007, x0 * 0.10084378246965421)) - x2)) - (((x2 - 1.2763556154171904) * 29.000156668771062) + -0.2770034025537535), 0.9937762451423037)",runs/709714/final_eval_mips_3seed_1h/slurm_pysr/eval_0000/results/task_000023.json
MIPS evolved from scratch,mips:rnn_alternating_last4_numerical:hidden:1,0,192,1,1.0,,False,"mips_xor(mips_eq(mips_mod(-1.7909226108259668, x0), x0), mips_max(x1, mips_max(mips_mod(mips_floordiv(mips_xor(x2, x0), -0.27931299862617864) * mips_abs((x0 - 0.05533411445603287) + x0), 0.5522933887962129), mips_not(x0))) * x2)",runs/709714/final_eval_mips_3seed_1h/slurm_pysr/eval_0000/results/task_000024.json
MIPS evolved from scratch,mips:rnn_alternating_last4_numerical:hidden:1,1,192,1,1.0,,False,"mips_zero(mips_xor(mips_lt(x2, x0), x2)) * mips_max(x0 + -36.99999999999776, mips_max(mips_zero(x2), x1))",runs/709714/final_eval_mips_3seed_1h/slurm_pysr/eval_0000/results/task_000025.json
MIPS evolved from scratch,mips:rnn_alternating_last4_numerical:hidden:1,2,192,1,1.0,,False,"mips_max(mips_lt(0.26264437278743963, mips_min(mips_xor(x0, x2) + mips_max(x1, 0.16378017536593556), mips_mod(x2, mips_mod(x0, -1.4345888717009674)))), mips_lt(x2, 0.02880552942516038) - x0)",runs/709714/final_eval_mips_3seed_1h/slurm_pysr/eval_0000/results/task_000026.json
MIPS evolved from scratch,mips:rnn_alternating_last4_numerical:output:0,0,192,1,1.0,,False,x1,runs/709714/final_eval_mips_3seed_1h/slurm_pysr/eval_0000/results/task_000027.json
MIPS evolved from scratch,mips:rnn_alternating_last4_numerical:output:0,1,192,1,1.0,,False,x1,runs/709714/final_eval_mips_3seed_1h/slurm_pysr/eval_0000/results/task_000028.json
MIPS evolved from scratch,mips:rnn_alternating_last4_numerical:output:0,2,192,1,1.0,,False,x1,runs/709714/final_eval_mips_3seed_1h/slurm_pysr/eval_0000/results/task_000029.json
MIPS evolved from scratch,mips:rnn_base_3_addition:hidden:0,0,192,1,1.0,,False,"mips_not(mips_mod(x0 + 1.0, x3 + x2))",runs/709714/final_eval_mips_3seed_1h/slurm_pysr/eval_0000/results/task_000030.json
MIPS evolved from scratch,mips:rnn_base_3_addition:hidden:0,1,192,1,1.0,,False,"mips_eq(x0, mips_max(x0, mips_mod(-0.5990617381012705, x2 + x3)))",runs/709714/final_eval_mips_3seed_1h/slurm_pysr/eval_0000/results/task_000031.json
MIPS evolved from scratch,mips:rnn_base_3_addition:hidden:0,2,192,1,1.0,,False,"mips_not((mips_mod(x3, -0.730704134847705) + ((x0 - x2) * -0.2713979728468884)) * 1.0)",runs/709714/final_eval_mips_3seed_1h/slurm_pysr/eval_0000/results/task_000032.json
MIPS evolved from scratch,mips:rnn_base_3_addition:hidden:1,0,192,1,1.0,,False,"mips_floordiv(mips_max(0.49681647068595314, mips_min(x3 + x2, mips_max(mips_min(x3, x2) + -0.7839195991411416, mips_xor(x3, mips_xor(x2, x0))) - -0.2010050259396795) + mips_max(mips_zero(x0), 0.6381909541637109)), 0.7732354155797326)",runs/709714/final_eval_mips_3seed_1h/slurm_pysr/eval_0000/results/task_000033.json
MIPS evolved from scratch,mips:rnn_base_3_addition:hidden:1,1,192,1,1.0,,False,"mips_max(mips_abs(mips_min((mips_floordiv(-0.43026689182417266, x0) + x3) * x2, 3.0000000000298)), (mips_max(mips_lt(0.09575271846989404, x1), x0) + mips_xor(x3, x0 - x2)) - mips_floordiv(mips_not(x3), mips_mod(2.255601810195397, x0)))",runs/709714/final_eval_mips_3seed_1h/slurm_pysr/eval_0000/results/task_000034.json
MIPS evolved from scratch,mips:rnn_base_3_addition:hidden:1,2,192,1,1.0,,False,"mips_min(mips_max((x3 + mips_min(x2, mips_zero(x0))) - mips_lt(x2, 1.650372848498535), mips_xor(x3, x0 + x2) + 1.0), x2 + (mips_not(x0) + x3))",runs/709714/final_eval_mips_3seed_1h/slurm_pysr/eval_0000/results/task_000035.json
MIPS evolved from scratch,mips:rnn_base_3_addition:output:0,0,192,1,1.0,,False,"mips_min(x1, mips_floordiv((x1 * 0.3286309568663458) + x0, 0.45120217433840404))",runs/709714/final_eval_mips_3seed_1h/slurm_pysr/eval_0000/results/task_000036.json
MIPS evolved from scratch,mips:rnn_base_3_addition:output:0,1,192,1,1.0,,False,x1 - mips_zero(x0),runs/709714/final_eval_mips_3seed_1h/slurm_pysr/eval_0000/results/task_000037.json
MIPS evolved from scratch,mips:rnn_base_3_addition:output:0,2,192,1,1.0,,False,(x0 + x1) + -1.0,runs/709714/final_eval_mips_3seed_1h/slurm_pysr/eval_0000/results/task_000038.json
MIPS evolved from scratch,mips:rnn_base_4_addition:hidden:0,0,192,1,1.0,,False,"mips_floordiv(mips_max(mips_not(x1), (mips_not(mips_lt(mips_not(x1), x3 + x2)) * 2.991376324747793) - mips_max(mips_not(mips_eq(x1, mips_xor(x2, x3))) + -3.0007204886029557, (x3 * x2) + (x1 + -8.401233810783733))), 1.0)",runs/709714/final_eval_mips_3seed_1h/slurm_pysr/eval_0000/results/task_000039.json
MIPS evolved from scratch,mips:rnn_base_4_addition:hidden:0,1,192,0,0.0,,False,,runs/709714/final_eval_mips_3seed_1h/slurm_pysr/eval_0000/results/task_000040.json
MIPS evolved from scratch,mips:rnn_base_4_addition:hidden:0,2,192,1,1.0,,False,"mips_floordiv((((x3 + (x2 + -1.0)) + x1) * -0.4999999998547995) - (-3.7499999993520254 - mips_xor((x2 + (x1 + x3)) * -0.48039492582359933, 5.0331409277668335)), 1.0)",runs/709714/final_eval_mips_3seed_1h/slurm_pysr/eval_0000/results/task_000041.json
MIPS evolved from scratch,mips:rnn_base_4_addition:hidden:1,0,192,1,1.0,,False,"mips_eq(1.0, mips_min(1.426451226936917, (mips_abs(x3 + x2) * 0.12820875090891867) * ((x1 + mips_mod(-1.7556515098440586, x2 * x3)) + 0.4777139855748294)))",runs/709714/final_eval_mips_3seed_1h/slurm_pysr/eval_0000/results/task_000042.json
MIPS evolved from scratch,mips:rnn_base_4_addition:hidden:1,1,192,1,1.0,,False,"mips_lt(mips_xor(1.2338652760975433, x1), mips_floordiv((1.2338652760975433 - x2) - x3, -0.9391165391939748))",runs/709714/final_eval_mips_3seed_1h/slurm_pysr/eval_0000/results/task_000043.json
MIPS evolved from scratch,mips:rnn_base_4_addition:hidden:1,2,192,1,1.0,,False,"mips_lt(1.0607553385697985, mips_mod(2.8994170925095313, mips_max(x1, x3) * ((x1 * mips_max(0.07315858327294146, mips_xor(x2, x3))) + x2)))",runs/709714/final_eval_mips_3seed_1h/slurm_pysr/eval_0000/results/task_000044.json
MIPS evolved from scratch,mips:rnn_base_4_addition:output:0,0,192,1,1.0,,False,"((mips_not(x1 + mips_floordiv(x0, 5.5901632445857805)) + (x0 * -1.0000000000119476)) + 2.649966986499704) - (x1 + -1.350033013511463)",runs/709714/final_eval_mips_3seed_1h/slurm_pysr/eval_0000/results/task_000045.json
MIPS evolved from scratch,mips:rnn_base_4_addition:output:0,1,192,1,1.0,,False,"mips_zero(x1) + mips_max(mips_xor(x1, -3.005776605051599) - (x0 - 3.000000000000004), ((mips_zero(x0) + -1.4293700462431236) + x1) - mips_floordiv(-0.5296249428317067, mips_mod(x0, x0)))",runs/709714/final_eval_mips_3seed_1h/slurm_pysr/eval_0000/results/task_000046.json
MIPS evolved from scratch,mips:rnn_base_4_addition:output:0,2,192,1,1.0,,False,"mips_floordiv(3.0079836039067134 - (x0 - mips_not(x1)), 1.0) + mips_zero(x1)",runs/709714/final_eval_mips_3seed_1h/slurm_pysr/eval_0000/results/task_000047.json
MIPS evolved from scratch,mips:rnn_base_5_addition:hidden:0,0,192,0,0.0,,False,,runs/709714/final_eval_mips_3seed_1h/slurm_pysr/eval_0000/results/task_000048.json
MIPS evolved from scratch,mips:rnn_base_5_addition:hidden:0,1,192,1,1.0,,False,"mips_floordiv(mips_max(4.351865813002808 - mips_min(mips_mod(-3.19610657875415, (x1 + -1.4020170222632504) + (x2 + x3)), x2 + ((x1 + x3) + -1.4020170222632504)), 0.6800897289588808), 0.8760619125452416)",runs/709714/final_eval_mips_3seed_1h/slurm_pysr/eval_0000/results/task_000049.json
MIPS evolved from scratch,mips:rnn_base_5_addition:hidden:0,2,192,1,1.0,,False,"mips_floordiv((6.000001212577248 - x1) - mips_min(mips_max((12.000003281315196 - x1) - (x2 + (x1 + (((x3 + x3) + x1) + x2))), -2.9999992547335173 + (x2 + x3)), x2 + x3), 0.8978720161876443)",runs/709714/final_eval_mips_3seed_1h/slurm_pysr/eval_0000/results/task_000050.json
MIPS evolved from scratch,mips:rnn_base_5_addition:hidden:1,0,192,1,1.0,,False,"mips_eq(mips_min((mips_mod(x1, 0.17154748989981283) + (x2 * (x3 * 0.051372124671991))) * mips_max(x2, x3), 1.0), 1.0)",runs/709714/final_eval_mips_3seed_1h/slurm_pysr/eval_0000/results/task_000051.json
MIPS evolved from scratch,mips:rnn_base_5_addition:hidden:1,1,192,1,1.0,,False,"mips_eq(1.0, mips_max(mips_lt(mips_eq(x1, 0.0), ((x2 * x3) + -2.0) - mips_eq(x3, x2)), mips_mod(x1, -0.4365897886732804) * mips_max(x3, x2)))",runs/709714/final_eval_mips_3seed_1h/slurm_pysr/eval_0000/results/task_000052.json
MIPS evolved from scratch,mips:rnn_base_5_addition:hidden:1,2,192,1,1.0,,False,"mips_lt(mips_mod(x3, x3) * 0.003672679921475716, (x3 + x1) * mips_max(mips_lt(4.004218355186044, x2 + x3), mips_lt(3.0042183551860435, x2 + (x1 * x3))))",runs/709714/final_eval_mips_3seed_1h/slurm_pysr/eval_0000/results/task_000053.json
MIPS evolved from scratch,mips:rnn_base_5_addition:output:0,0,192,0,0.0,,False,,runs/709714/final_eval_mips_3seed_1h/slurm_pysr/eval_0000/results/task_000054.json
MIPS evolved from scratch,mips:rnn_base_5_addition:output:0,1,192,1,1.0,,False,((mips_not(x1) + 5.0) - x0) - x1,runs/709714/final_eval_mips_3seed_1h/slurm_pysr/eval_0000/results/task_000055.json
MIPS evolved from scratch,mips:rnn_base_5_addition:output:0,2,192,1,1.0,,False,mips_abs((x0 + -6.0) + x1) - x1,runs/709714/final_eval_mips_3seed_1h/slurm_pysr/eval_0000/results/task_000056.json
MIPS evolved from scratch,mips:rnn_base_6_addition:hidden:0,0,192,1,1.0,,False,"mips_eq(1.0, ((x2 + (x0 + x3)) + 1.0) * 0.07886453910882163)",runs/709714/final_eval_mips_3seed_1h/slurm_pysr/eval_0000/results/task_000057.json
MIPS evolved from scratch,mips:rnn_base_6_addition:hidden:0,1,192,1,1.0,,False,"mips_lt(mips_xor(x3, x3) + mips_zero(x0), x3 + (x2 + -4.375099969181063))",runs/709714/final_eval_mips_3seed_1h/slurm_pysr/eval_0000/results/task_000058.json
MIPS evolved from scratch,mips:rnn_base_6_addition:hidden:0,2,192,1,1.0,,False,"mips_eq(mips_min(mips_max(((x3 * x3) * x2) * (x2 * 0.013391098857582022), x0) + mips_not(mips_xor(x3, x2)), (x3 + x2) * 0.11548913043464336), 1.0)",runs/709714/final_eval_mips_3seed_1h/slurm_pysr/eval_0000/results/task_000059.json
MIPS evolved from scratch,mips:rnn_base_6_addition:hidden:1,0,192,1,1.0,,False,"mips_max(mips_floordiv(((x2 + x0) + (x3 - -1.9327409809599194)) * 0.8155797050644542, 0.9370551920262632) + -2.999999999989003, mips_mod(x0 + (x3 + x2), 5.793798229948578))",runs/709714/final_eval_mips_3seed_1h/slurm_pysr/eval_0000/results/task_000060.json
MIPS evolved from scratch,mips:rnn_base_6_addition:hidden:1,1,192,1,1.0,,False,"mips_floordiv(((x2 + x0) + (x3 + -1.999999999651641)) - (mips_lt((((x3 + x2) + 0.3666501826437832) - mips_not(x0)) * 0.2330818581694884, 1.1782812110071248) * -2.972222221893519), 1.0901915782622962)",runs/709714/final_eval_mips_3seed_1h/slurm_pysr/eval_0000/results/task_000061.json
MIPS evolved from scratch,mips:rnn_base_6_addition:hidden:1,2,192,1,1.0,,False,"mips_min(x2 + (x3 + x0), mips_floordiv((mips_mod(-5.044203700645314, x0 + (x3 + x2)) + 1.0863299025562292) + mips_lt(-0.07285123571240515, x2), 1.0))",runs/709714/final_eval_mips_3seed_1h/slurm_pysr/eval_0000/results/task_000062.json
MIPS evolved from scratch,mips:rnn_base_6_addition:output:0,0,192,1,1.0,,False,((x1 - x0) - x0) - x0,runs/709714/final_eval_mips_3seed_1h/slurm_pysr/eval_0000/results/task_000063.json
MIPS evolved from scratch,mips:rnn_base_6_addition:output:0,1,192,1,1.0,,False,"mips_abs(mips_min(x1, mips_max(mips_not(x1), x1 + -2.999999999999972) + ((x1 + x1) * mips_zero(x0 - -0.00974634269755653))))",runs/709714/final_eval_mips_3seed_1h/slurm_pysr/eval_0000/results/task_000064.json
MIPS evolved from scratch,mips:rnn_base_6_addition:output:0,2,192,1,1.0,,False,"mips_min((mips_not(x0) + -0.5201275739020971) + ((mips_max(1.9396539739686405, x1) + (mips_not(x0) + 0.03043466341860126)) + -1.5103070895165205), x1) - x0",runs/709714/final_eval_mips_3seed_1h/slurm_pysr/eval_0000/results/task_000065.json
MIPS evolved from scratch,mips:rnn_base_7_addition:hidden:0,0,192,1,1.0,,False,"mips_min(x2 + x3, mips_eq(1.0, ((x0 + x3) + x2) * 0.07942675914825069))",runs/709714/final_eval_mips_3seed_1h/slurm_pysr/eval_0000/results/task_000066.json
MIPS evolved from scratch,mips:rnn_base_7_addition:hidden:0,1,192,1,1.0,,False,"mips_lt(mips_xor(1.2035933149178744, x0) + ((4.479901836341638 - x2) + 1.0), x3)",runs/709714/final_eval_mips_3seed_1h/slurm_pysr/eval_0000/results/task_000067.json
MIPS evolved from scratch,mips:rnn_base_7_addition:hidden:0,2,192,1,1.0,,False,"mips_lt(0.43439247943494425, (((mips_max(x2, x3) * 0.18465966974317027) + mips_min(x0, mips_lt(2.434392479434944, mips_min(x3, x2)))) + -0.5517187703477848) * (x0 + mips_min(x3, x2)))",runs/709714/final_eval_mips_3seed_1h/slurm_pysr/eval_0000/results/task_000068.json
MIPS evolved from scratch,mips:rnn_base_7_addition:hidden:1,0,192,1,1.0,,False,"mips_floordiv(((mips_mod(-51.45887845942776, x2 + ((x3 + x0) + 44.73955386485012)) - (mips_mod(-1.2338138388717048, (x2 + x3) + x0) * -8.770941148833915)) * -0.09816166507137417) + 11.741024713852239, 1.0)",runs/709714/final_eval_mips_3seed_1h/slurm_pysr/eval_0000/results/task_000069.json
MIPS evolved from scratch,mips:rnn_base_7_addition:hidden:1,1,192,1,1.0,,False,"mips_floordiv(mips_max(mips_mod(mips_zero(x0) + ((12.00899539365315 - x2) - x3), -6.034140489290092), mips_xor(x0, -1.1064302557238805) + ((6.988691361596114 - x2) - x3)), 0.9236135826182135)",runs/709714/final_eval_mips_3seed_1h/slurm_pysr/eval_0000/results/task_000070.json
MIPS evolved from scratch,mips:rnn_base_7_addition:hidden:1,2,192,1,1.0,,False,"mips_floordiv(mips_max(8.00009238262943 - (x2 + (x3 + x0)), mips_mod(13.000076636505046, (x0 + x3) + x2)), 1.0)",runs/709714/final_eval_mips_3seed_1h/slurm_pysr/eval_0000/results/task_000071.json
MIPS evolved from scratch,mips:rnn_base_7_addition:output:0,0,192,1,1.0,,False,"mips_eq(mips_not(mips_max(x1 + -12.4258937342912, x1)), mips_floordiv(x1, x0)) + ((-1.0004550836717543 - x0) + mips_abs(x1 + -8.000455083671753))",runs/709714/final_eval_mips_3seed_1h/slurm_pysr/eval_0000/results/task_000072.json
MIPS evolved from scratch,mips:rnn_base_7_addition:output:0,1,192,1,1.0,,False,"mips_max(((x1 * -0.11160591696751651) + ((4.096233242185378 - x0) - x0)) + 3.903766757812153, -0.07923162011439207) + (x1 * -0.8883940830320296)",runs/709714/final_eval_mips_3seed_1h/slurm_pysr/eval_0000/results/task_000073.json
MIPS evolved from scratch,mips:rnn_base_7_addition:output:0,2,192,1,1.0,,False,"(mips_max(x0, mips_floordiv(3.7974689181020933, mips_xor(x0, -0.8199275751349544))) - -5.000000000002256) - mips_abs(mips_min(mips_lt(-0.04071917004002801, mips_xor(-0.5483246581846132, x0)), x1 * -1.0000000000010862))",runs/709714/final_eval_mips_3seed_1h/slurm_pysr/eval_0000/results/task_000074.json
MIPS evolved from scratch,mips:rnn_max_numerical:hidden:0,0,192,1,1.0,,False,"mips_floordiv(mips_max(-1.9600395708170417, mips_max(x0, x1 + -1.9192903305428413)), 1.0)",runs/709714/final_eval_mips_3seed_1h/slurm_pysr/eval_0000/results/task_000075.json
MIPS evolved from scratch,mips:rnn_max_numerical:hidden:0,1,192,1,1.0,,False,"mips_max(mips_mod(-2.0, x1), x0)",runs/709714/final_eval_mips_3seed_1h/slurm_pysr/eval_0000/results/task_000076.json
MIPS evolved from scratch,mips:rnn_max_numerical:hidden:0,2,192,1,1.0,,False,"mips_abs(mips_max(x1 + -2.000000000000127, x0))",runs/709714/final_eval_mips_3seed_1h/slurm_pysr/eval_0000/results/task_000077.json
MIPS evolved from scratch,mips:rnn_max_numerical:output:0,0,192,1,1.0,,False,x0 + 2.0,runs/709714/final_eval_mips_3seed_1h/slurm_pysr/eval_0000/results/task_000078.json
MIPS evolved from scratch,mips:rnn_max_numerical:output:0,1,192,1,1.0,,False,x0 + 2.0,runs/709714/final_eval_mips_3seed_1h/slurm_pysr/eval_0000/results/task_000079.json
MIPS evolved from scratch,mips:rnn_max_numerical:output:0,2,192,1,1.0,,False,x0 + 2.0,runs/709714/final_eval_mips_3seed_1h/slurm_pysr/eval_0000/results/task_000080.json
MIPS evolved from scratch,mips:rnn_min_numerical:hidden:0,0,192,1,1.0,,False,"mips_min(x0, x1)",runs/709714/final_eval_mips_3seed_1h/slurm_pysr/eval_0000/results/task_000081.json
MIPS evolved from scratch,mips:rnn_min_numerical:hidden:0,1,192,1,1.0,,False,"mips_min(x0, x1)",runs/709714/final_eval_mips_3seed_1h/slurm_pysr/eval_0000/results/task_000082.json
MIPS evolved from scratch,mips:rnn_min_numerical:hidden:0,2,192,1,1.0,,False,"mips_min(x1, x0)",runs/709714/final_eval_mips_3seed_1h/slurm_pysr/eval_0000/results/task_000083.json
MIPS evolved from scratch,mips:rnn_min_numerical:output:0,0,192,1,1.0,,False,x0,runs/709714/final_eval_mips_3seed_1h/slurm_pysr/eval_0000/results/task_000084.json
MIPS evolved from scratch,mips:rnn_min_numerical:output:0,1,192,1,1.0,,False,x0,runs/709714/final_eval_mips_3seed_1h/slurm_pysr/eval_0000/results/task_000085.json
MIPS evolved from scratch,mips:rnn_min_numerical:output:0,2,192,1,1.0,,False,x0,runs/709714/final_eval_mips_3seed_1h/slurm_pysr/eval_0000/results/task_000086.json
MIPS evolved from scratch,mips:rnn_parity_last2_numerical:hidden:0,0,192,1,1.0,,False,"mips_max((mips_xor(x1, mips_xor(mips_eq(x0, mips_lt(0.22354779872244043, x0)), x0)) + mips_xor(x0, mips_eq(mips_xor(x1, x0), x0))) + mips_xor(mips_xor(x1, x0), mips_eq(x0, mips_lt(x1, x0))), x1)",runs/709714/final_eval_mips_3seed_1h/slurm_pysr/eval_0000/results/task_000087.json
MIPS evolved from scratch,mips:rnn_parity_last2_numerical:hidden:0,1,192,1,1.0,,False,"mips_floordiv(mips_max(mips_abs(mips_min(x0 + ((x1 + -2.7500007678398672) + x0), 2.75000396960281 - mips_xor(mips_not(x1), x0))) + -1.2500023581578659, mips_eq(x0, x1)) * 2.000005438744813, 0.8347869415687931)",runs/709714/final_eval_mips_3seed_1h/slurm_pysr/eval_0000/results/task_000088.json
MIPS evolved from scratch,mips:rnn_parity_last2_numerical:hidden:0,2,192,1,1.0,,False,"(mips_eq(mips_mod(x0, -1.4801032389638848), x1) + mips_floordiv(mips_mod(1.036464513432855, 1.0371495489203515 - x0), 1.0)) + mips_eq(x1, mips_mod(x0, -1.4801032389638848))",runs/709714/final_eval_mips_3seed_1h/slurm_pysr/eval_0000/results/task_000089.json
MIPS evolved from scratch,mips:rnn_parity_last2_numerical:output:0,0,192,1,1.0,,False,"mips_eq(mips_zero(mips_not(x0)), x0)",runs/709714/final_eval_mips_3seed_1h/slurm_pysr/eval_0000/results/task_000090.json
MIPS evolved from scratch,mips:rnn_parity_last2_numerical:output:0,1,192,1,1.0,,False,mips_zero(x0 * 0.35388989626434914),runs/709714/final_eval_mips_3seed_1h/slurm_pysr/eval_0000/results/task_000091.json
MIPS evolved from scratch,mips:rnn_parity_last2_numerical:output:0,2,192,1,1.0,,False,"mips_lt(x0, 1.3174964349905838)",runs/709714/final_eval_mips_3seed_1h/slurm_pysr/eval_0000/results/task_000092.json
MIPS evolved from scratch,mips:rnn_unique2_numerical:hidden:0,0,192,1,1.0,,False,7.0 - x2,runs/709714/final_eval_mips_3seed_1h/slurm_pysr/eval_0000/results/task_000093.json
MIPS evolved from scratch,mips:rnn_unique2_numerical:hidden:0,1,192,1,1.0,,False,(mips_not(x2 + 1.5888275247746237) + 6.999999999994665) + (x2 * -0.9999999999985293),runs/709714/final_eval_mips_3seed_1h/slurm_pysr/eval_0000/results/task_000094.json
MIPS evolved from scratch,mips:rnn_unique2_numerical:hidden:0,2,192,1,1.0,,False,7.0 - x2,runs/709714/final_eval_mips_3seed_1h/slurm_pysr/eval_0000/results/task_000095.json
MIPS evolved from scratch,mips:rnn_unique2_numerical:hidden:1,0,192,1,1.0,,False,"mips_xor(0.3020159590623855, mips_mod(((x0 + x2) - -0.2238859031563476) * 0.40879823381292124, mips_xor(x0, x2)) + -0.39319857204539727)",runs/709714/final_eval_mips_3seed_1h/slurm_pysr/eval_0000/results/task_000096.json
MIPS evolved from scratch,mips:rnn_unique2_numerical:hidden:1,1,192,1,1.0,,False,"mips_eq(1.0, mips_mod(x2 + x0, -0.7123305278215916) * mips_xor(x2, x0))",runs/709714/final_eval_mips_3seed_1h/slurm_pysr/eval_0000/results/task_000097.json
MIPS evolved from scratch,mips:rnn_unique2_numerical:hidden:1,2,192,1,1.0,,False,"mips_lt(0.1491455319944269, mips_mod(mips_xor(x0, x2), mips_mod(mips_mod(-0.10587661582106346, x2 + x0), -0.30115285347638704)))",runs/709714/final_eval_mips_3seed_1h/slurm_pysr/eval_0000/results/task_000098.json
MIPS evolved from scratch,mips:rnn_unique2_numerical:output:0,0,192,1,1.0,,False,x1,runs/709714/final_eval_mips_3seed_1h/slurm_pysr/eval_0000/results/task_000099.json
MIPS evolved from scratch,mips:rnn_unique2_numerical:output:0,1,192,1,1.0,,False,x1,runs/709714/final_eval_mips_3seed_1h/slurm_pysr/eval_0000/results/task_000100.json
MIPS evolved from scratch,mips:rnn_unique2_numerical:output:0,2,192,1,1.0,,False,x1,runs/709714/final_eval_mips_3seed_1h/slurm_pysr/eval_0000/results/task_000101.json
MIPS evolved from scratch,mips:rnn_parity_last4_numerical:hidden:0,0,192,0,0.0,,False,,runs/709714/final_eval_mips_3seed_1h/slurm_pysr/eval_0000/results/task_000102.json
MIPS evolved from scratch,mips:rnn_parity_last4_numerical:hidden:0,1,192,1,1.0,,False,"mips_floordiv((mips_xor(mips_eq(x1, mips_zero(x0)), x3) + (mips_mod((mips_xor(mips_mod(x1, 1.583586626381086), mips_eq(x1 - x3, mips_not(mips_not(x0)))) * 2.5759849906187995) - x3, x1) - -0.4752303486028298)) * 1.591044776119174, 1.0)",runs/709714/final_eval_mips_3seed_1h/slurm_pysr/eval_0000/results/task_000103.json
MIPS evolved from scratch,mips:rnn_parity_last4_numerical:hidden:0,2,192,0,0.0,,False,,runs/709714/final_eval_mips_3seed_1h/slurm_pysr/eval_0000/results/task_000104.json
MIPS evolved from scratch,mips:rnn_parity_last4_numerical:hidden:1,0,192,1,1.0,,False,"mips_floordiv(mips_max(mips_mod(15.13958911796555, x3) * (10.026842869921415 * mips_max(3.5712876659732586, mips_min(x1, 6.4302190032749715))), mips_abs(mips_floordiv(mips_min(x1, 3.0594818490358704), 1.0401393043034999))), 0.9849320012107301)",runs/709714/final_eval_mips_3seed_1h/slurm_pysr/eval_0000/results/task_000105.json
MIPS evolved from scratch,mips:rnn_parity_last4_numerical:hidden:1,1,192,1,1.0,,False,"mips_floordiv(mips_max(mips_min(mips_max(2.918296299344863, x1) + 2.1796006002995365, mips_floordiv(9.000007293264316, x3)), -0.3197377503071019 - mips_max(-2.9433445924092716, x1 * -0.9716129073480696)), 1.0)",runs/709714/final_eval_mips_3seed_1h/slurm_pysr/eval_0000/results/task_000106.json
MIPS evolved from scratch,mips:rnn_parity_last4_numerical:hidden:1,2,192,1,1.0,,False,"mips_floordiv(mips_min(mips_min((x3 * 2.985665753047986) + (0.6603629134576994 * x1), 2.3207348849653053) + (x3 * mips_max(3.0000060994436897, x1)), 9.320751003856932), 1.0)",runs/709714/final_eval_mips_3seed_1h/slurm_pysr/eval_0000/results/task_000107.json
MIPS evolved from scratch,mips:rnn_parity_last4_numerical:hidden:2,0,192,1,1.0,,False,"(mips_not(mips_eq(mips_not(x3), mips_lt(x1, x0 * 1.9174925941118004))) + mips_not(mips_not(mips_eq(mips_lt(x1, x0 * 1.9174925941118004), x3)))) * 1.999999999980008",runs/709714/final_eval_mips_3seed_1h/slurm_pysr/eval_0000/results/task_000108.json
MIPS evolved from scratch,mips:rnn_parity_last4_numerical:hidden:2,1,192,1,1.0,,False,"mips_floordiv((mips_lt(((x1 - x0) - x0) * x3, mips_zero(x0)) + mips_min(mips_mod(x1, mips_mod(x1, -5.250015724618208)), mips_not(x3))) * 4.000005675880107, 1.0)",runs/709714/final_eval_mips_3seed_1h/slurm_pysr/eval_0000/results/task_000109.json
MIPS evolved from scratch,mips:rnn_parity_last4_numerical:hidden:2,2,192,1,1.0,,False,"mips_floordiv((mips_zero(mips_xor(mips_floordiv(mips_max(x1, x0), x0), x3)) + mips_xor(mips_floordiv(mips_max(x1, x0), x0), mips_zero(x3))) + 0.034469154644962, 0.5015489000586735)",runs/709714/final_eval_mips_3seed_1h/slurm_pysr/eval_0000/results/task_000110.json
MIPS evolved from scratch,mips:rnn_parity_last4_numerical:output:0,0,192,1,1.0,,False,"mips_lt(mips_lt(x2, x2), x2)",runs/709714/final_eval_mips_3seed_1h/slurm_pysr/eval_0000/results/task_000111.json
MIPS evolved from scratch,mips:rnn_parity_last4_numerical:output:0,1,192,1,1.0,,False,mips_not(mips_zero(x2)),runs/709714/final_eval_mips_3seed_1h/slurm_pysr/eval_0000/results/task_000112.json
MIPS evolved from scratch,mips:rnn_parity_last4_numerical:output:0,2,192,1,1.0,,False,"mips_lt(0.3024056362052454, x2)",runs/709714/final_eval_mips_3seed_1h/slurm_pysr/eval_0000/results/task_000113.json
MIPS evolved from scratch,mips:rnn_div_7_numerical:hidden:0,0,192,0,0.0,,False,,runs/709714/final_eval_mips_3seed_1h/slurm_pysr/eval_0000/results/task_000114.json
MIPS evolved from scratch,mips:rnn_div_7_numerical:hidden:0,1,192,0,0.0,,False,,runs/709714/final_eval_mips_3seed_1h/slurm_pysr/eval_0000/results/task_000115.json
MIPS evolved from scratch,mips:rnn_div_7_numerical:hidden:0,2,192,0,0.0,,False,,runs/709714/final_eval_mips_3seed_1h/slurm_pysr/eval_0000/results/task_000116.json
MIPS evolved from scratch,mips:rnn_div_7_numerical:hidden:1,0,192,0,0.0,,False,,runs/709714/final_eval_mips_3seed_1h/slurm_pysr/eval_0000/results/task_000117.json
MIPS evolved from scratch,mips:rnn_div_7_numerical:hidden:1,1,192,0,0.0,,False,,runs/709714/final_eval_mips_3seed_1h/slurm_pysr/eval_0000/results/task_000118.json
MIPS evolved from scratch,mips:rnn_div_7_numerical:hidden:1,2,192,0,0.0,,False,,runs/709714/final_eval_mips_3seed_1h/slurm_pysr/eval_0000/results/task_000119.json
MIPS evolved from scratch,mips:rnn_div_7_numerical:hidden:2,0,192,0,0.0,,False,,runs/709714/final_eval_mips_3seed_1h/slurm_pysr/eval_0000/results/task_000120.json
MIPS evolved from scratch,mips:rnn_div_7_numerical:hidden:2,1,192,0,0.0,,False,,runs/709714/final_eval_mips_3seed_1h/slurm_pysr/eval_0000/results/task_000121.json
MIPS evolved from scratch,mips:rnn_div_7_numerical:hidden:2,2,192,0,0.0,,False,,runs/709714/final_eval_mips_3seed_1h/slurm_pysr/eval_0000/results/task_000122.json
MIPS evolved from scratch,mips:rnn_div_7_numerical:hidden:3,0,192,0,0.0,,False,,runs/709714/final_eval_mips_3seed_1h/slurm_pysr/eval_0000/results/task_000123.json
MIPS evolved from scratch,mips:rnn_div_7_numerical:hidden:3,1,192,0,0.0,,False,,runs/709714/final_eval_mips_3seed_1h/slurm_pysr/eval_0000/results/task_000124.json
MIPS evolved from scratch,mips:rnn_div_7_numerical:hidden:3,2,192,0,0.0,,False,,runs/709714/final_eval_mips_3seed_1h/slurm_pysr/eval_0000/results/task_000125.json
MIPS evolved from scratch,mips:rnn_div_7_numerical:output:0,0,192,1,1.0,,False,"mips_lt(x0 + (x3 * 0.24084066854985534), mips_mod(x3 * -0.12605310656578983, mips_min(mips_mod(x3, x2), x1)))",runs/709714/final_eval_mips_3seed_1h/slurm_pysr/eval_0000/results/task_000126.json
MIPS evolved from scratch,mips:rnn_div_7_numerical:output:0,1,192,1,1.0,,False,"mips_eq(mips_mod((x0 - -0.0024890508843342886) * x1, x0), 0.8719755440447119)",runs/709714/final_eval_mips_3seed_1h/slurm_pysr/eval_0000/results/task_000127.json
MIPS evolved from scratch,mips:rnn_div_7_numerical:output:0,2,192,1,1.0,,False,"mips_xor(0.13476447765475788, (x1 * 0.002476801556274818) - -0.09692747904343293)",runs/709714/final_eval_mips_3seed_1h/slurm_pysr/eval_0000/results/task_000128.json
MIPS evolved from scratch,mips:rnn_div_5_numerical:hidden:0,0,192,0,0.0,,False,,runs/709714/final_eval_mips_3seed_1h/slurm_pysr/eval_0000/results/task_000129.json
MIPS evolved from scratch,mips:rnn_div_5_numerical:hidden:0,1,192,0,0.0,,False,,runs/709714/final_eval_mips_3seed_1h/slurm_pysr/eval_0000/results/task_000130.json
MIPS evolved from scratch,mips:rnn_div_5_numerical:hidden:0,2,192,0,0.0,,False,,runs/709714/final_eval_mips_3seed_1h/slurm_pysr/eval_0000/results/task_000131.json
MIPS evolved from scratch,mips:rnn_div_5_numerical:hidden:1,0,192,0,0.0,,False,,runs/709714/final_eval_mips_3seed_1h/slurm_pysr/eval_0000/results/task_000132.json
MIPS evolved from scratch,mips:rnn_div_5_numerical:hidden:1,1,192,0,0.0,,False,,runs/709714/final_eval_mips_3seed_1h/slurm_pysr/eval_0000/results/task_000133.json
MIPS evolved from scratch,mips:rnn_div_5_numerical:hidden:1,2,192,0,0.0,,False,,runs/709714/final_eval_mips_3seed_1h/slurm_pysr/eval_0000/results/task_000134.json
MIPS evolved from scratch,mips:rnn_div_5_numerical:hidden:2,0,192,0,0.0,,False,,runs/709714/final_eval_mips_3seed_1h/slurm_pysr/eval_0000/results/task_000135.json
MIPS evolved from scratch,mips:rnn_div_5_numerical:hidden:2,1,192,0,0.0,,False,,runs/709714/final_eval_mips_3seed_1h/slurm_pysr/eval_0000/results/task_000136.json
MIPS evolved from scratch,mips:rnn_div_5_numerical:hidden:2,2,192,0,0.0,,False,,runs/709714/final_eval_mips_3seed_1h/slurm_pysr/eval_0000/results/task_000137.json
MIPS evolved from scratch,mips:rnn_div_5_numerical:hidden:3,0,192,0,0.0,,False,,runs/709714/final_eval_mips_3seed_1h/slurm_pysr/eval_0000/results/task_000138.json
MIPS evolved from scratch,mips:rnn_div_5_numerical:hidden:3,1,192,0,0.0,,False,,runs/709714/final_eval_mips_3seed_1h/slurm_pysr/eval_0000/results/task_000139.json
MIPS evolved from scratch,mips:rnn_div_5_numerical:hidden:3,2,192,0,0.0,,False,,runs/709714/final_eval_mips_3seed_1h/slurm_pysr/eval_0000/results/task_000140.json
MIPS evolved from scratch,mips:rnn_div_5_numerical:output:0,0,192,1,1.0,,False,"mips_lt(x0, mips_min(x2, x1))",runs/709714/final_eval_mips_3seed_1h/slurm_pysr/eval_0000/results/task_000141.json
MIPS evolved from scratch,mips:rnn_div_5_numerical:output:0,1,192,1,1.0,,False,"mips_lt(x0, mips_min(x1, x2))",runs/709714/final_eval_mips_3seed_1h/slurm_pysr/eval_0000/results/task_000142.json
MIPS evolved from scratch,mips:rnn_div_5_numerical:output:0,2,192,1,1.0,,False,"mips_lt(x0, mips_min(x1, x2))",runs/709714/final_eval_mips_3seed_1h/slurm_pysr/eval_0000/results/task_000143.json
MIPS evolved from scratch,mips:rnn_alternating_last3_numerical:hidden:0,0,192,0,0.0,,False,,runs/709714/final_eval_mips_3seed_1h/slurm_pysr/eval_0000/results/task_000144.json
MIPS evolved from scratch,mips:rnn_alternating_last3_numerical:hidden:0,1,192,0,0.0,,False,,runs/709714/final_eval_mips_3seed_1h/slurm_pysr/eval_0000/results/task_000145.json
MIPS evolved from scratch,mips:rnn_alternating_last3_numerical:hidden:0,2,192,0,0.0,,False,,runs/709714/final_eval_mips_3seed_1h/slurm_pysr/eval_0000/results/task_000146.json
MIPS evolved from scratch,mips:rnn_alternating_last3_numerical:hidden:1,0,192,0,0.0,,False,,runs/709714/final_eval_mips_3seed_1h/slurm_pysr/eval_0000/results/task_000147.json
MIPS evolved from scratch,mips:rnn_alternating_last3_numerical:hidden:1,1,192,0,0.0,,False,,runs/709714/final_eval_mips_3seed_1h/slurm_pysr/eval_0000/results/task_000148.json
MIPS evolved from scratch,mips:rnn_alternating_last3_numerical:hidden:1,2,192,0,0.0,,False,,runs/709714/final_eval_mips_3seed_1h/slurm_pysr/eval_0000/results/task_000149.json
MIPS evolved from scratch,mips:rnn_alternating_last3_numerical:output:0,0,192,1,1.0,,False,"mips_eq(x1 * 1.8946194953184392e-8, 1.0)",runs/709714/final_eval_mips_3seed_1h/slurm_pysr/eval_0000/results/task_000150.json
MIPS evolved from scratch,mips:rnn_alternating_last3_numerical:output:0,1,192,1,1.0,,False,"mips_xor((x1 * 0.9999999799124321) + x1, -0.3541381034066288)",runs/709714/final_eval_mips_3seed_1h/slurm_pysr/eval_0000/results/task_000151.json
MIPS evolved from scratch,mips:rnn_alternating_last3_numerical:output:0,2,192,1,1.0,,False,"mips_eq(x1 * 1.890887090838266e-8, 1.0)",runs/709714/final_eval_mips_3seed_1h/slurm_pysr/eval_0000/results/task_000152.json
