method,dataset,family,noise,rate,n_seeds,source
AFP,feynman_III_10_19,Feynman,0.0,0.0,8.0,SRBench 2021
AFP,feynman_III_10_19,Feynman,0.001,0.0,10.0,SRBench 2021
AFP,feynman_III_10_19,Feynman,0.01,0.0,10.0,SRBench 2021
AFP,feynman_III_10_19,Feynman,0.1,0.0,10.0,SRBench 2021
AFP,feynman_III_12_43,Feynman,0.0,0.5,8.0,SRBench 2021
AFP,feynman_III_12_43,Feynman,0.001,0.7,10.0,SRBench 2021
AFP,feynman_III_12_43,Feynman,0.01,0.8,10.0,SRBench 2021
AFP,feynman_III_12_43,Feynman,0.1,0.5,10.0,SRBench 2021
AFP,feynman_III_13_18,Feynman,0.0,0.0,8.0,SRBench 2021
AFP,feynman_III_13_18,Feynman,0.001,0.0,10.0,SRBench 2021
AFP,feynman_III_13_18,Feynman,0.01,0.0,10.0,SRBench 2021
AFP,feynman_III_13_18,Feynman,0.1,0.0,10.0,SRBench 2021
AFP,feynman_III_14_14,Feynman,0.0,0.0,8.0,SRBench 2021
AFP,feynman_III_14_14,Feynman,0.001,0.0,10.0,SRBench 2021
AFP,feynman_III_14_14,Feynman,0.01,0.0,10.0,SRBench 2021
AFP,feynman_III_14_14,Feynman,0.1,0.0,10.0,SRBench 2021
AFP,feynman_III_15_12,Feynman,0.0,0.125,8.0,SRBench 2021
AFP,feynman_III_15_12,Feynman,0.001,0.1,10.0,SRBench 2021
AFP,feynman_III_15_12,Feynman,0.01,0.1,10.0,SRBench 2021
AFP,feynman_III_15_12,Feynman,0.1,0.0,10.0,SRBench 2021
AFP,feynman_III_15_14,Feynman,0.0,0.375,8.0,SRBench 2021
AFP,feynman_III_15_14,Feynman,0.001,0.1,10.0,SRBench 2021
AFP,feynman_III_15_14,Feynman,0.01,0.1,10.0,SRBench 2021
AFP,feynman_III_15_14,Feynman,0.1,0.2,10.0,SRBench 2021
AFP,feynman_III_15_27,Feynman,0.0,0.625,8.0,SRBench 2021
AFP,feynman_III_15_27,Feynman,0.001,0.2,10.0,SRBench 2021
AFP,feynman_III_15_27,Feynman,0.01,0.4,10.0,SRBench 2021
AFP,feynman_III_15_27,Feynman,0.1,0.1,10.0,SRBench 2021
AFP,feynman_III_17_37,Feynman,0.0,0.625,8.0,SRBench 2021
AFP,feynman_III_17_37,Feynman,0.001,0.9,10.0,SRBench 2021
AFP,feynman_III_17_37,Feynman,0.01,0.6,10.0,SRBench 2021
AFP,feynman_III_17_37,Feynman,0.1,0.4,10.0,SRBench 2021
AFP,feynman_III_19_51,Feynman,0.0,0.0,8.0,SRBench 2021
AFP,feynman_III_19_51,Feynman,0.001,0.0,10.0,SRBench 2021
AFP,feynman_III_19_51,Feynman,0.01,0.0,10.0,SRBench 2021
AFP,feynman_III_19_51,Feynman,0.1,0.1,10.0,SRBench 2021
AFP,feynman_III_21_20,Feynman,0.0,0.5,8.0,SRBench 2021
AFP,feynman_III_21_20,Feynman,0.001,0.6,10.0,SRBench 2021
AFP,feynman_III_21_20,Feynman,0.01,0.2,10.0,SRBench 2021
AFP,feynman_III_21_20,Feynman,0.1,0.1,10.0,SRBench 2021
AFP,feynman_III_4_32,Feynman,0.0,0.0,8.0,SRBench 2021
AFP,feynman_III_4_32,Feynman,0.001,0.0,10.0,SRBench 2021
AFP,feynman_III_4_32,Feynman,0.01,0.0,10.0,SRBench 2021
AFP,feynman_III_4_32,Feynman,0.1,0.0,10.0,SRBench 2021
AFP,feynman_III_4_33,Feynman,0.0,0.0,8.0,SRBench 2021
AFP,feynman_III_4_33,Feynman,0.001,0.0,10.0,SRBench 2021
AFP,feynman_III_4_33,Feynman,0.01,0.0,10.0,SRBench 2021
AFP,feynman_III_4_33,Feynman,0.1,0.0,10.0,SRBench 2021
AFP,feynman_III_7_38,Feynman,0.0,0.25,8.0,SRBench 2021
AFP,feynman_III_7_38,Feynman,0.001,0.7,10.0,SRBench 2021
AFP,feynman_III_7_38,Feynman,0.01,0.5,10.0,SRBench 2021
AFP,feynman_III_7_38,Feynman,0.1,0.2,10.0,SRBench 2021
AFP,feynman_III_8_54,Feynman,0.0,0.0,8.0,SRBench 2021
AFP,feynman_III_8_54,Feynman,0.001,0.0,10.0,SRBench 2021
AFP,feynman_III_8_54,Feynman,0.01,0.0,10.0,SRBench 2021
AFP,feynman_III_8_54,Feynman,0.1,0.0,10.0,SRBench 2021
AFP,feynman_III_9_52,Feynman,0.0,0.0,8.0,SRBench 2021
AFP,feynman_III_9_52,Feynman,0.001,0.0,10.0,SRBench 2021
AFP,feynman_III_9_52,Feynman,0.01,0.0,10.0,SRBench 2021
AFP,feynman_III_9_52,Feynman,0.1,0.0,10.0,SRBench 2021
AFP,feynman_II_10_9,Feynman,0.0,0.0,8.0,SRBench 2021
AFP,feynman_II_10_9,Feynman,0.001,0.0,10.0,SRBench 2021
AFP,feynman_II_10_9,Feynman,0.01,0.3,10.0,SRBench 2021
AFP,feynman_II_10_9,Feynman,0.1,0.1,10.0,SRBench 2021
AFP,feynman_II_11_20,Feynman,0.0,0.125,8.0,SRBench 2021
AFP,feynman_II_11_20,Feynman,0.001,0.0,10.0,SRBench 2021
AFP,feynman_II_11_20,Feynman,0.01,0.2,10.0,SRBench 2021
AFP,feynman_II_11_20,Feynman,0.1,0.1,10.0,SRBench 2021
AFP,feynman_II_11_27,Feynman,0.0,0.0,8.0,SRBench 2021
AFP,feynman_II_11_27,Feynman,0.001,0.0,10.0,SRBench 2021
AFP,feynman_II_11_27,Feynman,0.01,0.0,10.0,SRBench 2021
AFP,feynman_II_11_27,Feynman,0.1,0.0,10.0,SRBench 2021
AFP,feynman_II_11_28,Feynman,0.0,0.0,8.0,SRBench 2021
AFP,feynman_II_11_28,Feynman,0.001,0.0,10.0,SRBench 2021
AFP,feynman_II_11_28,Feynman,0.01,0.0,10.0,SRBench 2021
AFP,feynman_II_11_28,Feynman,0.1,0.0,10.0,SRBench 2021
AFP,feynman_II_11_3,Feynman,0.0,0.0,8.0,SRBench 2021
AFP,feynman_II_11_3,Feynman,0.001,0.0,10.0,SRBench 2021
AFP,feynman_II_11_3,Feynman,0.01,0.0,10.0,SRBench 2021
AFP,feynman_II_11_3,Feynman,0.1,0.0,10.0,SRBench 2021
AFP,feynman_II_13_17,Feynman,0.0,0.0,8.0,SRBench 2021
AFP,feynman_II_13_17,Feynman,0.001,0.0,10.0,SRBench 2021
AFP,feynman_II_13_17,Feynman,0.01,0.0,10.0,SRBench 2021
AFP,feynman_II_13_17,Feynman,0.1,0.3,10.0,SRBench 2021
AFP,feynman_II_13_23,Feynman,0.0,0.0,8.0,SRBench 2021
AFP,feynman_II_13_23,Feynman,0.001,0.0,10.0,SRBench 2021
AFP,feynman_II_13_23,Feynman,0.01,0.0,10.0,SRBench 2021
AFP,feynman_II_13_23,Feynman,0.1,0.0,10.0,SRBench 2021
AFP,feynman_II_13_34,Feynman,0.0,0.0,8.0,SRBench 2021
AFP,feynman_II_13_34,Feynman,0.001,0.0,10.0,SRBench 2021
AFP,feynman_II_13_34,Feynman,0.01,0.0,10.0,SRBench 2021
AFP,feynman_II_13_34,Feynman,0.1,0.0,10.0,SRBench 2021
AFP,feynman_II_15_4,Feynman,0.0,0.875,8.0,SRBench 2021
AFP,feynman_II_15_4,Feynman,0.001,0.6,10.0,SRBench 2021
AFP,feynman_II_15_4,Feynman,0.01,0.5,10.0,SRBench 2021
AFP,feynman_II_15_4,Feynman,0.1,0.1,10.0,SRBench 2021
AFP,feynman_II_15_5,Feynman,0.0,0.625,8.0,SRBench 2021
AFP,feynman_II_15_5,Feynman,0.001,0.6,10.0,SRBench 2021
AFP,feynman_II_15_5,Feynman,0.01,0.4,10.0,SRBench 2021
AFP,feynman_II_15_5,Feynman,0.1,0.0,10.0,SRBench 2021
AFP,feynman_II_21_32,Feynman,0.0,0.0,8.0,SRBench 2021
AFP,feynman_II_21_32,Feynman,0.001,0.0,10.0,SRBench 2021
AFP,feynman_II_21_32,Feynman,0.01,0.0,10.0,SRBench 2021
AFP,feynman_II_21_32,Feynman,0.1,0.0,10.0,SRBench 2021
AFP,feynman_II_24_17,Feynman,0.0,0.0,8.0,SRBench 2021
AFP,feynman_II_24_17,Feynman,0.001,0.0,10.0,SRBench 2021
AFP,feynman_II_24_17,Feynman,0.01,0.0,10.0,SRBench 2021
AFP,feynman_II_24_17,Feynman,0.1,0.0,10.0,SRBench 2021
AFP,feynman_II_27_16,Feynman,0.0,0.875,8.0,SRBench 2021
AFP,feynman_II_27_16,Feynman,0.001,0.6,10.0,SRBench 2021
AFP,feynman_II_27_16,Feynman,0.01,0.3,10.0,SRBench 2021
AFP,feynman_II_27_16,Feynman,0.1,0.2,10.0,SRBench 2021
AFP,feynman_II_27_18,Feynman,0.0,0.875,8.0,SRBench 2021
AFP,feynman_II_27_18,Feynman,0.001,0.9,10.0,SRBench 2021
AFP,feynman_II_27_18,Feynman,0.01,0.6,10.0,SRBench 2021
AFP,feynman_II_27_18,Feynman,0.1,0.4,10.0,SRBench 2021
AFP,feynman_II_2_42,Feynman,0.0,0.125,8.0,SRBench 2021
AFP,feynman_II_2_42,Feynman,0.001,0.2,10.0,SRBench 2021
AFP,feynman_II_2_42,Feynman,0.01,0.3,10.0,SRBench 2021
AFP,feynman_II_2_42,Feynman,0.1,0.1,10.0,SRBench 2021
AFP,feynman_II_34_11,Feynman,0.0,0.375,8.0,SRBench 2021
AFP,feynman_II_34_11,Feynman,0.001,0.4,10.0,SRBench 2021
AFP,feynman_II_34_11,Feynman,0.01,0.1,10.0,SRBench 2021
AFP,feynman_II_34_11,Feynman,0.1,0.3,10.0,SRBench 2021
AFP,feynman_II_34_2,Feynman,0.0,0.375,8.0,SRBench 2021
AFP,feynman_II_34_2,Feynman,0.001,0.6,10.0,SRBench 2021
AFP,feynman_II_34_2,Feynman,0.01,0.6,10.0,SRBench 2021
AFP,feynman_II_34_2,Feynman,0.1,0.7,10.0,SRBench 2021
AFP,feynman_II_34_29a,Feynman,0.0,0.625,8.0,SRBench 2021
AFP,feynman_II_34_29a,Feynman,0.001,0.4,10.0,SRBench 2021
AFP,feynman_II_34_29a,Feynman,0.01,0.5,10.0,SRBench 2021
AFP,feynman_II_34_29a,Feynman,0.1,0.4,10.0,SRBench 2021
AFP,feynman_II_34_29b,Feynman,0.0,0.0,8.0,SRBench 2021
AFP,feynman_II_34_29b,Feynman,0.001,0.0,10.0,SRBench 2021
AFP,feynman_II_34_29b,Feynman,0.01,0.1,10.0,SRBench 2021
AFP,feynman_II_34_29b,Feynman,0.1,0.0,10.0,SRBench 2021
AFP,feynman_II_34_2a,Feynman,0.0,0.625,8.0,SRBench 2021
AFP,feynman_II_34_2a,Feynman,0.001,0.4,10.0,SRBench 2021
AFP,feynman_II_34_2a,Feynman,0.01,0.5,10.0,SRBench 2021
AFP,feynman_II_34_2a,Feynman,0.1,0.4,10.0,SRBench 2021
AFP,feynman_II_35_18,Feynman,0.0,0.0,8.0,SRBench 2021
AFP,feynman_II_35_18,Feynman,0.001,0.0,10.0,SRBench 2021
AFP,feynman_II_35_18,Feynman,0.01,0.0,10.0,SRBench 2021
AFP,feynman_II_35_18,Feynman,0.1,0.0,10.0,SRBench 2021
AFP,feynman_II_35_21,Feynman,0.0,0.0,8.0,SRBench 2021
AFP,feynman_II_35_21,Feynman,0.001,0.0,10.0,SRBench 2021
AFP,feynman_II_35_21,Feynman,0.01,0.0,10.0,SRBench 2021
AFP,feynman_II_35_21,Feynman,0.1,0.0,10.0,SRBench 2021
AFP,feynman_II_36_38,Feynman,0.0,0.0,8.0,SRBench 2021
AFP,feynman_II_36_38,Feynman,0.001,0.0,10.0,SRBench 2021
AFP,feynman_II_36_38,Feynman,0.01,0.0,10.0,SRBench 2021
AFP,feynman_II_36_38,Feynman,0.1,0.0,10.0,SRBench 2021
AFP,feynman_II_37_1,Feynman,0.0,0.75,8.0,SRBench 2021
AFP,feynman_II_37_1,Feynman,0.001,0.6,10.0,SRBench 2021
AFP,feynman_II_37_1,Feynman,0.01,0.5,10.0,SRBench 2021
AFP,feynman_II_37_1,Feynman,0.1,0.3,10.0,SRBench 2021
AFP,feynman_II_38_14,Feynman,0.0,0.0,8.0,SRBench 2021
AFP,feynman_II_38_14,Feynman,0.001,0.2,10.0,SRBench 2021
AFP,feynman_II_38_14,Feynman,0.01,0.1,10.0,SRBench 2021
AFP,feynman_II_38_14,Feynman,0.1,0.1,10.0,SRBench 2021
AFP,feynman_II_38_3,Feynman,0.0,0.25,8.0,SRBench 2021
AFP,feynman_II_38_3,Feynman,0.001,0.9,10.0,SRBench 2021
AFP,feynman_II_38_3,Feynman,0.01,0.4,10.0,SRBench 2021
AFP,feynman_II_38_3,Feynman,0.1,0.7,10.0,SRBench 2021
AFP,feynman_II_3_24,Feynman,0.0,0.375,8.0,SRBench 2021
AFP,feynman_II_3_24,Feynman,0.001,0.4,10.0,SRBench 2021
AFP,feynman_II_3_24,Feynman,0.01,0.4,10.0,SRBench 2021
AFP,feynman_II_3_24,Feynman,0.1,0.5,10.0,SRBench 2021
AFP,feynman_II_4_23,Feynman,0.0,0.25,8.0,SRBench 2021
AFP,feynman_II_4_23,Feynman,0.001,0.3,10.0,SRBench 2021
AFP,feynman_II_4_23,Feynman,0.01,0.4,10.0,SRBench 2021
AFP,feynman_II_4_23,Feynman,0.1,0.5,10.0,SRBench 2021
AFP,feynman_II_6_11,Feynman,0.0,0.125,8.0,SRBench 2021
AFP,feynman_II_6_11,Feynman,0.001,0.1,10.0,SRBench 2021
AFP,feynman_II_6_11,Feynman,0.01,0.1,10.0,SRBench 2021
AFP,feynman_II_6_11,Feynman,0.1,0.0,10.0,SRBench 2021
AFP,feynman_II_6_15a,Feynman,0.0,0.0,8.0,SRBench 2021
AFP,feynman_II_6_15a,Feynman,0.001,0.0,10.0,SRBench 2021
AFP,feynman_II_6_15a,Feynman,0.01,0.0,10.0,SRBench 2021
AFP,feynman_II_6_15a,Feynman,0.1,0.0,10.0,SRBench 2021
AFP,feynman_II_6_15b,Feynman,0.0,0.0,8.0,SRBench 2021
AFP,feynman_II_6_15b,Feynman,0.001,0.0,10.0,SRBench 2021
AFP,feynman_II_6_15b,Feynman,0.01,0.0,10.0,SRBench 2021
AFP,feynman_II_6_15b,Feynman,0.1,0.0,10.0,SRBench 2021
AFP,feynman_II_8_31,Feynman,0.0,0.75,8.0,SRBench 2021
AFP,feynman_II_8_31,Feynman,0.001,0.6,10.0,SRBench 2021
AFP,feynman_II_8_31,Feynman,0.01,0.7,10.0,SRBench 2021
AFP,feynman_II_8_31,Feynman,0.1,0.4,10.0,SRBench 2021
AFP,feynman_II_8_7,Feynman,0.0,0.125,8.0,SRBench 2021
AFP,feynman_II_8_7,Feynman,0.001,0.1,10.0,SRBench 2021
AFP,feynman_II_8_7,Feynman,0.01,0.5,10.0,SRBench 2021
AFP,feynman_II_8_7,Feynman,0.1,0.3,10.0,SRBench 2021
AFP,feynman_I_10_7,Feynman,0.0,0.0,8.0,SRBench 2021
AFP,feynman_I_10_7,Feynman,0.001,0.0,10.0,SRBench 2021
AFP,feynman_I_10_7,Feynman,0.01,0.0,10.0,SRBench 2021
AFP,feynman_I_10_7,Feynman,0.1,0.0,10.0,SRBench 2021
AFP,feynman_I_11_19,Feynman,0.0,0.0,8.0,SRBench 2021
AFP,feynman_I_11_19,Feynman,0.001,0.0,10.0,SRBench 2021
AFP,feynman_I_11_19,Feynman,0.01,0.0,10.0,SRBench 2021
AFP,feynman_I_11_19,Feynman,0.1,0.0,10.0,SRBench 2021
AFP,feynman_I_12_1,Feynman,0.0,1.0,8.0,SRBench 2021
AFP,feynman_I_12_1,Feynman,0.001,0.7,10.0,SRBench 2021
AFP,feynman_I_12_1,Feynman,0.01,0.4,10.0,SRBench 2021
AFP,feynman_I_12_1,Feynman,0.1,0.7,10.0,SRBench 2021
AFP,feynman_I_12_11,Feynman,0.0,0.25,8.0,SRBench 2021
AFP,feynman_I_12_11,Feynman,0.001,0.1,10.0,SRBench 2021
AFP,feynman_I_12_11,Feynman,0.01,0.1,10.0,SRBench 2021
AFP,feynman_I_12_11,Feynman,0.1,0.1,10.0,SRBench 2021
AFP,feynman_I_12_2,Feynman,0.0,0.125,8.0,SRBench 2021
AFP,feynman_I_12_2,Feynman,0.001,0.1,10.0,SRBench 2021
AFP,feynman_I_12_2,Feynman,0.01,0.2,10.0,SRBench 2021
AFP,feynman_I_12_2,Feynman,0.1,0.0,10.0,SRBench 2021
AFP,feynman_I_12_4,Feynman,0.0,0.375,8.0,SRBench 2021
AFP,feynman_I_12_4,Feynman,0.001,0.1,10.0,SRBench 2021
AFP,feynman_I_12_4,Feynman,0.01,0.2,10.0,SRBench 2021
AFP,feynman_I_12_4,Feynman,0.1,0.4,10.0,SRBench 2021
AFP,feynman_I_12_5,Feynman,0.0,1.0,8.0,SRBench 2021
AFP,feynman_I_12_5,Feynman,0.001,0.6,10.0,SRBench 2021
AFP,feynman_I_12_5,Feynman,0.01,0.6,10.0,SRBench 2021
AFP,feynman_I_12_5,Feynman,0.1,0.2,10.0,SRBench 2021
AFP,feynman_I_13_12,Feynman,0.0,0.0,8.0,SRBench 2021
AFP,feynman_I_13_12,Feynman,0.001,0.0,10.0,SRBench 2021
AFP,feynman_I_13_12,Feynman,0.01,0.1,10.0,SRBench 2021
AFP,feynman_I_13_12,Feynman,0.1,0.0,10.0,SRBench 2021
AFP,feynman_I_13_4,Feynman,0.0,0.0,8.0,SRBench 2021
AFP,feynman_I_13_4,Feynman,0.001,0.0,10.0,SRBench 2021
AFP,feynman_I_13_4,Feynman,0.01,0.0,10.0,SRBench 2021
AFP,feynman_I_13_4,Feynman,0.1,0.0,10.0,SRBench 2021
AFP,feynman_I_14_3,Feynman,0.0,1.0,8.0,SRBench 2021
AFP,feynman_I_14_3,Feynman,0.001,0.7,10.0,SRBench 2021
AFP,feynman_I_14_3,Feynman,0.01,0.5,10.0,SRBench 2021
AFP,feynman_I_14_3,Feynman,0.1,0.4,10.0,SRBench 2021
AFP,feynman_I_14_4,Feynman,0.0,0.5,8.0,SRBench 2021
AFP,feynman_I_14_4,Feynman,0.001,0.9,10.0,SRBench 2021
AFP,feynman_I_14_4,Feynman,0.01,0.5,10.0,SRBench 2021
AFP,feynman_I_14_4,Feynman,0.1,0.5,10.0,SRBench 2021
AFP,feynman_I_15_10,Feynman,0.0,0.0,8.0,SRBench 2021
AFP,feynman_I_15_10,Feynman,0.001,0.0,10.0,SRBench 2021
AFP,feynman_I_15_10,Feynman,0.01,0.0,10.0,SRBench 2021
AFP,feynman_I_15_10,Feynman,0.1,0.0,10.0,SRBench 2021
AFP,feynman_I_15_3t,Feynman,0.0,0.0,8.0,SRBench 2021
AFP,feynman_I_15_3t,Feynman,0.001,0.0,10.0,SRBench 2021
AFP,feynman_I_15_3t,Feynman,0.01,0.0,10.0,SRBench 2021
AFP,feynman_I_15_3t,Feynman,0.1,0.0,10.0,SRBench 2021
AFP,feynman_I_15_3x,Feynman,0.0,0.0,8.0,SRBench 2021
AFP,feynman_I_15_3x,Feynman,0.001,0.0,10.0,SRBench 2021
AFP,feynman_I_15_3x,Feynman,0.01,0.0,10.0,SRBench 2021
AFP,feynman_I_15_3x,Feynman,0.1,0.0,10.0,SRBench 2021
AFP,feynman_I_16_6,Feynman,0.0,0.0,8.0,SRBench 2021
AFP,feynman_I_16_6,Feynman,0.001,0.0,10.0,SRBench 2021
AFP,feynman_I_16_6,Feynman,0.01,0.0,10.0,SRBench 2021
AFP,feynman_I_16_6,Feynman,0.1,0.0,10.0,SRBench 2021
AFP,feynman_I_18_12,Feynman,0.0,0.875,8.0,SRBench 2021
AFP,feynman_I_18_12,Feynman,0.001,1.0,10.0,SRBench 2021
AFP,feynman_I_18_12,Feynman,0.01,0.7,10.0,SRBench 2021
AFP,feynman_I_18_12,Feynman,0.1,0.7,10.0,SRBench 2021
AFP,feynman_I_18_14,Feynman,0.0,0.75,8.0,SRBench 2021
AFP,feynman_I_18_14,Feynman,0.001,0.5,10.0,SRBench 2021
AFP,feynman_I_18_14,Feynman,0.01,0.5,10.0,SRBench 2021
AFP,feynman_I_18_14,Feynman,0.1,0.4,10.0,SRBench 2021
AFP,feynman_I_18_4,Feynman,0.0,0.0,8.0,SRBench 2021
AFP,feynman_I_18_4,Feynman,0.001,0.0,10.0,SRBench 2021
AFP,feynman_I_18_4,Feynman,0.01,0.0,10.0,SRBench 2021
AFP,feynman_I_18_4,Feynman,0.1,0.0,10.0,SRBench 2021
AFP,feynman_I_24_6,Feynman,0.0,0.0,8.0,SRBench 2021
AFP,feynman_I_24_6,Feynman,0.001,0.0,10.0,SRBench 2021
AFP,feynman_I_24_6,Feynman,0.01,0.0,10.0,SRBench 2021
AFP,feynman_I_24_6,Feynman,0.1,0.0,10.0,SRBench 2021
AFP,feynman_I_25_13,Feynman,0.0,1.0,8.0,SRBench 2021
AFP,feynman_I_25_13,Feynman,0.001,0.5,10.0,SRBench 2021
AFP,feynman_I_25_13,Feynman,0.01,0.7,10.0,SRBench 2021
AFP,feynman_I_25_13,Feynman,0.1,0.3,10.0,SRBench 2021
AFP,feynman_I_27_6,Feynman,0.0,0.5,8.0,SRBench 2021
AFP,feynman_I_27_6,Feynman,0.001,0.0,10.0,SRBench 2021
AFP,feynman_I_27_6,Feynman,0.01,0.2,10.0,SRBench 2021
AFP,feynman_I_27_6,Feynman,0.1,0.2,10.0,SRBench 2021
AFP,feynman_I_29_16,Feynman,0.0,0.0,8.0,SRBench 2021
AFP,feynman_I_29_16,Feynman,0.001,0.0,10.0,SRBench 2021
AFP,feynman_I_29_16,Feynman,0.01,0.0,10.0,SRBench 2021
AFP,feynman_I_29_16,Feynman,0.1,0.0,10.0,SRBench 2021
AFP,feynman_I_29_4,Feynman,0.0,0.875,8.0,SRBench 2021
AFP,feynman_I_29_4,Feynman,0.001,0.5,10.0,SRBench 2021
AFP,feynman_I_29_4,Feynman,0.01,0.6,10.0,SRBench 2021
AFP,feynman_I_29_4,Feynman,0.1,0.6,10.0,SRBench 2021
AFP,feynman_I_30_3,Feynman,0.0,0.0,8.0,SRBench 2021
AFP,feynman_I_30_3,Feynman,0.001,0.0,10.0,SRBench 2021
AFP,feynman_I_30_3,Feynman,0.01,0.0,10.0,SRBench 2021
AFP,feynman_I_30_3,Feynman,0.1,0.0,10.0,SRBench 2021
AFP,feynman_I_32_17,Feynman,0.0,0.0,8.0,SRBench 2021
AFP,feynman_I_32_17,Feynman,0.001,0.0,10.0,SRBench 2021
AFP,feynman_I_32_17,Feynman,0.01,0.0,10.0,SRBench 2021
AFP,feynman_I_32_17,Feynman,0.1,0.0,10.0,SRBench 2021
AFP,feynman_I_32_5,Feynman,0.0,0.0,8.0,SRBench 2021
AFP,feynman_I_32_5,Feynman,0.001,0.0,10.0,SRBench 2021
AFP,feynman_I_32_5,Feynman,0.01,0.0,10.0,SRBench 2021
AFP,feynman_I_32_5,Feynman,0.1,0.2,10.0,SRBench 2021
AFP,feynman_I_34_1,Feynman,0.0,0.0,8.0,SRBench 2021
AFP,feynman_I_34_1,Feynman,0.001,0.2,10.0,SRBench 2021
AFP,feynman_I_34_1,Feynman,0.01,0.0,10.0,SRBench 2021
AFP,feynman_I_34_1,Feynman,0.1,0.1,10.0,SRBench 2021
AFP,feynman_I_34_14,Feynman,0.0,0.0,8.0,SRBench 2021
AFP,feynman_I_34_14,Feynman,0.001,0.0,10.0,SRBench 2021
AFP,feynman_I_34_14,Feynman,0.01,0.0,10.0,SRBench 2021
AFP,feynman_I_34_14,Feynman,0.1,0.0,10.0,SRBench 2021
AFP,feynman_I_34_27,Feynman,0.0,1.0,8.0,SRBench 2021
AFP,feynman_I_34_27,Feynman,0.001,0.8,10.0,SRBench 2021
AFP,feynman_I_34_27,Feynman,0.01,0.7,10.0,SRBench 2021
AFP,feynman_I_34_27,Feynman,0.1,0.2,10.0,SRBench 2021
AFP,feynman_I_34_8,Feynman,0.0,0.625,8.0,SRBench 2021
AFP,feynman_I_34_8,Feynman,0.001,0.4,10.0,SRBench 2021
AFP,feynman_I_34_8,Feynman,0.01,0.3,10.0,SRBench 2021
AFP,feynman_I_34_8,Feynman,0.1,0.1,10.0,SRBench 2021
AFP,feynman_I_37_4,Feynman,0.0,0.0,8.0,SRBench 2021
AFP,feynman_I_37_4,Feynman,0.001,0.0,10.0,SRBench 2021
AFP,feynman_I_37_4,Feynman,0.01,0.0,10.0,SRBench 2021
AFP,feynman_I_37_4,Feynman,0.1,0.0,10.0,SRBench 2021
AFP,feynman_I_38_12,Feynman,0.0,0.0,8.0,SRBench 2021
AFP,feynman_I_38_12,Feynman,0.001,0.1,10.0,SRBench 2021
AFP,feynman_I_38_12,Feynman,0.01,0.0,10.0,SRBench 2021
AFP,feynman_I_38_12,Feynman,0.1,0.1,10.0,SRBench 2021
AFP,feynman_I_39_1,Feynman,0.0,0.75,8.0,SRBench 2021
AFP,feynman_I_39_1,Feynman,0.001,0.8,10.0,SRBench 2021
AFP,feynman_I_39_1,Feynman,0.01,0.6,10.0,SRBench 2021
AFP,feynman_I_39_1,Feynman,0.1,0.6,10.0,SRBench 2021
AFP,feynman_I_39_11,Feynman,0.0,0.125,8.0,SRBench 2021
AFP,feynman_I_39_11,Feynman,0.001,0.5,10.0,SRBench 2021
AFP,feynman_I_39_11,Feynman,0.01,0.0,10.0,SRBench 2021
AFP,feynman_I_39_11,Feynman,0.1,0.2,10.0,SRBench 2021
AFP,feynman_I_39_22,Feynman,0.0,0.75,8.0,SRBench 2021
AFP,feynman_I_39_22,Feynman,0.001,0.6,10.0,SRBench 2021
AFP,feynman_I_39_22,Feynman,0.01,0.8,10.0,SRBench 2021
AFP,feynman_I_39_22,Feynman,0.1,0.5,10.0,SRBench 2021
AFP,feynman_I_40_1,Feynman,0.0,0.0,8.0,SRBench 2021
AFP,feynman_I_40_1,Feynman,0.001,0.0,10.0,SRBench 2021
AFP,feynman_I_40_1,Feynman,0.01,0.0,10.0,SRBench 2021
AFP,feynman_I_40_1,Feynman,0.1,0.0,10.0,SRBench 2021
AFP,feynman_I_41_16,Feynman,0.0,0.0,8.0,SRBench 2021
AFP,feynman_I_41_16,Feynman,0.001,0.0,10.0,SRBench 2021
AFP,feynman_I_41_16,Feynman,0.01,0.0,10.0,SRBench 2021
AFP,feynman_I_41_16,Feynman,0.1,0.0,10.0,SRBench 2021
AFP,feynman_I_43_16,Feynman,0.0,0.5,8.0,SRBench 2021
AFP,feynman_I_43_16,Feynman,0.001,0.9,10.0,SRBench 2021
AFP,feynman_I_43_16,Feynman,0.01,0.4,10.0,SRBench 2021
AFP,feynman_I_43_16,Feynman,0.1,0.3,10.0,SRBench 2021
AFP,feynman_I_43_31,Feynman,0.0,0.75,8.0,SRBench 2021
AFP,feynman_I_43_31,Feynman,0.001,0.7,10.0,SRBench 2021
AFP,feynman_I_43_31,Feynman,0.01,0.5,10.0,SRBench 2021
AFP,feynman_I_43_31,Feynman,0.1,0.3,10.0,SRBench 2021
AFP,feynman_I_43_43,Feynman,0.0,0.0,8.0,SRBench 2021
AFP,feynman_I_43_43,Feynman,0.001,0.1,10.0,SRBench 2021
AFP,feynman_I_43_43,Feynman,0.01,0.0,10.0,SRBench 2021
AFP,feynman_I_43_43,Feynman,0.1,0.0,10.0,SRBench 2021
AFP,feynman_I_44_4,Feynman,0.0,0.0,8.0,SRBench 2021
AFP,feynman_I_44_4,Feynman,0.001,0.0,10.0,SRBench 2021
AFP,feynman_I_44_4,Feynman,0.01,0.1,10.0,SRBench 2021
AFP,feynman_I_44_4,Feynman,0.1,0.0,10.0,SRBench 2021
AFP,feynman_I_47_23,Feynman,0.0,0.625,8.0,SRBench 2021
AFP,feynman_I_47_23,Feynman,0.001,0.8,10.0,SRBench 2021
AFP,feynman_I_47_23,Feynman,0.01,0.5,10.0,SRBench 2021
AFP,feynman_I_47_23,Feynman,0.1,0.5,10.0,SRBench 2021
AFP,feynman_I_48_2,Feynman,0.0,0.0,8.0,SRBench 2021
AFP,feynman_I_48_2,Feynman,0.001,0.0,10.0,SRBench 2021
AFP,feynman_I_48_2,Feynman,0.01,0.0,10.0,SRBench 2021
AFP,feynman_I_48_2,Feynman,0.1,0.0,10.0,SRBench 2021
AFP,feynman_I_50_26,Feynman,0.0,0.0,8.0,SRBench 2021
AFP,feynman_I_50_26,Feynman,0.001,0.0,10.0,SRBench 2021
AFP,feynman_I_50_26,Feynman,0.01,0.0,10.0,SRBench 2021
AFP,feynman_I_50_26,Feynman,0.1,0.0,10.0,SRBench 2021
AFP,feynman_I_6_2,Feynman,0.0,0.0,8.0,SRBench 2021
AFP,feynman_I_6_2,Feynman,0.001,0.0,10.0,SRBench 2021
AFP,feynman_I_6_2,Feynman,0.01,0.0,10.0,SRBench 2021
AFP,feynman_I_6_2,Feynman,0.1,0.0,10.0,SRBench 2021
AFP,feynman_I_6_2a,Feynman,0.0,0.0,8.0,SRBench 2021
AFP,feynman_I_6_2a,Feynman,0.001,0.0,10.0,SRBench 2021
AFP,feynman_I_6_2a,Feynman,0.01,0.2,10.0,SRBench 2021
AFP,feynman_I_6_2a,Feynman,0.1,0.1,10.0,SRBench 2021
AFP,feynman_I_6_2b,Feynman,0.0,0.0,8.0,SRBench 2021
AFP,feynman_I_6_2b,Feynman,0.001,0.0,10.0,SRBench 2021
AFP,feynman_I_6_2b,Feynman,0.01,0.0,10.0,SRBench 2021
AFP,feynman_I_6_2b,Feynman,0.1,0.0,10.0,SRBench 2021
AFP,feynman_I_8_14,Feynman,0.0,0.0,8.0,SRBench 2021
AFP,feynman_I_8_14,Feynman,0.001,0.0,10.0,SRBench 2021
AFP,feynman_I_8_14,Feynman,0.01,0.0,10.0,SRBench 2021
AFP,feynman_I_8_14,Feynman,0.1,0.0,10.0,SRBench 2021
AFP,feynman_I_9_18,Feynman,0.0,0.0,8.0,SRBench 2021
AFP,feynman_I_9_18,Feynman,0.001,0.0,10.0,SRBench 2021
AFP,feynman_I_9_18,Feynman,0.01,0.0,10.0,SRBench 2021
AFP,feynman_I_9_18,Feynman,0.1,0.0,10.0,SRBench 2021
AFP,feynman_test_1,Feynman,0.0,0.0,8.0,SRBench 2021
AFP,feynman_test_1,Feynman,0.001,0.0,10.0,SRBench 2021
AFP,feynman_test_1,Feynman,0.01,0.0,10.0,SRBench 2021
AFP,feynman_test_1,Feynman,0.1,0.0,10.0,SRBench 2021
AFP,feynman_test_11,Feynman,0.0,0.0,8.0,SRBench 2021
AFP,feynman_test_11,Feynman,0.001,0.0,10.0,SRBench 2021
AFP,feynman_test_11,Feynman,0.01,0.0,10.0,SRBench 2021
AFP,feynman_test_11,Feynman,0.1,0.0,10.0,SRBench 2021
AFP,feynman_test_12,Feynman,0.0,0.0,8.0,SRBench 2021
AFP,feynman_test_12,Feynman,0.001,0.0,10.0,SRBench 2021
AFP,feynman_test_12,Feynman,0.01,0.0,10.0,SRBench 2021
AFP,feynman_test_12,Feynman,0.1,0.0,10.0,SRBench 2021
AFP,feynman_test_13,Feynman,0.0,0.0,8.0,SRBench 2021
AFP,feynman_test_13,Feynman,0.001,0.0,10.0,SRBench 2021
AFP,feynman_test_13,Feynman,0.01,0.0,10.0,SRBench 2021
AFP,feynman_test_13,Feynman,0.1,0.0,10.0,SRBench 2021
AFP,feynman_test_14,Feynman,0.0,0.0,8.0,SRBench 2021
AFP,feynman_test_14,Feynman,0.001,0.0,10.0,SRBench 2021
AFP,feynman_test_14,Feynman,0.01,0.0,10.0,SRBench 2021
AFP,feynman_test_14,Feynman,0.1,0.0,10.0,SRBench 2021
AFP,feynman_test_15,Feynman,0.0,0.0,8.0,SRBench 2021
AFP,feynman_test_15,Feynman,0.001,0.0,10.0,SRBench 2021
AFP,feynman_test_15,Feynman,0.01,0.0,10.0,SRBench 2021
AFP,feynman_test_15,Feynman,0.1,0.0,10.0,SRBench 2021
AFP,feynman_test_16,Feynman,0.0,0.0,8.0,SRBench 2021
AFP,feynman_test_16,Feynman,0.001,0.0,10.0,SRBench 2021
AFP,feynman_test_16,Feynman,0.01,0.0,10.0,SRBench 2021
AFP,feynman_test_16,Feynman,0.1,0.0,10.0,SRBench 2021
AFP,feynman_test_17,Feynman,0.0,0.0,8.0,SRBench 2021
AFP,feynman_test_17,Feynman,0.001,0.0,10.0,SRBench 2021
AFP,feynman_test_17,Feynman,0.01,0.0,10.0,SRBench 2021
AFP,feynman_test_17,Feynman,0.1,0.0,10.0,SRBench 2021
AFP,feynman_test_18,Feynman,0.0,0.0,8.0,SRBench 2021
AFP,feynman_test_18,Feynman,0.001,0.0,10.0,SRBench 2021
AFP,feynman_test_18,Feynman,0.01,0.0,10.0,SRBench 2021
AFP,feynman_test_18,Feynman,0.1,0.0,10.0,SRBench 2021
AFP,feynman_test_19,Feynman,0.0,0.0,8.0,SRBench 2021
AFP,feynman_test_19,Feynman,0.001,0.0,10.0,SRBench 2021
AFP,feynman_test_19,Feynman,0.01,0.0,10.0,SRBench 2021
AFP,feynman_test_19,Feynman,0.1,0.0,10.0,SRBench 2021
AFP,feynman_test_2,Feynman,0.0,0.0,8.0,SRBench 2021
AFP,feynman_test_2,Feynman,0.001,0.0,10.0,SRBench 2021
AFP,feynman_test_2,Feynman,0.01,0.0,10.0,SRBench 2021
AFP,feynman_test_2,Feynman,0.1,0.0,10.0,SRBench 2021
AFP,feynman_test_20,Feynman,0.0,0.0,8.0,SRBench 2021
AFP,feynman_test_20,Feynman,0.001,0.0,10.0,SRBench 2021
AFP,feynman_test_20,Feynman,0.01,0.0,10.0,SRBench 2021
AFP,feynman_test_20,Feynman,0.1,0.0,10.0,SRBench 2021
AFP,feynman_test_3,Feynman,0.0,0.0,8.0,SRBench 2021
AFP,feynman_test_3,Feynman,0.001,0.0,10.0,SRBench 2021
AFP,feynman_test_3,Feynman,0.01,0.0,10.0,SRBench 2021
AFP,feynman_test_3,Feynman,0.1,0.0,10.0,SRBench 2021
AFP,feynman_test_4,Feynman,0.0,0.0,8.0,SRBench 2021
AFP,feynman_test_4,Feynman,0.001,0.0,10.0,SRBench 2021
AFP,feynman_test_4,Feynman,0.01,0.0,10.0,SRBench 2021
AFP,feynman_test_4,Feynman,0.1,0.0,10.0,SRBench 2021
AFP,feynman_test_5,Feynman,0.0,0.0,8.0,SRBench 2021
AFP,feynman_test_5,Feynman,0.001,0.0,10.0,SRBench 2021
AFP,feynman_test_5,Feynman,0.01,0.0,10.0,SRBench 2021
AFP,feynman_test_5,Feynman,0.1,0.0,10.0,SRBench 2021
AFP,feynman_test_6,Feynman,0.0,0.0,8.0,SRBench 2021
AFP,feynman_test_6,Feynman,0.001,0.0,10.0,SRBench 2021
AFP,feynman_test_6,Feynman,0.01,0.0,10.0,SRBench 2021
AFP,feynman_test_6,Feynman,0.1,0.0,10.0,SRBench 2021
AFP,feynman_test_7,Feynman,0.0,0.0,8.0,SRBench 2021
AFP,feynman_test_7,Feynman,0.001,0.0,10.0,SRBench 2021
AFP,feynman_test_7,Feynman,0.01,0.0,10.0,SRBench 2021
AFP,feynman_test_7,Feynman,0.1,0.0,10.0,SRBench 2021
AFP,feynman_test_8,Feynman,0.0,0.0,8.0,SRBench 2021
AFP,feynman_test_8,Feynman,0.001,0.0,10.0,SRBench 2021
AFP,feynman_test_8,Feynman,0.01,0.0,10.0,SRBench 2021
AFP,feynman_test_8,Feynman,0.1,0.0,10.0,SRBench 2021
AFP,feynman_test_9,Feynman,0.0,0.0,8.0,SRBench 2021
AFP,feynman_test_9,Feynman,0.001,0.0,10.0,SRBench 2021
AFP,feynman_test_9,Feynman,0.01,0.0,10.0,SRBench 2021
AFP,feynman_test_9,Feynman,0.1,0.0,10.0,SRBench 2021
AFP,strogatz_bacres1,Strogatz,0.0,0.0,8.0,SRBench 2021
AFP,strogatz_bacres1,Strogatz,0.001,0.0,10.0,SRBench 2021
AFP,strogatz_bacres1,Strogatz,0.01,0.0,10.0,SRBench 2021
AFP,strogatz_bacres1,Strogatz,0.1,0.0,10.0,SRBench 2021
AFP,strogatz_bacres2,Strogatz,0.0,0.0,8.0,SRBench 2021
AFP,strogatz_bacres2,Strogatz,0.001,0.0,10.0,SRBench 2021
AFP,strogatz_bacres2,Strogatz,0.01,0.0,10.0,SRBench 2021
AFP,strogatz_bacres2,Strogatz,0.1,0.0,10.0,SRBench 2021
AFP,strogatz_barmag1,Strogatz,0.0,0.0,8.0,SRBench 2021
AFP,strogatz_barmag1,Strogatz,0.001,0.0,10.0,SRBench 2021
AFP,strogatz_barmag1,Strogatz,0.01,0.0,10.0,SRBench 2021
AFP,strogatz_barmag1,Strogatz,0.1,0.0,10.0,SRBench 2021
AFP,strogatz_barmag2,Strogatz,0.0,0.0,8.0,SRBench 2021
AFP,strogatz_barmag2,Strogatz,0.001,0.0,10.0,SRBench 2021
AFP,strogatz_barmag2,Strogatz,0.01,0.0,10.0,SRBench 2021
AFP,strogatz_barmag2,Strogatz,0.1,0.0,10.0,SRBench 2021
AFP,strogatz_glider1,Strogatz,0.0,0.5,8.0,SRBench 2021
AFP,strogatz_glider1,Strogatz,0.001,0.5,10.0,SRBench 2021
AFP,strogatz_glider1,Strogatz,0.01,0.4,10.0,SRBench 2021
AFP,strogatz_glider1,Strogatz,0.1,0.0,10.0,SRBench 2021
AFP,strogatz_glider2,Strogatz,0.0,0.625,8.0,SRBench 2021
AFP,strogatz_glider2,Strogatz,0.001,0.3,10.0,SRBench 2021
AFP,strogatz_glider2,Strogatz,0.01,0.4,10.0,SRBench 2021
AFP,strogatz_glider2,Strogatz,0.1,0.3,10.0,SRBench 2021
AFP,strogatz_lv1,Strogatz,0.0,0.0,8.0,SRBench 2021
AFP,strogatz_lv1,Strogatz,0.001,0.0,10.0,SRBench 2021
AFP,strogatz_lv1,Strogatz,0.01,0.0,10.0,SRBench 2021
AFP,strogatz_lv1,Strogatz,0.1,0.0,10.0,SRBench 2021
AFP,strogatz_lv2,Strogatz,0.0,0.125,8.0,SRBench 2021
AFP,strogatz_lv2,Strogatz,0.001,0.1,10.0,SRBench 2021
AFP,strogatz_lv2,Strogatz,0.01,0.0,10.0,SRBench 2021
AFP,strogatz_lv2,Strogatz,0.1,0.0,10.0,SRBench 2021
AFP,strogatz_predprey1,Strogatz,0.0,0.0,8.0,SRBench 2021
AFP,strogatz_predprey1,Strogatz,0.001,0.0,10.0,SRBench 2021
AFP,strogatz_predprey1,Strogatz,0.01,0.0,10.0,SRBench 2021
AFP,strogatz_predprey1,Strogatz,0.1,0.0,10.0,SRBench 2021
AFP,strogatz_predprey2,Strogatz,0.0,0.0,8.0,SRBench 2021
AFP,strogatz_predprey2,Strogatz,0.001,0.0,10.0,SRBench 2021
AFP,strogatz_predprey2,Strogatz,0.01,0.0,10.0,SRBench 2021
AFP,strogatz_predprey2,Strogatz,0.1,0.0,10.0,SRBench 2021
AFP,strogatz_shearflow1,Strogatz,0.0,0.0,8.0,SRBench 2021
AFP,strogatz_shearflow1,Strogatz,0.001,0.0,10.0,SRBench 2021
AFP,strogatz_shearflow1,Strogatz,0.01,0.1,10.0,SRBench 2021
AFP,strogatz_shearflow1,Strogatz,0.1,0.0,10.0,SRBench 2021
AFP,strogatz_shearflow2,Strogatz,0.0,0.0,8.0,SRBench 2021
AFP,strogatz_shearflow2,Strogatz,0.001,0.1,10.0,SRBench 2021
AFP,strogatz_shearflow2,Strogatz,0.01,0.0,10.0,SRBench 2021
AFP,strogatz_shearflow2,Strogatz,0.1,0.0,10.0,SRBench 2021
AFP,strogatz_vdp1,Strogatz,0.0,0.0,8.0,SRBench 2021
AFP,strogatz_vdp1,Strogatz,0.001,0.0,10.0,SRBench 2021
AFP,strogatz_vdp1,Strogatz,0.01,0.0,10.0,SRBench 2021
AFP,strogatz_vdp1,Strogatz,0.1,0.0,10.0,SRBench 2021
AFP,strogatz_vdp2,Strogatz,0.0,0.875,8.0,SRBench 2021
AFP,strogatz_vdp2,Strogatz,0.001,0.9,10.0,SRBench 2021
AFP,strogatz_vdp2,Strogatz,0.01,0.7,10.0,SRBench 2021
AFP,strogatz_vdp2,Strogatz,0.1,0.3,10.0,SRBench 2021
AFP_FE,feynman_III_10_19,Feynman,0.0,0.1,10.0,SRBench 2021
AFP_FE,feynman_III_10_19,Feynman,0.001,0.1,10.0,SRBench 2021
AFP_FE,feynman_III_10_19,Feynman,0.01,0.0,10.0,SRBench 2021
AFP_FE,feynman_III_10_19,Feynman,0.1,0.0,10.0,SRBench 2021
AFP_FE,feynman_III_12_43,Feynman,0.0,0.7,10.0,SRBench 2021
AFP_FE,feynman_III_12_43,Feynman,0.001,0.8,10.0,SRBench 2021
AFP_FE,feynman_III_12_43,Feynman,0.01,0.8,10.0,SRBench 2021
AFP_FE,feynman_III_12_43,Feynman,0.1,0.6,10.0,SRBench 2021
AFP_FE,feynman_III_13_18,Feynman,0.0,0.2,10.0,SRBench 2021
AFP_FE,feynman_III_13_18,Feynman,0.001,0.2,10.0,SRBench 2021
AFP_FE,feynman_III_13_18,Feynman,0.01,0.1,10.0,SRBench 2021
AFP_FE,feynman_III_13_18,Feynman,0.1,0.0,10.0,SRBench 2021
AFP_FE,feynman_III_14_14,Feynman,0.0,0.0,10.0,SRBench 2021
AFP_FE,feynman_III_14_14,Feynman,0.001,0.0,10.0,SRBench 2021
AFP_FE,feynman_III_14_14,Feynman,0.01,0.0,10.0,SRBench 2021
AFP_FE,feynman_III_14_14,Feynman,0.1,0.0,10.0,SRBench 2021
AFP_FE,feynman_III_15_12,Feynman,0.0,0.6,10.0,SRBench 2021
AFP_FE,feynman_III_15_12,Feynman,0.001,0.1,10.0,SRBench 2021
AFP_FE,feynman_III_15_12,Feynman,0.01,0.2,10.0,SRBench 2021
AFP_FE,feynman_III_15_12,Feynman,0.1,0.0,10.0,SRBench 2021
AFP_FE,feynman_III_15_14,Feynman,0.0,0.6,10.0,SRBench 2021
AFP_FE,feynman_III_15_14,Feynman,0.001,0.0,10.0,SRBench 2021
AFP_FE,feynman_III_15_14,Feynman,0.01,0.1,10.0,SRBench 2021
AFP_FE,feynman_III_15_14,Feynman,0.1,0.5,10.0,SRBench 2021
AFP_FE,feynman_III_15_27,Feynman,0.0,0.4,10.0,SRBench 2021
AFP_FE,feynman_III_15_27,Feynman,0.001,0.8,10.0,SRBench 2021
AFP_FE,feynman_III_15_27,Feynman,0.01,0.5,10.0,SRBench 2021
AFP_FE,feynman_III_15_27,Feynman,0.1,0.9,10.0,SRBench 2021
AFP_FE,feynman_III_17_37,Feynman,0.0,0.8,10.0,SRBench 2021
AFP_FE,feynman_III_17_37,Feynman,0.001,0.9,10.0,SRBench 2021
AFP_FE,feynman_III_17_37,Feynman,0.01,0.5,10.0,SRBench 2021
AFP_FE,feynman_III_17_37,Feynman,0.1,0.3,10.0,SRBench 2021
AFP_FE,feynman_III_19_51,Feynman,0.0,0.1,10.0,SRBench 2021
AFP_FE,feynman_III_19_51,Feynman,0.001,0.1,10.0,SRBench 2021
AFP_FE,feynman_III_19_51,Feynman,0.01,0.0,10.0,SRBench 2021
AFP_FE,feynman_III_19_51,Feynman,0.1,0.1,10.0,SRBench 2021
AFP_FE,feynman_III_21_20,Feynman,0.0,0.5,10.0,SRBench 2021
AFP_FE,feynman_III_21_20,Feynman,0.001,0.4,10.0,SRBench 2021
AFP_FE,feynman_III_21_20,Feynman,0.01,0.5,10.0,SRBench 2021
AFP_FE,feynman_III_21_20,Feynman,0.1,0.2,10.0,SRBench 2021
AFP_FE,feynman_III_4_32,Feynman,0.0,0.0,10.0,SRBench 2021
AFP_FE,feynman_III_4_32,Feynman,0.001,0.0,10.0,SRBench 2021
AFP_FE,feynman_III_4_32,Feynman,0.01,0.0,10.0,SRBench 2021
AFP_FE,feynman_III_4_32,Feynman,0.1,0.0,10.0,SRBench 2021
AFP_FE,feynman_III_4_33,Feynman,0.0,0.0,10.0,SRBench 2021
AFP_FE,feynman_III_4_33,Feynman,0.001,0.0,10.0,SRBench 2021
AFP_FE,feynman_III_4_33,Feynman,0.01,0.0,10.0,SRBench 2021
AFP_FE,feynman_III_4_33,Feynman,0.1,0.0,10.0,SRBench 2021
AFP_FE,feynman_III_7_38,Feynman,0.0,0.7,10.0,SRBench 2021
AFP_FE,feynman_III_7_38,Feynman,0.001,0.7,10.0,SRBench 2021
AFP_FE,feynman_III_7_38,Feynman,0.01,0.9,10.0,SRBench 2021
AFP_FE,feynman_III_7_38,Feynman,0.1,0.2,10.0,SRBench 2021
AFP_FE,feynman_III_8_54,Feynman,0.0,0.0,10.0,SRBench 2021
AFP_FE,feynman_III_8_54,Feynman,0.001,0.0,10.0,SRBench 2021
AFP_FE,feynman_III_8_54,Feynman,0.01,0.0,10.0,SRBench 2021
AFP_FE,feynman_III_8_54,Feynman,0.1,0.0,10.0,SRBench 2021
AFP_FE,feynman_III_9_52,Feynman,0.0,0.0,10.0,SRBench 2021
AFP_FE,feynman_III_9_52,Feynman,0.001,0.0,10.0,SRBench 2021
AFP_FE,feynman_III_9_52,Feynman,0.01,0.0,10.0,SRBench 2021
AFP_FE,feynman_III_9_52,Feynman,0.1,0.0,10.0,SRBench 2021
AFP_FE,feynman_II_10_9,Feynman,0.0,0.3,10.0,SRBench 2021
AFP_FE,feynman_II_10_9,Feynman,0.001,0.1,10.0,SRBench 2021
AFP_FE,feynman_II_10_9,Feynman,0.01,0.1,10.0,SRBench 2021
AFP_FE,feynman_II_10_9,Feynman,0.1,0.0,10.0,SRBench 2021
AFP_FE,feynman_II_11_20,Feynman,0.0,0.2,10.0,SRBench 2021
AFP_FE,feynman_II_11_20,Feynman,0.001,0.5,10.0,SRBench 2021
AFP_FE,feynman_II_11_20,Feynman,0.01,0.2,10.0,SRBench 2021
AFP_FE,feynman_II_11_20,Feynman,0.1,0.3,10.0,SRBench 2021
AFP_FE,feynman_II_11_27,Feynman,0.0,0.0,10.0,SRBench 2021
AFP_FE,feynman_II_11_27,Feynman,0.001,0.0,10.0,SRBench 2021
AFP_FE,feynman_II_11_27,Feynman,0.01,0.0,10.0,SRBench 2021
AFP_FE,feynman_II_11_27,Feynman,0.1,0.0,10.0,SRBench 2021
AFP_FE,feynman_II_11_28,Feynman,0.0,0.0,10.0,SRBench 2021
AFP_FE,feynman_II_11_28,Feynman,0.001,0.0,10.0,SRBench 2021
AFP_FE,feynman_II_11_28,Feynman,0.01,0.0,10.0,SRBench 2021
AFP_FE,feynman_II_11_28,Feynman,0.1,0.0,10.0,SRBench 2021
AFP_FE,feynman_II_11_3,Feynman,0.0,0.0,10.0,SRBench 2021
AFP_FE,feynman_II_11_3,Feynman,0.001,0.0,10.0,SRBench 2021
AFP_FE,feynman_II_11_3,Feynman,0.01,0.0,10.0,SRBench 2021
AFP_FE,feynman_II_11_3,Feynman,0.1,0.0,10.0,SRBench 2021
AFP_FE,feynman_II_13_17,Feynman,0.0,0.2,10.0,SRBench 2021
AFP_FE,feynman_II_13_17,Feynman,0.001,0.1,10.0,SRBench 2021
AFP_FE,feynman_II_13_17,Feynman,0.01,0.0,10.0,SRBench 2021
AFP_FE,feynman_II_13_17,Feynman,0.1,0.1,10.0,SRBench 2021
AFP_FE,feynman_II_13_23,Feynman,0.0,0.0,10.0,SRBench 2021
AFP_FE,feynman_II_13_23,Feynman,0.001,0.0,10.0,SRBench 2021
AFP_FE,feynman_II_13_23,Feynman,0.01,0.0,10.0,SRBench 2021
AFP_FE,feynman_II_13_23,Feynman,0.1,0.0,10.0,SRBench 2021
AFP_FE,feynman_II_13_34,Feynman,0.0,0.0,10.0,SRBench 2021
AFP_FE,feynman_II_13_34,Feynman,0.001,0.0,10.0,SRBench 2021
AFP_FE,feynman_II_13_34,Feynman,0.01,0.0,10.0,SRBench 2021
AFP_FE,feynman_II_13_34,Feynman,0.1,0.0,10.0,SRBench 2021
AFP_FE,feynman_II_15_4,Feynman,0.0,0.5,10.0,SRBench 2021
AFP_FE,feynman_II_15_4,Feynman,0.001,0.6,10.0,SRBench 2021
AFP_FE,feynman_II_15_4,Feynman,0.01,0.1,10.0,SRBench 2021
AFP_FE,feynman_II_15_4,Feynman,0.1,0.1,10.0,SRBench 2021
AFP_FE,feynman_II_15_5,Feynman,0.0,0.6,10.0,SRBench 2021
AFP_FE,feynman_II_15_5,Feynman,0.001,0.9,10.0,SRBench 2021
AFP_FE,feynman_II_15_5,Feynman,0.01,0.5,10.0,SRBench 2021
AFP_FE,feynman_II_15_5,Feynman,0.1,0.3,10.0,SRBench 2021
AFP_FE,feynman_II_21_32,Feynman,0.0,0.0,10.0,SRBench 2021
AFP_FE,feynman_II_21_32,Feynman,0.001,0.0,10.0,SRBench 2021
AFP_FE,feynman_II_21_32,Feynman,0.01,0.0,10.0,SRBench 2021
AFP_FE,feynman_II_21_32,Feynman,0.1,0.0,10.0,SRBench 2021
AFP_FE,feynman_II_24_17,Feynman,0.0,0.0,10.0,SRBench 2021
AFP_FE,feynman_II_24_17,Feynman,0.001,0.0,10.0,SRBench 2021
AFP_FE,feynman_II_24_17,Feynman,0.01,0.0,10.0,SRBench 2021
AFP_FE,feynman_II_24_17,Feynman,0.1,0.0,10.0,SRBench 2021
AFP_FE,feynman_II_27_16,Feynman,0.0,0.9,10.0,SRBench 2021
AFP_FE,feynman_II_27_16,Feynman,0.001,0.7,10.0,SRBench 2021
AFP_FE,feynman_II_27_16,Feynman,0.01,0.3,10.0,SRBench 2021
AFP_FE,feynman_II_27_16,Feynman,0.1,0.3,10.0,SRBench 2021
AFP_FE,feynman_II_27_18,Feynman,0.0,1.0,10.0,SRBench 2021
AFP_FE,feynman_II_27_18,Feynman,0.001,0.5,10.0,SRBench 2021
AFP_FE,feynman_II_27_18,Feynman,0.01,0.3,10.0,SRBench 2021
AFP_FE,feynman_II_27_18,Feynman,0.1,0.1,10.0,SRBench 2021
AFP_FE,feynman_II_2_42,Feynman,0.0,0.7,10.0,SRBench 2021
AFP_FE,feynman_II_2_42,Feynman,0.001,0.2,10.0,SRBench 2021
AFP_FE,feynman_II_2_42,Feynman,0.01,0.4,10.0,SRBench 2021
AFP_FE,feynman_II_2_42,Feynman,0.1,0.1,10.0,SRBench 2021
AFP_FE,feynman_II_34_11,Feynman,0.0,0.3,10.0,SRBench 2021
AFP_FE,feynman_II_34_11,Feynman,0.001,0.8,10.0,SRBench 2021
AFP_FE,feynman_II_34_11,Feynman,0.01,0.6,10.0,SRBench 2021
AFP_FE,feynman_II_34_11,Feynman,0.1,0.5,10.0,SRBench 2021
AFP_FE,feynman_II_34_2,Feynman,0.0,0.6,10.0,SRBench 2021
AFP_FE,feynman_II_34_2,Feynman,0.001,0.7,10.0,SRBench 2021
AFP_FE,feynman_II_34_2,Feynman,0.01,0.7,10.0,SRBench 2021
AFP_FE,feynman_II_34_2,Feynman,0.1,0.4,10.0,SRBench 2021
AFP_FE,feynman_II_34_29a,Feynman,0.0,0.7,10.0,SRBench 2021
AFP_FE,feynman_II_34_29a,Feynman,0.001,0.5,10.0,SRBench 2021
AFP_FE,feynman_II_34_29a,Feynman,0.01,0.7,10.0,SRBench 2021
AFP_FE,feynman_II_34_29a,Feynman,0.1,0.4,10.0,SRBench 2021
AFP_FE,feynman_II_34_29b,Feynman,0.0,0.2,10.0,SRBench 2021
AFP_FE,feynman_II_34_29b,Feynman,0.001,0.1,10.0,SRBench 2021
AFP_FE,feynman_II_34_29b,Feynman,0.01,0.2,10.0,SRBench 2021
AFP_FE,feynman_II_34_29b,Feynman,0.1,0.0,10.0,SRBench 2021
AFP_FE,feynman_II_34_2a,Feynman,0.0,0.4,10.0,SRBench 2021
AFP_FE,feynman_II_34_2a,Feynman,0.001,0.4,10.0,SRBench 2021
AFP_FE,feynman_II_34_2a,Feynman,0.01,0.6,10.0,SRBench 2021
AFP_FE,feynman_II_34_2a,Feynman,0.1,0.6,10.0,SRBench 2021
AFP_FE,feynman_II_35_18,Feynman,0.0,0.0,10.0,SRBench 2021
AFP_FE,feynman_II_35_18,Feynman,0.001,0.0,10.0,SRBench 2021
AFP_FE,feynman_II_35_18,Feynman,0.01,0.0,10.0,SRBench 2021
AFP_FE,feynman_II_35_18,Feynman,0.1,0.0,10.0,SRBench 2021
AFP_FE,feynman_II_35_21,Feynman,0.0,0.0,10.0,SRBench 2021
AFP_FE,feynman_II_35_21,Feynman,0.001,0.0,10.0,SRBench 2021
AFP_FE,feynman_II_35_21,Feynman,0.01,0.0,10.0,SRBench 2021
AFP_FE,feynman_II_35_21,Feynman,0.1,0.0,10.0,SRBench 2021
AFP_FE,feynman_II_36_38,Feynman,0.0,0.0,10.0,SRBench 2021
AFP_FE,feynman_II_36_38,Feynman,0.001,0.0,10.0,SRBench 2021
AFP_FE,feynman_II_36_38,Feynman,0.01,0.0,10.0,SRBench 2021
AFP_FE,feynman_II_36_38,Feynman,0.1,0.0,10.0,SRBench 2021
AFP_FE,feynman_II_37_1,Feynman,0.0,0.8,10.0,SRBench 2021
AFP_FE,feynman_II_37_1,Feynman,0.001,0.4,10.0,SRBench 2021
AFP_FE,feynman_II_37_1,Feynman,0.01,0.6,10.0,SRBench 2021
AFP_FE,feynman_II_37_1,Feynman,0.1,0.3,10.0,SRBench 2021
AFP_FE,feynman_II_38_14,Feynman,0.0,0.1,10.0,SRBench 2021
AFP_FE,feynman_II_38_14,Feynman,0.001,0.0,10.0,SRBench 2021
AFP_FE,feynman_II_38_14,Feynman,0.01,0.3,10.0,SRBench 2021
AFP_FE,feynman_II_38_14,Feynman,0.1,0.0,10.0,SRBench 2021
AFP_FE,feynman_II_38_3,Feynman,0.0,0.8,10.0,SRBench 2021
AFP_FE,feynman_II_38_3,Feynman,0.001,0.9,10.0,SRBench 2021
AFP_FE,feynman_II_38_3,Feynman,0.01,0.5,10.0,SRBench 2021
AFP_FE,feynman_II_38_3,Feynman,0.1,0.2,10.0,SRBench 2021
AFP_FE,feynman_II_3_24,Feynman,0.0,0.5,10.0,SRBench 2021
AFP_FE,feynman_II_3_24,Feynman,0.001,0.4,10.0,SRBench 2021
AFP_FE,feynman_II_3_24,Feynman,0.01,0.5,10.0,SRBench 2021
AFP_FE,feynman_II_3_24,Feynman,0.1,0.4,10.0,SRBench 2021
AFP_FE,feynman_II_4_23,Feynman,0.0,0.5,10.0,SRBench 2021
AFP_FE,feynman_II_4_23,Feynman,0.001,0.1,10.0,SRBench 2021
AFP_FE,feynman_II_4_23,Feynman,0.01,0.4,10.0,SRBench 2021
AFP_FE,feynman_II_4_23,Feynman,0.1,0.2,10.0,SRBench 2021
AFP_FE,feynman_II_6_11,Feynman,0.0,0.0,10.0,SRBench 2021
AFP_FE,feynman_II_6_11,Feynman,0.001,0.0,10.0,SRBench 2021
AFP_FE,feynman_II_6_11,Feynman,0.01,0.1,10.0,SRBench 2021
AFP_FE,feynman_II_6_11,Feynman,0.1,0.2,10.0,SRBench 2021
AFP_FE,feynman_II_6_15a,Feynman,0.0,0.0,10.0,SRBench 2021
AFP_FE,feynman_II_6_15a,Feynman,0.001,0.0,10.0,SRBench 2021
AFP_FE,feynman_II_6_15a,Feynman,0.01,0.0,10.0,SRBench 2021
AFP_FE,feynman_II_6_15a,Feynman,0.1,0.0,10.0,SRBench 2021
AFP_FE,feynman_II_6_15b,Feynman,0.0,0.0,10.0,SRBench 2021
AFP_FE,feynman_II_6_15b,Feynman,0.001,0.0,10.0,SRBench 2021
AFP_FE,feynman_II_6_15b,Feynman,0.01,0.0,10.0,SRBench 2021
AFP_FE,feynman_II_6_15b,Feynman,0.1,0.0,10.0,SRBench 2021
AFP_FE,feynman_II_8_31,Feynman,0.0,0.7,10.0,SRBench 2021
AFP_FE,feynman_II_8_31,Feynman,0.001,0.8,10.0,SRBench 2021
AFP_FE,feynman_II_8_31,Feynman,0.01,0.6,10.0,SRBench 2021
AFP_FE,feynman_II_8_31,Feynman,0.1,0.2,10.0,SRBench 2021
AFP_FE,feynman_II_8_7,Feynman,0.0,0.5,10.0,SRBench 2021
AFP_FE,feynman_II_8_7,Feynman,0.001,0.3,10.0,SRBench 2021
AFP_FE,feynman_II_8_7,Feynman,0.01,0.7,10.0,SRBench 2021
AFP_FE,feynman_II_8_7,Feynman,0.1,0.3,10.0,SRBench 2021
AFP_FE,feynman_I_10_7,Feynman,0.0,0.0,10.0,SRBench 2021
AFP_FE,feynman_I_10_7,Feynman,0.001,0.0,10.0,SRBench 2021
AFP_FE,feynman_I_10_7,Feynman,0.01,0.0,10.0,SRBench 2021
AFP_FE,feynman_I_10_7,Feynman,0.1,0.0,10.0,SRBench 2021
AFP_FE,feynman_I_11_19,Feynman,0.0,0.0,10.0,SRBench 2021
AFP_FE,feynman_I_11_19,Feynman,0.001,0.0,10.0,SRBench 2021
AFP_FE,feynman_I_11_19,Feynman,0.01,0.0,10.0,SRBench 2021
AFP_FE,feynman_I_11_19,Feynman,0.1,0.0,10.0,SRBench 2021
AFP_FE,feynman_I_12_1,Feynman,0.0,1.0,10.0,SRBench 2021
AFP_FE,feynman_I_12_1,Feynman,0.001,0.3,10.0,SRBench 2021
AFP_FE,feynman_I_12_1,Feynman,0.01,0.7,10.0,SRBench 2021
AFP_FE,feynman_I_12_1,Feynman,0.1,0.4,10.0,SRBench 2021
AFP_FE,feynman_I_12_11,Feynman,0.0,0.5,10.0,SRBench 2021
AFP_FE,feynman_I_12_11,Feynman,0.001,0.2,10.0,SRBench 2021
AFP_FE,feynman_I_12_11,Feynman,0.01,0.2,10.0,SRBench 2021
AFP_FE,feynman_I_12_11,Feynman,0.1,0.2,10.0,SRBench 2021
AFP_FE,feynman_I_12_2,Feynman,0.0,0.5,10.0,SRBench 2021
AFP_FE,feynman_I_12_2,Feynman,0.001,0.7,10.0,SRBench 2021
AFP_FE,feynman_I_12_2,Feynman,0.01,0.5,10.0,SRBench 2021
AFP_FE,feynman_I_12_2,Feynman,0.1,0.2,10.0,SRBench 2021
AFP_FE,feynman_I_12_4,Feynman,0.0,0.3,10.0,SRBench 2021
AFP_FE,feynman_I_12_4,Feynman,0.001,0.2,10.0,SRBench 2021
AFP_FE,feynman_I_12_4,Feynman,0.01,0.2,10.0,SRBench 2021
AFP_FE,feynman_I_12_4,Feynman,0.1,0.4,10.0,SRBench 2021
AFP_FE,feynman_I_12_5,Feynman,0.0,1.0,10.0,SRBench 2021
AFP_FE,feynman_I_12_5,Feynman,0.001,0.7,10.0,SRBench 2021
AFP_FE,feynman_I_12_5,Feynman,0.01,0.6,10.0,SRBench 2021
AFP_FE,feynman_I_12_5,Feynman,0.1,0.3,10.0,SRBench 2021
AFP_FE,feynman_I_13_12,Feynman,0.0,0.2,10.0,SRBench 2021
AFP_FE,feynman_I_13_12,Feynman,0.001,0.3,10.0,SRBench 2021
AFP_FE,feynman_I_13_12,Feynman,0.01,0.3,10.0,SRBench 2021
AFP_FE,feynman_I_13_12,Feynman,0.1,0.1,10.0,SRBench 2021
AFP_FE,feynman_I_13_4,Feynman,0.0,0.0,10.0,SRBench 2021
AFP_FE,feynman_I_13_4,Feynman,0.001,0.0,10.0,SRBench 2021
AFP_FE,feynman_I_13_4,Feynman,0.01,0.0,10.0,SRBench 2021
AFP_FE,feynman_I_13_4,Feynman,0.1,0.0,10.0,SRBench 2021
AFP_FE,feynman_I_14_3,Feynman,0.0,0.8,10.0,SRBench 2021
AFP_FE,feynman_I_14_3,Feynman,0.001,0.5,10.0,SRBench 2021
AFP_FE,feynman_I_14_3,Feynman,0.01,0.5,10.0,SRBench 2021
AFP_FE,feynman_I_14_3,Feynman,0.1,0.4,10.0,SRBench 2021
AFP_FE,feynman_I_14_4,Feynman,0.0,0.5,10.0,SRBench 2021
AFP_FE,feynman_I_14_4,Feynman,0.001,0.6,10.0,SRBench 2021
AFP_FE,feynman_I_14_4,Feynman,0.01,0.7,10.0,SRBench 2021
AFP_FE,feynman_I_14_4,Feynman,0.1,0.3,10.0,SRBench 2021
AFP_FE,feynman_I_15_10,Feynman,0.0,0.0,10.0,SRBench 2021
AFP_FE,feynman_I_15_10,Feynman,0.001,0.0,10.0,SRBench 2021
AFP_FE,feynman_I_15_10,Feynman,0.01,0.0,10.0,SRBench 2021
AFP_FE,feynman_I_15_10,Feynman,0.1,0.0,10.0,SRBench 2021
AFP_FE,feynman_I_15_3t,Feynman,0.0,0.0,10.0,SRBench 2021
AFP_FE,feynman_I_15_3t,Feynman,0.001,0.0,10.0,SRBench 2021
AFP_FE,feynman_I_15_3t,Feynman,0.01,0.0,10.0,SRBench 2021
AFP_FE,feynman_I_15_3t,Feynman,0.1,0.0,10.0,SRBench 2021
AFP_FE,feynman_I_15_3x,Feynman,0.0,0.0,10.0,SRBench 2021
AFP_FE,feynman_I_15_3x,Feynman,0.001,0.0,10.0,SRBench 2021
AFP_FE,feynman_I_15_3x,Feynman,0.01,0.0,10.0,SRBench 2021
AFP_FE,feynman_I_15_3x,Feynman,0.1,0.0,10.0,SRBench 2021
AFP_FE,feynman_I_16_6,Feynman,0.0,0.0,10.0,SRBench 2021
AFP_FE,feynman_I_16_6,Feynman,0.001,0.0,10.0,SRBench 2021
AFP_FE,feynman_I_16_6,Feynman,0.01,0.0,10.0,SRBench 2021
AFP_FE,feynman_I_16_6,Feynman,0.1,0.0,10.0,SRBench 2021
AFP_FE,feynman_I_18_12,Feynman,0.0,1.0,10.0,SRBench 2021
AFP_FE,feynman_I_18_12,Feynman,0.001,0.8,10.0,SRBench 2021
AFP_FE,feynman_I_18_12,Feynman,0.01,0.7,10.0,SRBench 2021
AFP_FE,feynman_I_18_12,Feynman,0.1,0.3,10.0,SRBench 2021
AFP_FE,feynman_I_18_14,Feynman,0.0,0.7,10.0,SRBench 2021
AFP_FE,feynman_I_18_14,Feynman,0.001,0.7,10.0,SRBench 2021
AFP_FE,feynman_I_18_14,Feynman,0.01,0.6,10.0,SRBench 2021
AFP_FE,feynman_I_18_14,Feynman,0.1,0.6,10.0,SRBench 2021
AFP_FE,feynman_I_18_4,Feynman,0.0,0.0,10.0,SRBench 2021
AFP_FE,feynman_I_18_4,Feynman,0.001,0.0,10.0,SRBench 2021
AFP_FE,feynman_I_18_4,Feynman,0.01,0.0,10.0,SRBench 2021
AFP_FE,feynman_I_18_4,Feynman,0.1,0.0,10.0,SRBench 2021
AFP_FE,feynman_I_24_6,Feynman,0.0,0.0,10.0,SRBench 2021
AFP_FE,feynman_I_24_6,Feynman,0.001,0.0,10.0,SRBench 2021
AFP_FE,feynman_I_24_6,Feynman,0.01,0.0,10.0,SRBench 2021
AFP_FE,feynman_I_24_6,Feynman,0.1,0.0,10.0,SRBench 2021
AFP_FE,feynman_I_25_13,Feynman,0.0,1.0,10.0,SRBench 2021
AFP_FE,feynman_I_25_13,Feynman,0.001,0.6,10.0,SRBench 2021
AFP_FE,feynman_I_25_13,Feynman,0.01,0.4,10.0,SRBench 2021
AFP_FE,feynman_I_25_13,Feynman,0.1,0.3,10.0,SRBench 2021
AFP_FE,feynman_I_27_6,Feynman,0.0,0.2,10.0,SRBench 2021
AFP_FE,feynman_I_27_6,Feynman,0.001,0.1,10.0,SRBench 2021
AFP_FE,feynman_I_27_6,Feynman,0.01,0.5,10.0,SRBench 2021
AFP_FE,feynman_I_27_6,Feynman,0.1,0.0,10.0,SRBench 2021
AFP_FE,feynman_I_29_16,Feynman,0.0,0.0,10.0,SRBench 2021
AFP_FE,feynman_I_29_16,Feynman,0.001,0.0,10.0,SRBench 2021
AFP_FE,feynman_I_29_16,Feynman,0.01,0.0,10.0,SRBench 2021
AFP_FE,feynman_I_29_16,Feynman,0.1,0.0,10.0,SRBench 2021
AFP_FE,feynman_I_29_4,Feynman,0.0,0.9,10.0,SRBench 2021
AFP_FE,feynman_I_29_4,Feynman,0.001,0.5,10.0,SRBench 2021
AFP_FE,feynman_I_29_4,Feynman,0.01,0.5,10.0,SRBench 2021
AFP_FE,feynman_I_29_4,Feynman,0.1,0.5,10.0,SRBench 2021
AFP_FE,feynman_I_30_3,Feynman,0.0,0.0,10.0,SRBench 2021
AFP_FE,feynman_I_30_3,Feynman,0.001,0.0,10.0,SRBench 2021
AFP_FE,feynman_I_30_3,Feynman,0.01,0.0,10.0,SRBench 2021
AFP_FE,feynman_I_30_3,Feynman,0.1,0.0,10.0,SRBench 2021
AFP_FE,feynman_I_32_17,Feynman,0.0,0.0,10.0,SRBench 2021
AFP_FE,feynman_I_32_17,Feynman,0.001,0.0,10.0,SRBench 2021
AFP_FE,feynman_I_32_17,Feynman,0.01,0.0,10.0,SRBench 2021
AFP_FE,feynman_I_32_17,Feynman,0.1,0.0,10.0,SRBench 2021
AFP_FE,feynman_I_32_5,Feynman,0.0,0.3,10.0,SRBench 2021
AFP_FE,feynman_I_32_5,Feynman,0.001,0.1,10.0,SRBench 2021
AFP_FE,feynman_I_32_5,Feynman,0.01,0.1,10.0,SRBench 2021
AFP_FE,feynman_I_32_5,Feynman,0.1,0.2,10.0,SRBench 2021
AFP_FE,feynman_I_34_1,Feynman,0.0,0.4,10.0,SRBench 2021
AFP_FE,feynman_I_34_1,Feynman,0.001,0.1,10.0,SRBench 2021
AFP_FE,feynman_I_34_1,Feynman,0.01,0.3,10.0,SRBench 2021
AFP_FE,feynman_I_34_1,Feynman,0.1,0.0,10.0,SRBench 2021
AFP_FE,feynman_I_34_14,Feynman,0.0,0.0,10.0,SRBench 2021
AFP_FE,feynman_I_34_14,Feynman,0.001,0.0,10.0,SRBench 2021
AFP_FE,feynman_I_34_14,Feynman,0.01,0.0,10.0,SRBench 2021
AFP_FE,feynman_I_34_14,Feynman,0.1,0.0,10.0,SRBench 2021
AFP_FE,feynman_I_34_27,Feynman,0.0,0.8,10.0,SRBench 2021
AFP_FE,feynman_I_34_27,Feynman,0.001,0.8,10.0,SRBench 2021
AFP_FE,feynman_I_34_27,Feynman,0.01,0.7,10.0,SRBench 2021
AFP_FE,feynman_I_34_27,Feynman,0.1,0.7,10.0,SRBench 2021
AFP_FE,feynman_I_34_8,Feynman,0.0,0.5,10.0,SRBench 2021
AFP_FE,feynman_I_34_8,Feynman,0.001,0.3,10.0,SRBench 2021
AFP_FE,feynman_I_34_8,Feynman,0.01,0.6,10.0,SRBench 2021
AFP_FE,feynman_I_34_8,Feynman,0.1,0.3,10.0,SRBench 2021
AFP_FE,feynman_I_37_4,Feynman,0.0,0.0,10.0,SRBench 2021
AFP_FE,feynman_I_37_4,Feynman,0.001,0.0,10.0,SRBench 2021
AFP_FE,feynman_I_37_4,Feynman,0.01,0.0,10.0,SRBench 2021
AFP_FE,feynman_I_37_4,Feynman,0.1,0.0,10.0,SRBench 2021
AFP_FE,feynman_I_38_12,Feynman,0.0,0.2,10.0,SRBench 2021
AFP_FE,feynman_I_38_12,Feynman,0.001,0.4,10.0,SRBench 2021
AFP_FE,feynman_I_38_12,Feynman,0.01,0.3,10.0,SRBench 2021
AFP_FE,feynman_I_38_12,Feynman,0.1,0.3,10.0,SRBench 2021
AFP_FE,feynman_I_39_1,Feynman,0.0,0.8,10.0,SRBench 2021
AFP_FE,feynman_I_39_1,Feynman,0.001,0.7,10.0,SRBench 2021
AFP_FE,feynman_I_39_1,Feynman,0.01,0.7,10.0,SRBench 2021
AFP_FE,feynman_I_39_1,Feynman,0.1,0.5,10.0,SRBench 2021
AFP_FE,feynman_I_39_11,Feynman,0.0,0.4,10.0,SRBench 2021
AFP_FE,feynman_I_39_11,Feynman,0.001,0.4,10.0,SRBench 2021
AFP_FE,feynman_I_39_11,Feynman,0.01,0.3,10.0,SRBench 2021
AFP_FE,feynman_I_39_11,Feynman,0.1,0.0,10.0,SRBench 2021
AFP_FE,feynman_I_39_22,Feynman,0.0,0.8,10.0,SRBench 2021
AFP_FE,feynman_I_39_22,Feynman,0.001,0.7,10.0,SRBench 2021
AFP_FE,feynman_I_39_22,Feynman,0.01,0.8,10.0,SRBench 2021
AFP_FE,feynman_I_39_22,Feynman,0.1,0.6,10.0,SRBench 2021
AFP_FE,feynman_I_40_1,Feynman,0.0,0.0,10.0,SRBench 2021
AFP_FE,feynman_I_40_1,Feynman,0.001,0.0,10.0,SRBench 2021
AFP_FE,feynman_I_40_1,Feynman,0.01,0.0,10.0,SRBench 2021
AFP_FE,feynman_I_40_1,Feynman,0.1,0.0,10.0,SRBench 2021
AFP_FE,feynman_I_41_16,Feynman,0.0,0.0,10.0,SRBench 2021
AFP_FE,feynman_I_41_16,Feynman,0.001,0.0,10.0,SRBench 2021
AFP_FE,feynman_I_41_16,Feynman,0.01,0.0,10.0,SRBench 2021
AFP_FE,feynman_I_41_16,Feynman,0.1,0.0,10.0,SRBench 2021
AFP_FE,feynman_I_43_16,Feynman,0.0,0.9,10.0,SRBench 2021
AFP_FE,feynman_I_43_16,Feynman,0.001,0.8,10.0,SRBench 2021
AFP_FE,feynman_I_43_16,Feynman,0.01,0.6,10.0,SRBench 2021
AFP_FE,feynman_I_43_16,Feynman,0.1,0.4,10.0,SRBench 2021
AFP_FE,feynman_I_43_31,Feynman,0.0,1.0,10.0,SRBench 2021
AFP_FE,feynman_I_43_31,Feynman,0.001,0.7,10.0,SRBench 2021
AFP_FE,feynman_I_43_31,Feynman,0.01,0.8,10.0,SRBench 2021
AFP_FE,feynman_I_43_31,Feynman,0.1,0.3,10.0,SRBench 2021
AFP_FE,feynman_I_43_43,Feynman,0.0,0.4,10.0,SRBench 2021
AFP_FE,feynman_I_43_43,Feynman,0.001,0.2,10.0,SRBench 2021
AFP_FE,feynman_I_43_43,Feynman,0.01,0.0,10.0,SRBench 2021
AFP_FE,feynman_I_43_43,Feynman,0.1,0.0,10.0,SRBench 2021
AFP_FE,feynman_I_44_4,Feynman,0.0,0.3,10.0,SRBench 2021
AFP_FE,feynman_I_44_4,Feynman,0.001,0.2,10.0,SRBench 2021
AFP_FE,feynman_I_44_4,Feynman,0.01,0.0,10.0,SRBench 2021
AFP_FE,feynman_I_44_4,Feynman,0.1,0.1,10.0,SRBench 2021
AFP_FE,feynman_I_47_23,Feynman,0.0,0.7,10.0,SRBench 2021
AFP_FE,feynman_I_47_23,Feynman,0.001,0.6,10.0,SRBench 2021
AFP_FE,feynman_I_47_23,Feynman,0.01,0.5,10.0,SRBench 2021
AFP_FE,feynman_I_47_23,Feynman,0.1,0.3,10.0,SRBench 2021
AFP_FE,feynman_I_48_2,Feynman,0.0,0.0,10.0,SRBench 2021
AFP_FE,feynman_I_48_2,Feynman,0.001,0.0,10.0,SRBench 2021
AFP_FE,feynman_I_48_2,Feynman,0.01,0.0,10.0,SRBench 2021
AFP_FE,feynman_I_48_2,Feynman,0.1,0.0,10.0,SRBench 2021
AFP_FE,feynman_I_50_26,Feynman,0.0,0.0,10.0,SRBench 2021
AFP_FE,feynman_I_50_26,Feynman,0.001,0.0,10.0,SRBench 2021
AFP_FE,feynman_I_50_26,Feynman,0.01,0.0,10.0,SRBench 2021
AFP_FE,feynman_I_50_26,Feynman,0.1,0.0,10.0,SRBench 2021
AFP_FE,feynman_I_6_2,Feynman,0.0,0.0,10.0,SRBench 2021
AFP_FE,feynman_I_6_2,Feynman,0.001,0.0,10.0,SRBench 2021
AFP_FE,feynman_I_6_2,Feynman,0.01,0.0,10.0,SRBench 2021
AFP_FE,feynman_I_6_2,Feynman,0.1,0.0,10.0,SRBench 2021
AFP_FE,feynman_I_6_2a,Feynman,0.0,0.0,10.0,SRBench 2021
AFP_FE,feynman_I_6_2a,Feynman,0.001,0.1,10.0,SRBench 2021
AFP_FE,feynman_I_6_2a,Feynman,0.01,0.0,10.0,SRBench 2021
AFP_FE,feynman_I_6_2a,Feynman,0.1,0.2,10.0,SRBench 2021
AFP_FE,feynman_I_6_2b,Feynman,0.0,0.0,10.0,SRBench 2021
AFP_FE,feynman_I_6_2b,Feynman,0.001,0.0,10.0,SRBench 2021
AFP_FE,feynman_I_6_2b,Feynman,0.01,0.0,10.0,SRBench 2021
AFP_FE,feynman_I_6_2b,Feynman,0.1,0.0,10.0,SRBench 2021
AFP_FE,feynman_I_8_14,Feynman,0.0,0.0,10.0,SRBench 2021
AFP_FE,feynman_I_8_14,Feynman,0.001,0.0,10.0,SRBench 2021
AFP_FE,feynman_I_8_14,Feynman,0.01,0.0,10.0,SRBench 2021
AFP_FE,feynman_I_8_14,Feynman,0.1,0.0,10.0,SRBench 2021
AFP_FE,feynman_I_9_18,Feynman,0.0,0.0,10.0,SRBench 2021
AFP_FE,feynman_I_9_18,Feynman,0.001,0.0,10.0,SRBench 2021
AFP_FE,feynman_I_9_18,Feynman,0.01,0.0,10.0,SRBench 2021
AFP_FE,feynman_I_9_18,Feynman,0.1,0.0,10.0,SRBench 2021
AFP_FE,feynman_test_1,Feynman,0.0,0.0,10.0,SRBench 2021
AFP_FE,feynman_test_1,Feynman,0.001,0.0,10.0,SRBench 2021
AFP_FE,feynman_test_1,Feynman,0.01,0.0,10.0,SRBench 2021
AFP_FE,feynman_test_1,Feynman,0.1,0.0,10.0,SRBench 2021
AFP_FE,feynman_test_11,Feynman,0.0,0.0,10.0,SRBench 2021
AFP_FE,feynman_test_11,Feynman,0.001,0.0,10.0,SRBench 2021
AFP_FE,feynman_test_11,Feynman,0.01,0.0,10.0,SRBench 2021
AFP_FE,feynman_test_11,Feynman,0.1,0.0,10.0,SRBench 2021
AFP_FE,feynman_test_12,Feynman,0.0,0.0,10.0,SRBench 2021
AFP_FE,feynman_test_12,Feynman,0.001,0.0,10.0,SRBench 2021
AFP_FE,feynman_test_12,Feynman,0.01,0.0,10.0,SRBench 2021
AFP_FE,feynman_test_12,Feynman,0.1,0.0,10.0,SRBench 2021
AFP_FE,feynman_test_13,Feynman,0.0,0.0,10.0,SRBench 2021
AFP_FE,feynman_test_13,Feynman,0.001,0.0,10.0,SRBench 2021
AFP_FE,feynman_test_13,Feynman,0.01,0.0,10.0,SRBench 2021
AFP_FE,feynman_test_13,Feynman,0.1,0.0,10.0,SRBench 2021
AFP_FE,feynman_test_14,Feynman,0.0,0.0,10.0,SRBench 2021
AFP_FE,feynman_test_14,Feynman,0.001,0.0,10.0,SRBench 2021
AFP_FE,feynman_test_14,Feynman,0.01,0.0,10.0,SRBench 2021
AFP_FE,feynman_test_14,Feynman,0.1,0.0,10.0,SRBench 2021
AFP_FE,feynman_test_15,Feynman,0.0,0.0,10.0,SRBench 2021
AFP_FE,feynman_test_15,Feynman,0.001,0.0,10.0,SRBench 2021
AFP_FE,feynman_test_15,Feynman,0.01,0.0,10.0,SRBench 2021
AFP_FE,feynman_test_15,Feynman,0.1,0.0,10.0,SRBench 2021
AFP_FE,feynman_test_16,Feynman,0.0,0.0,10.0,SRBench 2021
AFP_FE,feynman_test_16,Feynman,0.001,0.0,10.0,SRBench 2021
AFP_FE,feynman_test_16,Feynman,0.01,0.0,10.0,SRBench 2021
AFP_FE,feynman_test_16,Feynman,0.1,0.0,10.0,SRBench 2021
AFP_FE,feynman_test_17,Feynman,0.0,0.0,10.0,SRBench 2021
AFP_FE,feynman_test_17,Feynman,0.001,0.0,10.0,SRBench 2021
AFP_FE,feynman_test_17,Feynman,0.01,0.0,10.0,SRBench 2021
AFP_FE,feynman_test_17,Feynman,0.1,0.0,10.0,SRBench 2021
AFP_FE,feynman_test_18,Feynman,0.0,0.0,10.0,SRBench 2021
AFP_FE,feynman_test_18,Feynman,0.001,0.0,10.0,SRBench 2021
AFP_FE,feynman_test_18,Feynman,0.01,0.0,10.0,SRBench 2021
AFP_FE,feynman_test_18,Feynman,0.1,0.0,10.0,SRBench 2021
AFP_FE,feynman_test_19,Feynman,0.0,0.0,10.0,SRBench 2021
AFP_FE,feynman_test_19,Feynman,0.001,0.0,10.0,SRBench 2021
AFP_FE,feynman_test_19,Feynman,0.01,0.0,10.0,SRBench 2021
AFP_FE,feynman_test_19,Feynman,0.1,0.0,10.0,SRBench 2021
AFP_FE,feynman_test_2,Feynman,0.0,0.0,10.0,SRBench 2021
AFP_FE,feynman_test_2,Feynman,0.001,0.0,10.0,SRBench 2021
AFP_FE,feynman_test_2,Feynman,0.01,0.0,10.0,SRBench 2021
AFP_FE,feynman_test_2,Feynman,0.1,0.0,10.0,SRBench 2021
AFP_FE,feynman_test_20,Feynman,0.0,0.0,10.0,SRBench 2021
AFP_FE,feynman_test_20,Feynman,0.001,0.0,10.0,SRBench 2021
AFP_FE,feynman_test_20,Feynman,0.01,0.0,10.0,SRBench 2021
AFP_FE,feynman_test_20,Feynman,0.1,0.0,10.0,SRBench 2021
AFP_FE,feynman_test_3,Feynman,0.0,0.0,10.0,SRBench 2021
AFP_FE,feynman_test_3,Feynman,0.001,0.0,10.0,SRBench 2021
AFP_FE,feynman_test_3,Feynman,0.01,0.0,10.0,SRBench 2021
AFP_FE,feynman_test_3,Feynman,0.1,0.0,10.0,SRBench 2021
AFP_FE,feynman_test_4,Feynman,0.0,0.0,10.0,SRBench 2021
AFP_FE,feynman_test_4,Feynman,0.001,0.0,10.0,SRBench 2021
AFP_FE,feynman_test_4,Feynman,0.01,0.0,10.0,SRBench 2021
AFP_FE,feynman_test_4,Feynman,0.1,0.0,10.0,SRBench 2021
AFP_FE,feynman_test_5,Feynman,0.0,0.0,10.0,SRBench 2021
AFP_FE,feynman_test_5,Feynman,0.001,0.0,10.0,SRBench 2021
AFP_FE,feynman_test_5,Feynman,0.01,0.0,10.0,SRBench 2021
AFP_FE,feynman_test_5,Feynman,0.1,0.0,10.0,SRBench 2021
AFP_FE,feynman_test_6,Feynman,0.0,0.0,10.0,SRBench 2021
AFP_FE,feynman_test_6,Feynman,0.001,0.0,10.0,SRBench 2021
AFP_FE,feynman_test_6,Feynman,0.01,0.0,10.0,SRBench 2021
AFP_FE,feynman_test_6,Feynman,0.1,0.0,10.0,SRBench 2021
AFP_FE,feynman_test_7,Feynman,0.0,0.0,10.0,SRBench 2021
AFP_FE,feynman_test_7,Feynman,0.001,0.0,10.0,SRBench 2021
AFP_FE,feynman_test_7,Feynman,0.01,0.0,10.0,SRBench 2021
AFP_FE,feynman_test_7,Feynman,0.1,0.0,10.0,SRBench 2021
AFP_FE,feynman_test_8,Feynman,0.0,0.0,10.0,SRBench 2021
AFP_FE,feynman_test_8,Feynman,0.001,0.0,10.0,SRBench 2021
AFP_FE,feynman_test_8,Feynman,0.01,0.0,10.0,SRBench 2021
AFP_FE,feynman_test_8,Feynman,0.1,0.0,10.0,SRBench 2021
AFP_FE,feynman_test_9,Feynman,0.0,0.0,10.0,SRBench 2021
AFP_FE,feynman_test_9,Feynman,0.001,0.0,10.0,SRBench 2021
AFP_FE,feynman_test_9,Feynman,0.01,0.0,10.0,SRBench 2021
AFP_FE,feynman_test_9,Feynman,0.1,0.0,10.0,SRBench 2021
AFP_FE,strogatz_bacres1,Strogatz,0.0,0.0,10.0,SRBench 2021
AFP_FE,strogatz_bacres1,Strogatz,0.001,0.0,10.0,SRBench 2021
AFP_FE,strogatz_bacres1,Strogatz,0.01,0.0,10.0,SRBench 2021
AFP_FE,strogatz_bacres1,Strogatz,0.1,0.0,10.0,SRBench 2021
AFP_FE,strogatz_bacres2,Strogatz,0.0,0.0,10.0,SRBench 2021
AFP_FE,strogatz_bacres2,Strogatz,0.001,0.0,10.0,SRBench 2021
AFP_FE,strogatz_bacres2,Strogatz,0.01,0.0,10.0,SRBench 2021
AFP_FE,strogatz_bacres2,Strogatz,0.1,0.0,10.0,SRBench 2021
AFP_FE,strogatz_barmag1,Strogatz,0.0,0.0,10.0,SRBench 2021
AFP_FE,strogatz_barmag1,Strogatz,0.001,0.0,10.0,SRBench 2021
AFP_FE,strogatz_barmag1,Strogatz,0.01,0.0,10.0,SRBench 2021
AFP_FE,strogatz_barmag1,Strogatz,0.1,0.0,10.0,SRBench 2021
AFP_FE,strogatz_barmag2,Strogatz,0.0,0.0,10.0,SRBench 2021
AFP_FE,strogatz_barmag2,Strogatz,0.001,0.0,10.0,SRBench 2021
AFP_FE,strogatz_barmag2,Strogatz,0.01,0.0,10.0,SRBench 2021
AFP_FE,strogatz_barmag2,Strogatz,0.1,0.0,10.0,SRBench 2021
AFP_FE,strogatz_glider1,Strogatz,0.0,0.6,10.0,SRBench 2021
AFP_FE,strogatz_glider1,Strogatz,0.001,0.3,10.0,SRBench 2021
AFP_FE,strogatz_glider1,Strogatz,0.01,0.4,10.0,SRBench 2021
AFP_FE,strogatz_glider1,Strogatz,0.1,0.0,10.0,SRBench 2021
AFP_FE,strogatz_glider2,Strogatz,0.0,0.6,10.0,SRBench 2021
AFP_FE,strogatz_glider2,Strogatz,0.001,0.5,10.0,SRBench 2021
AFP_FE,strogatz_glider2,Strogatz,0.01,0.4,10.0,SRBench 2021
AFP_FE,strogatz_glider2,Strogatz,0.1,0.2,10.0,SRBench 2021
AFP_FE,strogatz_lv1,Strogatz,0.0,0.1,10.0,SRBench 2021
AFP_FE,strogatz_lv1,Strogatz,0.001,0.0,10.0,SRBench 2021
AFP_FE,strogatz_lv1,Strogatz,0.01,0.0,10.0,SRBench 2021
AFP_FE,strogatz_lv1,Strogatz,0.1,0.0,10.0,SRBench 2021
AFP_FE,strogatz_lv2,Strogatz,0.0,0.2,10.0,SRBench 2021
AFP_FE,strogatz_lv2,Strogatz,0.001,0.1,10.0,SRBench 2021
AFP_FE,strogatz_lv2,Strogatz,0.01,0.1,10.0,SRBench 2021
AFP_FE,strogatz_lv2,Strogatz,0.1,0.1,10.0,SRBench 2021
AFP_FE,strogatz_predprey1,Strogatz,0.0,0.0,10.0,SRBench 2021
AFP_FE,strogatz_predprey1,Strogatz,0.001,0.0,10.0,SRBench 2021
AFP_FE,strogatz_predprey1,Strogatz,0.01,0.0,10.0,SRBench 2021
AFP_FE,strogatz_predprey1,Strogatz,0.1,0.0,10.0,SRBench 2021
AFP_FE,strogatz_predprey2,Strogatz,0.0,0.0,10.0,SRBench 2021
AFP_FE,strogatz_predprey2,Strogatz,0.001,0.0,10.0,SRBench 2021
AFP_FE,strogatz_predprey2,Strogatz,0.01,0.0,10.0,SRBench 2021
AFP_FE,strogatz_predprey2,Strogatz,0.1,0.0,10.0,SRBench 2021
AFP_FE,strogatz_shearflow1,Strogatz,0.0,0.3,10.0,SRBench 2021
AFP_FE,strogatz_shearflow1,Strogatz,0.001,0.3,10.0,SRBench 2021
AFP_FE,strogatz_shearflow1,Strogatz,0.01,0.3,10.0,SRBench 2021
AFP_FE,strogatz_shearflow1,Strogatz,0.1,0.0,10.0,SRBench 2021
AFP_FE,strogatz_shearflow2,Strogatz,0.0,0.1,10.0,SRBench 2021
AFP_FE,strogatz_shearflow2,Strogatz,0.001,0.1,10.0,SRBench 2021
AFP_FE,strogatz_shearflow2,Strogatz,0.01,0.2,10.0,SRBench 2021
AFP_FE,strogatz_shearflow2,Strogatz,0.1,0.0,10.0,SRBench 2021
AFP_FE,strogatz_vdp1,Strogatz,0.0,0.1,10.0,SRBench 2021
AFP_FE,strogatz_vdp1,Strogatz,0.001,0.0,10.0,SRBench 2021
AFP_FE,strogatz_vdp1,Strogatz,0.01,0.0,10.0,SRBench 2021
AFP_FE,strogatz_vdp1,Strogatz,0.1,0.0,10.0,SRBench 2021
AFP_FE,strogatz_vdp2,Strogatz,0.0,0.8,10.0,SRBench 2021
AFP_FE,strogatz_vdp2,Strogatz,0.001,0.9,10.0,SRBench 2021
AFP_FE,strogatz_vdp2,Strogatz,0.01,0.5,10.0,SRBench 2021
AFP_FE,strogatz_vdp2,Strogatz,0.1,0.0,10.0,SRBench 2021
AIFeynman,feynman_III_10_19,Feynman,0.0,1.0,9.0,SRBench 2021
AIFeynman,feynman_III_10_19,Feynman,0.001,0.3,10.0,SRBench 2021
AIFeynman,feynman_III_10_19,Feynman,0.01,0.0,3.0,SRBench 2021
AIFeynman,feynman_III_10_19,Feynman,0.1,0.0,6.0,SRBench 2021
AIFeynman,feynman_III_12_43,Feynman,0.0,0.0,10.0,SRBench 2021
AIFeynman,feynman_III_12_43,Feynman,0.001,0.5,10.0,SRBench 2021
AIFeynman,feynman_III_12_43,Feynman,0.01,0.0,10.0,SRBench 2021
AIFeynman,feynman_III_12_43,Feynman,0.1,0.0,10.0,SRBench 2021
AIFeynman,feynman_III_13_18,Feynman,0.0,0.875,8.0,SRBench 2021
AIFeynman,feynman_III_13_18,Feynman,0.001,0.5,4.0,SRBench 2021
AIFeynman,feynman_III_13_18,Feynman,0.01,0.0,6.0,SRBench 2021
AIFeynman,feynman_III_13_18,Feynman,0.1,0.0,6.0,SRBench 2021
AIFeynman,feynman_III_14_14,Feynman,0.0,0.7,10.0,SRBench 2021
AIFeynman,feynman_III_14_14,Feynman,0.001,0.8,10.0,SRBench 2021
AIFeynman,feynman_III_14_14,Feynman,0.01,0.5,10.0,SRBench 2021
AIFeynman,feynman_III_14_14,Feynman,0.1,0.0,10.0,SRBench 2021
AIFeynman,feynman_III_15_12,Feynman,0.0,1.0,10.0,SRBench 2021
AIFeynman,feynman_III_15_12,Feynman,0.001,0.9,10.0,SRBench 2021
AIFeynman,feynman_III_15_12,Feynman,0.01,0.2,10.0,SRBench 2021
AIFeynman,feynman_III_15_12,Feynman,0.1,0.5,10.0,SRBench 2021
AIFeynman,feynman_III_15_14,Feynman,0.0,0.9,10.0,SRBench 2021
AIFeynman,feynman_III_15_14,Feynman,0.001,0.5,10.0,SRBench 2021
AIFeynman,feynman_III_15_14,Feynman,0.1,0.0,1.0,SRBench 2021
AIFeynman,feynman_III_15_27,Feynman,0.0,0.1111111111111111,9.0,SRBench 2021
AIFeynman,feynman_III_15_27,Feynman,0.001,0.8,10.0,SRBench 2021
AIFeynman,feynman_III_15_27,Feynman,0.01,0.2,10.0,SRBench 2021
AIFeynman,feynman_III_15_27,Feynman,0.1,0.0,10.0,SRBench 2021
AIFeynman,feynman_III_17_37,Feynman,0.0,1.0,10.0,SRBench 2021
AIFeynman,feynman_III_17_37,Feynman,0.001,0.9,10.0,SRBench 2021
AIFeynman,feynman_III_17_37,Feynman,0.01,0.2,10.0,SRBench 2021
AIFeynman,feynman_III_17_37,Feynman,0.1,0.0,10.0,SRBench 2021
AIFeynman,feynman_III_19_51,Feynman,0.0,0.0,8.0,SRBench 2021
AIFeynman,feynman_III_19_51,Feynman,0.001,0.0,10.0,SRBench 2021
AIFeynman,feynman_III_19_51,Feynman,0.01,0.0,10.0,SRBench 2021
AIFeynman,feynman_III_19_51,Feynman,0.1,0.0,9.0,SRBench 2021
AIFeynman,feynman_III_21_20,Feynman,0.0,1.0,10.0,SRBench 2021
AIFeynman,feynman_III_21_20,Feynman,0.001,0.5,10.0,SRBench 2021
AIFeynman,feynman_III_21_20,Feynman,0.01,0.1,10.0,SRBench 2021
AIFeynman,feynman_III_21_20,Feynman,0.1,0.0,4.0,SRBench 2021
AIFeynman,feynman_III_4_32,Feynman,0.0,0.0,10.0,SRBench 2021
AIFeynman,feynman_III_4_32,Feynman,0.001,0.0,10.0,SRBench 2021
AIFeynman,feynman_III_4_32,Feynman,0.01,0.0,10.0,SRBench 2021
AIFeynman,feynman_III_4_32,Feynman,0.1,0.0,10.0,SRBench 2021
AIFeynman,feynman_III_4_33,Feynman,0.0,0.0,9.0,SRBench 2021
AIFeynman,feynman_III_4_33,Feynman,0.001,0.0,10.0,SRBench 2021
AIFeynman,feynman_III_4_33,Feynman,0.01,0.0,10.0,SRBench 2021
AIFeynman,feynman_III_4_33,Feynman,0.1,0.0,10.0,SRBench 2021
AIFeynman,feynman_III_7_38,Feynman,0.0,1.0,10.0,SRBench 2021
AIFeynman,feynman_III_7_38,Feynman,0.001,0.5,4.0,SRBench 2021
AIFeynman,feynman_III_7_38,Feynman,0.01,0.4,5.0,SRBench 2021
AIFeynman,feynman_III_7_38,Feynman,0.1,0.0,3.0,SRBench 2021
AIFeynman,feynman_III_8_54,Feynman,0.001,0.0,10.0,SRBench 2021
AIFeynman,feynman_III_8_54,Feynman,0.01,0.0,10.0,SRBench 2021
AIFeynman,feynman_III_8_54,Feynman,0.1,0.0,10.0,SRBench 2021
AIFeynman,feynman_III_9_52,Feynman,0.0,0.0,4.0,SRBench 2021
AIFeynman,feynman_III_9_52,Feynman,0.001,0.0,8.0,SRBench 2021
AIFeynman,feynman_III_9_52,Feynman,0.01,0.0,3.0,SRBench 2021
AIFeynman,feynman_III_9_52,Feynman,0.1,0.0,3.0,SRBench 2021
AIFeynman,feynman_II_10_9,Feynman,0.0,1.0,10.0,SRBench 2021
AIFeynman,feynman_II_10_9,Feynman,0.001,0.8,10.0,SRBench 2021
AIFeynman,feynman_II_10_9,Feynman,0.01,0.2,10.0,SRBench 2021
AIFeynman,feynman_II_10_9,Feynman,0.1,0.1,10.0,SRBench 2021
AIFeynman,feynman_II_11_20,Feynman,0.0,1.0,10.0,SRBench 2021
AIFeynman,feynman_II_11_20,Feynman,0.001,0.9,10.0,SRBench 2021
AIFeynman,feynman_II_11_20,Feynman,0.01,1.0,10.0,SRBench 2021
AIFeynman,feynman_II_11_20,Feynman,0.1,0.0,10.0,SRBench 2021
AIFeynman,feynman_II_11_27,Feynman,0.0,0.7777777777777778,9.0,SRBench 2021
AIFeynman,feynman_II_11_27,Feynman,0.001,0.2,10.0,SRBench 2021
AIFeynman,feynman_II_11_27,Feynman,0.01,0.1,10.0,SRBench 2021
AIFeynman,feynman_II_11_27,Feynman,0.1,0.0,10.0,SRBench 2021
AIFeynman,feynman_II_11_28,Feynman,0.0,0.0,9.0,SRBench 2021
AIFeynman,feynman_II_11_28,Feynman,0.001,0.0,10.0,SRBench 2021
AIFeynman,feynman_II_11_28,Feynman,0.01,0.0,10.0,SRBench 2021
AIFeynman,feynman_II_11_28,Feynman,0.1,0.0,10.0,SRBench 2021
AIFeynman,feynman_II_11_3,Feynman,0.0,0.1111111111111111,9.0,SRBench 2021
AIFeynman,feynman_II_11_3,Feynman,0.001,0.0,10.0,SRBench 2021
AIFeynman,feynman_II_11_3,Feynman,0.01,0.0,10.0,SRBench 2021
AIFeynman,feynman_II_11_3,Feynman,0.1,0.0,10.0,SRBench 2021
AIFeynman,feynman_II_13_17,Feynman,0.0,1.0,10.0,SRBench 2021
AIFeynman,feynman_II_13_17,Feynman,0.001,1.0,10.0,SRBench 2021
AIFeynman,feynman_II_13_17,Feynman,0.1,0.0,2.0,SRBench 2021
AIFeynman,feynman_II_13_23,Feynman,0.0,1.0,9.0,SRBench 2021
AIFeynman,feynman_II_13_23,Feynman,0.001,0.9,10.0,SRBench 2021
AIFeynman,feynman_II_13_23,Feynman,0.01,0.1,10.0,SRBench 2021
AIFeynman,feynman_II_13_23,Feynman,0.1,0.0,10.0,SRBench 2021
AIFeynman,feynman_II_13_34,Feynman,0.0,0.0,10.0,SRBench 2021
AIFeynman,feynman_II_13_34,Feynman,0.001,0.0,10.0,SRBench 2021
AIFeynman,feynman_II_13_34,Feynman,0.01,0.0,10.0,SRBench 2021
AIFeynman,feynman_II_13_34,Feynman,0.1,0.0,10.0,SRBench 2021
AIFeynman,feynman_II_15_4,Feynman,0.0,1.0,10.0,SRBench 2021
AIFeynman,feynman_II_15_4,Feynman,0.001,0.7,10.0,SRBench 2021
AIFeynman,feynman_II_15_4,Feynman,0.01,0.1,10.0,SRBench 2021
AIFeynman,feynman_II_15_4,Feynman,0.1,0.0,10.0,SRBench 2021
AIFeynman,feynman_II_15_5,Feynman,0.0,1.0,9.0,SRBench 2021
AIFeynman,feynman_II_15_5,Feynman,0.001,0.9,10.0,SRBench 2021
AIFeynman,feynman_II_15_5,Feynman,0.01,0.2,10.0,SRBench 2021
AIFeynman,feynman_II_15_5,Feynman,0.1,0.0,10.0,SRBench 2021
AIFeynman,feynman_II_21_32,Feynman,0.0,1.0,4.0,SRBench 2021
AIFeynman,feynman_II_21_32,Feynman,0.001,1.0,5.0,SRBench 2021
AIFeynman,feynman_II_21_32,Feynman,0.01,0.8571428571428571,7.0,SRBench 2021
AIFeynman,feynman_II_24_17,Feynman,0.0,0.0,9.0,SRBench 2021
AIFeynman,feynman_II_24_17,Feynman,0.001,0.0,10.0,SRBench 2021
AIFeynman,feynman_II_24_17,Feynman,0.01,0.0,10.0,SRBench 2021
AIFeynman,feynman_II_24_17,Feynman,0.1,0.0,10.0,SRBench 2021
AIFeynman,feynman_II_27_16,Feynman,0.0,1.0,9.0,SRBench 2021
AIFeynman,feynman_II_27_16,Feynman,0.001,0.0,3.0,SRBench 2021
AIFeynman,feynman_II_27_16,Feynman,0.01,0.0,5.0,SRBench 2021
AIFeynman,feynman_II_27_16,Feynman,0.1,0.0,4.0,SRBench 2021
AIFeynman,feynman_II_27_18,Feynman,0.0,1.0,10.0,SRBench 2021
AIFeynman,feynman_II_27_18,Feynman,0.001,0.4,10.0,SRBench 2021
AIFeynman,feynman_II_27_18,Feynman,0.01,0.0,8.0,SRBench 2021
AIFeynman,feynman_II_27_18,Feynman,0.1,0.0,5.0,SRBench 2021
AIFeynman,feynman_II_2_42,Feynman,0.0,1.0,10.0,SRBench 2021
AIFeynman,feynman_II_2_42,Feynman,0.001,0.7,10.0,SRBench 2021
AIFeynman,feynman_II_2_42,Feynman,0.01,0.7,10.0,SRBench 2021
AIFeynman,feynman_II_2_42,Feynman,0.1,0.1,10.0,SRBench 2021
AIFeynman,feynman_II_34_11,Feynman,0.0,1.0,10.0,SRBench 2021
AIFeynman,feynman_II_34_11,Feynman,0.001,0.3,10.0,SRBench 2021
AIFeynman,feynman_II_34_11,Feynman,0.01,0.4,10.0,SRBench 2021
AIFeynman,feynman_II_34_11,Feynman,0.1,0.0,10.0,SRBench 2021
AIFeynman,feynman_II_34_2,Feynman,0.0,1.0,10.0,SRBench 2021
AIFeynman,feynman_II_34_2,Feynman,0.001,0.3,10.0,SRBench 2021
AIFeynman,feynman_II_34_2,Feynman,0.01,0.1,10.0,SRBench 2021
AIFeynman,feynman_II_34_2,Feynman,0.1,0.0,5.0,SRBench 2021
AIFeynman,feynman_II_34_29a,Feynman,0.0,0.6,10.0,SRBench 2021
AIFeynman,feynman_II_34_29a,Feynman,0.001,0.7,10.0,SRBench 2021
AIFeynman,feynman_II_34_29a,Feynman,0.01,0.3,10.0,SRBench 2021
AIFeynman,feynman_II_34_29a,Feynman,0.1,0.1,10.0,SRBench 2021
AIFeynman,feynman_II_34_29b,Feynman,0.0,0.9,10.0,SRBench 2021
AIFeynman,feynman_II_34_29b,Feynman,0.001,0.0,3.0,SRBench 2021
AIFeynman,feynman_II_34_29b,Feynman,0.01,0.0,5.0,SRBench 2021
AIFeynman,feynman_II_34_29b,Feynman,0.1,0.0,5.0,SRBench 2021
AIFeynman,feynman_II_34_2a,Feynman,0.0,0.5555555555555556,9.0,SRBench 2021
AIFeynman,feynman_II_34_2a,Feynman,0.001,0.3,10.0,SRBench 2021
AIFeynman,feynman_II_34_2a,Feynman,0.01,0.2,10.0,SRBench 2021
AIFeynman,feynman_II_34_2a,Feynman,0.1,0.0,10.0,SRBench 2021
AIFeynman,feynman_II_35_18,Feynman,0.0,0.0,9.0,SRBench 2021
AIFeynman,feynman_II_35_18,Feynman,0.001,0.0,10.0,SRBench 2021
AIFeynman,feynman_II_35_18,Feynman,0.01,0.0,9.0,SRBench 2021
AIFeynman,feynman_II_35_18,Feynman,0.1,0.0,10.0,SRBench 2021
AIFeynman,feynman_II_35_21,Feynman,0.0,0.0,10.0,SRBench 2021
AIFeynman,feynman_II_35_21,Feynman,0.001,0.0,10.0,SRBench 2021
AIFeynman,feynman_II_35_21,Feynman,0.01,0.0,10.0,SRBench 2021
AIFeynman,feynman_II_35_21,Feynman,0.1,0.0,10.0,SRBench 2021
AIFeynman,feynman_II_36_38,Feynman,0.0,0.0,10.0,SRBench 2021
AIFeynman,feynman_II_36_38,Feynman,0.001,0.0,10.0,SRBench 2021
AIFeynman,feynman_II_36_38,Feynman,0.01,0.0,10.0,SRBench 2021
AIFeynman,feynman_II_36_38,Feynman,0.1,0.0,10.0,SRBench 2021
AIFeynman,feynman_II_37_1,Feynman,0.0,1.0,10.0,SRBench 2021
AIFeynman,feynman_II_37_1,Feynman,0.001,0.2,10.0,SRBench 2021
AIFeynman,feynman_II_37_1,Feynman,0.01,0.0,6.0,SRBench 2021
AIFeynman,feynman_II_37_1,Feynman,0.1,0.0,2.0,SRBench 2021
AIFeynman,feynman_II_38_14,Feynman,0.0,1.0,10.0,SRBench 2021
AIFeynman,feynman_II_38_14,Feynman,0.001,0.6,10.0,SRBench 2021
AIFeynman,feynman_II_38_14,Feynman,0.01,0.4,10.0,SRBench 2021
AIFeynman,feynman_II_38_14,Feynman,0.1,0.0,10.0,SRBench 2021
AIFeynman,feynman_II_38_3,Feynman,0.0,0.9,10.0,SRBench 2021
AIFeynman,feynman_II_38_3,Feynman,0.001,0.3,10.0,SRBench 2021
AIFeynman,feynman_II_38_3,Feynman,0.01,0.1,10.0,SRBench 2021
AIFeynman,feynman_II_38_3,Feynman,0.1,0.0,10.0,SRBench 2021
AIFeynman,feynman_II_3_24,Feynman,0.0,1.0,10.0,SRBench 2021
AIFeynman,feynman_II_3_24,Feynman,0.001,0.3,10.0,SRBench 2021
AIFeynman,feynman_II_3_24,Feynman,0.01,0.0,10.0,SRBench 2021
AIFeynman,feynman_II_3_24,Feynman,0.1,0.0,1.0,SRBench 2021
AIFeynman,feynman_II_4_23,Feynman,0.0,1.0,10.0,SRBench 2021
AIFeynman,feynman_II_4_23,Feynman,0.001,0.6,10.0,SRBench 2021
AIFeynman,feynman_II_4_23,Feynman,0.01,0.3,10.0,SRBench 2021
AIFeynman,feynman_II_4_23,Feynman,0.1,0.0,1.0,SRBench 2021
AIFeynman,feynman_II_6_11,Feynman,0.0,1.0,9.0,SRBench 2021
AIFeynman,feynman_II_6_11,Feynman,0.001,0.3,10.0,SRBench 2021
AIFeynman,feynman_II_6_11,Feynman,0.01,0.0,1.0,SRBench 2021
AIFeynman,feynman_II_6_11,Feynman,0.1,0.0,2.0,SRBench 2021
AIFeynman,feynman_II_6_15a,Feynman,0.0,0.0,8.0,SRBench 2021
AIFeynman,feynman_II_6_15a,Feynman,0.001,0.0,10.0,SRBench 2021
AIFeynman,feynman_II_6_15a,Feynman,0.01,0.0,5.0,SRBench 2021
AIFeynman,feynman_II_6_15a,Feynman,0.1,0.0,9.0,SRBench 2021
AIFeynman,feynman_II_6_15b,Feynman,0.0,0.0,9.0,SRBench 2021
AIFeynman,feynman_II_6_15b,Feynman,0.001,0.0,10.0,SRBench 2021
AIFeynman,feynman_II_6_15b,Feynman,0.01,0.0,2.0,SRBench 2021
AIFeynman,feynman_II_6_15b,Feynman,0.1,0.0,4.0,SRBench 2021
AIFeynman,feynman_II_8_31,Feynman,0.0,1.0,10.0,SRBench 2021
AIFeynman,feynman_II_8_31,Feynman,0.001,0.1,10.0,SRBench 2021
AIFeynman,feynman_II_8_31,Feynman,0.01,0.0,10.0,SRBench 2021
AIFeynman,feynman_II_8_31,Feynman,0.1,0.0,10.0,SRBench 2021
AIFeynman,feynman_II_8_7,Feynman,0.0,1.0,9.0,SRBench 2021
AIFeynman,feynman_II_8_7,Feynman,0.001,1.0,10.0,SRBench 2021
AIFeynman,feynman_II_8_7,Feynman,0.01,0.5,10.0,SRBench 2021
AIFeynman,feynman_II_8_7,Feynman,0.1,0.0,8.0,SRBench 2021
AIFeynman,feynman_I_10_7,Feynman,0.0,0.8888888888888888,9.0,SRBench 2021
AIFeynman,feynman_I_10_7,Feynman,0.001,1.0,10.0,SRBench 2021
AIFeynman,feynman_I_10_7,Feynman,0.01,0.2,10.0,SRBench 2021
AIFeynman,feynman_I_10_7,Feynman,0.1,0.0,10.0,SRBench 2021
AIFeynman,feynman_I_11_19,Feynman,0.0,0.0,9.0,SRBench 2021
AIFeynman,feynman_I_11_19,Feynman,0.001,0.0,10.0,SRBench 2021
AIFeynman,feynman_I_11_19,Feynman,0.01,0.0,4.0,SRBench 2021
AIFeynman,feynman_I_11_19,Feynman,0.1,0.0,6.0,SRBench 2021
AIFeynman,feynman_I_12_1,Feynman,0.0,1.0,10.0,SRBench 2021
AIFeynman,feynman_I_12_1,Feynman,0.001,0.3,10.0,SRBench 2021
AIFeynman,feynman_I_12_1,Feynman,0.01,0.0,10.0,SRBench 2021
AIFeynman,feynman_I_12_1,Feynman,0.1,0.0,10.0,SRBench 2021
AIFeynman,feynman_I_12_11,Feynman,0.0,1.0,9.0,SRBench 2021
AIFeynman,feynman_I_12_11,Feynman,0.001,0.7,10.0,SRBench 2021
AIFeynman,feynman_I_12_11,Feynman,0.01,0.0,6.0,SRBench 2021
AIFeynman,feynman_I_12_11,Feynman,0.1,0.0,4.0,SRBench 2021
AIFeynman,feynman_I_12_2,Feynman,0.0,1.0,10.0,SRBench 2021
AIFeynman,feynman_I_12_2,Feynman,0.001,0.7,10.0,SRBench 2021
AIFeynman,feynman_I_12_2,Feynman,0.01,0.2,10.0,SRBench 2021
AIFeynman,feynman_I_12_2,Feynman,0.1,0.0,10.0,SRBench 2021
AIFeynman,feynman_I_12_4,Feynman,0.0,1.0,10.0,SRBench 2021
AIFeynman,feynman_I_12_4,Feynman,0.001,0.6,10.0,SRBench 2021
AIFeynman,feynman_I_12_5,Feynman,0.0,1.0,10.0,SRBench 2021
AIFeynman,feynman_I_12_5,Feynman,0.001,0.5,10.0,SRBench 2021
AIFeynman,feynman_I_12_5,Feynman,0.01,0.0,10.0,SRBench 2021
AIFeynman,feynman_I_12_5,Feynman,0.1,0.0,10.0,SRBench 2021
AIFeynman,feynman_I_13_12,Feynman,0.0,1.0,10.0,SRBench 2021
AIFeynman,feynman_I_13_12,Feynman,0.001,0.9,10.0,SRBench 2021
AIFeynman,feynman_I_13_12,Feynman,0.01,0.4,10.0,SRBench 2021
AIFeynman,feynman_I_13_12,Feynman,0.1,0.0,10.0,SRBench 2021
AIFeynman,feynman_I_13_4,Feynman,0.0,1.0,10.0,SRBench 2021
AIFeynman,feynman_I_13_4,Feynman,0.001,0.2,5.0,SRBench 2021
AIFeynman,feynman_I_13_4,Feynman,0.01,0.3333333333333333,3.0,SRBench 2021
AIFeynman,feynman_I_13_4,Feynman,0.1,0.0,8.0,SRBench 2021
AIFeynman,feynman_I_14_3,Feynman,0.0,1.0,10.0,SRBench 2021
AIFeynman,feynman_I_14_3,Feynman,0.001,0.5,10.0,SRBench 2021
AIFeynman,feynman_I_14_3,Feynman,0.01,0.0,8.0,SRBench 2021
AIFeynman,feynman_I_14_3,Feynman,0.1,0.0,6.0,SRBench 2021
AIFeynman,feynman_I_14_4,Feynman,0.0,1.0,10.0,SRBench 2021
AIFeynman,feynman_I_14_4,Feynman,0.001,0.2,10.0,SRBench 2021
AIFeynman,feynman_I_14_4,Feynman,0.01,0.0,10.0,SRBench 2021
AIFeynman,feynman_I_14_4,Feynman,0.1,0.0,10.0,SRBench 2021
AIFeynman,feynman_I_15_10,Feynman,0.0,0.0,9.0,SRBench 2021
AIFeynman,feynman_I_15_10,Feynman,0.001,0.0,10.0,SRBench 2021
AIFeynman,feynman_I_15_10,Feynman,0.01,0.0,10.0,SRBench 2021
AIFeynman,feynman_I_15_10,Feynman,0.1,0.0,10.0,SRBench 2021
AIFeynman,feynman_I_15_3t,Feynman,0.0,0.0,9.0,SRBench 2021
AIFeynman,feynman_I_15_3t,Feynman,0.001,0.0,10.0,SRBench 2021
AIFeynman,feynman_I_15_3t,Feynman,0.01,0.0,10.0,SRBench 2021
AIFeynman,feynman_I_15_3t,Feynman,0.1,0.0,10.0,SRBench 2021
AIFeynman,feynman_I_15_3x,Feynman,0.0,0.0,10.0,SRBench 2021
AIFeynman,feynman_I_15_3x,Feynman,0.001,0.0,10.0,SRBench 2021
AIFeynman,feynman_I_15_3x,Feynman,0.01,0.0,10.0,SRBench 2021
AIFeynman,feynman_I_15_3x,Feynman,0.1,0.0,10.0,SRBench 2021
AIFeynman,feynman_I_16_6,Feynman,0.0,0.0,10.0,SRBench 2021
AIFeynman,feynman_I_16_6,Feynman,0.001,0.0,10.0,SRBench 2021
AIFeynman,feynman_I_16_6,Feynman,0.01,0.0,10.0,SRBench 2021
AIFeynman,feynman_I_16_6,Feynman,0.1,0.0,10.0,SRBench 2021
AIFeynman,feynman_I_18_12,Feynman,0.0,1.0,10.0,SRBench 2021
AIFeynman,feynman_I_18_12,Feynman,0.001,0.6,10.0,SRBench 2021
AIFeynman,feynman_I_18_12,Feynman,0.01,0.1,10.0,SRBench 2021
AIFeynman,feynman_I_18_12,Feynman,0.1,0.0,10.0,SRBench 2021
AIFeynman,feynman_I_18_14,Feynman,0.0,1.0,9.0,SRBench 2021
AIFeynman,feynman_I_18_14,Feynman,0.001,0.3,10.0,SRBench 2021
AIFeynman,feynman_I_18_14,Feynman,0.01,0.0,5.0,SRBench 2021
AIFeynman,feynman_I_18_14,Feynman,0.1,0.0,10.0,SRBench 2021
AIFeynman,feynman_I_18_4,Feynman,0.0,1.0,9.0,SRBench 2021
AIFeynman,feynman_I_18_4,Feynman,0.001,1.0,10.0,SRBench 2021
AIFeynman,feynman_I_18_4,Feynman,0.01,0.9,10.0,SRBench 2021
AIFeynman,feynman_I_18_4,Feynman,0.1,0.0,10.0,SRBench 2021
AIFeynman,feynman_I_24_6,Feynman,0.0,0.8888888888888888,9.0,SRBench 2021
AIFeynman,feynman_I_24_6,Feynman,0.001,0.0,10.0,SRBench 2021
AIFeynman,feynman_I_24_6,Feynman,0.01,0.0,10.0,SRBench 2021
AIFeynman,feynman_I_24_6,Feynman,0.1,0.0,10.0,SRBench 2021
AIFeynman,feynman_I_25_13,Feynman,0.0,1.0,10.0,SRBench 2021
AIFeynman,feynman_I_25_13,Feynman,0.001,0.4,10.0,SRBench 2021
AIFeynman,feynman_I_25_13,Feynman,0.01,0.0,10.0,SRBench 2021
AIFeynman,feynman_I_25_13,Feynman,0.1,0.0,10.0,SRBench 2021
AIFeynman,feynman_I_27_6,Feynman,0.0,1.0,10.0,SRBench 2021
AIFeynman,feynman_I_27_6,Feynman,0.001,0.9,10.0,SRBench 2021
AIFeynman,feynman_I_27_6,Feynman,0.01,1.0,10.0,SRBench 2021
AIFeynman,feynman_I_27_6,Feynman,0.1,0.0,10.0,SRBench 2021
AIFeynman,feynman_I_29_16,Feynman,0.0,0.0,10.0,SRBench 2021
AIFeynman,feynman_I_29_16,Feynman,0.001,0.0,10.0,SRBench 2021
AIFeynman,feynman_I_29_16,Feynman,0.01,0.0,10.0,SRBench 2021
AIFeynman,feynman_I_29_16,Feynman,0.1,0.0,10.0,SRBench 2021
AIFeynman,feynman_I_29_4,Feynman,0.0,1.0,10.0,SRBench 2021
AIFeynman,feynman_I_29_4,Feynman,0.001,0.7,10.0,SRBench 2021
AIFeynman,feynman_I_29_4,Feynman,0.01,0.0,10.0,SRBench 2021
AIFeynman,feynman_I_29_4,Feynman,0.1,0.0,10.0,SRBench 2021
AIFeynman,feynman_I_30_3,Feynman,0.0,0.9,10.0,SRBench 2021
AIFeynman,feynman_I_30_3,Feynman,0.001,0.4,10.0,SRBench 2021
AIFeynman,feynman_I_30_3,Feynman,0.01,0.0,10.0,SRBench 2021
AIFeynman,feynman_I_30_3,Feynman,0.1,0.0,10.0,SRBench 2021
AIFeynman,feynman_I_32_17,Feynman,0.0,0.0,8.0,SRBench 2021
AIFeynman,feynman_I_32_17,Feynman,0.001,0.0,10.0,SRBench 2021
AIFeynman,feynman_I_32_17,Feynman,0.01,0.0,10.0,SRBench 2021
AIFeynman,feynman_I_32_17,Feynman,0.1,0.0,10.0,SRBench 2021
AIFeynman,feynman_I_32_5,Feynman,0.0,1.0,10.0,SRBench 2021
AIFeynman,feynman_I_32_5,Feynman,0.001,0.8,10.0,SRBench 2021
AIFeynman,feynman_I_32_5,Feynman,0.01,0.0,10.0,SRBench 2021
AIFeynman,feynman_I_32_5,Feynman,0.1,0.0,10.0,SRBench 2021
AIFeynman,feynman_I_34_1,Feynman,0.0,1.0,10.0,SRBench 2021
AIFeynman,feynman_I_34_1,Feynman,0.001,0.6,10.0,SRBench 2021
AIFeynman,feynman_I_34_1,Feynman,0.01,0.2,10.0,SRBench 2021
AIFeynman,feynman_I_34_1,Feynman,0.1,0.0,10.0,SRBench 2021
AIFeynman,feynman_I_34_14,Feynman,0.0,0.0,10.0,SRBench 2021
AIFeynman,feynman_I_34_14,Feynman,0.001,0.0,10.0,SRBench 2021
AIFeynman,feynman_I_34_14,Feynman,0.01,0.0,10.0,SRBench 2021
AIFeynman,feynman_I_34_14,Feynman,0.1,0.0,10.0,SRBench 2021
AIFeynman,feynman_I_34_27,Feynman,0.0,0.0,10.0,SRBench 2021
AIFeynman,feynman_I_34_27,Feynman,0.001,0.4,10.0,SRBench 2021
AIFeynman,feynman_I_34_27,Feynman,0.01,0.2,10.0,SRBench 2021
AIFeynman,feynman_I_34_27,Feynman,0.1,0.0,10.0,SRBench 2021
AIFeynman,feynman_I_34_8,Feynman,0.0,1.0,9.0,SRBench 2021
AIFeynman,feynman_I_34_8,Feynman,0.001,0.1,10.0,SRBench 2021
AIFeynman,feynman_I_34_8,Feynman,0.01,0.1,10.0,SRBench 2021
AIFeynman,feynman_I_34_8,Feynman,0.1,0.0,10.0,SRBench 2021
AIFeynman,feynman_I_37_4,Feynman,0.0,0.0,9.0,SRBench 2021
AIFeynman,feynman_I_37_4,Feynman,0.001,0.0,10.0,SRBench 2021
AIFeynman,feynman_I_37_4,Feynman,0.01,0.0,10.0,SRBench 2021
AIFeynman,feynman_I_37_4,Feynman,0.1,0.0,10.0,SRBench 2021
AIFeynman,feynman_I_38_12,Feynman,0.0,0.8888888888888888,9.0,SRBench 2021
AIFeynman,feynman_I_38_12,Feynman,0.001,0.9,10.0,SRBench 2021
AIFeynman,feynman_I_38_12,Feynman,0.01,0.6,10.0,SRBench 2021
AIFeynman,feynman_I_38_12,Feynman,0.1,0.0,10.0,SRBench 2021
AIFeynman,feynman_I_39_1,Feynman,0.0,1.0,10.0,SRBench 2021
AIFeynman,feynman_I_39_1,Feynman,0.001,0.5,10.0,SRBench 2021
AIFeynman,feynman_I_39_1,Feynman,0.01,0.0,10.0,SRBench 2021
AIFeynman,feynman_I_39_1,Feynman,0.1,0.0,5.0,SRBench 2021
AIFeynman,feynman_I_39_11,Feynman,0.0,1.0,9.0,SRBench 2021
AIFeynman,feynman_I_39_11,Feynman,0.001,0.4,10.0,SRBench 2021
AIFeynman,feynman_I_39_11,Feynman,0.01,0.2,10.0,SRBench 2021
AIFeynman,feynman_I_39_11,Feynman,0.1,0.0,10.0,SRBench 2021
AIFeynman,feynman_I_39_22,Feynman,0.0,1.0,10.0,SRBench 2021
AIFeynman,feynman_I_39_22,Feynman,0.001,0.5,10.0,SRBench 2021
AIFeynman,feynman_I_39_22,Feynman,0.01,0.2,10.0,SRBench 2021
AIFeynman,feynman_I_39_22,Feynman,0.1,0.0,10.0,SRBench 2021
AIFeynman,feynman_I_40_1,Feynman,0.0,0.6666666666666666,9.0,SRBench 2021
AIFeynman,feynman_I_40_1,Feynman,0.001,0.1428571428571428,7.0,SRBench 2021
AIFeynman,feynman_I_40_1,Feynman,0.01,0.0,10.0,SRBench 2021
AIFeynman,feynman_I_40_1,Feynman,0.1,0.0,10.0,SRBench 2021
AIFeynman,feynman_I_41_16,Feynman,0.0,0.0,10.0,SRBench 2021
AIFeynman,feynman_I_41_16,Feynman,0.001,0.0,10.0,SRBench 2021
AIFeynman,feynman_I_41_16,Feynman,0.01,0.0,10.0,SRBench 2021
AIFeynman,feynman_I_41_16,Feynman,0.1,0.0,10.0,SRBench 2021
AIFeynman,feynman_I_43_16,Feynman,0.0,1.0,10.0,SRBench 2021
AIFeynman,feynman_I_43_16,Feynman,0.001,0.6,10.0,SRBench 2021
AIFeynman,feynman_I_43_16,Feynman,0.01,0.2,10.0,SRBench 2021
AIFeynman,feynman_I_43_16,Feynman,0.1,0.0,10.0,SRBench 2021
AIFeynman,feynman_I_43_31,Feynman,0.0,1.0,9.0,SRBench 2021
AIFeynman,feynman_I_43_31,Feynman,0.001,0.4,10.0,SRBench 2021
AIFeynman,feynman_I_43_31,Feynman,0.01,0.0,5.0,SRBench 2021
AIFeynman,feynman_I_43_31,Feynman,0.1,0.0,5.0,SRBench 2021
AIFeynman,feynman_I_43_43,Feynman,0.0,1.0,9.0,SRBench 2021
AIFeynman,feynman_I_43_43,Feynman,0.001,0.8,10.0,SRBench 2021
AIFeynman,feynman_I_43_43,Feynman,0.01,0.2,10.0,SRBench 2021
AIFeynman,feynman_I_43_43,Feynman,0.1,0.0,10.0,SRBench 2021
AIFeynman,feynman_I_44_4,Feynman,0.0,0.9,10.0,SRBench 2021
AIFeynman,feynman_I_44_4,Feynman,0.001,0.6,10.0,SRBench 2021
AIFeynman,feynman_I_44_4,Feynman,0.01,0.6,10.0,SRBench 2021
AIFeynman,feynman_I_44_4,Feynman,0.1,0.0,10.0,SRBench 2021
AIFeynman,feynman_I_47_23,Feynman,0.0,1.0,9.0,SRBench 2021
AIFeynman,feynman_I_47_23,Feynman,0.001,0.0,10.0,SRBench 2021
AIFeynman,feynman_I_47_23,Feynman,0.01,0.1,10.0,SRBench 2021
AIFeynman,feynman_I_47_23,Feynman,0.1,0.0,10.0,SRBench 2021
AIFeynman,feynman_I_48_2,Feynman,0.0,0.0,8.0,SRBench 2021
AIFeynman,feynman_I_48_2,Feynman,0.001,0.0,5.0,SRBench 2021
AIFeynman,feynman_I_48_2,Feynman,0.01,0.0,3.0,SRBench 2021
AIFeynman,feynman_I_48_2,Feynman,0.1,0.0,5.0,SRBench 2021
AIFeynman,feynman_I_50_26,Feynman,0.0,0.0,10.0,SRBench 2021
AIFeynman,feynman_I_50_26,Feynman,0.001,0.0,10.0,SRBench 2021
AIFeynman,feynman_I_50_26,Feynman,0.01,0.0,10.0,SRBench 2021
AIFeynman,feynman_I_50_26,Feynman,0.1,0.0,10.0,SRBench 2021
AIFeynman,feynman_I_6_2,Feynman,0.0,0.0,9.0,SRBench 2021
AIFeynman,feynman_I_6_2,Feynman,0.001,0.0,10.0,SRBench 2021
AIFeynman,feynman_I_6_2,Feynman,0.01,0.0,10.0,SRBench 2021
AIFeynman,feynman_I_6_2,Feynman,0.1,0.0,10.0,SRBench 2021
AIFeynman,feynman_I_6_2a,Feynman,0.0,0.8,10.0,SRBench 2021
AIFeynman,feynman_I_6_2a,Feynman,0.001,0.6,10.0,SRBench 2021
AIFeynman,feynman_I_6_2a,Feynman,0.01,0.3,10.0,SRBench 2021
AIFeynman,feynman_I_6_2a,Feynman,0.1,0.0,3.0,SRBench 2021
AIFeynman,feynman_I_6_2b,Feynman,0.0,0.0,9.0,SRBench 2021
AIFeynman,feynman_I_6_2b,Feynman,0.001,0.0,10.0,SRBench 2021
AIFeynman,feynman_I_6_2b,Feynman,0.01,0.0,10.0,SRBench 2021
AIFeynman,feynman_I_6_2b,Feynman,0.1,0.0,10.0,SRBench 2021
AIFeynman,feynman_I_8_14,Feynman,0.0,0.0,9.0,SRBench 2021
AIFeynman,feynman_I_8_14,Feynman,0.001,0.0,10.0,SRBench 2021
AIFeynman,feynman_I_8_14,Feynman,0.01,0.0,10.0,SRBench 2021
AIFeynman,feynman_I_8_14,Feynman,0.1,0.0,10.0,SRBench 2021
AIFeynman,feynman_I_9_18,Feynman,0.0,0.0,9.0,SRBench 2021
AIFeynman,feynman_I_9_18,Feynman,0.001,0.0,10.0,SRBench 2021
AIFeynman,feynman_I_9_18,Feynman,0.01,0.0,10.0,SRBench 2021
AIFeynman,feynman_I_9_18,Feynman,0.1,0.0,10.0,SRBench 2021
AIFeynman,feynman_test_1,Feynman,0.0,0.0,8.0,SRBench 2021
AIFeynman,feynman_test_1,Feynman,0.001,0.0,10.0,SRBench 2021
AIFeynman,feynman_test_1,Feynman,0.01,0.0,10.0,SRBench 2021
AIFeynman,feynman_test_1,Feynman,0.1,0.0,10.0,SRBench 2021
AIFeynman,feynman_test_11,Feynman,0.0,1.0,9.0,SRBench 2021
AIFeynman,feynman_test_11,Feynman,0.001,1.0,10.0,SRBench 2021
AIFeynman,feynman_test_11,Feynman,0.01,0.8,10.0,SRBench 2021
AIFeynman,feynman_test_11,Feynman,0.1,0.0,10.0,SRBench 2021
AIFeynman,feynman_test_12,Feynman,0.0,0.0,9.0,SRBench 2021
AIFeynman,feynman_test_12,Feynman,0.001,0.0,10.0,SRBench 2021
AIFeynman,feynman_test_12,Feynman,0.01,0.0,10.0,SRBench 2021
AIFeynman,feynman_test_12,Feynman,0.1,0.0,7.0,SRBench 2021
AIFeynman,feynman_test_13,Feynman,0.1,0.0,2.0,SRBench 2021
AIFeynman,feynman_test_14,Feynman,0.0,0.0,10.0,SRBench 2021
AIFeynman,feynman_test_14,Feynman,0.001,0.0,10.0,SRBench 2021
AIFeynman,feynman_test_14,Feynman,0.01,0.0,10.0,SRBench 2021
AIFeynman,feynman_test_14,Feynman,0.1,0.0,10.0,SRBench 2021
AIFeynman,feynman_test_15,Feynman,0.0,0.0,9.0,SRBench 2021
AIFeynman,feynman_test_15,Feynman,0.001,0.0,10.0,SRBench 2021
AIFeynman,feynman_test_15,Feynman,0.01,0.0,10.0,SRBench 2021
AIFeynman,feynman_test_15,Feynman,0.1,0.0,10.0,SRBench 2021
AIFeynman,feynman_test_16,Feynman,0.0,0.0,6.0,SRBench 2021
AIFeynman,feynman_test_16,Feynman,0.001,0.0,7.0,SRBench 2021
AIFeynman,feynman_test_16,Feynman,0.01,0.0,4.0,SRBench 2021
AIFeynman,feynman_test_16,Feynman,0.1,0.0,3.0,SRBench 2021
AIFeynman,feynman_test_17,Feynman,0.0,0.0,5.0,SRBench 2021
AIFeynman,feynman_test_17,Feynman,0.001,0.0,8.0,SRBench 2021
AIFeynman,feynman_test_17,Feynman,0.01,0.0,5.0,SRBench 2021
AIFeynman,feynman_test_17,Feynman,0.1,0.0,4.0,SRBench 2021
AIFeynman,feynman_test_18,Feynman,0.0,0.0,9.0,SRBench 2021
AIFeynman,feynman_test_18,Feynman,0.001,0.0,10.0,SRBench 2021
AIFeynman,feynman_test_18,Feynman,0.01,0.0,10.0,SRBench 2021
AIFeynman,feynman_test_18,Feynman,0.1,0.0,10.0,SRBench 2021
AIFeynman,feynman_test_19,Feynman,0.0,0.0,10.0,SRBench 2021
AIFeynman,feynman_test_19,Feynman,0.001,0.0,10.0,SRBench 2021
AIFeynman,feynman_test_19,Feynman,0.01,0.0,10.0,SRBench 2021
AIFeynman,feynman_test_19,Feynman,0.1,0.0,10.0,SRBench 2021
AIFeynman,feynman_test_2,Feynman,0.0,0.0,9.0,SRBench 2021
AIFeynman,feynman_test_2,Feynman,0.001,0.0,10.0,SRBench 2021
AIFeynman,feynman_test_2,Feynman,0.01,0.0,10.0,SRBench 2021
AIFeynman,feynman_test_2,Feynman,0.1,0.0,10.0,SRBench 2021
AIFeynman,feynman_test_20,Feynman,0.0,0.0,8.0,SRBench 2021
AIFeynman,feynman_test_20,Feynman,0.001,0.0,10.0,SRBench 2021
AIFeynman,feynman_test_20,Feynman,0.01,0.0,10.0,SRBench 2021
AIFeynman,feynman_test_20,Feynman,0.1,0.0,10.0,SRBench 2021
AIFeynman,feynman_test_3,Feynman,0.0,0.2222222222222222,9.0,SRBench 2021
AIFeynman,feynman_test_3,Feynman,0.001,0.2,10.0,SRBench 2021
AIFeynman,feynman_test_3,Feynman,0.01,0.0,10.0,SRBench 2021
AIFeynman,feynman_test_3,Feynman,0.1,0.0,10.0,SRBench 2021
AIFeynman,feynman_test_4,Feynman,0.0,0.0,10.0,SRBench 2021
AIFeynman,feynman_test_4,Feynman,0.001,0.0,10.0,SRBench 2021
AIFeynman,feynman_test_4,Feynman,0.01,0.0,10.0,SRBench 2021
AIFeynman,feynman_test_4,Feynman,0.1,0.0,10.0,SRBench 2021
AIFeynman,feynman_test_5,Feynman,0.0,0.0,10.0,SRBench 2021
AIFeynman,feynman_test_5,Feynman,0.001,0.0,10.0,SRBench 2021
AIFeynman,feynman_test_5,Feynman,0.01,0.1,10.0,SRBench 2021
AIFeynman,feynman_test_5,Feynman,0.1,0.0,10.0,SRBench 2021
AIFeynman,feynman_test_6,Feynman,0.0,0.0,10.0,SRBench 2021
AIFeynman,feynman_test_6,Feynman,0.001,0.0,10.0,SRBench 2021
AIFeynman,feynman_test_6,Feynman,0.01,0.0,10.0,SRBench 2021
AIFeynman,feynman_test_6,Feynman,0.1,0.0,10.0,SRBench 2021
AIFeynman,feynman_test_7,Feynman,0.0,0.0,9.0,SRBench 2021
AIFeynman,feynman_test_7,Feynman,0.001,0.0,10.0,SRBench 2021
AIFeynman,feynman_test_7,Feynman,0.01,0.0,10.0,SRBench 2021
AIFeynman,feynman_test_7,Feynman,0.1,0.0,10.0,SRBench 2021
AIFeynman,feynman_test_8,Feynman,0.0,1.0,9.0,SRBench 2021
AIFeynman,feynman_test_8,Feynman,0.001,0.9,10.0,SRBench 2021
AIFeynman,feynman_test_8,Feynman,0.01,0.5,10.0,SRBench 2021
AIFeynman,feynman_test_8,Feynman,0.1,0.0,10.0,SRBench 2021
AIFeynman,feynman_test_9,Feynman,0.0,0.0,7.0,SRBench 2021
AIFeynman,feynman_test_9,Feynman,0.001,0.0,4.0,SRBench 2021
AIFeynman,feynman_test_9,Feynman,0.01,0.0,5.0,SRBench 2021
AIFeynman,feynman_test_9,Feynman,0.1,0.0,6.0,SRBench 2021
AIFeynman,strogatz_bacres1,Strogatz,0.0,0.0,10.0,SRBench 2021
AIFeynman,strogatz_bacres1,Strogatz,0.001,0.0,10.0,SRBench 2021
AIFeynman,strogatz_bacres1,Strogatz,0.01,0.0,10.0,SRBench 2021
AIFeynman,strogatz_bacres1,Strogatz,0.1,0.0,10.0,SRBench 2021
AIFeynman,strogatz_bacres2,Strogatz,0.0,0.0,9.0,SRBench 2021
AIFeynman,strogatz_bacres2,Strogatz,0.001,0.0,10.0,SRBench 2021
AIFeynman,strogatz_bacres2,Strogatz,0.01,0.0,10.0,SRBench 2021
AIFeynman,strogatz_bacres2,Strogatz,0.1,0.0,10.0,SRBench 2021
AIFeynman,strogatz_barmag1,Strogatz,0.0,0.0,9.0,SRBench 2021
AIFeynman,strogatz_barmag1,Strogatz,0.001,0.0,10.0,SRBench 2021
AIFeynman,strogatz_barmag1,Strogatz,0.01,0.0,10.0,SRBench 2021
AIFeynman,strogatz_barmag1,Strogatz,0.1,0.0,10.0,SRBench 2021
AIFeynman,strogatz_barmag2,Strogatz,0.0,0.0,9.0,SRBench 2021
AIFeynman,strogatz_barmag2,Strogatz,0.001,0.0,10.0,SRBench 2021
AIFeynman,strogatz_barmag2,Strogatz,0.01,0.0,10.0,SRBench 2021
AIFeynman,strogatz_barmag2,Strogatz,0.1,0.0,9.0,SRBench 2021
AIFeynman,strogatz_glider1,Strogatz,0.0,0.0,10.0,SRBench 2021
AIFeynman,strogatz_glider1,Strogatz,0.001,0.0,10.0,SRBench 2021
AIFeynman,strogatz_glider1,Strogatz,0.01,0.0,10.0,SRBench 2021
AIFeynman,strogatz_glider1,Strogatz,0.1,0.0,10.0,SRBench 2021
AIFeynman,strogatz_glider2,Strogatz,0.0,1.0,10.0,SRBench 2021
AIFeynman,strogatz_glider2,Strogatz,0.001,1.0,10.0,SRBench 2021
AIFeynman,strogatz_glider2,Strogatz,0.01,0.2,10.0,SRBench 2021
AIFeynman,strogatz_glider2,Strogatz,0.1,0.2,10.0,SRBench 2021
AIFeynman,strogatz_lv1,Strogatz,0.0,0.0,9.0,SRBench 2021
AIFeynman,strogatz_lv1,Strogatz,0.001,0.0,10.0,SRBench 2021
AIFeynman,strogatz_lv1,Strogatz,0.01,0.0,10.0,SRBench 2021
AIFeynman,strogatz_lv1,Strogatz,0.1,0.0,10.0,SRBench 2021
AIFeynman,strogatz_lv2,Strogatz,0.0,1.0,9.0,SRBench 2021
AIFeynman,strogatz_lv2,Strogatz,0.001,0.8,10.0,SRBench 2021
AIFeynman,strogatz_lv2,Strogatz,0.01,0.2,10.0,SRBench 2021
AIFeynman,strogatz_lv2,Strogatz,0.1,0.1,10.0,SRBench 2021
AIFeynman,strogatz_predprey1,Strogatz,0.0,0.0,8.0,SRBench 2021
AIFeynman,strogatz_predprey1,Strogatz,0.001,0.0,10.0,SRBench 2021
AIFeynman,strogatz_predprey1,Strogatz,0.01,0.0,10.0,SRBench 2021
AIFeynman,strogatz_predprey1,Strogatz,0.1,0.0,10.0,SRBench 2021
AIFeynman,strogatz_predprey2,Strogatz,0.0,0.0,10.0,SRBench 2021
AIFeynman,strogatz_predprey2,Strogatz,0.001,0.0,10.0,SRBench 2021
AIFeynman,strogatz_predprey2,Strogatz,0.01,0.0,10.0,SRBench 2021
AIFeynman,strogatz_predprey2,Strogatz,0.1,0.0,10.0,SRBench 2021
AIFeynman,strogatz_shearflow1,Strogatz,0.0,0.8,10.0,SRBench 2021
AIFeynman,strogatz_shearflow1,Strogatz,0.001,0.8,10.0,SRBench 2021
AIFeynman,strogatz_shearflow1,Strogatz,0.01,0.6,10.0,SRBench 2021
AIFeynman,strogatz_shearflow1,Strogatz,0.1,0.0,10.0,SRBench 2021
AIFeynman,strogatz_shearflow2,Strogatz,0.0,0.0,9.0,SRBench 2021
AIFeynman,strogatz_shearflow2,Strogatz,0.001,0.0,10.0,SRBench 2021
AIFeynman,strogatz_shearflow2,Strogatz,0.01,0.0,10.0,SRBench 2021
AIFeynman,strogatz_shearflow2,Strogatz,0.1,0.0,10.0,SRBench 2021
AIFeynman,strogatz_vdp1,Strogatz,0.0,0.0,9.0,SRBench 2021
AIFeynman,strogatz_vdp1,Strogatz,0.001,0.0,10.0,SRBench 2021
AIFeynman,strogatz_vdp1,Strogatz,0.01,0.0,10.0,SRBench 2021
AIFeynman,strogatz_vdp1,Strogatz,0.1,0.0,10.0,SRBench 2021
AIFeynman,strogatz_vdp2,Strogatz,0.0,1.0,10.0,SRBench 2021
AIFeynman,strogatz_vdp2,Strogatz,0.001,0.5,10.0,SRBench 2021
AIFeynman,strogatz_vdp2,Strogatz,0.01,0.3,10.0,SRBench 2021
AIFeynman,strogatz_vdp2,Strogatz,0.1,0.0,10.0,SRBench 2021
BSR,feynman_III_10_19,Feynman,0.0,0.0,8.0,SRBench 2021
BSR,feynman_III_10_19,Feynman,0.001,0.0,10.0,SRBench 2021
BSR,feynman_III_10_19,Feynman,0.01,0.0,10.0,SRBench 2021
BSR,feynman_III_10_19,Feynman,0.1,0.0,10.0,SRBench 2021
BSR,feynman_III_12_43,Feynman,0.0,0.25,8.0,SRBench 2021
BSR,feynman_III_12_43,Feynman,0.001,0.2,10.0,SRBench 2021
BSR,feynman_III_12_43,Feynman,0.01,0.0,10.0,SRBench 2021
BSR,feynman_III_12_43,Feynman,0.1,0.0,10.0,SRBench 2021
BSR,feynman_III_13_18,Feynman,0.0,0.0,8.0,SRBench 2021
BSR,feynman_III_13_18,Feynman,0.001,0.0,10.0,SRBench 2021
BSR,feynman_III_13_18,Feynman,0.01,0.0,10.0,SRBench 2021
BSR,feynman_III_13_18,Feynman,0.1,0.0,10.0,SRBench 2021
BSR,feynman_III_14_14,Feynman,0.0,0.0,8.0,SRBench 2021
BSR,feynman_III_14_14,Feynman,0.001,0.0,10.0,SRBench 2021
BSR,feynman_III_14_14,Feynman,0.01,0.0,10.0,SRBench 2021
BSR,feynman_III_14_14,Feynman,0.1,0.0,10.0,SRBench 2021
BSR,feynman_III_15_12,Feynman,0.0,0.0,8.0,SRBench 2021
BSR,feynman_III_15_12,Feynman,0.001,0.0,10.0,SRBench 2021
BSR,feynman_III_15_12,Feynman,0.01,0.0,10.0,SRBench 2021
BSR,feynman_III_15_12,Feynman,0.1,0.0,10.0,SRBench 2021
BSR,feynman_III_15_14,Feynman,0.0,0.0,8.0,SRBench 2021
BSR,feynman_III_15_14,Feynman,0.001,0.0,10.0,SRBench 2021
BSR,feynman_III_15_14,Feynman,0.01,0.0,10.0,SRBench 2021
BSR,feynman_III_15_14,Feynman,0.1,0.0,10.0,SRBench 2021
BSR,feynman_III_15_27,Feynman,0.0,0.125,8.0,SRBench 2021
BSR,feynman_III_15_27,Feynman,0.001,0.0,10.0,SRBench 2021
BSR,feynman_III_15_27,Feynman,0.01,0.0,10.0,SRBench 2021
BSR,feynman_III_15_27,Feynman,0.1,0.0,10.0,SRBench 2021
BSR,feynman_III_17_37,Feynman,0.0,0.0,8.0,SRBench 2021
BSR,feynman_III_17_37,Feynman,0.001,0.0,10.0,SRBench 2021
BSR,feynman_III_17_37,Feynman,0.01,0.0,10.0,SRBench 2021
BSR,feynman_III_17_37,Feynman,0.1,0.0,10.0,SRBench 2021
BSR,feynman_III_19_51,Feynman,0.0,0.0,8.0,SRBench 2021
BSR,feynman_III_19_51,Feynman,0.001,0.0,10.0,SRBench 2021
BSR,feynman_III_19_51,Feynman,0.01,0.0,10.0,SRBench 2021
BSR,feynman_III_19_51,Feynman,0.1,0.0,10.0,SRBench 2021
BSR,feynman_III_21_20,Feynman,0.0,0.0,8.0,SRBench 2021
BSR,feynman_III_21_20,Feynman,0.001,0.0,10.0,SRBench 2021
BSR,feynman_III_21_20,Feynman,0.01,0.0,10.0,SRBench 2021
BSR,feynman_III_21_20,Feynman,0.1,0.0,10.0,SRBench 2021
BSR,feynman_III_4_32,Feynman,0.0,0.0,8.0,SRBench 2021
BSR,feynman_III_4_32,Feynman,0.001,0.0,10.0,SRBench 2021
BSR,feynman_III_4_32,Feynman,0.01,0.0,10.0,SRBench 2021
BSR,feynman_III_4_32,Feynman,0.1,0.0,10.0,SRBench 2021
BSR,feynman_III_4_33,Feynman,0.0,0.0,8.0,SRBench 2021
BSR,feynman_III_4_33,Feynman,0.001,0.0,10.0,SRBench 2021
BSR,feynman_III_4_33,Feynman,0.01,0.0,10.0,SRBench 2021
BSR,feynman_III_4_33,Feynman,0.1,0.0,10.0,SRBench 2021
BSR,feynman_III_7_38,Feynman,0.0,0.0,8.0,SRBench 2021
BSR,feynman_III_7_38,Feynman,0.001,0.0,10.0,SRBench 2021
BSR,feynman_III_7_38,Feynman,0.01,0.0,10.0,SRBench 2021
BSR,feynman_III_7_38,Feynman,0.1,0.0,10.0,SRBench 2021
BSR,feynman_III_8_54,Feynman,0.0,0.0,8.0,SRBench 2021
BSR,feynman_III_8_54,Feynman,0.001,0.0,10.0,SRBench 2021
BSR,feynman_III_8_54,Feynman,0.01,0.0,10.0,SRBench 2021
BSR,feynman_III_8_54,Feynman,0.1,0.0,10.0,SRBench 2021
BSR,feynman_III_9_52,Feynman,0.0,0.0,8.0,SRBench 2021
BSR,feynman_III_9_52,Feynman,0.001,0.0,10.0,SRBench 2021
BSR,feynman_III_9_52,Feynman,0.01,0.1,10.0,SRBench 2021
BSR,feynman_III_9_52,Feynman,0.1,0.0,10.0,SRBench 2021
BSR,feynman_II_10_9,Feynman,0.0,0.0,8.0,SRBench 2021
BSR,feynman_II_10_9,Feynman,0.001,0.0,10.0,SRBench 2021
BSR,feynman_II_10_9,Feynman,0.01,0.0,10.0,SRBench 2021
BSR,feynman_II_10_9,Feynman,0.1,0.0,10.0,SRBench 2021
BSR,feynman_II_11_20,Feynman,0.0,0.0,8.0,SRBench 2021
BSR,feynman_II_11_20,Feynman,0.001,0.0,10.0,SRBench 2021
BSR,feynman_II_11_20,Feynman,0.01,0.0,10.0,SRBench 2021
BSR,feynman_II_11_20,Feynman,0.1,0.0,10.0,SRBench 2021
BSR,feynman_II_11_27,Feynman,0.0,0.0,8.0,SRBench 2021
BSR,feynman_II_11_27,Feynman,0.001,0.0,10.0,SRBench 2021
BSR,feynman_II_11_27,Feynman,0.01,0.0,10.0,SRBench 2021
BSR,feynman_II_11_27,Feynman,0.1,0.0,10.0,SRBench 2021
BSR,feynman_II_11_28,Feynman,0.0,0.0,8.0,SRBench 2021
BSR,feynman_II_11_28,Feynman,0.001,0.0,10.0,SRBench 2021
BSR,feynman_II_11_28,Feynman,0.01,0.0,10.0,SRBench 2021
BSR,feynman_II_11_28,Feynman,0.1,0.0,10.0,SRBench 2021
BSR,feynman_II_11_3,Feynman,0.0,0.0,8.0,SRBench 2021
BSR,feynman_II_11_3,Feynman,0.001,0.0,10.0,SRBench 2021
BSR,feynman_II_11_3,Feynman,0.01,0.0,10.0,SRBench 2021
BSR,feynman_II_11_3,Feynman,0.1,0.0,10.0,SRBench 2021
BSR,feynman_II_13_17,Feynman,0.0,0.0,8.0,SRBench 2021
BSR,feynman_II_13_17,Feynman,0.001,0.0,10.0,SRBench 2021
BSR,feynman_II_13_17,Feynman,0.01,0.0,10.0,SRBench 2021
BSR,feynman_II_13_17,Feynman,0.1,0.0,10.0,SRBench 2021
BSR,feynman_II_13_23,Feynman,0.0,0.0,8.0,SRBench 2021
BSR,feynman_II_13_23,Feynman,0.001,0.0,10.0,SRBench 2021
BSR,feynman_II_13_23,Feynman,0.01,0.0,10.0,SRBench 2021
BSR,feynman_II_13_23,Feynman,0.1,0.0,10.0,SRBench 2021
BSR,feynman_II_13_34,Feynman,0.0,0.0,8.0,SRBench 2021
BSR,feynman_II_13_34,Feynman,0.001,0.0,10.0,SRBench 2021
BSR,feynman_II_13_34,Feynman,0.01,0.0,10.0,SRBench 2021
BSR,feynman_II_13_34,Feynman,0.1,0.0,10.0,SRBench 2021
BSR,feynman_II_15_4,Feynman,0.0,0.0,8.0,SRBench 2021
BSR,feynman_II_15_4,Feynman,0.001,0.0,10.0,SRBench 2021
BSR,feynman_II_15_4,Feynman,0.01,0.0,10.0,SRBench 2021
BSR,feynman_II_15_4,Feynman,0.1,0.0,10.0,SRBench 2021
BSR,feynman_II_15_5,Feynman,0.0,0.0,8.0,SRBench 2021
BSR,feynman_II_15_5,Feynman,0.001,0.0,10.0,SRBench 2021
BSR,feynman_II_15_5,Feynman,0.01,0.0,10.0,SRBench 2021
BSR,feynman_II_15_5,Feynman,0.1,0.0,10.0,SRBench 2021
BSR,feynman_II_21_32,Feynman,0.0,0.0,8.0,SRBench 2021
BSR,feynman_II_21_32,Feynman,0.001,0.0,10.0,SRBench 2021
BSR,feynman_II_21_32,Feynman,0.01,0.0,10.0,SRBench 2021
BSR,feynman_II_21_32,Feynman,0.1,0.0,10.0,SRBench 2021
BSR,feynman_II_24_17,Feynman,0.0,0.0,8.0,SRBench 2021
BSR,feynman_II_24_17,Feynman,0.001,0.0,10.0,SRBench 2021
BSR,feynman_II_24_17,Feynman,0.01,0.0,10.0,SRBench 2021
BSR,feynman_II_24_17,Feynman,0.1,0.0,10.0,SRBench 2021
BSR,feynman_II_27_16,Feynman,0.0,0.0,8.0,SRBench 2021
BSR,feynman_II_27_16,Feynman,0.001,0.0,10.0,SRBench 2021
BSR,feynman_II_27_16,Feynman,0.01,0.0,10.0,SRBench 2021
BSR,feynman_II_27_16,Feynman,0.1,0.0,10.0,SRBench 2021
BSR,feynman_II_27_18,Feynman,0.0,0.125,8.0,SRBench 2021
BSR,feynman_II_27_18,Feynman,0.001,0.0,10.0,SRBench 2021
BSR,feynman_II_27_18,Feynman,0.01,0.0,10.0,SRBench 2021
BSR,feynman_II_27_18,Feynman,0.1,0.0,10.0,SRBench 2021
BSR,feynman_II_2_42,Feynman,0.0,0.0,8.0,SRBench 2021
BSR,feynman_II_2_42,Feynman,0.001,0.0,10.0,SRBench 2021
BSR,feynman_II_2_42,Feynman,0.01,0.0,10.0,SRBench 2021
BSR,feynman_II_2_42,Feynman,0.1,0.0,10.0,SRBench 2021
BSR,feynman_II_34_11,Feynman,0.0,0.0,8.0,SRBench 2021
BSR,feynman_II_34_11,Feynman,0.001,0.0,10.0,SRBench 2021
BSR,feynman_II_34_11,Feynman,0.01,0.0,10.0,SRBench 2021
BSR,feynman_II_34_11,Feynman,0.1,0.0,10.0,SRBench 2021
BSR,feynman_II_34_2,Feynman,0.0,0.375,8.0,SRBench 2021
BSR,feynman_II_34_2,Feynman,0.001,0.1,10.0,SRBench 2021
BSR,feynman_II_34_2,Feynman,0.01,0.0,10.0,SRBench 2021
BSR,feynman_II_34_2,Feynman,0.1,0.0,10.0,SRBench 2021
BSR,feynman_II_34_29a,Feynman,0.0,0.0,8.0,SRBench 2021
BSR,feynman_II_34_29a,Feynman,0.001,0.0,10.0,SRBench 2021
BSR,feynman_II_34_29a,Feynman,0.01,0.0,10.0,SRBench 2021
BSR,feynman_II_34_29a,Feynman,0.1,0.0,10.0,SRBench 2021
BSR,feynman_II_34_29b,Feynman,0.0,0.0,8.0,SRBench 2021
BSR,feynman_II_34_29b,Feynman,0.001,0.0,10.0,SRBench 2021
BSR,feynman_II_34_29b,Feynman,0.01,0.0,10.0,SRBench 2021
BSR,feynman_II_34_29b,Feynman,0.1,0.0,10.0,SRBench 2021
BSR,feynman_II_34_2a,Feynman,0.0,0.125,8.0,SRBench 2021
BSR,feynman_II_34_2a,Feynman,0.001,0.0,10.0,SRBench 2021
BSR,feynman_II_34_2a,Feynman,0.01,0.0,10.0,SRBench 2021
BSR,feynman_II_34_2a,Feynman,0.1,0.0,10.0,SRBench 2021
BSR,feynman_II_35_18,Feynman,0.0,0.0,8.0,SRBench 2021
BSR,feynman_II_35_18,Feynman,0.001,0.0,10.0,SRBench 2021
BSR,feynman_II_35_18,Feynman,0.01,0.0,10.0,SRBench 2021
BSR,feynman_II_35_18,Feynman,0.1,0.0,10.0,SRBench 2021
BSR,feynman_II_35_21,Feynman,0.0,0.0,8.0,SRBench 2021
BSR,feynman_II_35_21,Feynman,0.001,0.0,10.0,SRBench 2021
BSR,feynman_II_35_21,Feynman,0.01,0.0,10.0,SRBench 2021
BSR,feynman_II_35_21,Feynman,0.1,0.0,10.0,SRBench 2021
BSR,feynman_II_36_38,Feynman,0.0,0.0,8.0,SRBench 2021
BSR,feynman_II_36_38,Feynman,0.001,0.0,10.0,SRBench 2021
BSR,feynman_II_36_38,Feynman,0.01,0.0,10.0,SRBench 2021
BSR,feynman_II_36_38,Feynman,0.1,0.0,10.0,SRBench 2021
BSR,feynman_II_37_1,Feynman,0.0,0.0,8.0,SRBench 2021
BSR,feynman_II_37_1,Feynman,0.001,0.0,10.0,SRBench 2021
BSR,feynman_II_37_1,Feynman,0.01,0.0,10.0,SRBench 2021
BSR,feynman_II_37_1,Feynman,0.1,0.0,10.0,SRBench 2021
BSR,feynman_II_38_14,Feynman,0.0,0.0,8.0,SRBench 2021
BSR,feynman_II_38_14,Feynman,0.001,0.0,10.0,SRBench 2021
BSR,feynman_II_38_14,Feynman,0.01,0.0,10.0,SRBench 2021
BSR,feynman_II_38_14,Feynman,0.1,0.0,10.0,SRBench 2021
BSR,feynman_II_38_3,Feynman,0.0,0.0,8.0,SRBench 2021
BSR,feynman_II_38_3,Feynman,0.001,0.0,10.0,SRBench 2021
BSR,feynman_II_38_3,Feynman,0.01,0.0,10.0,SRBench 2021
BSR,feynman_II_38_3,Feynman,0.1,0.0,10.0,SRBench 2021
BSR,feynman_II_3_24,Feynman,0.0,0.0,8.0,SRBench 2021
BSR,feynman_II_3_24,Feynman,0.001,0.0,10.0,SRBench 2021
BSR,feynman_II_3_24,Feynman,0.01,0.0,10.0,SRBench 2021
BSR,feynman_II_3_24,Feynman,0.1,0.0,10.0,SRBench 2021
BSR,feynman_II_4_23,Feynman,0.0,0.0,8.0,SRBench 2021
BSR,feynman_II_4_23,Feynman,0.001,0.0,10.0,SRBench 2021
BSR,feynman_II_4_23,Feynman,0.01,0.0,10.0,SRBench 2021
BSR,feynman_II_4_23,Feynman,0.1,0.0,10.0,SRBench 2021
BSR,feynman_II_6_11,Feynman,0.0,0.0,8.0,SRBench 2021
BSR,feynman_II_6_11,Feynman,0.001,0.0,10.0,SRBench 2021
BSR,feynman_II_6_11,Feynman,0.01,0.0,10.0,SRBench 2021
BSR,feynman_II_6_11,Feynman,0.1,0.0,10.0,SRBench 2021
BSR,feynman_II_6_15a,Feynman,0.0,0.0,8.0,SRBench 2021
BSR,feynman_II_6_15a,Feynman,0.001,0.0,10.0,SRBench 2021
BSR,feynman_II_6_15a,Feynman,0.01,0.0,10.0,SRBench 2021
BSR,feynman_II_6_15a,Feynman,0.1,0.0,10.0,SRBench 2021
BSR,feynman_II_6_15b,Feynman,0.0,0.0,8.0,SRBench 2021
BSR,feynman_II_6_15b,Feynman,0.001,0.0,10.0,SRBench 2021
BSR,feynman_II_6_15b,Feynman,0.01,0.0,10.0,SRBench 2021
BSR,feynman_II_6_15b,Feynman,0.1,0.0,10.0,SRBench 2021
BSR,feynman_II_8_31,Feynman,0.0,0.0,8.0,SRBench 2021
BSR,feynman_II_8_31,Feynman,0.001,0.0,10.0,SRBench 2021
BSR,feynman_II_8_31,Feynman,0.01,0.0,10.0,SRBench 2021
BSR,feynman_II_8_31,Feynman,0.1,0.0,10.0,SRBench 2021
BSR,feynman_II_8_7,Feynman,0.0,0.0,8.0,SRBench 2021
BSR,feynman_II_8_7,Feynman,0.001,0.0,10.0,SRBench 2021
BSR,feynman_II_8_7,Feynman,0.01,0.0,10.0,SRBench 2021
BSR,feynman_II_8_7,Feynman,0.1,0.0,10.0,SRBench 2021
BSR,feynman_I_10_7,Feynman,0.0,0.0,8.0,SRBench 2021
BSR,feynman_I_10_7,Feynman,0.001,0.0,10.0,SRBench 2021
BSR,feynman_I_10_7,Feynman,0.01,0.0,10.0,SRBench 2021
BSR,feynman_I_10_7,Feynman,0.1,0.0,10.0,SRBench 2021
BSR,feynman_I_11_19,Feynman,0.0,0.0,8.0,SRBench 2021
BSR,feynman_I_11_19,Feynman,0.001,0.0,10.0,SRBench 2021
BSR,feynman_I_11_19,Feynman,0.01,0.0,10.0,SRBench 2021
BSR,feynman_I_11_19,Feynman,0.1,0.0,10.0,SRBench 2021
BSR,feynman_I_12_1,Feynman,0.0,0.125,8.0,SRBench 2021
BSR,feynman_I_12_1,Feynman,0.001,0.0,10.0,SRBench 2021
BSR,feynman_I_12_1,Feynman,0.01,0.0,10.0,SRBench 2021
BSR,feynman_I_12_1,Feynman,0.1,0.0,10.0,SRBench 2021
BSR,feynman_I_12_11,Feynman,0.0,0.0,8.0,SRBench 2021
BSR,feynman_I_12_11,Feynman,0.001,0.0,10.0,SRBench 2021
BSR,feynman_I_12_11,Feynman,0.01,0.0,10.0,SRBench 2021
BSR,feynman_I_12_11,Feynman,0.1,0.0,10.0,SRBench 2021
BSR,feynman_I_12_2,Feynman,0.0,0.0,8.0,SRBench 2021
BSR,feynman_I_12_2,Feynman,0.001,0.0,10.0,SRBench 2021
BSR,feynman_I_12_2,Feynman,0.01,0.0,10.0,SRBench 2021
BSR,feynman_I_12_2,Feynman,0.1,0.0,10.0,SRBench 2021
BSR,feynman_I_12_4,Feynman,0.0,0.0,8.0,SRBench 2021
BSR,feynman_I_12_4,Feynman,0.001,0.0,10.0,SRBench 2021
BSR,feynman_I_12_4,Feynman,0.01,0.0,10.0,SRBench 2021
BSR,feynman_I_12_4,Feynman,0.1,0.0,10.0,SRBench 2021
BSR,feynman_I_12_5,Feynman,0.0,0.375,8.0,SRBench 2021
BSR,feynman_I_12_5,Feynman,0.001,0.0,10.0,SRBench 2021
BSR,feynman_I_12_5,Feynman,0.01,0.0,10.0,SRBench 2021
BSR,feynman_I_12_5,Feynman,0.1,0.0,10.0,SRBench 2021
BSR,feynman_I_13_12,Feynman,0.0,0.0,8.0,SRBench 2021
BSR,feynman_I_13_12,Feynman,0.001,0.0,10.0,SRBench 2021
BSR,feynman_I_13_12,Feynman,0.01,0.0,10.0,SRBench 2021
BSR,feynman_I_13_12,Feynman,0.1,0.0,10.0,SRBench 2021
BSR,feynman_I_13_4,Feynman,0.0,0.0,8.0,SRBench 2021
BSR,feynman_I_13_4,Feynman,0.001,0.0,10.0,SRBench 2021
BSR,feynman_I_13_4,Feynman,0.01,0.0,10.0,SRBench 2021
BSR,feynman_I_13_4,Feynman,0.1,0.0,10.0,SRBench 2021
BSR,feynman_I_14_3,Feynman,0.0,0.125,8.0,SRBench 2021
BSR,feynman_I_14_3,Feynman,0.001,0.0,10.0,SRBench 2021
BSR,feynman_I_14_3,Feynman,0.01,0.0,10.0,SRBench 2021
BSR,feynman_I_14_3,Feynman,0.1,0.0,10.0,SRBench 2021
BSR,feynman_I_14_4,Feynman,0.0,0.375,8.0,SRBench 2021
BSR,feynman_I_14_4,Feynman,0.001,0.2,10.0,SRBench 2021
BSR,feynman_I_14_4,Feynman,0.01,0.0,10.0,SRBench 2021
BSR,feynman_I_14_4,Feynman,0.1,0.0,10.0,SRBench 2021
BSR,feynman_I_15_10,Feynman,0.0,0.0,8.0,SRBench 2021
BSR,feynman_I_15_10,Feynman,0.001,0.0,10.0,SRBench 2021
BSR,feynman_I_15_10,Feynman,0.01,0.0,10.0,SRBench 2021
BSR,feynman_I_15_10,Feynman,0.1,0.0,10.0,SRBench 2021
BSR,feynman_I_15_3t,Feynman,0.0,0.0,8.0,SRBench 2021
BSR,feynman_I_15_3t,Feynman,0.001,0.0,10.0,SRBench 2021
BSR,feynman_I_15_3t,Feynman,0.01,0.0,10.0,SRBench 2021
BSR,feynman_I_15_3t,Feynman,0.1,0.0,10.0,SRBench 2021
BSR,feynman_I_15_3x,Feynman,0.0,0.0,8.0,SRBench 2021
BSR,feynman_I_15_3x,Feynman,0.001,0.0,10.0,SRBench 2021
BSR,feynman_I_15_3x,Feynman,0.01,0.0,10.0,SRBench 2021
BSR,feynman_I_15_3x,Feynman,0.1,0.0,10.0,SRBench 2021
BSR,feynman_I_16_6,Feynman,0.0,0.0,8.0,SRBench 2021
BSR,feynman_I_16_6,Feynman,0.001,0.0,10.0,SRBench 2021
BSR,feynman_I_16_6,Feynman,0.01,0.0,10.0,SRBench 2021
BSR,feynman_I_16_6,Feynman,0.1,0.0,10.0,SRBench 2021
BSR,feynman_I_18_12,Feynman,0.0,0.0,8.0,SRBench 2021
BSR,feynman_I_18_12,Feynman,0.001,0.0,10.0,SRBench 2021
BSR,feynman_I_18_12,Feynman,0.01,0.0,10.0,SRBench 2021
BSR,feynman_I_18_12,Feynman,0.1,0.0,10.0,SRBench 2021
BSR,feynman_I_18_14,Feynman,0.0,0.0,8.0,SRBench 2021
BSR,feynman_I_18_14,Feynman,0.001,0.0,10.0,SRBench 2021
BSR,feynman_I_18_14,Feynman,0.01,0.0,10.0,SRBench 2021
BSR,feynman_I_18_14,Feynman,0.1,0.0,10.0,SRBench 2021
BSR,feynman_I_18_4,Feynman,0.0,0.0,8.0,SRBench 2021
BSR,feynman_I_18_4,Feynman,0.001,0.0,10.0,SRBench 2021
BSR,feynman_I_18_4,Feynman,0.01,0.0,10.0,SRBench 2021
BSR,feynman_I_18_4,Feynman,0.1,0.0,10.0,SRBench 2021
BSR,feynman_I_24_6,Feynman,0.0,0.0,8.0,SRBench 2021
BSR,feynman_I_24_6,Feynman,0.001,0.0,10.0,SRBench 2021
BSR,feynman_I_24_6,Feynman,0.01,0.0,10.0,SRBench 2021
BSR,feynman_I_24_6,Feynman,0.1,0.0,10.0,SRBench 2021
BSR,feynman_I_25_13,Feynman,0.0,0.0,8.0,SRBench 2021
BSR,feynman_I_25_13,Feynman,0.001,0.1,10.0,SRBench 2021
BSR,feynman_I_25_13,Feynman,0.01,0.0,10.0,SRBench 2021
BSR,feynman_I_25_13,Feynman,0.1,0.0,10.0,SRBench 2021
BSR,feynman_I_27_6,Feynman,0.0,0.0,8.0,SRBench 2021
BSR,feynman_I_27_6,Feynman,0.001,0.0,10.0,SRBench 2021
BSR,feynman_I_27_6,Feynman,0.01,0.0,10.0,SRBench 2021
BSR,feynman_I_27_6,Feynman,0.1,0.0,10.0,SRBench 2021
BSR,feynman_I_29_16,Feynman,0.0,0.0,8.0,SRBench 2021
BSR,feynman_I_29_16,Feynman,0.001,0.0,10.0,SRBench 2021
BSR,feynman_I_29_16,Feynman,0.01,0.0,10.0,SRBench 2021
BSR,feynman_I_29_16,Feynman,0.1,0.0,10.0,SRBench 2021
BSR,feynman_I_29_4,Feynman,0.0,0.125,8.0,SRBench 2021
BSR,feynman_I_29_4,Feynman,0.001,0.0,10.0,SRBench 2021
BSR,feynman_I_29_4,Feynman,0.01,0.0,10.0,SRBench 2021
BSR,feynman_I_29_4,Feynman,0.1,0.0,10.0,SRBench 2021
BSR,feynman_I_30_3,Feynman,0.0,0.0,8.0,SRBench 2021
BSR,feynman_I_30_3,Feynman,0.001,0.0,10.0,SRBench 2021
BSR,feynman_I_30_3,Feynman,0.01,0.0,10.0,SRBench 2021
BSR,feynman_I_30_3,Feynman,0.1,0.0,10.0,SRBench 2021
BSR,feynman_I_32_17,Feynman,0.0,0.0,8.0,SRBench 2021
BSR,feynman_I_32_17,Feynman,0.001,0.0,10.0,SRBench 2021
BSR,feynman_I_32_17,Feynman,0.01,0.0,10.0,SRBench 2021
BSR,feynman_I_32_17,Feynman,0.1,0.0,10.0,SRBench 2021
BSR,feynman_I_32_5,Feynman,0.0,0.0,8.0,SRBench 2021
BSR,feynman_I_32_5,Feynman,0.001,0.0,10.0,SRBench 2021
BSR,feynman_I_32_5,Feynman,0.01,0.0,10.0,SRBench 2021
BSR,feynman_I_32_5,Feynman,0.1,0.0,10.0,SRBench 2021
BSR,feynman_I_34_1,Feynman,0.0,0.0,8.0,SRBench 2021
BSR,feynman_I_34_1,Feynman,0.001,0.0,10.0,SRBench 2021
BSR,feynman_I_34_1,Feynman,0.01,0.0,10.0,SRBench 2021
BSR,feynman_I_34_1,Feynman,0.1,0.0,10.0,SRBench 2021
BSR,feynman_I_34_14,Feynman,0.0,0.0,8.0,SRBench 2021
BSR,feynman_I_34_14,Feynman,0.001,0.0,10.0,SRBench 2021
BSR,feynman_I_34_14,Feynman,0.01,0.0,10.0,SRBench 2021
BSR,feynman_I_34_14,Feynman,0.1,0.0,10.0,SRBench 2021
BSR,feynman_I_34_27,Feynman,0.0,0.5,8.0,SRBench 2021
BSR,feynman_I_34_27,Feynman,0.001,0.1,10.0,SRBench 2021
BSR,feynman_I_34_27,Feynman,0.01,0.0,10.0,SRBench 2021
BSR,feynman_I_34_27,Feynman,0.1,0.0,10.0,SRBench 2021
BSR,feynman_I_34_8,Feynman,0.0,0.0,8.0,SRBench 2021
BSR,feynman_I_34_8,Feynman,0.001,0.0,10.0,SRBench 2021
BSR,feynman_I_34_8,Feynman,0.01,0.0,10.0,SRBench 2021
BSR,feynman_I_34_8,Feynman,0.1,0.0,10.0,SRBench 2021
BSR,feynman_I_37_4,Feynman,0.0,0.0,8.0,SRBench 2021
BSR,feynman_I_37_4,Feynman,0.001,0.0,10.0,SRBench 2021
BSR,feynman_I_37_4,Feynman,0.01,0.0,10.0,SRBench 2021
BSR,feynman_I_37_4,Feynman,0.1,0.0,10.0,SRBench 2021
BSR,feynman_I_38_12,Feynman,0.0,0.0,8.0,SRBench 2021
BSR,feynman_I_38_12,Feynman,0.001,0.0,10.0,SRBench 2021
BSR,feynman_I_38_12,Feynman,0.01,0.0,10.0,SRBench 2021
BSR,feynman_I_38_12,Feynman,0.1,0.0,10.0,SRBench 2021
BSR,feynman_I_39_1,Feynman,0.0,0.0,8.0,SRBench 2021
BSR,feynman_I_39_1,Feynman,0.001,0.0,10.0,SRBench 2021
BSR,feynman_I_39_1,Feynman,0.01,0.0,10.0,SRBench 2021
BSR,feynman_I_39_1,Feynman,0.1,0.0,10.0,SRBench 2021
BSR,feynman_I_39_11,Feynman,0.0,0.0,8.0,SRBench 2021
BSR,feynman_I_39_11,Feynman,0.001,0.0,10.0,SRBench 2021
BSR,feynman_I_39_11,Feynman,0.01,0.0,10.0,SRBench 2021
BSR,feynman_I_39_11,Feynman,0.1,0.0,10.0,SRBench 2021
BSR,feynman_I_39_22,Feynman,0.0,0.0,8.0,SRBench 2021
BSR,feynman_I_39_22,Feynman,0.001,0.0,10.0,SRBench 2021
BSR,feynman_I_39_22,Feynman,0.01,0.0,10.0,SRBench 2021
BSR,feynman_I_39_22,Feynman,0.1,0.0,10.0,SRBench 2021
BSR,feynman_I_40_1,Feynman,0.0,0.0,8.0,SRBench 2021
BSR,feynman_I_40_1,Feynman,0.001,0.0,10.0,SRBench 2021
BSR,feynman_I_40_1,Feynman,0.01,0.0,10.0,SRBench 2021
BSR,feynman_I_40_1,Feynman,0.1,0.0,10.0,SRBench 2021
BSR,feynman_I_41_16,Feynman,0.0,0.0,8.0,SRBench 2021
BSR,feynman_I_41_16,Feynman,0.001,0.0,10.0,SRBench 2021
BSR,feynman_I_41_16,Feynman,0.01,0.0,10.0,SRBench 2021
BSR,feynman_I_41_16,Feynman,0.1,0.0,10.0,SRBench 2021
BSR,feynman_I_43_16,Feynman,0.0,0.0,8.0,SRBench 2021
BSR,feynman_I_43_16,Feynman,0.001,0.0,10.0,SRBench 2021
BSR,feynman_I_43_16,Feynman,0.01,0.0,10.0,SRBench 2021
BSR,feynman_I_43_16,Feynman,0.1,0.0,10.0,SRBench 2021
BSR,feynman_I_43_31,Feynman,0.0,0.25,8.0,SRBench 2021
BSR,feynman_I_43_31,Feynman,0.001,0.0,10.0,SRBench 2021
BSR,feynman_I_43_31,Feynman,0.01,0.0,10.0,SRBench 2021
BSR,feynman_I_43_31,Feynman,0.1,0.0,10.0,SRBench 2021
BSR,feynman_I_43_43,Feynman,0.0,0.0,8.0,SRBench 2021
BSR,feynman_I_43_43,Feynman,0.001,0.0,10.0,SRBench 2021
BSR,feynman_I_43_43,Feynman,0.01,0.0,10.0,SRBench 2021
BSR,feynman_I_43_43,Feynman,0.1,0.0,10.0,SRBench 2021
BSR,feynman_I_44_4,Feynman,0.0,0.0,8.0,SRBench 2021
BSR,feynman_I_44_4,Feynman,0.001,0.0,10.0,SRBench 2021
BSR,feynman_I_44_4,Feynman,0.01,0.0,10.0,SRBench 2021
BSR,feynman_I_44_4,Feynman,0.1,0.0,10.0,SRBench 2021
BSR,feynman_I_47_23,Feynman,0.0,0.0,8.0,SRBench 2021
BSR,feynman_I_47_23,Feynman,0.001,0.0,10.0,SRBench 2021
BSR,feynman_I_47_23,Feynman,0.01,0.0,10.0,SRBench 2021
BSR,feynman_I_47_23,Feynman,0.1,0.0,10.0,SRBench 2021
BSR,feynman_I_48_2,Feynman,0.0,0.0,8.0,SRBench 2021
BSR,feynman_I_48_2,Feynman,0.001,0.0,10.0,SRBench 2021
BSR,feynman_I_48_2,Feynman,0.01,0.0,10.0,SRBench 2021
BSR,feynman_I_48_2,Feynman,0.1,0.0,10.0,SRBench 2021
BSR,feynman_I_50_26,Feynman,0.0,0.0,8.0,SRBench 2021
BSR,feynman_I_50_26,Feynman,0.001,0.0,10.0,SRBench 2021
BSR,feynman_I_50_26,Feynman,0.01,0.0,10.0,SRBench 2021
BSR,feynman_I_50_26,Feynman,0.1,0.0,10.0,SRBench 2021
BSR,feynman_I_6_2,Feynman,0.0,0.0,8.0,SRBench 2021
BSR,feynman_I_6_2,Feynman,0.001,0.0,10.0,SRBench 2021
BSR,feynman_I_6_2,Feynman,0.01,0.0,10.0,SRBench 2021
BSR,feynman_I_6_2,Feynman,0.1,0.0,10.0,SRBench 2021
BSR,feynman_I_6_2a,Feynman,0.0,0.0,8.0,SRBench 2021
BSR,feynman_I_6_2a,Feynman,0.001,0.0,10.0,SRBench 2021
BSR,feynman_I_6_2a,Feynman,0.01,0.0,10.0,SRBench 2021
BSR,feynman_I_6_2a,Feynman,0.1,0.0,10.0,SRBench 2021
BSR,feynman_I_6_2b,Feynman,0.0,0.0,8.0,SRBench 2021
BSR,feynman_I_6_2b,Feynman,0.001,0.0,10.0,SRBench 2021
BSR,feynman_I_6_2b,Feynman,0.01,0.0,10.0,SRBench 2021
BSR,feynman_I_6_2b,Feynman,0.1,0.0,10.0,SRBench 2021
BSR,feynman_I_8_14,Feynman,0.0,0.0,8.0,SRBench 2021
BSR,feynman_I_8_14,Feynman,0.001,0.0,10.0,SRBench 2021
BSR,feynman_I_8_14,Feynman,0.01,0.0,10.0,SRBench 2021
BSR,feynman_I_8_14,Feynman,0.1,0.0,10.0,SRBench 2021
BSR,feynman_I_9_18,Feynman,0.0,0.0,8.0,SRBench 2021
BSR,feynman_I_9_18,Feynman,0.001,0.0,10.0,SRBench 2021
BSR,feynman_I_9_18,Feynman,0.01,0.0,10.0,SRBench 2021
BSR,feynman_I_9_18,Feynman,0.1,0.0,10.0,SRBench 2021
BSR,feynman_test_1,Feynman,0.0,0.0,8.0,SRBench 2021
BSR,feynman_test_1,Feynman,0.001,0.0,10.0,SRBench 2021
BSR,feynman_test_1,Feynman,0.01,0.0,10.0,SRBench 2021
BSR,feynman_test_1,Feynman,0.1,0.0,10.0,SRBench 2021
BSR,feynman_test_11,Feynman,0.0,0.0,8.0,SRBench 2021
BSR,feynman_test_11,Feynman,0.001,0.0,10.0,SRBench 2021
BSR,feynman_test_11,Feynman,0.01,0.0,10.0,SRBench 2021
BSR,feynman_test_11,Feynman,0.1,0.0,10.0,SRBench 2021
BSR,feynman_test_12,Feynman,0.0,0.0,8.0,SRBench 2021
BSR,feynman_test_12,Feynman,0.001,0.0,10.0,SRBench 2021
BSR,feynman_test_12,Feynman,0.01,0.0,10.0,SRBench 2021
BSR,feynman_test_12,Feynman,0.1,0.0,10.0,SRBench 2021
BSR,feynman_test_13,Feynman,0.0,0.0,8.0,SRBench 2021
BSR,feynman_test_13,Feynman,0.001,0.0,10.0,SRBench 2021
BSR,feynman_test_13,Feynman,0.01,0.0,10.0,SRBench 2021
BSR,feynman_test_13,Feynman,0.1,0.0,10.0,SRBench 2021
BSR,feynman_test_14,Feynman,0.0,0.0,8.0,SRBench 2021
BSR,feynman_test_14,Feynman,0.001,0.0,10.0,SRBench 2021
BSR,feynman_test_14,Feynman,0.01,0.0,10.0,SRBench 2021
BSR,feynman_test_14,Feynman,0.1,0.0,10.0,SRBench 2021
BSR,feynman_test_15,Feynman,0.0,0.0,8.0,SRBench 2021
BSR,feynman_test_15,Feynman,0.001,0.0,10.0,SRBench 2021
BSR,feynman_test_15,Feynman,0.01,0.0,10.0,SRBench 2021
BSR,feynman_test_15,Feynman,0.1,0.0,10.0,SRBench 2021
BSR,feynman_test_16,Feynman,0.0,0.0,8.0,SRBench 2021
BSR,feynman_test_16,Feynman,0.001,0.0,10.0,SRBench 2021
BSR,feynman_test_16,Feynman,0.01,0.0,10.0,SRBench 2021
BSR,feynman_test_16,Feynman,0.1,0.0,10.0,SRBench 2021
BSR,feynman_test_17,Feynman,0.0,0.0,8.0,SRBench 2021
BSR,feynman_test_17,Feynman,0.001,0.0,10.0,SRBench 2021
BSR,feynman_test_17,Feynman,0.01,0.0,10.0,SRBench 2021
BSR,feynman_test_17,Feynman,0.1,0.0,10.0,SRBench 2021
BSR,feynman_test_18,Feynman,0.0,0.0,8.0,SRBench 2021
BSR,feynman_test_18,Feynman,0.001,0.0,10.0,SRBench 2021
BSR,feynman_test_18,Feynman,0.01,0.0,10.0,SRBench 2021
BSR,feynman_test_18,Feynman,0.1,0.0,10.0,SRBench 2021
BSR,feynman_test_19,Feynman,0.0,0.0,8.0,SRBench 2021
BSR,feynman_test_19,Feynman,0.001,0.0,10.0,SRBench 2021
BSR,feynman_test_19,Feynman,0.01,0.0,10.0,SRBench 2021
BSR,feynman_test_19,Feynman,0.1,0.0,10.0,SRBench 2021
BSR,feynman_test_2,Feynman,0.0,0.0,8.0,SRBench 2021
BSR,feynman_test_2,Feynman,0.001,0.0,10.0,SRBench 2021
BSR,feynman_test_2,Feynman,0.01,0.0,10.0,SRBench 2021
BSR,feynman_test_2,Feynman,0.1,0.0,10.0,SRBench 2021
BSR,feynman_test_20,Feynman,0.0,0.0,8.0,SRBench 2021
BSR,feynman_test_20,Feynman,0.001,0.0,10.0,SRBench 2021
BSR,feynman_test_20,Feynman,0.01,0.0,10.0,SRBench 2021
BSR,feynman_test_20,Feynman,0.1,0.0,10.0,SRBench 2021
BSR,feynman_test_3,Feynman,0.0,0.0,8.0,SRBench 2021
BSR,feynman_test_3,Feynman,0.001,0.0,10.0,SRBench 2021
BSR,feynman_test_3,Feynman,0.01,0.0,10.0,SRBench 2021
BSR,feynman_test_3,Feynman,0.1,0.0,10.0,SRBench 2021
BSR,feynman_test_4,Feynman,0.0,0.0,8.0,SRBench 2021
BSR,feynman_test_4,Feynman,0.001,0.0,10.0,SRBench 2021
BSR,feynman_test_4,Feynman,0.01,0.0,10.0,SRBench 2021
BSR,feynman_test_4,Feynman,0.1,0.0,10.0,SRBench 2021
BSR,feynman_test_5,Feynman,0.0,0.0,8.0,SRBench 2021
BSR,feynman_test_5,Feynman,0.001,0.0,10.0,SRBench 2021
BSR,feynman_test_5,Feynman,0.01,0.0,10.0,SRBench 2021
BSR,feynman_test_5,Feynman,0.1,0.0,10.0,SRBench 2021
BSR,feynman_test_6,Feynman,0.0,0.0,8.0,SRBench 2021
BSR,feynman_test_6,Feynman,0.001,0.0,10.0,SRBench 2021
BSR,feynman_test_6,Feynman,0.01,0.0,10.0,SRBench 2021
BSR,feynman_test_6,Feynman,0.1,0.0,10.0,SRBench 2021
BSR,feynman_test_7,Feynman,0.0,0.0,8.0,SRBench 2021
BSR,feynman_test_7,Feynman,0.001,0.0,10.0,SRBench 2021
BSR,feynman_test_7,Feynman,0.01,0.0,10.0,SRBench 2021
BSR,feynman_test_7,Feynman,0.1,0.0,10.0,SRBench 2021
BSR,feynman_test_8,Feynman,0.0,0.0,8.0,SRBench 2021
BSR,feynman_test_8,Feynman,0.001,0.0,10.0,SRBench 2021
BSR,feynman_test_8,Feynman,0.01,0.0,10.0,SRBench 2021
BSR,feynman_test_8,Feynman,0.1,0.0,10.0,SRBench 2021
BSR,feynman_test_9,Feynman,0.0,0.0,8.0,SRBench 2021
BSR,feynman_test_9,Feynman,0.001,0.0,10.0,SRBench 2021
BSR,feynman_test_9,Feynman,0.01,0.0,10.0,SRBench 2021
BSR,feynman_test_9,Feynman,0.1,0.0,10.0,SRBench 2021
BSR,strogatz_bacres1,Strogatz,0.0,0.0,8.0,SRBench 2021
BSR,strogatz_bacres1,Strogatz,0.001,0.0,10.0,SRBench 2021
BSR,strogatz_bacres1,Strogatz,0.01,0.0,10.0,SRBench 2021
BSR,strogatz_bacres1,Strogatz,0.1,0.0,10.0,SRBench 2021
BSR,strogatz_bacres2,Strogatz,0.0,0.0,8.0,SRBench 2021
BSR,strogatz_bacres2,Strogatz,0.001,0.0,10.0,SRBench 2021
BSR,strogatz_bacres2,Strogatz,0.01,0.0,10.0,SRBench 2021
BSR,strogatz_bacres2,Strogatz,0.1,0.0,10.0,SRBench 2021
BSR,strogatz_barmag1,Strogatz,0.0,0.0,8.0,SRBench 2021
BSR,strogatz_barmag1,Strogatz,0.001,0.0,10.0,SRBench 2021
BSR,strogatz_barmag1,Strogatz,0.01,0.0,10.0,SRBench 2021
BSR,strogatz_barmag1,Strogatz,0.1,0.0,10.0,SRBench 2021
BSR,strogatz_barmag2,Strogatz,0.0,0.0,8.0,SRBench 2021
BSR,strogatz_barmag2,Strogatz,0.001,0.0,10.0,SRBench 2021
BSR,strogatz_barmag2,Strogatz,0.01,0.0,10.0,SRBench 2021
BSR,strogatz_barmag2,Strogatz,0.1,0.0,10.0,SRBench 2021
BSR,strogatz_glider1,Strogatz,0.0,0.125,8.0,SRBench 2021
BSR,strogatz_glider1,Strogatz,0.001,0.0,10.0,SRBench 2021
BSR,strogatz_glider1,Strogatz,0.01,0.0,10.0,SRBench 2021
BSR,strogatz_glider1,Strogatz,0.1,0.0,10.0,SRBench 2021
BSR,strogatz_glider2,Strogatz,0.0,0.0,8.0,SRBench 2021
BSR,strogatz_glider2,Strogatz,0.001,0.0,10.0,SRBench 2021
BSR,strogatz_glider2,Strogatz,0.01,0.0,10.0,SRBench 2021
BSR,strogatz_glider2,Strogatz,0.1,0.0,10.0,SRBench 2021
BSR,strogatz_lv1,Strogatz,0.0,0.0,8.0,SRBench 2021
BSR,strogatz_lv1,Strogatz,0.001,0.0,10.0,SRBench 2021
BSR,strogatz_lv1,Strogatz,0.01,0.0,10.0,SRBench 2021
BSR,strogatz_lv1,Strogatz,0.1,0.0,10.0,SRBench 2021
BSR,strogatz_lv2,Strogatz,0.0,0.0,8.0,SRBench 2021
BSR,strogatz_lv2,Strogatz,0.001,0.0,10.0,SRBench 2021
BSR,strogatz_lv2,Strogatz,0.01,0.0,10.0,SRBench 2021
BSR,strogatz_lv2,Strogatz,0.1,0.0,10.0,SRBench 2021
BSR,strogatz_predprey1,Strogatz,0.0,0.0,8.0,SRBench 2021
BSR,strogatz_predprey1,Strogatz,0.001,0.0,10.0,SRBench 2021
BSR,strogatz_predprey1,Strogatz,0.01,0.0,10.0,SRBench 2021
BSR,strogatz_predprey1,Strogatz,0.1,0.0,10.0,SRBench 2021
BSR,strogatz_predprey2,Strogatz,0.0,0.0,8.0,SRBench 2021
BSR,strogatz_predprey2,Strogatz,0.001,0.0,10.0,SRBench 2021
BSR,strogatz_predprey2,Strogatz,0.01,0.0,10.0,SRBench 2021
BSR,strogatz_predprey2,Strogatz,0.1,0.0,10.0,SRBench 2021
BSR,strogatz_shearflow1,Strogatz,0.0,0.0,8.0,SRBench 2021
BSR,strogatz_shearflow1,Strogatz,0.001,0.0,10.0,SRBench 2021
BSR,strogatz_shearflow1,Strogatz,0.01,0.0,10.0,SRBench 2021
BSR,strogatz_shearflow1,Strogatz,0.1,0.0,10.0,SRBench 2021
BSR,strogatz_shearflow2,Strogatz,0.0,0.0,8.0,SRBench 2021
BSR,strogatz_shearflow2,Strogatz,0.001,0.0,10.0,SRBench 2021
BSR,strogatz_shearflow2,Strogatz,0.01,0.0,10.0,SRBench 2021
BSR,strogatz_shearflow2,Strogatz,0.1,0.0,10.0,SRBench 2021
BSR,strogatz_vdp1,Strogatz,0.0,0.0,8.0,SRBench 2021
BSR,strogatz_vdp1,Strogatz,0.001,0.0,10.0,SRBench 2021
BSR,strogatz_vdp1,Strogatz,0.01,0.0,10.0,SRBench 2021
BSR,strogatz_vdp1,Strogatz,0.1,0.0,10.0,SRBench 2021
BSR,strogatz_vdp2,Strogatz,0.0,0.0,8.0,SRBench 2021
BSR,strogatz_vdp2,Strogatz,0.001,0.1,10.0,SRBench 2021
BSR,strogatz_vdp2,Strogatz,0.01,0.0,10.0,SRBench 2021
BSR,strogatz_vdp2,Strogatz,0.1,0.0,10.0,SRBench 2021
DSR,feynman_III_10_19,Feynman,0.0,0.0,8.0,SRBench 2021
DSR,feynman_III_10_19,Feynman,0.001,0.0,10.0,SRBench 2021
DSR,feynman_III_10_19,Feynman,0.01,0.0,10.0,SRBench 2021
DSR,feynman_III_10_19,Feynman,0.1,0.0,10.0,SRBench 2021
DSR,feynman_III_12_43,Feynman,0.0,0.0,8.0,SRBench 2021
DSR,feynman_III_12_43,Feynman,0.001,0.0,10.0,SRBench 2021
DSR,feynman_III_12_43,Feynman,0.01,0.0,10.0,SRBench 2021
DSR,feynman_III_12_43,Feynman,0.1,0.0,10.0,SRBench 2021
DSR,feynman_III_13_18,Feynman,0.0,0.0,8.0,SRBench 2021
DSR,feynman_III_13_18,Feynman,0.001,0.0,10.0,SRBench 2021
DSR,feynman_III_13_18,Feynman,0.01,0.0,10.0,SRBench 2021
DSR,feynman_III_13_18,Feynman,0.1,0.0,10.0,SRBench 2021
DSR,feynman_III_14_14,Feynman,0.0,0.0,8.0,SRBench 2021
DSR,feynman_III_14_14,Feynman,0.001,0.0,10.0,SRBench 2021
DSR,feynman_III_14_14,Feynman,0.01,0.0,10.0,SRBench 2021
DSR,feynman_III_14_14,Feynman,0.1,0.0,10.0,SRBench 2021
DSR,feynman_III_15_12,Feynman,0.0,0.0,8.0,SRBench 2021
DSR,feynman_III_15_12,Feynman,0.001,0.0,10.0,SRBench 2021
DSR,feynman_III_15_12,Feynman,0.01,0.0,10.0,SRBench 2021
DSR,feynman_III_15_12,Feynman,0.1,0.0,10.0,SRBench 2021
DSR,feynman_III_15_14,Feynman,0.0,0.0,8.0,SRBench 2021
DSR,feynman_III_15_14,Feynman,0.001,0.0,10.0,SRBench 2021
DSR,feynman_III_15_14,Feynman,0.01,0.0,10.0,SRBench 2021
DSR,feynman_III_15_14,Feynman,0.1,0.0,10.0,SRBench 2021
DSR,feynman_III_15_27,Feynman,0.0,0.0,8.0,SRBench 2021
DSR,feynman_III_15_27,Feynman,0.001,0.0,10.0,SRBench 2021
DSR,feynman_III_15_27,Feynman,0.01,0.0,10.0,SRBench 2021
DSR,feynman_III_15_27,Feynman,0.1,0.0,10.0,SRBench 2021
DSR,feynman_III_17_37,Feynman,0.0,0.875,8.0,SRBench 2021
DSR,feynman_III_17_37,Feynman,0.001,1.0,10.0,SRBench 2021
DSR,feynman_III_17_37,Feynman,0.01,0.9,10.0,SRBench 2021
DSR,feynman_III_17_37,Feynman,0.1,0.8,10.0,SRBench 2021
DSR,feynman_III_19_51,Feynman,0.0,0.0,8.0,SRBench 2021
DSR,feynman_III_19_51,Feynman,0.001,0.0,10.0,SRBench 2021
DSR,feynman_III_19_51,Feynman,0.01,0.0,10.0,SRBench 2021
DSR,feynman_III_19_51,Feynman,0.1,0.0,10.0,SRBench 2021
DSR,feynman_III_21_20,Feynman,0.0,0.375,8.0,SRBench 2021
DSR,feynman_III_21_20,Feynman,0.001,0.7,10.0,SRBench 2021
DSR,feynman_III_21_20,Feynman,0.01,0.9,10.0,SRBench 2021
DSR,feynman_III_21_20,Feynman,0.1,0.8,10.0,SRBench 2021
DSR,feynman_III_4_32,Feynman,0.0,0.0,8.0,SRBench 2021
DSR,feynman_III_4_32,Feynman,0.001,0.0,10.0,SRBench 2021
DSR,feynman_III_4_32,Feynman,0.01,0.0,10.0,SRBench 2021
DSR,feynman_III_4_32,Feynman,0.1,0.0,10.0,SRBench 2021
DSR,feynman_III_4_33,Feynman,0.0,0.0,8.0,SRBench 2021
DSR,feynman_III_4_33,Feynman,0.001,0.0,10.0,SRBench 2021
DSR,feynman_III_4_33,Feynman,0.01,0.0,10.0,SRBench 2021
DSR,feynman_III_4_33,Feynman,0.1,0.0,10.0,SRBench 2021
DSR,feynman_III_7_38,Feynman,0.0,0.0,8.0,SRBench 2021
DSR,feynman_III_7_38,Feynman,0.001,0.0,10.0,SRBench 2021
DSR,feynman_III_7_38,Feynman,0.01,0.0,10.0,SRBench 2021
DSR,feynman_III_7_38,Feynman,0.1,0.0,10.0,SRBench 2021
DSR,feynman_III_8_54,Feynman,0.0,0.0,8.0,SRBench 2021
DSR,feynman_III_8_54,Feynman,0.001,0.0,10.0,SRBench 2021
DSR,feynman_III_8_54,Feynman,0.01,0.0,10.0,SRBench 2021
DSR,feynman_III_8_54,Feynman,0.1,0.0,10.0,SRBench 2021
DSR,feynman_III_9_52,Feynman,0.0,0.0,8.0,SRBench 2021
DSR,feynman_III_9_52,Feynman,0.001,0.0,10.0,SRBench 2021
DSR,feynman_III_9_52,Feynman,0.01,0.0,10.0,SRBench 2021
DSR,feynman_III_9_52,Feynman,0.1,0.0,10.0,SRBench 2021
DSR,feynman_II_10_9,Feynman,0.0,0.875,8.0,SRBench 2021
DSR,feynman_II_10_9,Feynman,0.001,1.0,10.0,SRBench 2021
DSR,feynman_II_10_9,Feynman,0.01,1.0,10.0,SRBench 2021
DSR,feynman_II_10_9,Feynman,0.1,1.0,10.0,SRBench 2021
DSR,feynman_II_11_20,Feynman,0.0,0.0,8.0,SRBench 2021
DSR,feynman_II_11_20,Feynman,0.001,0.0,10.0,SRBench 2021
DSR,feynman_II_11_20,Feynman,0.01,0.0,10.0,SRBench 2021
DSR,feynman_II_11_20,Feynman,0.1,0.0,10.0,SRBench 2021
DSR,feynman_II_11_27,Feynman,0.0,0.0,8.0,SRBench 2021
DSR,feynman_II_11_27,Feynman,0.001,0.0,10.0,SRBench 2021
DSR,feynman_II_11_27,Feynman,0.01,0.0,10.0,SRBench 2021
DSR,feynman_II_11_27,Feynman,0.1,0.0,10.0,SRBench 2021
DSR,feynman_II_11_28,Feynman,0.0,0.0,8.0,SRBench 2021
DSR,feynman_II_11_28,Feynman,0.001,0.0,10.0,SRBench 2021
DSR,feynman_II_11_28,Feynman,0.01,0.0,10.0,SRBench 2021
DSR,feynman_II_11_28,Feynman,0.1,0.0,10.0,SRBench 2021
DSR,feynman_II_11_3,Feynman,0.0,0.0,8.0,SRBench 2021
DSR,feynman_II_11_3,Feynman,0.001,0.0,10.0,SRBench 2021
DSR,feynman_II_11_3,Feynman,0.01,0.0,10.0,SRBench 2021
DSR,feynman_II_11_3,Feynman,0.1,0.0,10.0,SRBench 2021
DSR,feynman_II_13_17,Feynman,0.0,0.25,8.0,SRBench 2021
DSR,feynman_II_13_17,Feynman,0.001,0.2,10.0,SRBench 2021
DSR,feynman_II_13_17,Feynman,0.01,0.0,10.0,SRBench 2021
DSR,feynman_II_13_17,Feynman,0.1,0.2,10.0,SRBench 2021
DSR,feynman_II_13_23,Feynman,0.0,0.0,8.0,SRBench 2021
DSR,feynman_II_13_23,Feynman,0.001,0.0,10.0,SRBench 2021
DSR,feynman_II_13_23,Feynman,0.01,0.0,10.0,SRBench 2021
DSR,feynman_II_13_23,Feynman,0.1,0.0,10.0,SRBench 2021
DSR,feynman_II_13_34,Feynman,0.0,0.0,8.0,SRBench 2021
DSR,feynman_II_13_34,Feynman,0.001,0.0,10.0,SRBench 2021
DSR,feynman_II_13_34,Feynman,0.01,0.0,10.0,SRBench 2021
DSR,feynman_II_13_34,Feynman,0.1,0.0,10.0,SRBench 2021
DSR,feynman_II_15_4,Feynman,0.0,0.875,8.0,SRBench 2021
DSR,feynman_II_15_4,Feynman,0.001,1.0,10.0,SRBench 2021
DSR,feynman_II_15_4,Feynman,0.01,1.0,10.0,SRBench 2021
DSR,feynman_II_15_4,Feynman,0.1,1.0,10.0,SRBench 2021
DSR,feynman_II_15_5,Feynman,0.0,0.875,8.0,SRBench 2021
DSR,feynman_II_15_5,Feynman,0.001,1.0,10.0,SRBench 2021
DSR,feynman_II_15_5,Feynman,0.01,1.0,10.0,SRBench 2021
DSR,feynman_II_15_5,Feynman,0.1,1.0,10.0,SRBench 2021
DSR,feynman_II_21_32,Feynman,0.0,0.0,8.0,SRBench 2021
DSR,feynman_II_21_32,Feynman,0.001,0.0,10.0,SRBench 2021
DSR,feynman_II_21_32,Feynman,0.01,0.0,10.0,SRBench 2021
DSR,feynman_II_21_32,Feynman,0.1,0.0,10.0,SRBench 2021
DSR,feynman_II_24_17,Feynman,0.0,0.0,8.0,SRBench 2021
DSR,feynman_II_24_17,Feynman,0.001,0.0,10.0,SRBench 2021
DSR,feynman_II_24_17,Feynman,0.01,0.0,10.0,SRBench 2021
DSR,feynman_II_24_17,Feynman,0.1,0.0,10.0,SRBench 2021
DSR,feynman_II_27_16,Feynman,0.0,0.875,8.0,SRBench 2021
DSR,feynman_II_27_16,Feynman,0.001,1.0,10.0,SRBench 2021
DSR,feynman_II_27_16,Feynman,0.01,1.0,10.0,SRBench 2021
DSR,feynman_II_27_16,Feynman,0.1,0.7,10.0,SRBench 2021
DSR,feynman_II_27_18,Feynman,0.0,0.875,8.0,SRBench 2021
DSR,feynman_II_27_18,Feynman,0.001,0.7,10.0,SRBench 2021
DSR,feynman_II_27_18,Feynman,0.01,0.7,10.0,SRBench 2021
DSR,feynman_II_27_18,Feynman,0.1,0.0,10.0,SRBench 2021
DSR,feynman_II_2_42,Feynman,0.0,0.625,8.0,SRBench 2021
DSR,feynman_II_2_42,Feynman,0.001,0.9,10.0,SRBench 2021
DSR,feynman_II_2_42,Feynman,0.01,0.9,10.0,SRBench 2021
DSR,feynman_II_2_42,Feynman,0.1,0.7,10.0,SRBench 2021
DSR,feynman_II_34_11,Feynman,0.0,0.25,8.0,SRBench 2021
DSR,feynman_II_34_11,Feynman,0.001,0.4,10.0,SRBench 2021
DSR,feynman_II_34_11,Feynman,0.01,0.4,10.0,SRBench 2021
DSR,feynman_II_34_11,Feynman,0.1,0.3,10.0,SRBench 2021
DSR,feynman_II_34_2,Feynman,0.0,0.75,8.0,SRBench 2021
DSR,feynman_II_34_2,Feynman,0.001,0.8,10.0,SRBench 2021
DSR,feynman_II_34_2,Feynman,0.01,0.9,10.0,SRBench 2021
DSR,feynman_II_34_2,Feynman,0.1,0.9,10.0,SRBench 2021
DSR,feynman_II_34_29a,Feynman,0.0,0.0,8.0,SRBench 2021
DSR,feynman_II_34_29a,Feynman,0.001,0.0,10.0,SRBench 2021
DSR,feynman_II_34_29a,Feynman,0.01,0.0,10.0,SRBench 2021
DSR,feynman_II_34_29a,Feynman,0.1,0.0,10.0,SRBench 2021
DSR,feynman_II_34_29b,Feynman,0.0,0.0,8.0,SRBench 2021
DSR,feynman_II_34_29b,Feynman,0.001,0.0,10.0,SRBench 2021
DSR,feynman_II_34_29b,Feynman,0.01,0.0,10.0,SRBench 2021
DSR,feynman_II_34_29b,Feynman,0.1,0.0,10.0,SRBench 2021
DSR,feynman_II_34_2a,Feynman,0.0,0.125,8.0,SRBench 2021
DSR,feynman_II_34_2a,Feynman,0.001,0.2,10.0,SRBench 2021
DSR,feynman_II_34_2a,Feynman,0.01,0.1,10.0,SRBench 2021
DSR,feynman_II_34_2a,Feynman,0.1,0.2,10.0,SRBench 2021
DSR,feynman_II_35_18,Feynman,0.0,0.0,8.0,SRBench 2021
DSR,feynman_II_35_18,Feynman,0.001,0.0,10.0,SRBench 2021
DSR,feynman_II_35_18,Feynman,0.01,0.0,10.0,SRBench 2021
DSR,feynman_II_35_18,Feynman,0.1,0.0,10.0,SRBench 2021
DSR,feynman_II_35_21,Feynman,0.0,0.0,8.0,SRBench 2021
DSR,feynman_II_35_21,Feynman,0.001,0.0,10.0,SRBench 2021
DSR,feynman_II_35_21,Feynman,0.01,0.0,10.0,SRBench 2021
DSR,feynman_II_35_21,Feynman,0.1,0.0,10.0,SRBench 2021
DSR,feynman_II_36_38,Feynman,0.0,0.0,8.0,SRBench 2021
DSR,feynman_II_36_38,Feynman,0.001,0.0,10.0,SRBench 2021
DSR,feynman_II_36_38,Feynman,0.01,0.0,10.0,SRBench 2021
DSR,feynman_II_36_38,Feynman,0.1,0.0,10.0,SRBench 2021
DSR,feynman_II_37_1,Feynman,0.0,0.875,8.0,SRBench 2021
DSR,feynman_II_37_1,Feynman,0.001,1.0,10.0,SRBench 2021
DSR,feynman_II_37_1,Feynman,0.01,1.0,10.0,SRBench 2021
DSR,feynman_II_37_1,Feynman,0.1,0.8,10.0,SRBench 2021
DSR,feynman_II_38_14,Feynman,0.0,0.875,8.0,SRBench 2021
DSR,feynman_II_38_14,Feynman,0.001,1.0,10.0,SRBench 2021
DSR,feynman_II_38_14,Feynman,0.01,1.0,10.0,SRBench 2021
DSR,feynman_II_38_14,Feynman,0.1,0.8,10.0,SRBench 2021
DSR,feynman_II_38_3,Feynman,0.0,0.875,8.0,SRBench 2021
DSR,feynman_II_38_3,Feynman,0.001,1.0,10.0,SRBench 2021
DSR,feynman_II_38_3,Feynman,0.01,1.0,10.0,SRBench 2021
DSR,feynman_II_38_3,Feynman,0.1,1.0,10.0,SRBench 2021
DSR,feynman_II_3_24,Feynman,0.0,0.125,8.0,SRBench 2021
DSR,feynman_II_3_24,Feynman,0.001,0.1,10.0,SRBench 2021
DSR,feynman_II_3_24,Feynman,0.01,0.1,10.0,SRBench 2021
DSR,feynman_II_3_24,Feynman,0.1,0.0,10.0,SRBench 2021
DSR,feynman_II_4_23,Feynman,0.0,0.25,8.0,SRBench 2021
DSR,feynman_II_4_23,Feynman,0.001,0.1,10.0,SRBench 2021
DSR,feynman_II_4_23,Feynman,0.01,0.1,10.0,SRBench 2021
DSR,feynman_II_4_23,Feynman,0.1,0.1,10.0,SRBench 2021
DSR,feynman_II_6_11,Feynman,0.0,0.0,8.0,SRBench 2021
DSR,feynman_II_6_11,Feynman,0.001,0.0,10.0,SRBench 2021
DSR,feynman_II_6_11,Feynman,0.01,0.0,10.0,SRBench 2021
DSR,feynman_II_6_11,Feynman,0.1,0.0,10.0,SRBench 2021
DSR,feynman_II_6_15a,Feynman,0.0,0.0,8.0,SRBench 2021
DSR,feynman_II_6_15a,Feynman,0.001,0.0,10.0,SRBench 2021
DSR,feynman_II_6_15a,Feynman,0.01,0.0,10.0,SRBench 2021
DSR,feynman_II_6_15a,Feynman,0.1,0.0,10.0,SRBench 2021
DSR,feynman_II_6_15b,Feynman,0.0,0.0,8.0,SRBench 2021
DSR,feynman_II_6_15b,Feynman,0.001,0.0,10.0,SRBench 2021
DSR,feynman_II_6_15b,Feynman,0.01,0.0,10.0,SRBench 2021
DSR,feynman_II_6_15b,Feynman,0.1,0.0,10.0,SRBench 2021
DSR,feynman_II_8_31,Feynman,0.0,0.0,8.0,SRBench 2021
DSR,feynman_II_8_31,Feynman,0.001,0.1,10.0,SRBench 2021
DSR,feynman_II_8_31,Feynman,0.01,0.1,10.0,SRBench 2021
DSR,feynman_II_8_31,Feynman,0.1,0.0,10.0,SRBench 2021
DSR,feynman_II_8_7,Feynman,0.0,0.0,8.0,SRBench 2021
DSR,feynman_II_8_7,Feynman,0.001,0.0,10.0,SRBench 2021
DSR,feynman_II_8_7,Feynman,0.01,0.0,10.0,SRBench 2021
DSR,feynman_II_8_7,Feynman,0.1,0.0,10.0,SRBench 2021
DSR,feynman_I_10_7,Feynman,0.0,0.0,8.0,SRBench 2021
DSR,feynman_I_10_7,Feynman,0.001,0.0,10.0,SRBench 2021
DSR,feynman_I_10_7,Feynman,0.01,0.0,10.0,SRBench 2021
DSR,feynman_I_10_7,Feynman,0.1,0.0,10.0,SRBench 2021
DSR,feynman_I_11_19,Feynman,0.0,0.0,8.0,SRBench 2021
DSR,feynman_I_11_19,Feynman,0.001,0.0,10.0,SRBench 2021
DSR,feynman_I_11_19,Feynman,0.01,0.0,10.0,SRBench 2021
DSR,feynman_I_11_19,Feynman,0.1,0.0,10.0,SRBench 2021
DSR,feynman_I_12_1,Feynman,0.0,0.875,8.0,SRBench 2021
DSR,feynman_I_12_1,Feynman,0.001,0.0,10.0,SRBench 2021
DSR,feynman_I_12_1,Feynman,0.01,0.0,10.0,SRBench 2021
DSR,feynman_I_12_1,Feynman,0.1,0.0,10.0,SRBench 2021
DSR,feynman_I_12_11,Feynman,0.0,0.875,8.0,SRBench 2021
DSR,feynman_I_12_11,Feynman,0.001,1.0,10.0,SRBench 2021
DSR,feynman_I_12_11,Feynman,0.01,1.0,10.0,SRBench 2021
DSR,feynman_I_12_11,Feynman,0.1,1.0,10.0,SRBench 2021
DSR,feynman_I_12_2,Feynman,0.0,0.0,8.0,SRBench 2021
DSR,feynman_I_12_2,Feynman,0.001,0.0,10.0,SRBench 2021
DSR,feynman_I_12_2,Feynman,0.01,0.0,10.0,SRBench 2021
DSR,feynman_I_12_2,Feynman,0.1,0.0,10.0,SRBench 2021
DSR,feynman_I_12_4,Feynman,0.0,0.25,8.0,SRBench 2021
DSR,feynman_I_12_4,Feynman,0.001,0.2,10.0,SRBench 2021
DSR,feynman_I_12_4,Feynman,0.01,0.1,10.0,SRBench 2021
DSR,feynman_I_12_4,Feynman,0.1,0.1,10.0,SRBench 2021
DSR,feynman_I_12_5,Feynman,0.0,0.875,8.0,SRBench 2021
DSR,feynman_I_12_5,Feynman,0.001,0.0,10.0,SRBench 2021
DSR,feynman_I_12_5,Feynman,0.01,0.0,10.0,SRBench 2021
DSR,feynman_I_12_5,Feynman,0.1,0.0,10.0,SRBench 2021
DSR,feynman_I_13_12,Feynman,0.0,0.0,8.0,SRBench 2021
DSR,feynman_I_13_12,Feynman,0.001,0.0,10.0,SRBench 2021
DSR,feynman_I_13_12,Feynman,0.01,0.0,10.0,SRBench 2021
DSR,feynman_I_13_12,Feynman,0.1,0.0,10.0,SRBench 2021
DSR,feynman_I_13_4,Feynman,0.0,0.0,8.0,SRBench 2021
DSR,feynman_I_13_4,Feynman,0.001,0.0,10.0,SRBench 2021
DSR,feynman_I_13_4,Feynman,0.01,0.0,10.0,SRBench 2021
DSR,feynman_I_13_4,Feynman,0.1,0.0,10.0,SRBench 2021
DSR,feynman_I_14_3,Feynman,0.0,0.875,8.0,SRBench 2021
DSR,feynman_I_14_3,Feynman,0.001,1.0,10.0,SRBench 2021
DSR,feynman_I_14_3,Feynman,0.01,1.0,10.0,SRBench 2021
DSR,feynman_I_14_3,Feynman,0.1,0.6,10.0,SRBench 2021
DSR,feynman_I_14_4,Feynman,0.0,0.125,8.0,SRBench 2021
DSR,feynman_I_14_4,Feynman,0.001,0.0,10.0,SRBench 2021
DSR,feynman_I_14_4,Feynman,0.01,0.1,10.0,SRBench 2021
DSR,feynman_I_14_4,Feynman,0.1,0.1,10.0,SRBench 2021
DSR,feynman_I_15_10,Feynman,0.0,0.0,8.0,SRBench 2021
DSR,feynman_I_15_10,Feynman,0.001,0.0,10.0,SRBench 2021
DSR,feynman_I_15_10,Feynman,0.01,0.0,10.0,SRBench 2021
DSR,feynman_I_15_10,Feynman,0.1,0.0,10.0,SRBench 2021
DSR,feynman_I_15_3t,Feynman,0.0,0.0,8.0,SRBench 2021
DSR,feynman_I_15_3t,Feynman,0.001,0.0,10.0,SRBench 2021
DSR,feynman_I_15_3t,Feynman,0.01,0.0,10.0,SRBench 2021
DSR,feynman_I_15_3t,Feynman,0.1,0.0,10.0,SRBench 2021
DSR,feynman_I_15_3x,Feynman,0.0,0.0,8.0,SRBench 2021
DSR,feynman_I_15_3x,Feynman,0.001,0.0,10.0,SRBench 2021
DSR,feynman_I_15_3x,Feynman,0.01,0.0,10.0,SRBench 2021
DSR,feynman_I_15_3x,Feynman,0.1,0.0,10.0,SRBench 2021
DSR,feynman_I_16_6,Feynman,0.0,0.0,8.0,SRBench 2021
DSR,feynman_I_16_6,Feynman,0.001,0.0,10.0,SRBench 2021
DSR,feynman_I_16_6,Feynman,0.01,0.0,10.0,SRBench 2021
DSR,feynman_I_16_6,Feynman,0.1,0.0,10.0,SRBench 2021
DSR,feynman_I_18_12,Feynman,0.0,0.875,8.0,SRBench 2021
DSR,feynman_I_18_12,Feynman,0.001,1.0,10.0,SRBench 2021
DSR,feynman_I_18_12,Feynman,0.01,1.0,10.0,SRBench 2021
DSR,feynman_I_18_12,Feynman,0.1,1.0,10.0,SRBench 2021
DSR,feynman_I_18_14,Feynman,0.0,0.875,8.0,SRBench 2021
DSR,feynman_I_18_14,Feynman,0.001,1.0,10.0,SRBench 2021
DSR,feynman_I_18_14,Feynman,0.01,1.0,10.0,SRBench 2021
DSR,feynman_I_18_14,Feynman,0.1,0.9,10.0,SRBench 2021
DSR,feynman_I_18_4,Feynman,0.0,0.0,8.0,SRBench 2021
DSR,feynman_I_18_4,Feynman,0.001,0.0,10.0,SRBench 2021
DSR,feynman_I_18_4,Feynman,0.01,0.0,10.0,SRBench 2021
DSR,feynman_I_18_4,Feynman,0.1,0.0,10.0,SRBench 2021
DSR,feynman_I_24_6,Feynman,0.0,0.0,8.0,SRBench 2021
DSR,feynman_I_24_6,Feynman,0.001,0.0,10.0,SRBench 2021
DSR,feynman_I_24_6,Feynman,0.01,0.0,10.0,SRBench 2021
DSR,feynman_I_24_6,Feynman,0.1,0.0,10.0,SRBench 2021
DSR,feynman_I_25_13,Feynman,0.0,0.875,8.0,SRBench 2021
DSR,feynman_I_25_13,Feynman,0.001,0.1,10.0,SRBench 2021
DSR,feynman_I_25_13,Feynman,0.01,0.0,10.0,SRBench 2021
DSR,feynman_I_25_13,Feynman,0.1,0.1,10.0,SRBench 2021
DSR,feynman_I_27_6,Feynman,0.0,0.875,8.0,SRBench 2021
DSR,feynman_I_27_6,Feynman,0.001,1.0,10.0,SRBench 2021
DSR,feynman_I_27_6,Feynman,0.01,1.0,10.0,SRBench 2021
DSR,feynman_I_27_6,Feynman,0.1,1.0,10.0,SRBench 2021
DSR,feynman_I_29_16,Feynman,0.0,0.0,8.0,SRBench 2021
DSR,feynman_I_29_16,Feynman,0.001,0.0,10.0,SRBench 2021
DSR,feynman_I_29_16,Feynman,0.01,0.0,10.0,SRBench 2021
DSR,feynman_I_29_16,Feynman,0.1,0.0,10.0,SRBench 2021
DSR,feynman_I_29_4,Feynman,0.0,0.875,8.0,SRBench 2021
DSR,feynman_I_29_4,Feynman,0.001,0.3,10.0,SRBench 2021
DSR,feynman_I_29_4,Feynman,0.01,0.0,10.0,SRBench 2021
DSR,feynman_I_29_4,Feynman,0.1,0.0,10.0,SRBench 2021
DSR,feynman_I_30_3,Feynman,0.0,0.0,8.0,SRBench 2021
DSR,feynman_I_30_3,Feynman,0.001,0.0,10.0,SRBench 2021
DSR,feynman_I_30_3,Feynman,0.01,0.0,10.0,SRBench 2021
DSR,feynman_I_30_3,Feynman,0.1,0.0,10.0,SRBench 2021
DSR,feynman_I_32_17,Feynman,0.0,0.0,8.0,SRBench 2021
DSR,feynman_I_32_17,Feynman,0.001,0.0,10.0,SRBench 2021
DSR,feynman_I_32_17,Feynman,0.01,0.0,10.0,SRBench 2021
DSR,feynman_I_32_17,Feynman,0.1,0.0,10.0,SRBench 2021
DSR,feynman_I_32_5,Feynman,0.0,0.0,8.0,SRBench 2021
DSR,feynman_I_32_5,Feynman,0.001,0.0,10.0,SRBench 2021
DSR,feynman_I_32_5,Feynman,0.01,0.0,10.0,SRBench 2021
DSR,feynman_I_32_5,Feynman,0.1,0.0,10.0,SRBench 2021
DSR,feynman_I_34_1,Feynman,0.0,0.0,8.0,SRBench 2021
DSR,feynman_I_34_1,Feynman,0.001,0.1,10.0,SRBench 2021
DSR,feynman_I_34_1,Feynman,0.01,0.1,10.0,SRBench 2021
DSR,feynman_I_34_1,Feynman,0.1,0.0,10.0,SRBench 2021
DSR,feynman_I_34_14,Feynman,0.0,0.0,8.0,SRBench 2021
DSR,feynman_I_34_14,Feynman,0.001,0.0,10.0,SRBench 2021
DSR,feynman_I_34_14,Feynman,0.01,0.0,10.0,SRBench 2021
DSR,feynman_I_34_14,Feynman,0.1,0.0,10.0,SRBench 2021
DSR,feynman_I_34_27,Feynman,0.0,0.0,8.0,SRBench 2021
DSR,feynman_I_34_27,Feynman,0.001,0.0,10.0,SRBench 2021
DSR,feynman_I_34_27,Feynman,0.01,0.0,10.0,SRBench 2021
DSR,feynman_I_34_27,Feynman,0.1,0.0,10.0,SRBench 2021
DSR,feynman_I_34_8,Feynman,0.0,0.875,8.0,SRBench 2021
DSR,feynman_I_34_8,Feynman,0.001,1.0,10.0,SRBench 2021
DSR,feynman_I_34_8,Feynman,0.01,1.0,10.0,SRBench 2021
DSR,feynman_I_34_8,Feynman,0.1,0.9,10.0,SRBench 2021
DSR,feynman_I_37_4,Feynman,0.0,0.0,8.0,SRBench 2021
DSR,feynman_I_37_4,Feynman,0.001,0.0,10.0,SRBench 2021
DSR,feynman_I_37_4,Feynman,0.01,0.0,10.0,SRBench 2021
DSR,feynman_I_37_4,Feynman,0.1,0.0,10.0,SRBench 2021
DSR,feynman_I_38_12,Feynman,0.0,0.0,8.0,SRBench 2021
DSR,feynman_I_38_12,Feynman,0.001,0.0,10.0,SRBench 2021
DSR,feynman_I_38_12,Feynman,0.01,0.0,10.0,SRBench 2021
DSR,feynman_I_38_12,Feynman,0.1,0.0,10.0,SRBench 2021
DSR,feynman_I_39_1,Feynman,0.0,0.0,8.0,SRBench 2021
DSR,feynman_I_39_1,Feynman,0.001,0.1,10.0,SRBench 2021
DSR,feynman_I_39_1,Feynman,0.01,0.2,10.0,SRBench 2021
DSR,feynman_I_39_1,Feynman,0.1,0.0,10.0,SRBench 2021
DSR,feynman_I_39_11,Feynman,0.0,0.375,8.0,SRBench 2021
DSR,feynman_I_39_11,Feynman,0.001,0.2,10.0,SRBench 2021
DSR,feynman_I_39_11,Feynman,0.01,0.4,10.0,SRBench 2021
DSR,feynman_I_39_11,Feynman,0.1,0.4,10.0,SRBench 2021
DSR,feynman_I_39_22,Feynman,0.0,0.875,8.0,SRBench 2021
DSR,feynman_I_39_22,Feynman,0.001,1.0,10.0,SRBench 2021
DSR,feynman_I_39_22,Feynman,0.01,1.0,10.0,SRBench 2021
DSR,feynman_I_39_22,Feynman,0.1,1.0,10.0,SRBench 2021
DSR,feynman_I_40_1,Feynman,0.0,0.0,8.0,SRBench 2021
DSR,feynman_I_40_1,Feynman,0.001,0.0,10.0,SRBench 2021
DSR,feynman_I_40_1,Feynman,0.01,0.0,10.0,SRBench 2021
DSR,feynman_I_40_1,Feynman,0.1,0.0,10.0,SRBench 2021
DSR,feynman_I_41_16,Feynman,0.0,0.0,8.0,SRBench 2021
DSR,feynman_I_41_16,Feynman,0.001,0.0,10.0,SRBench 2021
DSR,feynman_I_41_16,Feynman,0.01,0.0,10.0,SRBench 2021
DSR,feynman_I_41_16,Feynman,0.1,0.0,10.0,SRBench 2021
DSR,feynman_I_43_16,Feynman,0.0,0.875,8.0,SRBench 2021
DSR,feynman_I_43_16,Feynman,0.001,1.0,10.0,SRBench 2021
DSR,feynman_I_43_16,Feynman,0.01,1.0,10.0,SRBench 2021
DSR,feynman_I_43_16,Feynman,0.1,1.0,10.0,SRBench 2021
DSR,feynman_I_43_31,Feynman,0.0,0.875,8.0,SRBench 2021
DSR,feynman_I_43_31,Feynman,0.001,1.0,10.0,SRBench 2021
DSR,feynman_I_43_31,Feynman,0.01,1.0,10.0,SRBench 2021
DSR,feynman_I_43_31,Feynman,0.1,1.0,10.0,SRBench 2021
DSR,feynman_I_43_43,Feynman,0.0,0.125,8.0,SRBench 2021
DSR,feynman_I_43_43,Feynman,0.001,0.0,10.0,SRBench 2021
DSR,feynman_I_43_43,Feynman,0.01,0.0,10.0,SRBench 2021
DSR,feynman_I_43_43,Feynman,0.1,0.1,10.0,SRBench 2021
DSR,feynman_I_44_4,Feynman,0.0,0.0,8.0,SRBench 2021
DSR,feynman_I_44_4,Feynman,0.001,0.0,10.0,SRBench 2021
DSR,feynman_I_44_4,Feynman,0.01,0.0,10.0,SRBench 2021
DSR,feynman_I_44_4,Feynman,0.1,0.0,10.0,SRBench 2021
DSR,feynman_I_47_23,Feynman,0.0,0.0,8.0,SRBench 2021
DSR,feynman_I_47_23,Feynman,0.001,0.0,10.0,SRBench 2021
DSR,feynman_I_47_23,Feynman,0.01,0.0,10.0,SRBench 2021
DSR,feynman_I_47_23,Feynman,0.1,0.0,10.0,SRBench 2021
DSR,feynman_I_48_2,Feynman,0.0,0.0,8.0,SRBench 2021
DSR,feynman_I_48_2,Feynman,0.001,0.0,10.0,SRBench 2021
DSR,feynman_I_48_2,Feynman,0.01,0.0,10.0,SRBench 2021
DSR,feynman_I_48_2,Feynman,0.1,0.0,10.0,SRBench 2021
DSR,feynman_I_50_26,Feynman,0.0,0.0,8.0,SRBench 2021
DSR,feynman_I_50_26,Feynman,0.001,0.0,10.0,SRBench 2021
DSR,feynman_I_50_26,Feynman,0.01,0.0,10.0,SRBench 2021
DSR,feynman_I_50_26,Feynman,0.1,0.0,10.0,SRBench 2021
DSR,feynman_I_6_2,Feynman,0.0,0.0,8.0,SRBench 2021
DSR,feynman_I_6_2,Feynman,0.001,0.0,10.0,SRBench 2021
DSR,feynman_I_6_2,Feynman,0.01,0.0,10.0,SRBench 2021
DSR,feynman_I_6_2,Feynman,0.1,0.0,10.0,SRBench 2021
DSR,feynman_I_6_2a,Feynman,0.0,0.0,8.0,SRBench 2021
DSR,feynman_I_6_2a,Feynman,0.001,0.0,10.0,SRBench 2021
DSR,feynman_I_6_2a,Feynman,0.01,0.0,10.0,SRBench 2021
DSR,feynman_I_6_2a,Feynman,0.1,0.0,10.0,SRBench 2021
DSR,feynman_I_6_2b,Feynman,0.0,0.0,8.0,SRBench 2021
DSR,feynman_I_6_2b,Feynman,0.001,0.0,10.0,SRBench 2021
DSR,feynman_I_6_2b,Feynman,0.01,0.0,10.0,SRBench 2021
DSR,feynman_I_6_2b,Feynman,0.1,0.0,10.0,SRBench 2021
DSR,feynman_I_8_14,Feynman,0.0,0.0,8.0,SRBench 2021
DSR,feynman_I_8_14,Feynman,0.001,0.0,10.0,SRBench 2021
DSR,feynman_I_8_14,Feynman,0.01,0.0,10.0,SRBench 2021
DSR,feynman_I_8_14,Feynman,0.1,0.0,10.0,SRBench 2021
DSR,feynman_I_9_18,Feynman,0.0,0.0,8.0,SRBench 2021
DSR,feynman_I_9_18,Feynman,0.001,0.0,10.0,SRBench 2021
DSR,feynman_I_9_18,Feynman,0.01,0.0,10.0,SRBench 2021
DSR,feynman_I_9_18,Feynman,0.1,0.0,10.0,SRBench 2021
DSR,feynman_test_1,Feynman,0.0,0.0,8.0,SRBench 2021
DSR,feynman_test_1,Feynman,0.001,0.0,10.0,SRBench 2021
DSR,feynman_test_1,Feynman,0.01,0.0,10.0,SRBench 2021
DSR,feynman_test_1,Feynman,0.1,0.0,10.0,SRBench 2021
DSR,feynman_test_11,Feynman,0.0,0.0,8.0,SRBench 2021
DSR,feynman_test_11,Feynman,0.001,0.0,10.0,SRBench 2021
DSR,feynman_test_11,Feynman,0.01,0.0,10.0,SRBench 2021
DSR,feynman_test_11,Feynman,0.1,0.0,10.0,SRBench 2021
DSR,feynman_test_12,Feynman,0.0,0.0,8.0,SRBench 2021
DSR,feynman_test_12,Feynman,0.001,0.0,10.0,SRBench 2021
DSR,feynman_test_12,Feynman,0.01,0.0,10.0,SRBench 2021
DSR,feynman_test_12,Feynman,0.1,0.0,10.0,SRBench 2021
DSR,feynman_test_13,Feynman,0.0,0.0,8.0,SRBench 2021
DSR,feynman_test_13,Feynman,0.001,0.0,10.0,SRBench 2021
DSR,feynman_test_13,Feynman,0.01,0.0,10.0,SRBench 2021
DSR,feynman_test_13,Feynman,0.1,0.0,10.0,SRBench 2021
DSR,feynman_test_14,Feynman,0.0,0.0,8.0,SRBench 2021
DSR,feynman_test_14,Feynman,0.001,0.0,10.0,SRBench 2021
DSR,feynman_test_14,Feynman,0.01,0.0,10.0,SRBench 2021
DSR,feynman_test_14,Feynman,0.1,0.0,10.0,SRBench 2021
DSR,feynman_test_15,Feynman,0.0,0.0,8.0,SRBench 2021
DSR,feynman_test_15,Feynman,0.001,0.0,10.0,SRBench 2021
DSR,feynman_test_15,Feynman,0.01,0.0,10.0,SRBench 2021
DSR,feynman_test_15,Feynman,0.1,0.0,10.0,SRBench 2021
DSR,feynman_test_16,Feynman,0.0,0.0,8.0,SRBench 2021
DSR,feynman_test_16,Feynman,0.001,0.0,10.0,SRBench 2021
DSR,feynman_test_16,Feynman,0.01,0.0,10.0,SRBench 2021
DSR,feynman_test_16,Feynman,0.1,0.0,10.0,SRBench 2021
DSR,feynman_test_17,Feynman,0.0,0.0,8.0,SRBench 2021
DSR,feynman_test_17,Feynman,0.001,0.0,10.0,SRBench 2021
DSR,feynman_test_17,Feynman,0.01,0.0,10.0,SRBench 2021
DSR,feynman_test_17,Feynman,0.1,0.0,10.0,SRBench 2021
DSR,feynman_test_18,Feynman,0.0,0.0,8.0,SRBench 2021
DSR,feynman_test_18,Feynman,0.001,0.0,10.0,SRBench 2021
DSR,feynman_test_18,Feynman,0.01,0.0,10.0,SRBench 2021
DSR,feynman_test_18,Feynman,0.1,0.0,10.0,SRBench 2021
DSR,feynman_test_19,Feynman,0.0,0.0,8.0,SRBench 2021
DSR,feynman_test_19,Feynman,0.001,0.0,10.0,SRBench 2021
DSR,feynman_test_19,Feynman,0.01,0.0,10.0,SRBench 2021
DSR,feynman_test_19,Feynman,0.1,0.0,10.0,SRBench 2021
DSR,feynman_test_2,Feynman,0.0,0.0,8.0,SRBench 2021
DSR,feynman_test_2,Feynman,0.001,0.0,10.0,SRBench 2021
DSR,feynman_test_2,Feynman,0.01,0.0,10.0,SRBench 2021
DSR,feynman_test_2,Feynman,0.1,0.0,10.0,SRBench 2021
DSR,feynman_test_20,Feynman,0.0,0.0,8.0,SRBench 2021
DSR,feynman_test_20,Feynman,0.001,0.0,10.0,SRBench 2021
DSR,feynman_test_20,Feynman,0.01,0.0,10.0,SRBench 2021
DSR,feynman_test_20,Feynman,0.1,0.0,10.0,SRBench 2021
DSR,feynman_test_3,Feynman,0.0,0.0,8.0,SRBench 2021
DSR,feynman_test_3,Feynman,0.001,0.0,10.0,SRBench 2021
DSR,feynman_test_3,Feynman,0.01,0.0,10.0,SRBench 2021
DSR,feynman_test_3,Feynman,0.1,0.0,10.0,SRBench 2021
DSR,feynman_test_4,Feynman,0.0,0.0,8.0,SRBench 2021
DSR,feynman_test_4,Feynman,0.001,0.0,10.0,SRBench 2021
DSR,feynman_test_4,Feynman,0.01,0.0,10.0,SRBench 2021
DSR,feynman_test_4,Feynman,0.1,0.0,10.0,SRBench 2021
DSR,feynman_test_5,Feynman,0.0,0.0,8.0,SRBench 2021
DSR,feynman_test_5,Feynman,0.001,0.0,10.0,SRBench 2021
DSR,feynman_test_5,Feynman,0.01,0.0,10.0,SRBench 2021
DSR,feynman_test_5,Feynman,0.1,0.0,10.0,SRBench 2021
DSR,feynman_test_6,Feynman,0.0,0.0,8.0,SRBench 2021
DSR,feynman_test_6,Feynman,0.001,0.0,10.0,SRBench 2021
DSR,feynman_test_6,Feynman,0.01,0.0,10.0,SRBench 2021
DSR,feynman_test_6,Feynman,0.1,0.0,10.0,SRBench 2021
DSR,feynman_test_7,Feynman,0.0,0.0,8.0,SRBench 2021
DSR,feynman_test_7,Feynman,0.001,0.0,10.0,SRBench 2021
DSR,feynman_test_7,Feynman,0.01,0.0,10.0,SRBench 2021
DSR,feynman_test_7,Feynman,0.1,0.0,10.0,SRBench 2021
DSR,feynman_test_8,Feynman,0.0,0.0,8.0,SRBench 2021
DSR,feynman_test_8,Feynman,0.001,0.0,10.0,SRBench 2021
DSR,feynman_test_8,Feynman,0.01,0.0,10.0,SRBench 2021
DSR,feynman_test_8,Feynman,0.1,0.0,10.0,SRBench 2021
DSR,feynman_test_9,Feynman,0.0,0.0,8.0,SRBench 2021
DSR,feynman_test_9,Feynman,0.001,0.0,10.0,SRBench 2021
DSR,feynman_test_9,Feynman,0.01,0.0,10.0,SRBench 2021
DSR,feynman_test_9,Feynman,0.1,0.0,10.0,SRBench 2021
DSR,strogatz_bacres1,Strogatz,0.0,0.0,8.0,SRBench 2021
DSR,strogatz_bacres1,Strogatz,0.001,0.0,10.0,SRBench 2021
DSR,strogatz_bacres1,Strogatz,0.01,0.0,10.0,SRBench 2021
DSR,strogatz_bacres1,Strogatz,0.1,0.0,10.0,SRBench 2021
DSR,strogatz_bacres2,Strogatz,0.0,0.0,8.0,SRBench 2021
DSR,strogatz_bacres2,Strogatz,0.001,0.0,10.0,SRBench 2021
DSR,strogatz_bacres2,Strogatz,0.01,0.0,10.0,SRBench 2021
DSR,strogatz_bacres2,Strogatz,0.1,0.0,10.0,SRBench 2021
DSR,strogatz_barmag1,Strogatz,0.0,0.0,8.0,SRBench 2021
DSR,strogatz_barmag1,Strogatz,0.001,0.0,10.0,SRBench 2021
DSR,strogatz_barmag1,Strogatz,0.01,0.0,10.0,SRBench 2021
DSR,strogatz_barmag1,Strogatz,0.1,0.0,10.0,SRBench 2021
DSR,strogatz_barmag2,Strogatz,0.0,0.0,8.0,SRBench 2021
DSR,strogatz_barmag2,Strogatz,0.001,0.0,10.0,SRBench 2021
DSR,strogatz_barmag2,Strogatz,0.01,0.0,10.0,SRBench 2021
DSR,strogatz_barmag2,Strogatz,0.1,0.0,10.0,SRBench 2021
DSR,strogatz_glider1,Strogatz,0.0,0.0,8.0,SRBench 2021
DSR,strogatz_glider1,Strogatz,0.001,0.0,10.0,SRBench 2021
DSR,strogatz_glider1,Strogatz,0.01,0.0,10.0,SRBench 2021
DSR,strogatz_glider1,Strogatz,0.1,0.0,10.0,SRBench 2021
DSR,strogatz_glider2,Strogatz,0.0,0.875,8.0,SRBench 2021
DSR,strogatz_glider2,Strogatz,0.001,1.0,10.0,SRBench 2021
DSR,strogatz_glider2,Strogatz,0.01,1.0,10.0,SRBench 2021
DSR,strogatz_glider2,Strogatz,0.1,0.8,10.0,SRBench 2021
DSR,strogatz_lv1,Strogatz,0.0,0.0,8.0,SRBench 2021
DSR,strogatz_lv1,Strogatz,0.001,0.0,10.0,SRBench 2021
DSR,strogatz_lv1,Strogatz,0.01,0.0,10.0,SRBench 2021
DSR,strogatz_lv1,Strogatz,0.1,0.0,10.0,SRBench 2021
DSR,strogatz_lv2,Strogatz,0.0,0.125,8.0,SRBench 2021
DSR,strogatz_lv2,Strogatz,0.001,0.2,10.0,SRBench 2021
DSR,strogatz_lv2,Strogatz,0.01,0.2,10.0,SRBench 2021
DSR,strogatz_lv2,Strogatz,0.1,0.0,10.0,SRBench 2021
DSR,strogatz_predprey1,Strogatz,0.0,0.0,8.0,SRBench 2021
DSR,strogatz_predprey1,Strogatz,0.001,0.0,10.0,SRBench 2021
DSR,strogatz_predprey1,Strogatz,0.01,0.0,10.0,SRBench 2021
DSR,strogatz_predprey1,Strogatz,0.1,0.0,10.0,SRBench 2021
DSR,strogatz_predprey2,Strogatz,0.0,0.0,8.0,SRBench 2021
DSR,strogatz_predprey2,Strogatz,0.001,0.0,10.0,SRBench 2021
DSR,strogatz_predprey2,Strogatz,0.01,0.0,10.0,SRBench 2021
DSR,strogatz_predprey2,Strogatz,0.1,0.0,10.0,SRBench 2021
DSR,strogatz_shearflow1,Strogatz,0.0,0.75,8.0,SRBench 2021
DSR,strogatz_shearflow1,Strogatz,0.001,1.0,10.0,SRBench 2021
DSR,strogatz_shearflow1,Strogatz,0.01,1.0,10.0,SRBench 2021
DSR,strogatz_shearflow1,Strogatz,0.1,1.0,10.0,SRBench 2021
DSR,strogatz_shearflow2,Strogatz,0.0,0.0,8.0,SRBench 2021
DSR,strogatz_shearflow2,Strogatz,0.001,0.0,10.0,SRBench 2021
DSR,strogatz_shearflow2,Strogatz,0.01,0.0,10.0,SRBench 2021
DSR,strogatz_shearflow2,Strogatz,0.1,0.0,10.0,SRBench 2021
DSR,strogatz_vdp1,Strogatz,0.0,0.0,8.0,SRBench 2021
DSR,strogatz_vdp1,Strogatz,0.001,0.0,10.0,SRBench 2021
DSR,strogatz_vdp1,Strogatz,0.01,0.0,10.0,SRBench 2021
DSR,strogatz_vdp1,Strogatz,0.1,0.0,10.0,SRBench 2021
DSR,strogatz_vdp2,Strogatz,0.0,1.0,8.0,SRBench 2021
DSR,strogatz_vdp2,Strogatz,0.001,0.5,10.0,SRBench 2021
DSR,strogatz_vdp2,Strogatz,0.01,0.4,10.0,SRBench 2021
DSR,strogatz_vdp2,Strogatz,0.1,0.3,10.0,SRBench 2021
EPLEX,feynman_III_10_19,Feynman,0.0,0.0,8.0,SRBench 2021
EPLEX,feynman_III_10_19,Feynman,0.001,0.0,10.0,SRBench 2021
EPLEX,feynman_III_10_19,Feynman,0.01,0.0,10.0,SRBench 2021
EPLEX,feynman_III_10_19,Feynman,0.1,0.0,10.0,SRBench 2021
EPLEX,feynman_III_12_43,Feynman,0.0,0.125,8.0,SRBench 2021
EPLEX,feynman_III_12_43,Feynman,0.001,0.6,10.0,SRBench 2021
EPLEX,feynman_III_12_43,Feynman,0.01,0.3,10.0,SRBench 2021
EPLEX,feynman_III_12_43,Feynman,0.1,0.5,10.0,SRBench 2021
EPLEX,feynman_III_13_18,Feynman,0.0,0.0,8.0,SRBench 2021
EPLEX,feynman_III_13_18,Feynman,0.001,0.0,10.0,SRBench 2021
EPLEX,feynman_III_13_18,Feynman,0.01,0.0,10.0,SRBench 2021
EPLEX,feynman_III_13_18,Feynman,0.1,0.0,10.0,SRBench 2021
EPLEX,feynman_III_14_14,Feynman,0.0,0.0,8.0,SRBench 2021
EPLEX,feynman_III_14_14,Feynman,0.001,0.0,10.0,SRBench 2021
EPLEX,feynman_III_14_14,Feynman,0.01,0.0,10.0,SRBench 2021
EPLEX,feynman_III_14_14,Feynman,0.1,0.0,10.0,SRBench 2021
EPLEX,feynman_III_15_12,Feynman,0.0,0.0,8.0,SRBench 2021
EPLEX,feynman_III_15_12,Feynman,0.001,0.0,10.0,SRBench 2021
EPLEX,feynman_III_15_12,Feynman,0.01,0.0,10.0,SRBench 2021
EPLEX,feynman_III_15_12,Feynman,0.1,0.1,10.0,SRBench 2021
EPLEX,feynman_III_15_14,Feynman,0.0,0.0,8.0,SRBench 2021
EPLEX,feynman_III_15_14,Feynman,0.001,0.0,10.0,SRBench 2021
EPLEX,feynman_III_15_14,Feynman,0.01,0.2,10.0,SRBench 2021
EPLEX,feynman_III_15_14,Feynman,0.1,0.1,10.0,SRBench 2021
EPLEX,feynman_III_15_27,Feynman,0.0,0.0,8.0,SRBench 2021
EPLEX,feynman_III_15_27,Feynman,0.001,0.0,10.0,SRBench 2021
EPLEX,feynman_III_15_27,Feynman,0.01,0.3,10.0,SRBench 2021
EPLEX,feynman_III_15_27,Feynman,0.1,0.1,10.0,SRBench 2021
EPLEX,feynman_III_17_37,Feynman,0.0,0.5,8.0,SRBench 2021
EPLEX,feynman_III_17_37,Feynman,0.001,0.2,10.0,SRBench 2021
EPLEX,feynman_III_17_37,Feynman,0.01,0.3,10.0,SRBench 2021
EPLEX,feynman_III_17_37,Feynman,0.1,0.2,10.0,SRBench 2021
EPLEX,feynman_III_19_51,Feynman,0.0,0.0,8.0,SRBench 2021
EPLEX,feynman_III_19_51,Feynman,0.001,0.1,10.0,SRBench 2021
EPLEX,feynman_III_19_51,Feynman,0.01,0.0,10.0,SRBench 2021
EPLEX,feynman_III_19_51,Feynman,0.1,0.0,10.0,SRBench 2021
EPLEX,feynman_III_21_20,Feynman,0.0,0.125,8.0,SRBench 2021
EPLEX,feynman_III_21_20,Feynman,0.001,0.1,10.0,SRBench 2021
EPLEX,feynman_III_21_20,Feynman,0.01,0.1,10.0,SRBench 2021
EPLEX,feynman_III_21_20,Feynman,0.1,0.1,10.0,SRBench 2021
EPLEX,feynman_III_4_32,Feynman,0.0,0.0,8.0,SRBench 2021
EPLEX,feynman_III_4_32,Feynman,0.001,0.0,10.0,SRBench 2021
EPLEX,feynman_III_4_32,Feynman,0.01,0.0,10.0,SRBench 2021
EPLEX,feynman_III_4_32,Feynman,0.1,0.0,10.0,SRBench 2021
EPLEX,feynman_III_4_33,Feynman,0.0,0.0,8.0,SRBench 2021
EPLEX,feynman_III_4_33,Feynman,0.001,0.0,10.0,SRBench 2021
EPLEX,feynman_III_4_33,Feynman,0.01,0.0,10.0,SRBench 2021
EPLEX,feynman_III_4_33,Feynman,0.1,0.0,10.0,SRBench 2021
EPLEX,feynman_III_7_38,Feynman,0.0,0.0,8.0,SRBench 2021
EPLEX,feynman_III_7_38,Feynman,0.001,0.2,10.0,SRBench 2021
EPLEX,feynman_III_7_38,Feynman,0.01,0.0,10.0,SRBench 2021
EPLEX,feynman_III_7_38,Feynman,0.1,0.0,10.0,SRBench 2021
EPLEX,feynman_III_8_54,Feynman,0.0,0.0,8.0,SRBench 2021
EPLEX,feynman_III_8_54,Feynman,0.001,0.0,10.0,SRBench 2021
EPLEX,feynman_III_8_54,Feynman,0.01,0.0,10.0,SRBench 2021
EPLEX,feynman_III_8_54,Feynman,0.1,0.0,10.0,SRBench 2021
EPLEX,feynman_III_9_52,Feynman,0.0,0.0,8.0,SRBench 2021
EPLEX,feynman_III_9_52,Feynman,0.001,0.0,10.0,SRBench 2021
EPLEX,feynman_III_9_52,Feynman,0.01,0.0,10.0,SRBench 2021
EPLEX,feynman_III_9_52,Feynman,0.1,0.0,10.0,SRBench 2021
EPLEX,feynman_II_10_9,Feynman,0.0,0.125,8.0,SRBench 2021
EPLEX,feynman_II_10_9,Feynman,0.001,0.0,10.0,SRBench 2021
EPLEX,feynman_II_10_9,Feynman,0.01,0.0,10.0,SRBench 2021
EPLEX,feynman_II_10_9,Feynman,0.1,0.0,10.0,SRBench 2021
EPLEX,feynman_II_11_20,Feynman,0.0,0.125,8.0,SRBench 2021
EPLEX,feynman_II_11_20,Feynman,0.001,0.0,10.0,SRBench 2021
EPLEX,feynman_II_11_20,Feynman,0.01,0.2,10.0,SRBench 2021
EPLEX,feynman_II_11_20,Feynman,0.1,0.1,10.0,SRBench 2021
EPLEX,feynman_II_11_27,Feynman,0.0,0.0,8.0,SRBench 2021
EPLEX,feynman_II_11_27,Feynman,0.001,0.0,10.0,SRBench 2021
EPLEX,feynman_II_11_27,Feynman,0.01,0.0,10.0,SRBench 2021
EPLEX,feynman_II_11_27,Feynman,0.1,0.0,10.0,SRBench 2021
EPLEX,feynman_II_11_28,Feynman,0.0,0.0,8.0,SRBench 2021
EPLEX,feynman_II_11_28,Feynman,0.001,0.0,10.0,SRBench 2021
EPLEX,feynman_II_11_28,Feynman,0.01,0.0,10.0,SRBench 2021
EPLEX,feynman_II_11_28,Feynman,0.1,0.0,10.0,SRBench 2021
EPLEX,feynman_II_11_3,Feynman,0.0,0.0,8.0,SRBench 2021
EPLEX,feynman_II_11_3,Feynman,0.001,0.0,10.0,SRBench 2021
EPLEX,feynman_II_11_3,Feynman,0.01,0.0,10.0,SRBench 2021
EPLEX,feynman_II_11_3,Feynman,0.1,0.0,10.0,SRBench 2021
EPLEX,feynman_II_13_17,Feynman,0.0,0.0,8.0,SRBench 2021
EPLEX,feynman_II_13_17,Feynman,0.001,0.0,10.0,SRBench 2021
EPLEX,feynman_II_13_17,Feynman,0.01,0.0,10.0,SRBench 2021
EPLEX,feynman_II_13_17,Feynman,0.1,0.0,10.0,SRBench 2021
EPLEX,feynman_II_13_23,Feynman,0.0,0.0,8.0,SRBench 2021
EPLEX,feynman_II_13_23,Feynman,0.001,0.0,10.0,SRBench 2021
EPLEX,feynman_II_13_23,Feynman,0.01,0.0,10.0,SRBench 2021
EPLEX,feynman_II_13_23,Feynman,0.1,0.0,10.0,SRBench 2021
EPLEX,feynman_II_13_34,Feynman,0.0,0.0,8.0,SRBench 2021
EPLEX,feynman_II_13_34,Feynman,0.001,0.0,10.0,SRBench 2021
EPLEX,feynman_II_13_34,Feynman,0.01,0.0,10.0,SRBench 2021
EPLEX,feynman_II_13_34,Feynman,0.1,0.0,10.0,SRBench 2021
EPLEX,feynman_II_15_4,Feynman,0.0,0.375,8.0,SRBench 2021
EPLEX,feynman_II_15_4,Feynman,0.001,0.1,10.0,SRBench 2021
EPLEX,feynman_II_15_4,Feynman,0.01,0.5,10.0,SRBench 2021
EPLEX,feynman_II_15_4,Feynman,0.1,0.0,10.0,SRBench 2021
EPLEX,feynman_II_15_5,Feynman,0.0,0.5,8.0,SRBench 2021
EPLEX,feynman_II_15_5,Feynman,0.001,0.3,10.0,SRBench 2021
EPLEX,feynman_II_15_5,Feynman,0.01,0.3,10.0,SRBench 2021
EPLEX,feynman_II_15_5,Feynman,0.1,0.3,10.0,SRBench 2021
EPLEX,feynman_II_21_32,Feynman,0.0,0.0,8.0,SRBench 2021
EPLEX,feynman_II_21_32,Feynman,0.001,0.0,10.0,SRBench 2021
EPLEX,feynman_II_21_32,Feynman,0.01,0.0,10.0,SRBench 2021
EPLEX,feynman_II_21_32,Feynman,0.1,0.1,10.0,SRBench 2021
EPLEX,feynman_II_24_17,Feynman,0.0,0.0,8.0,SRBench 2021
EPLEX,feynman_II_24_17,Feynman,0.001,0.0,10.0,SRBench 2021
EPLEX,feynman_II_24_17,Feynman,0.01,0.0,10.0,SRBench 2021
EPLEX,feynman_II_24_17,Feynman,0.1,0.0,10.0,SRBench 2021
EPLEX,feynman_II_27_16,Feynman,0.0,0.375,8.0,SRBench 2021
EPLEX,feynman_II_27_16,Feynman,0.001,0.1,10.0,SRBench 2021
EPLEX,feynman_II_27_16,Feynman,0.01,0.4,10.0,SRBench 2021
EPLEX,feynman_II_27_16,Feynman,0.1,0.2,10.0,SRBench 2021
EPLEX,feynman_II_27_18,Feynman,0.0,1.0,8.0,SRBench 2021
EPLEX,feynman_II_27_18,Feynman,0.001,0.0,10.0,SRBench 2021
EPLEX,feynman_II_27_18,Feynman,0.01,0.3,10.0,SRBench 2021
EPLEX,feynman_II_27_18,Feynman,0.1,0.4,10.0,SRBench 2021
EPLEX,feynman_II_2_42,Feynman,0.0,0.375,8.0,SRBench 2021
EPLEX,feynman_II_2_42,Feynman,0.001,0.4,10.0,SRBench 2021
EPLEX,feynman_II_2_42,Feynman,0.01,0.4,10.0,SRBench 2021
EPLEX,feynman_II_2_42,Feynman,0.1,0.2,10.0,SRBench 2021
EPLEX,feynman_II_34_11,Feynman,0.0,0.125,8.0,SRBench 2021
EPLEX,feynman_II_34_11,Feynman,0.001,0.2,10.0,SRBench 2021
EPLEX,feynman_II_34_11,Feynman,0.01,0.0,10.0,SRBench 2021
EPLEX,feynman_II_34_11,Feynman,0.1,0.2,10.0,SRBench 2021
EPLEX,feynman_II_34_2,Feynman,0.0,0.0,8.0,SRBench 2021
EPLEX,feynman_II_34_2,Feynman,0.001,0.2,10.0,SRBench 2021
EPLEX,feynman_II_34_2,Feynman,0.01,0.3,10.0,SRBench 2021
EPLEX,feynman_II_34_2,Feynman,0.1,0.4,10.0,SRBench 2021
EPLEX,feynman_II_34_29a,Feynman,0.0,0.0,8.0,SRBench 2021
EPLEX,feynman_II_34_29a,Feynman,0.001,0.0,10.0,SRBench 2021
EPLEX,feynman_II_34_29a,Feynman,0.01,0.1,10.0,SRBench 2021
EPLEX,feynman_II_34_29a,Feynman,0.1,0.1,10.0,SRBench 2021
EPLEX,feynman_II_34_29b,Feynman,0.0,0.0,8.0,SRBench 2021
EPLEX,feynman_II_34_29b,Feynman,0.001,0.0,10.0,SRBench 2021
EPLEX,feynman_II_34_29b,Feynman,0.01,0.1,10.0,SRBench 2021
EPLEX,feynman_II_34_29b,Feynman,0.1,0.2,10.0,SRBench 2021
EPLEX,feynman_II_34_2a,Feynman,0.0,0.25,8.0,SRBench 2021
EPLEX,feynman_II_34_2a,Feynman,0.001,0.1,10.0,SRBench 2021
EPLEX,feynman_II_34_2a,Feynman,0.01,0.1,10.0,SRBench 2021
EPLEX,feynman_II_34_2a,Feynman,0.1,0.1,10.0,SRBench 2021
EPLEX,feynman_II_35_18,Feynman,0.0,0.0,8.0,SRBench 2021
EPLEX,feynman_II_35_18,Feynman,0.001,0.0,10.0,SRBench 2021
EPLEX,feynman_II_35_18,Feynman,0.01,0.0,10.0,SRBench 2021
EPLEX,feynman_II_35_18,Feynman,0.1,0.0,10.0,SRBench 2021
EPLEX,feynman_II_35_21,Feynman,0.0,0.0,8.0,SRBench 2021
EPLEX,feynman_II_35_21,Feynman,0.001,0.0,10.0,SRBench 2021
EPLEX,feynman_II_35_21,Feynman,0.01,0.0,10.0,SRBench 2021
EPLEX,feynman_II_35_21,Feynman,0.1,0.0,10.0,SRBench 2021
EPLEX,feynman_II_36_38,Feynman,0.0,0.0,8.0,SRBench 2021
EPLEX,feynman_II_36_38,Feynman,0.001,0.0,10.0,SRBench 2021
EPLEX,feynman_II_36_38,Feynman,0.01,0.0,10.0,SRBench 2021
EPLEX,feynman_II_36_38,Feynman,0.1,0.0,10.0,SRBench 2021
EPLEX,feynman_II_37_1,Feynman,0.0,0.25,8.0,SRBench 2021
EPLEX,feynman_II_37_1,Feynman,0.001,0.5,10.0,SRBench 2021
EPLEX,feynman_II_37_1,Feynman,0.01,0.1,10.0,SRBench 2021
EPLEX,feynman_II_37_1,Feynman,0.1,0.2,10.0,SRBench 2021
EPLEX,feynman_II_38_14,Feynman,0.0,0.0,8.0,SRBench 2021
EPLEX,feynman_II_38_14,Feynman,0.001,0.0,10.0,SRBench 2021
EPLEX,feynman_II_38_14,Feynman,0.01,0.1,10.0,SRBench 2021
EPLEX,feynman_II_38_14,Feynman,0.1,0.0,10.0,SRBench 2021
EPLEX,feynman_II_38_3,Feynman,0.0,0.25,8.0,SRBench 2021
EPLEX,feynman_II_38_3,Feynman,0.001,0.1,10.0,SRBench 2021
EPLEX,feynman_II_38_3,Feynman,0.01,0.4,10.0,SRBench 2021
EPLEX,feynman_II_38_3,Feynman,0.1,0.3,10.0,SRBench 2021
EPLEX,feynman_II_3_24,Feynman,0.0,0.25,8.0,SRBench 2021
EPLEX,feynman_II_3_24,Feynman,0.001,0.2,10.0,SRBench 2021
EPLEX,feynman_II_3_24,Feynman,0.01,0.3,10.0,SRBench 2021
EPLEX,feynman_II_3_24,Feynman,0.1,0.1,10.0,SRBench 2021
EPLEX,feynman_II_4_23,Feynman,0.0,0.125,8.0,SRBench 2021
EPLEX,feynman_II_4_23,Feynman,0.001,0.3,10.0,SRBench 2021
EPLEX,feynman_II_4_23,Feynman,0.01,0.2,10.0,SRBench 2021
EPLEX,feynman_II_4_23,Feynman,0.1,0.2,10.0,SRBench 2021
EPLEX,feynman_II_6_11,Feynman,0.0,0.0,8.0,SRBench 2021
EPLEX,feynman_II_6_11,Feynman,0.001,0.0,10.0,SRBench 2021
EPLEX,feynman_II_6_11,Feynman,0.01,0.0,10.0,SRBench 2021
EPLEX,feynman_II_6_11,Feynman,0.1,0.1,10.0,SRBench 2021
EPLEX,feynman_II_6_15a,Feynman,0.0,0.0,8.0,SRBench 2021
EPLEX,feynman_II_6_15a,Feynman,0.001,0.0,10.0,SRBench 2021
EPLEX,feynman_II_6_15a,Feynman,0.01,0.0,10.0,SRBench 2021
EPLEX,feynman_II_6_15a,Feynman,0.1,0.0,10.0,SRBench 2021
EPLEX,feynman_II_6_15b,Feynman,0.0,0.0,8.0,SRBench 2021
EPLEX,feynman_II_6_15b,Feynman,0.001,0.0,10.0,SRBench 2021
EPLEX,feynman_II_6_15b,Feynman,0.01,0.0,10.0,SRBench 2021
EPLEX,feynman_II_6_15b,Feynman,0.1,0.0,10.0,SRBench 2021
EPLEX,feynman_II_8_31,Feynman,0.0,0.25,8.0,SRBench 2021
EPLEX,feynman_II_8_31,Feynman,0.001,0.4,10.0,SRBench 2021
EPLEX,feynman_II_8_31,Feynman,0.01,0.2,10.0,SRBench 2021
EPLEX,feynman_II_8_31,Feynman,0.1,0.1,10.0,SRBench 2021
EPLEX,feynman_II_8_7,Feynman,0.0,0.0,8.0,SRBench 2021
EPLEX,feynman_II_8_7,Feynman,0.001,0.0,10.0,SRBench 2021
EPLEX,feynman_II_8_7,Feynman,0.01,0.1,10.0,SRBench 2021
EPLEX,feynman_II_8_7,Feynman,0.1,0.2,10.0,SRBench 2021
EPLEX,feynman_I_10_7,Feynman,0.0,0.0,8.0,SRBench 2021
EPLEX,feynman_I_10_7,Feynman,0.001,0.0,10.0,SRBench 2021
EPLEX,feynman_I_10_7,Feynman,0.01,0.0,10.0,SRBench 2021
EPLEX,feynman_I_10_7,Feynman,0.1,0.0,10.0,SRBench 2021
EPLEX,feynman_I_11_19,Feynman,0.0,0.0,8.0,SRBench 2021
EPLEX,feynman_I_11_19,Feynman,0.001,0.0,10.0,SRBench 2021
EPLEX,feynman_I_11_19,Feynman,0.01,0.0,10.0,SRBench 2021
EPLEX,feynman_I_11_19,Feynman,0.1,0.0,10.0,SRBench 2021
EPLEX,feynman_I_12_1,Feynman,0.0,1.0,8.0,SRBench 2021
EPLEX,feynman_I_12_1,Feynman,0.001,0.7,10.0,SRBench 2021
EPLEX,feynman_I_12_1,Feynman,0.01,0.4,10.0,SRBench 2021
EPLEX,feynman_I_12_1,Feynman,0.1,0.4,10.0,SRBench 2021
EPLEX,feynman_I_12_11,Feynman,0.0,0.0,8.0,SRBench 2021
EPLEX,feynman_I_12_11,Feynman,0.001,0.1,10.0,SRBench 2021
EPLEX,feynman_I_12_11,Feynman,0.01,0.1,10.0,SRBench 2021
EPLEX,feynman_I_12_11,Feynman,0.1,0.4,10.0,SRBench 2021
EPLEX,feynman_I_12_2,Feynman,0.0,0.125,8.0,SRBench 2021
EPLEX,feynman_I_12_2,Feynman,0.001,0.0,10.0,SRBench 2021
EPLEX,feynman_I_12_2,Feynman,0.01,0.1,10.0,SRBench 2021
EPLEX,feynman_I_12_2,Feynman,0.1,0.3,10.0,SRBench 2021
EPLEX,feynman_I_12_4,Feynman,0.0,0.25,8.0,SRBench 2021
EPLEX,feynman_I_12_4,Feynman,0.001,0.0,10.0,SRBench 2021
EPLEX,feynman_I_12_4,Feynman,0.01,0.2,10.0,SRBench 2021
EPLEX,feynman_I_12_4,Feynman,0.1,0.0,10.0,SRBench 2021
EPLEX,feynman_I_12_5,Feynman,0.0,1.0,8.0,SRBench 2021
EPLEX,feynman_I_12_5,Feynman,0.001,0.9,10.0,SRBench 2021
EPLEX,feynman_I_12_5,Feynman,0.01,0.4,10.0,SRBench 2021
EPLEX,feynman_I_12_5,Feynman,0.1,0.6,10.0,SRBench 2021
EPLEX,feynman_I_13_12,Feynman,0.0,0.5,8.0,SRBench 2021
EPLEX,feynman_I_13_12,Feynman,0.001,0.2,10.0,SRBench 2021
EPLEX,feynman_I_13_12,Feynman,0.01,0.2,10.0,SRBench 2021
EPLEX,feynman_I_13_12,Feynman,0.1,0.3,10.0,SRBench 2021
EPLEX,feynman_I_13_4,Feynman,0.0,0.0,8.0,SRBench 2021
EPLEX,feynman_I_13_4,Feynman,0.001,0.0,10.0,SRBench 2021
EPLEX,feynman_I_13_4,Feynman,0.01,0.0,10.0,SRBench 2021
EPLEX,feynman_I_13_4,Feynman,0.1,0.0,10.0,SRBench 2021
EPLEX,feynman_I_14_3,Feynman,0.0,0.75,8.0,SRBench 2021
EPLEX,feynman_I_14_3,Feynman,0.001,0.6,10.0,SRBench 2021
EPLEX,feynman_I_14_3,Feynman,0.01,0.3,10.0,SRBench 2021
EPLEX,feynman_I_14_3,Feynman,0.1,0.4,10.0,SRBench 2021
EPLEX,feynman_I_14_4,Feynman,0.0,0.0,8.0,SRBench 2021
EPLEX,feynman_I_14_4,Feynman,0.001,0.4,10.0,SRBench 2021
EPLEX,feynman_I_14_4,Feynman,0.01,0.2,10.0,SRBench 2021
EPLEX,feynman_I_14_4,Feynman,0.1,0.3,10.0,SRBench 2021
EPLEX,feynman_I_15_10,Feynman,0.0,0.0,8.0,SRBench 2021
EPLEX,feynman_I_15_10,Feynman,0.001,0.0,10.0,SRBench 2021
EPLEX,feynman_I_15_10,Feynman,0.01,0.0,10.0,SRBench 2021
EPLEX,feynman_I_15_10,Feynman,0.1,0.0,10.0,SRBench 2021
EPLEX,feynman_I_15_3t,Feynman,0.0,0.0,8.0,SRBench 2021
EPLEX,feynman_I_15_3t,Feynman,0.001,0.0,10.0,SRBench 2021
EPLEX,feynman_I_15_3t,Feynman,0.01,0.0,10.0,SRBench 2021
EPLEX,feynman_I_15_3t,Feynman,0.1,0.0,10.0,SRBench 2021
EPLEX,feynman_I_15_3x,Feynman,0.0,0.0,8.0,SRBench 2021
EPLEX,feynman_I_15_3x,Feynman,0.001,0.0,10.0,SRBench 2021
EPLEX,feynman_I_15_3x,Feynman,0.01,0.0,10.0,SRBench 2021
EPLEX,feynman_I_15_3x,Feynman,0.1,0.0,10.0,SRBench 2021
EPLEX,feynman_I_16_6,Feynman,0.0,0.0,8.0,SRBench 2021
EPLEX,feynman_I_16_6,Feynman,0.001,0.0,10.0,SRBench 2021
EPLEX,feynman_I_16_6,Feynman,0.01,0.0,10.0,SRBench 2021
EPLEX,feynman_I_16_6,Feynman,0.1,0.0,10.0,SRBench 2021
EPLEX,feynman_I_18_12,Feynman,0.0,0.75,8.0,SRBench 2021
EPLEX,feynman_I_18_12,Feynman,0.001,0.2,10.0,SRBench 2021
EPLEX,feynman_I_18_12,Feynman,0.01,0.1,10.0,SRBench 2021
EPLEX,feynman_I_18_12,Feynman,0.1,0.5,10.0,SRBench 2021
EPLEX,feynman_I_18_14,Feynman,0.0,0.625,8.0,SRBench 2021
EPLEX,feynman_I_18_14,Feynman,0.001,0.4,10.0,SRBench 2021
EPLEX,feynman_I_18_14,Feynman,0.01,0.3,10.0,SRBench 2021
EPLEX,feynman_I_18_14,Feynman,0.1,0.4,10.0,SRBench 2021
EPLEX,feynman_I_18_4,Feynman,0.0,0.0,8.0,SRBench 2021
EPLEX,feynman_I_18_4,Feynman,0.001,0.0,10.0,SRBench 2021
EPLEX,feynman_I_18_4,Feynman,0.01,0.0,10.0,SRBench 2021
EPLEX,feynman_I_18_4,Feynman,0.1,0.0,10.0,SRBench 2021
EPLEX,feynman_I_24_6,Feynman,0.0,0.0,8.0,SRBench 2021
EPLEX,feynman_I_24_6,Feynman,0.001,0.0,10.0,SRBench 2021
EPLEX,feynman_I_24_6,Feynman,0.01,0.0,10.0,SRBench 2021
EPLEX,feynman_I_24_6,Feynman,0.1,0.0,10.0,SRBench 2021
EPLEX,feynman_I_25_13,Feynman,0.0,0.875,8.0,SRBench 2021
EPLEX,feynman_I_25_13,Feynman,0.001,0.7,10.0,SRBench 2021
EPLEX,feynman_I_25_13,Feynman,0.01,0.4,10.0,SRBench 2021
EPLEX,feynman_I_25_13,Feynman,0.1,0.2,10.0,SRBench 2021
EPLEX,feynman_I_27_6,Feynman,0.0,0.0,8.0,SRBench 2021
EPLEX,feynman_I_27_6,Feynman,0.001,0.1,10.0,SRBench 2021
EPLEX,feynman_I_27_6,Feynman,0.01,0.0,10.0,SRBench 2021
EPLEX,feynman_I_27_6,Feynman,0.1,0.0,10.0,SRBench 2021
EPLEX,feynman_I_29_16,Feynman,0.0,0.0,8.0,SRBench 2021
EPLEX,feynman_I_29_16,Feynman,0.001,0.0,10.0,SRBench 2021
EPLEX,feynman_I_29_16,Feynman,0.01,0.0,10.0,SRBench 2021
EPLEX,feynman_I_29_16,Feynman,0.1,0.0,10.0,SRBench 2021
EPLEX,feynman_I_29_4,Feynman,0.0,1.0,8.0,SRBench 2021
EPLEX,feynman_I_29_4,Feynman,0.001,0.6,10.0,SRBench 2021
EPLEX,feynman_I_29_4,Feynman,0.01,0.4,10.0,SRBench 2021
EPLEX,feynman_I_29_4,Feynman,0.1,0.2,10.0,SRBench 2021
EPLEX,feynman_I_30_3,Feynman,0.0,0.0,8.0,SRBench 2021
EPLEX,feynman_I_30_3,Feynman,0.001,0.0,10.0,SRBench 2021
EPLEX,feynman_I_30_3,Feynman,0.01,0.0,10.0,SRBench 2021
EPLEX,feynman_I_30_3,Feynman,0.1,0.0,10.0,SRBench 2021
EPLEX,feynman_I_32_17,Feynman,0.0,0.0,8.0,SRBench 2021
EPLEX,feynman_I_32_17,Feynman,0.001,0.0,10.0,SRBench 2021
EPLEX,feynman_I_32_17,Feynman,0.01,0.0,10.0,SRBench 2021
EPLEX,feynman_I_32_17,Feynman,0.1,0.0,10.0,SRBench 2021
EPLEX,feynman_I_32_5,Feynman,0.0,0.125,8.0,SRBench 2021
EPLEX,feynman_I_32_5,Feynman,0.001,0.0,10.0,SRBench 2021
EPLEX,feynman_I_32_5,Feynman,0.01,0.0,10.0,SRBench 2021
EPLEX,feynman_I_32_5,Feynman,0.1,0.1,10.0,SRBench 2021
EPLEX,feynman_I_34_1,Feynman,0.0,0.0,8.0,SRBench 2021
EPLEX,feynman_I_34_1,Feynman,0.001,0.0,10.0,SRBench 2021
EPLEX,feynman_I_34_1,Feynman,0.01,0.0,10.0,SRBench 2021
EPLEX,feynman_I_34_1,Feynman,0.1,0.2,10.0,SRBench 2021
EPLEX,feynman_I_34_14,Feynman,0.0,0.0,8.0,SRBench 2021
EPLEX,feynman_I_34_14,Feynman,0.001,0.0,10.0,SRBench 2021
EPLEX,feynman_I_34_14,Feynman,0.01,0.0,10.0,SRBench 2021
EPLEX,feynman_I_34_14,Feynman,0.1,0.0,10.0,SRBench 2021
EPLEX,feynman_I_34_27,Feynman,0.0,0.125,8.0,SRBench 2021
EPLEX,feynman_I_34_27,Feynman,0.001,0.3,10.0,SRBench 2021
EPLEX,feynman_I_34_27,Feynman,0.01,0.4,10.0,SRBench 2021
EPLEX,feynman_I_34_27,Feynman,0.1,0.6,10.0,SRBench 2021
EPLEX,feynman_I_34_8,Feynman,0.0,0.25,8.0,SRBench 2021
EPLEX,feynman_I_34_8,Feynman,0.001,0.1,10.0,SRBench 2021
EPLEX,feynman_I_34_8,Feynman,0.01,0.2,10.0,SRBench 2021
EPLEX,feynman_I_34_8,Feynman,0.1,0.2,10.0,SRBench 2021
EPLEX,feynman_I_37_4,Feynman,0.0,0.0,8.0,SRBench 2021
EPLEX,feynman_I_37_4,Feynman,0.001,0.0,10.0,SRBench 2021
EPLEX,feynman_I_37_4,Feynman,0.01,0.0,10.0,SRBench 2021
EPLEX,feynman_I_37_4,Feynman,0.1,0.0,10.0,SRBench 2021
EPLEX,feynman_I_38_12,Feynman,0.0,0.125,8.0,SRBench 2021
EPLEX,feynman_I_38_12,Feynman,0.001,0.1,10.0,SRBench 2021
EPLEX,feynman_I_38_12,Feynman,0.01,0.1,10.0,SRBench 2021
EPLEX,feynman_I_38_12,Feynman,0.1,0.0,10.0,SRBench 2021
EPLEX,feynman_I_39_1,Feynman,0.0,0.375,8.0,SRBench 2021
EPLEX,feynman_I_39_1,Feynman,0.001,0.4,10.0,SRBench 2021
EPLEX,feynman_I_39_1,Feynman,0.01,0.4,10.0,SRBench 2021
EPLEX,feynman_I_39_1,Feynman,0.1,0.3,10.0,SRBench 2021
EPLEX,feynman_I_39_11,Feynman,0.0,0.0,8.0,SRBench 2021
EPLEX,feynman_I_39_11,Feynman,0.001,0.0,10.0,SRBench 2021
EPLEX,feynman_I_39_11,Feynman,0.01,0.0,10.0,SRBench 2021
EPLEX,feynman_I_39_11,Feynman,0.1,0.0,10.0,SRBench 2021
EPLEX,feynman_I_39_22,Feynman,0.0,0.25,8.0,SRBench 2021
EPLEX,feynman_I_39_22,Feynman,0.001,0.3,10.0,SRBench 2021
EPLEX,feynman_I_39_22,Feynman,0.01,0.1,10.0,SRBench 2021
EPLEX,feynman_I_39_22,Feynman,0.1,0.4,10.0,SRBench 2021
EPLEX,feynman_I_40_1,Feynman,0.0,0.125,8.0,SRBench 2021
EPLEX,feynman_I_40_1,Feynman,0.001,0.0,10.0,SRBench 2021
EPLEX,feynman_I_40_1,Feynman,0.01,0.0,10.0,SRBench 2021
EPLEX,feynman_I_40_1,Feynman,0.1,0.0,10.0,SRBench 2021
EPLEX,feynman_I_41_16,Feynman,0.0,0.0,8.0,SRBench 2021
EPLEX,feynman_I_41_16,Feynman,0.001,0.0,10.0,SRBench 2021
EPLEX,feynman_I_41_16,Feynman,0.01,0.0,10.0,SRBench 2021
EPLEX,feynman_I_41_16,Feynman,0.1,0.0,10.0,SRBench 2021
EPLEX,feynman_I_43_16,Feynman,0.0,0.125,8.0,SRBench 2021
EPLEX,feynman_I_43_16,Feynman,0.001,0.3,10.0,SRBench 2021
EPLEX,feynman_I_43_16,Feynman,0.01,0.1,10.0,SRBench 2021
EPLEX,feynman_I_43_16,Feynman,0.1,0.4,10.0,SRBench 2021
EPLEX,feynman_I_43_31,Feynman,0.0,0.5,8.0,SRBench 2021
EPLEX,feynman_I_43_31,Feynman,0.001,0.4,10.0,SRBench 2021
EPLEX,feynman_I_43_31,Feynman,0.01,0.3,10.0,SRBench 2021
EPLEX,feynman_I_43_31,Feynman,0.1,0.7,10.0,SRBench 2021
EPLEX,feynman_I_43_43,Feynman,0.0,0.125,8.0,SRBench 2021
EPLEX,feynman_I_43_43,Feynman,0.001,0.1,10.0,SRBench 2021
EPLEX,feynman_I_43_43,Feynman,0.01,0.1,10.0,SRBench 2021
EPLEX,feynman_I_43_43,Feynman,0.1,0.1,10.0,SRBench 2021
EPLEX,feynman_I_44_4,Feynman,0.0,0.0,8.0,SRBench 2021
EPLEX,feynman_I_44_4,Feynman,0.001,0.0,10.0,SRBench 2021
EPLEX,feynman_I_44_4,Feynman,0.01,0.0,10.0,SRBench 2021
EPLEX,feynman_I_44_4,Feynman,0.1,0.0,10.0,SRBench 2021
EPLEX,feynman_I_47_23,Feynman,0.0,0.25,8.0,SRBench 2021
EPLEX,feynman_I_47_23,Feynman,0.001,0.1,10.0,SRBench 2021
EPLEX,feynman_I_47_23,Feynman,0.01,0.0,10.0,SRBench 2021
EPLEX,feynman_I_47_23,Feynman,0.1,0.2,10.0,SRBench 2021
EPLEX,feynman_I_48_2,Feynman,0.0,0.0,8.0,SRBench 2021
EPLEX,feynman_I_48_2,Feynman,0.001,0.0,10.0,SRBench 2021
EPLEX,feynman_I_48_2,Feynman,0.01,0.0,10.0,SRBench 2021
EPLEX,feynman_I_48_2,Feynman,0.1,0.0,10.0,SRBench 2021
EPLEX,feynman_I_50_26,Feynman,0.0,0.0,8.0,SRBench 2021
EPLEX,feynman_I_50_26,Feynman,0.001,0.0,10.0,SRBench 2021
EPLEX,feynman_I_50_26,Feynman,0.01,0.0,10.0,SRBench 2021
EPLEX,feynman_I_50_26,Feynman,0.1,0.0,10.0,SRBench 2021
EPLEX,feynman_I_6_2,Feynman,0.0,0.0,8.0,SRBench 2021
EPLEX,feynman_I_6_2,Feynman,0.001,0.0,10.0,SRBench 2021
EPLEX,feynman_I_6_2,Feynman,0.01,0.0,10.0,SRBench 2021
EPLEX,feynman_I_6_2,Feynman,0.1,0.0,10.0,SRBench 2021
EPLEX,feynman_I_6_2a,Feynman,0.0,0.0,8.0,SRBench 2021
EPLEX,feynman_I_6_2a,Feynman,0.001,0.0,10.0,SRBench 2021
EPLEX,feynman_I_6_2a,Feynman,0.01,0.0,10.0,SRBench 2021
EPLEX,feynman_I_6_2a,Feynman,0.1,0.0,10.0,SRBench 2021
EPLEX,feynman_I_6_2b,Feynman,0.0,0.0,8.0,SRBench 2021
EPLEX,feynman_I_6_2b,Feynman,0.001,0.0,10.0,SRBench 2021
EPLEX,feynman_I_6_2b,Feynman,0.01,0.0,10.0,SRBench 2021
EPLEX,feynman_I_6_2b,Feynman,0.1,0.0,10.0,SRBench 2021
EPLEX,feynman_I_8_14,Feynman,0.0,0.0,8.0,SRBench 2021
EPLEX,feynman_I_8_14,Feynman,0.001,0.0,10.0,SRBench 2021
EPLEX,feynman_I_8_14,Feynman,0.01,0.0,10.0,SRBench 2021
EPLEX,feynman_I_8_14,Feynman,0.1,0.0,10.0,SRBench 2021
EPLEX,feynman_I_9_18,Feynman,0.0,0.0,8.0,SRBench 2021
EPLEX,feynman_I_9_18,Feynman,0.001,0.0,10.0,SRBench 2021
EPLEX,feynman_I_9_18,Feynman,0.01,0.0,10.0,SRBench 2021
EPLEX,feynman_I_9_18,Feynman,0.1,0.0,10.0,SRBench 2021
EPLEX,feynman_test_1,Feynman,0.0,0.0,8.0,SRBench 2021
EPLEX,feynman_test_1,Feynman,0.001,0.0,10.0,SRBench 2021
EPLEX,feynman_test_1,Feynman,0.01,0.0,10.0,SRBench 2021
EPLEX,feynman_test_1,Feynman,0.1,0.0,10.0,SRBench 2021
EPLEX,feynman_test_11,Feynman,0.0,0.0,8.0,SRBench 2021
EPLEX,feynman_test_11,Feynman,0.001,0.0,10.0,SRBench 2021
EPLEX,feynman_test_11,Feynman,0.01,0.0,10.0,SRBench 2021
EPLEX,feynman_test_11,Feynman,0.1,0.0,10.0,SRBench 2021
EPLEX,feynman_test_12,Feynman,0.0,0.0,8.0,SRBench 2021
EPLEX,feynman_test_12,Feynman,0.001,0.0,10.0,SRBench 2021
EPLEX,feynman_test_12,Feynman,0.01,0.0,10.0,SRBench 2021
EPLEX,feynman_test_12,Feynman,0.1,0.0,10.0,SRBench 2021
EPLEX,feynman_test_13,Feynman,0.0,0.0,8.0,SRBench 2021
EPLEX,feynman_test_13,Feynman,0.001,0.0,10.0,SRBench 2021
EPLEX,feynman_test_13,Feynman,0.01,0.0,10.0,SRBench 2021
EPLEX,feynman_test_13,Feynman,0.1,0.0,10.0,SRBench 2021
EPLEX,feynman_test_14,Feynman,0.0,0.0,8.0,SRBench 2021
EPLEX,feynman_test_14,Feynman,0.001,0.0,10.0,SRBench 2021
EPLEX,feynman_test_14,Feynman,0.01,0.0,10.0,SRBench 2021
EPLEX,feynman_test_14,Feynman,0.1,0.0,10.0,SRBench 2021
EPLEX,feynman_test_15,Feynman,0.0,0.0,8.0,SRBench 2021
EPLEX,feynman_test_15,Feynman,0.001,0.0,10.0,SRBench 2021
EPLEX,feynman_test_15,Feynman,0.01,0.0,10.0,SRBench 2021
EPLEX,feynman_test_15,Feynman,0.1,0.0,10.0,SRBench 2021
EPLEX,feynman_test_16,Feynman,0.0,0.0,8.0,SRBench 2021
EPLEX,feynman_test_16,Feynman,0.001,0.0,10.0,SRBench 2021
EPLEX,feynman_test_16,Feynman,0.01,0.0,10.0,SRBench 2021
EPLEX,feynman_test_16,Feynman,0.1,0.0,10.0,SRBench 2021
EPLEX,feynman_test_17,Feynman,0.0,0.0,8.0,SRBench 2021
EPLEX,feynman_test_17,Feynman,0.001,0.0,10.0,SRBench 2021
EPLEX,feynman_test_17,Feynman,0.01,0.0,10.0,SRBench 2021
EPLEX,feynman_test_17,Feynman,0.1,0.0,10.0,SRBench 2021
EPLEX,feynman_test_18,Feynman,0.0,0.0,8.0,SRBench 2021
EPLEX,feynman_test_18,Feynman,0.001,0.0,10.0,SRBench 2021
EPLEX,feynman_test_18,Feynman,0.01,0.0,10.0,SRBench 2021
EPLEX,feynman_test_18,Feynman,0.1,0.0,10.0,SRBench 2021
EPLEX,feynman_test_19,Feynman,0.0,0.0,8.0,SRBench 2021
EPLEX,feynman_test_19,Feynman,0.001,0.0,10.0,SRBench 2021
EPLEX,feynman_test_19,Feynman,0.01,0.0,10.0,SRBench 2021
EPLEX,feynman_test_19,Feynman,0.1,0.0,10.0,SRBench 2021
EPLEX,feynman_test_2,Feynman,0.0,0.0,8.0,SRBench 2021
EPLEX,feynman_test_2,Feynman,0.001,0.0,10.0,SRBench 2021
EPLEX,feynman_test_2,Feynman,0.01,0.0,10.0,SRBench 2021
EPLEX,feynman_test_2,Feynman,0.1,0.0,10.0,SRBench 2021
EPLEX,feynman_test_20,Feynman,0.0,0.0,8.0,SRBench 2021
EPLEX,feynman_test_20,Feynman,0.001,0.0,10.0,SRBench 2021
EPLEX,feynman_test_20,Feynman,0.01,0.0,10.0,SRBench 2021
EPLEX,feynman_test_20,Feynman,0.1,0.0,10.0,SRBench 2021
EPLEX,feynman_test_3,Feynman,0.0,0.0,8.0,SRBench 2021
EPLEX,feynman_test_3,Feynman,0.001,0.0,10.0,SRBench 2021
EPLEX,feynman_test_3,Feynman,0.01,0.0,10.0,SRBench 2021
EPLEX,feynman_test_3,Feynman,0.1,0.0,10.0,SRBench 2021
EPLEX,feynman_test_4,Feynman,0.0,0.0,8.0,SRBench 2021
EPLEX,feynman_test_4,Feynman,0.001,0.0,10.0,SRBench 2021
EPLEX,feynman_test_4,Feynman,0.01,0.0,10.0,SRBench 2021
EPLEX,feynman_test_4,Feynman,0.1,0.0,10.0,SRBench 2021
EPLEX,feynman_test_5,Feynman,0.0,0.0,8.0,SRBench 2021
EPLEX,feynman_test_5,Feynman,0.001,0.0,10.0,SRBench 2021
EPLEX,feynman_test_5,Feynman,0.01,0.0,10.0,SRBench 2021
EPLEX,feynman_test_5,Feynman,0.1,0.0,10.0,SRBench 2021
EPLEX,feynman_test_6,Feynman,0.0,0.0,8.0,SRBench 2021
EPLEX,feynman_test_6,Feynman,0.001,0.0,10.0,SRBench 2021
EPLEX,feynman_test_6,Feynman,0.01,0.0,10.0,SRBench 2021
EPLEX,feynman_test_6,Feynman,0.1,0.0,10.0,SRBench 2021
EPLEX,feynman_test_7,Feynman,0.0,0.0,8.0,SRBench 2021
EPLEX,feynman_test_7,Feynman,0.001,0.0,10.0,SRBench 2021
EPLEX,feynman_test_7,Feynman,0.01,0.0,10.0,SRBench 2021
EPLEX,feynman_test_7,Feynman,0.1,0.0,10.0,SRBench 2021
EPLEX,feynman_test_8,Feynman,0.0,0.0,8.0,SRBench 2021
EPLEX,feynman_test_8,Feynman,0.001,0.0,10.0,SRBench 2021
EPLEX,feynman_test_8,Feynman,0.01,0.0,10.0,SRBench 2021
EPLEX,feynman_test_8,Feynman,0.1,0.0,10.0,SRBench 2021
EPLEX,feynman_test_9,Feynman,0.0,0.0,8.0,SRBench 2021
EPLEX,feynman_test_9,Feynman,0.001,0.0,10.0,SRBench 2021
EPLEX,feynman_test_9,Feynman,0.01,0.0,10.0,SRBench 2021
EPLEX,feynman_test_9,Feynman,0.1,0.0,10.0,SRBench 2021
EPLEX,strogatz_bacres1,Strogatz,0.0,0.0,8.0,SRBench 2021
EPLEX,strogatz_bacres1,Strogatz,0.001,0.0,10.0,SRBench 2021
EPLEX,strogatz_bacres1,Strogatz,0.01,0.0,10.0,SRBench 2021
EPLEX,strogatz_bacres1,Strogatz,0.1,0.0,10.0,SRBench 2021
EPLEX,strogatz_bacres2,Strogatz,0.0,0.0,8.0,SRBench 2021
EPLEX,strogatz_bacres2,Strogatz,0.001,0.0,10.0,SRBench 2021
EPLEX,strogatz_bacres2,Strogatz,0.01,0.0,10.0,SRBench 2021
EPLEX,strogatz_bacres2,Strogatz,0.1,0.0,10.0,SRBench 2021
EPLEX,strogatz_barmag1,Strogatz,0.0,0.0,8.0,SRBench 2021
EPLEX,strogatz_barmag1,Strogatz,0.001,0.0,10.0,SRBench 2021
EPLEX,strogatz_barmag1,Strogatz,0.01,0.0,10.0,SRBench 2021
EPLEX,strogatz_barmag1,Strogatz,0.1,0.0,10.0,SRBench 2021
EPLEX,strogatz_barmag2,Strogatz,0.0,0.0,8.0,SRBench 2021
EPLEX,strogatz_barmag2,Strogatz,0.001,0.0,10.0,SRBench 2021
EPLEX,strogatz_barmag2,Strogatz,0.01,0.0,10.0,SRBench 2021
EPLEX,strogatz_barmag2,Strogatz,0.1,0.0,10.0,SRBench 2021
EPLEX,strogatz_glider1,Strogatz,0.0,0.0,8.0,SRBench 2021
EPLEX,strogatz_glider1,Strogatz,0.001,0.1,10.0,SRBench 2021
EPLEX,strogatz_glider1,Strogatz,0.01,0.1,10.0,SRBench 2021
EPLEX,strogatz_glider1,Strogatz,0.1,0.1,10.0,SRBench 2021
EPLEX,strogatz_glider2,Strogatz,0.0,0.25,8.0,SRBench 2021
EPLEX,strogatz_glider2,Strogatz,0.001,0.1,10.0,SRBench 2021
EPLEX,strogatz_glider2,Strogatz,0.01,0.0,10.0,SRBench 2021
EPLEX,strogatz_glider2,Strogatz,0.1,0.0,10.0,SRBench 2021
EPLEX,strogatz_lv1,Strogatz,0.0,0.0,8.0,SRBench 2021
EPLEX,strogatz_lv1,Strogatz,0.001,0.0,10.0,SRBench 2021
EPLEX,strogatz_lv1,Strogatz,0.01,0.0,10.0,SRBench 2021
EPLEX,strogatz_lv1,Strogatz,0.1,0.0,10.0,SRBench 2021
EPLEX,strogatz_lv2,Strogatz,0.0,0.0,8.0,SRBench 2021
EPLEX,strogatz_lv2,Strogatz,0.001,0.1,10.0,SRBench 2021
EPLEX,strogatz_lv2,Strogatz,0.01,0.0,10.0,SRBench 2021
EPLEX,strogatz_lv2,Strogatz,0.1,0.0,10.0,SRBench 2021
EPLEX,strogatz_predprey1,Strogatz,0.0,0.0,8.0,SRBench 2021
EPLEX,strogatz_predprey1,Strogatz,0.001,0.0,10.0,SRBench 2021
EPLEX,strogatz_predprey1,Strogatz,0.01,0.0,10.0,SRBench 2021
EPLEX,strogatz_predprey1,Strogatz,0.1,0.0,10.0,SRBench 2021
EPLEX,strogatz_predprey2,Strogatz,0.0,0.0,8.0,SRBench 2021
EPLEX,strogatz_predprey2,Strogatz,0.001,0.0,10.0,SRBench 2021
EPLEX,strogatz_predprey2,Strogatz,0.01,0.0,10.0,SRBench 2021
EPLEX,strogatz_predprey2,Strogatz,0.1,0.0,10.0,SRBench 2021
EPLEX,strogatz_shearflow1,Strogatz,0.0,0.125,8.0,SRBench 2021
EPLEX,strogatz_shearflow1,Strogatz,0.001,0.2,10.0,SRBench 2021
EPLEX,strogatz_shearflow1,Strogatz,0.01,0.0,10.0,SRBench 2021
EPLEX,strogatz_shearflow1,Strogatz,0.1,0.1,10.0,SRBench 2021
EPLEX,strogatz_shearflow2,Strogatz,0.0,0.0,8.0,SRBench 2021
EPLEX,strogatz_shearflow2,Strogatz,0.001,0.0,10.0,SRBench 2021
EPLEX,strogatz_shearflow2,Strogatz,0.01,0.0,10.0,SRBench 2021
EPLEX,strogatz_shearflow2,Strogatz,0.1,0.0,10.0,SRBench 2021
EPLEX,strogatz_vdp1,Strogatz,0.0,0.0,8.0,SRBench 2021
EPLEX,strogatz_vdp1,Strogatz,0.001,0.0,10.0,SRBench 2021
EPLEX,strogatz_vdp1,Strogatz,0.01,0.0,10.0,SRBench 2021
EPLEX,strogatz_vdp1,Strogatz,0.1,0.0,10.0,SRBench 2021
EPLEX,strogatz_vdp2,Strogatz,0.0,0.875,8.0,SRBench 2021
EPLEX,strogatz_vdp2,Strogatz,0.001,0.8,10.0,SRBench 2021
EPLEX,strogatz_vdp2,Strogatz,0.01,0.5,10.0,SRBench 2021
EPLEX,strogatz_vdp2,Strogatz,0.1,0.1,10.0,SRBench 2021
FEAT,feynman_III_10_19,Feynman,0.0,0.0,5.0,SRBench 2021
FEAT,feynman_III_10_19,Feynman,0.001,0.0,9.0,SRBench 2021
FEAT,feynman_III_10_19,Feynman,0.01,0.0,9.0,SRBench 2021
FEAT,feynman_III_10_19,Feynman,0.1,0.0,10.0,SRBench 2021
FEAT,feynman_III_12_43,Feynman,0.0,0.0,8.0,SRBench 2021
FEAT,feynman_III_12_43,Feynman,0.001,0.0,10.0,SRBench 2021
FEAT,feynman_III_12_43,Feynman,0.01,0.0,10.0,SRBench 2021
FEAT,feynman_III_12_43,Feynman,0.1,0.0,10.0,SRBench 2021
FEAT,feynman_III_13_18,Feynman,0.0,0.0,7.0,SRBench 2021
FEAT,feynman_III_13_18,Feynman,0.001,0.0,10.0,SRBench 2021
FEAT,feynman_III_13_18,Feynman,0.01,0.0,9.0,SRBench 2021
FEAT,feynman_III_13_18,Feynman,0.1,0.0,10.0,SRBench 2021
FEAT,feynman_III_14_14,Feynman,0.0,0.0,7.0,SRBench 2021
FEAT,feynman_III_14_14,Feynman,0.001,0.0,9.0,SRBench 2021
FEAT,feynman_III_14_14,Feynman,0.01,0.0,10.0,SRBench 2021
FEAT,feynman_III_14_14,Feynman,0.1,0.0,10.0,SRBench 2021
FEAT,feynman_III_15_12,Feynman,0.0,0.0,8.0,SRBench 2021
FEAT,feynman_III_15_12,Feynman,0.001,0.0,10.0,SRBench 2021
FEAT,feynman_III_15_12,Feynman,0.01,0.0,9.0,SRBench 2021
FEAT,feynman_III_15_12,Feynman,0.1,0.0,10.0,SRBench 2021
FEAT,feynman_III_15_14,Feynman,0.0,0.0,8.0,SRBench 2021
FEAT,feynman_III_15_14,Feynman,0.001,0.0,8.0,SRBench 2021
FEAT,feynman_III_15_14,Feynman,0.01,0.0,8.0,SRBench 2021
FEAT,feynman_III_15_14,Feynman,0.1,0.0,10.0,SRBench 2021
FEAT,feynman_III_15_27,Feynman,0.0,0.0,5.0,SRBench 2021
FEAT,feynman_III_15_27,Feynman,0.001,0.0,9.0,SRBench 2021
FEAT,feynman_III_15_27,Feynman,0.01,0.0,10.0,SRBench 2021
FEAT,feynman_III_15_27,Feynman,0.1,0.0,10.0,SRBench 2021
FEAT,feynman_III_17_37,Feynman,0.0,0.0,6.0,SRBench 2021
FEAT,feynman_III_17_37,Feynman,0.001,0.0,10.0,SRBench 2021
FEAT,feynman_III_17_37,Feynman,0.01,0.0,9.0,SRBench 2021
FEAT,feynman_III_17_37,Feynman,0.1,0.0,10.0,SRBench 2021
FEAT,feynman_III_19_51,Feynman,0.0,0.0,8.0,SRBench 2021
FEAT,feynman_III_19_51,Feynman,0.001,0.0,10.0,SRBench 2021
FEAT,feynman_III_19_51,Feynman,0.01,0.0,10.0,SRBench 2021
FEAT,feynman_III_19_51,Feynman,0.1,0.0,10.0,SRBench 2021
FEAT,feynman_III_21_20,Feynman,0.0,0.0,8.0,SRBench 2021
FEAT,feynman_III_21_20,Feynman,0.001,0.0,8.0,SRBench 2021
FEAT,feynman_III_21_20,Feynman,0.01,0.0,10.0,SRBench 2021
FEAT,feynman_III_21_20,Feynman,0.1,0.0,9.0,SRBench 2021
FEAT,feynman_III_4_32,Feynman,0.0,0.0,8.0,SRBench 2021
FEAT,feynman_III_4_32,Feynman,0.001,0.0,8.0,SRBench 2021
FEAT,feynman_III_4_32,Feynman,0.01,0.0,7.0,SRBench 2021
FEAT,feynman_III_4_32,Feynman,0.1,0.0,10.0,SRBench 2021
FEAT,feynman_III_4_33,Feynman,0.0,0.0,7.0,SRBench 2021
FEAT,feynman_III_4_33,Feynman,0.001,0.0,10.0,SRBench 2021
FEAT,feynman_III_4_33,Feynman,0.01,0.0,10.0,SRBench 2021
FEAT,feynman_III_4_33,Feynman,0.1,0.0,10.0,SRBench 2021
FEAT,feynman_III_7_38,Feynman,0.0,0.0,7.0,SRBench 2021
FEAT,feynman_III_7_38,Feynman,0.001,0.0,9.0,SRBench 2021
FEAT,feynman_III_7_38,Feynman,0.01,0.0,10.0,SRBench 2021
FEAT,feynman_III_7_38,Feynman,0.1,0.0,10.0,SRBench 2021
FEAT,feynman_III_8_54,Feynman,0.0,0.0,8.0,SRBench 2021
FEAT,feynman_III_8_54,Feynman,0.001,0.0,10.0,SRBench 2021
FEAT,feynman_III_8_54,Feynman,0.01,0.0,10.0,SRBench 2021
FEAT,feynman_III_8_54,Feynman,0.1,0.0,10.0,SRBench 2021
FEAT,feynman_III_9_52,Feynman,0.0,0.0,8.0,SRBench 2021
FEAT,feynman_III_9_52,Feynman,0.001,0.0,10.0,SRBench 2021
FEAT,feynman_III_9_52,Feynman,0.01,0.0,10.0,SRBench 2021
FEAT,feynman_III_9_52,Feynman,0.1,0.0,10.0,SRBench 2021
FEAT,feynman_II_10_9,Feynman,0.0,0.0,6.0,SRBench 2021
FEAT,feynman_II_10_9,Feynman,0.001,0.0,9.0,SRBench 2021
FEAT,feynman_II_10_9,Feynman,0.01,0.0,8.0,SRBench 2021
FEAT,feynman_II_10_9,Feynman,0.1,0.0,10.0,SRBench 2021
FEAT,feynman_II_11_20,Feynman,0.0,0.0,8.0,SRBench 2021
FEAT,feynman_II_11_20,Feynman,0.001,0.0,10.0,SRBench 2021
FEAT,feynman_II_11_20,Feynman,0.01,0.0,10.0,SRBench 2021
FEAT,feynman_II_11_20,Feynman,0.1,0.0,9.0,SRBench 2021
FEAT,feynman_II_11_27,Feynman,0.0,0.0,4.0,SRBench 2021
FEAT,feynman_II_11_27,Feynman,0.001,0.0,6.0,SRBench 2021
FEAT,feynman_II_11_27,Feynman,0.01,0.0,8.0,SRBench 2021
FEAT,feynman_II_11_27,Feynman,0.1,0.0,10.0,SRBench 2021
FEAT,feynman_II_11_28,Feynman,0.0,0.0,7.0,SRBench 2021
FEAT,feynman_II_11_28,Feynman,0.001,0.0,10.0,SRBench 2021
FEAT,feynman_II_11_28,Feynman,0.01,0.0,10.0,SRBench 2021
FEAT,feynman_II_11_28,Feynman,0.1,0.0,10.0,SRBench 2021
FEAT,feynman_II_11_3,Feynman,0.0,0.0,3.0,SRBench 2021
FEAT,feynman_II_11_3,Feynman,0.001,0.0,7.0,SRBench 2021
FEAT,feynman_II_11_3,Feynman,0.01,0.0,7.0,SRBench 2021
FEAT,feynman_II_11_3,Feynman,0.1,0.0,10.0,SRBench 2021
FEAT,feynman_II_13_17,Feynman,0.0,0.0,8.0,SRBench 2021
FEAT,feynman_II_13_17,Feynman,0.001,0.0,10.0,SRBench 2021
FEAT,feynman_II_13_17,Feynman,0.01,0.0,9.0,SRBench 2021
FEAT,feynman_II_13_17,Feynman,0.1,0.0,9.0,SRBench 2021
FEAT,feynman_II_13_23,Feynman,0.0,0.0,6.0,SRBench 2021
FEAT,feynman_II_13_23,Feynman,0.001,0.0,10.0,SRBench 2021
FEAT,feynman_II_13_23,Feynman,0.01,0.0,10.0,SRBench 2021
FEAT,feynman_II_13_23,Feynman,0.1,0.0,10.0,SRBench 2021
FEAT,feynman_II_13_34,Feynman,0.0,0.0,6.0,SRBench 2021
FEAT,feynman_II_13_34,Feynman,0.001,0.0,10.0,SRBench 2021
FEAT,feynman_II_13_34,Feynman,0.01,0.0,10.0,SRBench 2021
FEAT,feynman_II_13_34,Feynman,0.1,0.0,10.0,SRBench 2021
FEAT,feynman_II_15_4,Feynman,0.0,0.0,8.0,SRBench 2021
FEAT,feynman_II_15_4,Feynman,0.001,0.0,9.0,SRBench 2021
FEAT,feynman_II_15_4,Feynman,0.01,0.0,10.0,SRBench 2021
FEAT,feynman_II_15_4,Feynman,0.1,0.0,10.0,SRBench 2021
FEAT,feynman_II_15_5,Feynman,0.0,0.0,7.0,SRBench 2021
FEAT,feynman_II_15_5,Feynman,0.001,0.0,9.0,SRBench 2021
FEAT,feynman_II_15_5,Feynman,0.01,0.0,9.0,SRBench 2021
FEAT,feynman_II_15_5,Feynman,0.1,0.0,10.0,SRBench 2021
FEAT,feynman_II_21_32,Feynman,0.0,0.0,8.0,SRBench 2021
FEAT,feynman_II_21_32,Feynman,0.001,0.0,9.0,SRBench 2021
FEAT,feynman_II_21_32,Feynman,0.01,0.0,8.0,SRBench 2021
FEAT,feynman_II_21_32,Feynman,0.1,0.0,10.0,SRBench 2021
FEAT,feynman_II_24_17,Feynman,0.0,0.0,6.0,SRBench 2021
FEAT,feynman_II_24_17,Feynman,0.001,0.0,9.0,SRBench 2021
FEAT,feynman_II_24_17,Feynman,0.01,0.0,10.0,SRBench 2021
FEAT,feynman_II_24_17,Feynman,0.1,0.0,10.0,SRBench 2021
FEAT,feynman_II_27_16,Feynman,0.0,0.0,8.0,SRBench 2021
FEAT,feynman_II_27_16,Feynman,0.001,0.0,10.0,SRBench 2021
FEAT,feynman_II_27_16,Feynman,0.01,0.0,10.0,SRBench 2021
FEAT,feynman_II_27_16,Feynman,0.1,0.0,10.0,SRBench 2021
FEAT,feynman_II_27_18,Feynman,0.0,0.0,8.0,SRBench 2021
FEAT,feynman_II_27_18,Feynman,0.001,0.0,10.0,SRBench 2021
FEAT,feynman_II_27_18,Feynman,0.01,0.0,10.0,SRBench 2021
FEAT,feynman_II_27_18,Feynman,0.1,0.0,10.0,SRBench 2021
FEAT,feynman_II_2_42,Feynman,0.0,0.0,8.0,SRBench 2021
FEAT,feynman_II_2_42,Feynman,0.001,0.0,10.0,SRBench 2021
FEAT,feynman_II_2_42,Feynman,0.01,0.0,9.0,SRBench 2021
FEAT,feynman_II_2_42,Feynman,0.1,0.0,10.0,SRBench 2021
FEAT,feynman_II_34_11,Feynman,0.0,0.0,8.0,SRBench 2021
FEAT,feynman_II_34_11,Feynman,0.001,0.0,8.0,SRBench 2021
FEAT,feynman_II_34_11,Feynman,0.01,0.0,10.0,SRBench 2021
FEAT,feynman_II_34_11,Feynman,0.1,0.0,10.0,SRBench 2021
FEAT,feynman_II_34_2,Feynman,0.0,0.0,8.0,SRBench 2021
FEAT,feynman_II_34_2,Feynman,0.001,0.0,10.0,SRBench 2021
FEAT,feynman_II_34_2,Feynman,0.01,0.0,10.0,SRBench 2021
FEAT,feynman_II_34_2,Feynman,0.1,0.0,10.0,SRBench 2021
FEAT,feynman_II_34_29a,Feynman,0.0,0.0,6.0,SRBench 2021
FEAT,feynman_II_34_29a,Feynman,0.001,0.0,8.0,SRBench 2021
FEAT,feynman_II_34_29a,Feynman,0.01,0.0,9.0,SRBench 2021
FEAT,feynman_II_34_29a,Feynman,0.1,0.0,10.0,SRBench 2021
FEAT,feynman_II_34_29b,Feynman,0.0,0.0,8.0,SRBench 2021
FEAT,feynman_II_34_29b,Feynman,0.001,0.0,10.0,SRBench 2021
FEAT,feynman_II_34_29b,Feynman,0.01,0.0,9.0,SRBench 2021
FEAT,feynman_II_34_29b,Feynman,0.1,0.0,10.0,SRBench 2021
FEAT,feynman_II_34_2a,Feynman,0.0,0.0,7.0,SRBench 2021
FEAT,feynman_II_34_2a,Feynman,0.001,0.0,10.0,SRBench 2021
FEAT,feynman_II_34_2a,Feynman,0.01,0.0,9.0,SRBench 2021
FEAT,feynman_II_34_2a,Feynman,0.1,0.0,10.0,SRBench 2021
FEAT,feynman_II_35_18,Feynman,0.0,0.0,7.0,SRBench 2021
FEAT,feynman_II_35_18,Feynman,0.001,0.0,10.0,SRBench 2021
FEAT,feynman_II_35_18,Feynman,0.01,0.0,10.0,SRBench 2021
FEAT,feynman_II_35_18,Feynman,0.1,0.0,10.0,SRBench 2021
FEAT,feynman_II_35_21,Feynman,0.0,0.0,7.0,SRBench 2021
FEAT,feynman_II_35_21,Feynman,0.001,0.0,10.0,SRBench 2021
FEAT,feynman_II_35_21,Feynman,0.01,0.0,10.0,SRBench 2021
FEAT,feynman_II_35_21,Feynman,0.1,0.0,10.0,SRBench 2021
FEAT,feynman_II_36_38,Feynman,0.0,0.0,5.0,SRBench 2021
FEAT,feynman_II_36_38,Feynman,0.001,0.0,8.0,SRBench 2021
FEAT,feynman_II_36_38,Feynman,0.01,0.0,9.0,SRBench 2021
FEAT,feynman_II_36_38,Feynman,0.1,0.0,10.0,SRBench 2021
FEAT,feynman_II_37_1,Feynman,0.0,0.0,8.0,SRBench 2021
FEAT,feynman_II_37_1,Feynman,0.001,0.0,10.0,SRBench 2021
FEAT,feynman_II_37_1,Feynman,0.01,0.0,10.0,SRBench 2021
FEAT,feynman_II_37_1,Feynman,0.1,0.0,10.0,SRBench 2021
FEAT,feynman_II_38_14,Feynman,0.0,0.0,7.0,SRBench 2021
FEAT,feynman_II_38_14,Feynman,0.001,0.0,10.0,SRBench 2021
FEAT,feynman_II_38_14,Feynman,0.01,0.0,9.0,SRBench 2021
FEAT,feynman_II_38_14,Feynman,0.1,0.0,10.0,SRBench 2021
FEAT,feynman_II_38_3,Feynman,0.0,0.0,8.0,SRBench 2021
FEAT,feynman_II_38_3,Feynman,0.001,0.0,9.0,SRBench 2021
FEAT,feynman_II_38_3,Feynman,0.01,0.0,9.0,SRBench 2021
FEAT,feynman_II_38_3,Feynman,0.1,0.0,10.0,SRBench 2021
FEAT,feynman_II_3_24,Feynman,0.0,0.0,6.0,SRBench 2021
FEAT,feynman_II_3_24,Feynman,0.001,0.0,9.0,SRBench 2021
FEAT,feynman_II_3_24,Feynman,0.01,0.0,10.0,SRBench 2021
FEAT,feynman_II_3_24,Feynman,0.1,0.0,10.0,SRBench 2021
FEAT,feynman_II_4_23,Feynman,0.0,0.0,6.0,SRBench 2021
FEAT,feynman_II_4_23,Feynman,0.001,0.0,9.0,SRBench 2021
FEAT,feynman_II_4_23,Feynman,0.01,0.0,9.0,SRBench 2021
FEAT,feynman_II_4_23,Feynman,0.1,0.0,10.0,SRBench 2021
FEAT,feynman_II_6_11,Feynman,0.0,0.0,6.0,SRBench 2021
FEAT,feynman_II_6_11,Feynman,0.001,0.0,9.0,SRBench 2021
FEAT,feynman_II_6_11,Feynman,0.01,0.0,10.0,SRBench 2021
FEAT,feynman_II_6_11,Feynman,0.1,0.0,10.0,SRBench 2021
FEAT,feynman_II_6_15a,Feynman,0.0,0.0,8.0,SRBench 2021
FEAT,feynman_II_6_15a,Feynman,0.001,0.0,9.0,SRBench 2021
FEAT,feynman_II_6_15a,Feynman,0.01,0.0,9.0,SRBench 2021
FEAT,feynman_II_6_15a,Feynman,0.1,0.0,10.0,SRBench 2021
FEAT,feynman_II_6_15b,Feynman,0.0,0.0,8.0,SRBench 2021
FEAT,feynman_II_6_15b,Feynman,0.001,0.0,10.0,SRBench 2021
FEAT,feynman_II_6_15b,Feynman,0.01,0.0,10.0,SRBench 2021
FEAT,feynman_II_6_15b,Feynman,0.1,0.0,10.0,SRBench 2021
FEAT,feynman_II_8_31,Feynman,0.0,0.0,8.0,SRBench 2021
FEAT,feynman_II_8_31,Feynman,0.001,0.0,10.0,SRBench 2021
FEAT,feynman_II_8_31,Feynman,0.01,0.0,10.0,SRBench 2021
FEAT,feynman_II_8_31,Feynman,0.1,0.0,10.0,SRBench 2021
FEAT,feynman_II_8_7,Feynman,0.0,0.0,7.0,SRBench 2021
FEAT,feynman_II_8_7,Feynman,0.001,0.0,9.0,SRBench 2021
FEAT,feynman_II_8_7,Feynman,0.01,0.0,9.0,SRBench 2021
FEAT,feynman_II_8_7,Feynman,0.1,0.0,10.0,SRBench 2021
FEAT,feynman_I_10_7,Feynman,0.0,0.0,7.0,SRBench 2021
FEAT,feynman_I_10_7,Feynman,0.001,0.0,10.0,SRBench 2021
FEAT,feynman_I_10_7,Feynman,0.01,0.0,10.0,SRBench 2021
FEAT,feynman_I_10_7,Feynman,0.1,0.0,10.0,SRBench 2021
FEAT,feynman_I_11_19,Feynman,0.0,0.0,8.0,SRBench 2021
FEAT,feynman_I_11_19,Feynman,0.001,0.0,10.0,SRBench 2021
FEAT,feynman_I_11_19,Feynman,0.01,0.0,10.0,SRBench 2021
FEAT,feynman_I_11_19,Feynman,0.1,0.0,10.0,SRBench 2021
FEAT,feynman_I_12_1,Feynman,0.0,0.0,8.0,SRBench 2021
FEAT,feynman_I_12_1,Feynman,0.001,0.0,10.0,SRBench 2021
FEAT,feynman_I_12_1,Feynman,0.01,0.0,10.0,SRBench 2021
FEAT,feynman_I_12_1,Feynman,0.1,0.0,10.0,SRBench 2021
FEAT,feynman_I_12_11,Feynman,0.0,0.0,8.0,SRBench 2021
FEAT,feynman_I_12_11,Feynman,0.001,0.0,10.0,SRBench 2021
FEAT,feynman_I_12_11,Feynman,0.01,0.0,10.0,SRBench 2021
FEAT,feynman_I_12_11,Feynman,0.1,0.0,10.0,SRBench 2021
FEAT,feynman_I_12_2,Feynman,0.0,0.0,8.0,SRBench 2021
FEAT,feynman_I_12_2,Feynman,0.001,0.0,10.0,SRBench 2021
FEAT,feynman_I_12_2,Feynman,0.01,0.0,10.0,SRBench 2021
FEAT,feynman_I_12_2,Feynman,0.1,0.0,10.0,SRBench 2021
FEAT,feynman_I_12_4,Feynman,0.0,0.0,8.0,SRBench 2021
FEAT,feynman_I_12_4,Feynman,0.001,0.0,10.0,SRBench 2021
FEAT,feynman_I_12_4,Feynman,0.01,0.0,9.0,SRBench 2021
FEAT,feynman_I_12_4,Feynman,0.1,0.0,10.0,SRBench 2021
FEAT,feynman_I_12_5,Feynman,0.0,0.0,8.0,SRBench 2021
FEAT,feynman_I_12_5,Feynman,0.001,0.0,10.0,SRBench 2021
FEAT,feynman_I_12_5,Feynman,0.01,0.0,10.0,SRBench 2021
FEAT,feynman_I_12_5,Feynman,0.1,0.0,10.0,SRBench 2021
FEAT,feynman_I_13_12,Feynman,0.0,0.0,8.0,SRBench 2021
FEAT,feynman_I_13_12,Feynman,0.001,0.0,10.0,SRBench 2021
FEAT,feynman_I_13_12,Feynman,0.01,0.0,10.0,SRBench 2021
FEAT,feynman_I_13_12,Feynman,0.1,0.0,10.0,SRBench 2021
FEAT,feynman_I_13_4,Feynman,0.0,0.0,6.0,SRBench 2021
FEAT,feynman_I_13_4,Feynman,0.001,0.0,10.0,SRBench 2021
FEAT,feynman_I_13_4,Feynman,0.01,0.0,10.0,SRBench 2021
FEAT,feynman_I_13_4,Feynman,0.1,0.0,10.0,SRBench 2021
FEAT,feynman_I_14_3,Feynman,0.0,0.0,8.0,SRBench 2021
FEAT,feynman_I_14_3,Feynman,0.001,0.0,10.0,SRBench 2021
FEAT,feynman_I_14_3,Feynman,0.01,0.0,10.0,SRBench 2021
FEAT,feynman_I_14_3,Feynman,0.1,0.0,10.0,SRBench 2021
FEAT,feynman_I_14_4,Feynman,0.0,0.0,8.0,SRBench 2021
FEAT,feynman_I_14_4,Feynman,0.001,0.0,10.0,SRBench 2021
FEAT,feynman_I_14_4,Feynman,0.01,0.0,10.0,SRBench 2021
FEAT,feynman_I_14_4,Feynman,0.1,0.0,10.0,SRBench 2021
FEAT,feynman_I_15_10,Feynman,0.0,0.0,6.0,SRBench 2021
FEAT,feynman_I_15_10,Feynman,0.001,0.0,9.0,SRBench 2021
FEAT,feynman_I_15_10,Feynman,0.01,0.0,10.0,SRBench 2021
FEAT,feynman_I_15_10,Feynman,0.1,0.0,10.0,SRBench 2021
FEAT,feynman_I_15_3t,Feynman,0.0,0.0,7.0,SRBench 2021
FEAT,feynman_I_15_3t,Feynman,0.001,0.0,10.0,SRBench 2021
FEAT,feynman_I_15_3t,Feynman,0.01,0.0,10.0,SRBench 2021
FEAT,feynman_I_15_3t,Feynman,0.1,0.0,10.0,SRBench 2021
FEAT,feynman_I_15_3x,Feynman,0.0,0.0,7.0,SRBench 2021
FEAT,feynman_I_15_3x,Feynman,0.001,0.0,10.0,SRBench 2021
FEAT,feynman_I_15_3x,Feynman,0.01,0.0,10.0,SRBench 2021
FEAT,feynman_I_15_3x,Feynman,0.1,0.0,10.0,SRBench 2021
FEAT,feynman_I_16_6,Feynman,0.0,0.0,8.0,SRBench 2021
FEAT,feynman_I_16_6,Feynman,0.001,0.0,10.0,SRBench 2021
FEAT,feynman_I_16_6,Feynman,0.01,0.0,9.0,SRBench 2021
FEAT,feynman_I_16_6,Feynman,0.1,0.0,10.0,SRBench 2021
FEAT,feynman_I_18_12,Feynman,0.0,0.0,7.0,SRBench 2021
FEAT,feynman_I_18_12,Feynman,0.001,0.0,9.0,SRBench 2021
FEAT,feynman_I_18_12,Feynman,0.01,0.0,9.0,SRBench 2021
FEAT,feynman_I_18_12,Feynman,0.1,0.0,10.0,SRBench 2021
FEAT,feynman_I_18_14,Feynman,0.0,0.0,7.0,SRBench 2021
FEAT,feynman_I_18_14,Feynman,0.001,0.0,9.0,SRBench 2021
FEAT,feynman_I_18_14,Feynman,0.01,0.0,9.0,SRBench 2021
FEAT,feynman_I_18_14,Feynman,0.1,0.0,10.0,SRBench 2021
FEAT,feynman_I_18_4,Feynman,0.0,0.0,8.0,SRBench 2021
FEAT,feynman_I_18_4,Feynman,0.001,0.0,10.0,SRBench 2021
FEAT,feynman_I_18_4,Feynman,0.01,0.0,10.0,SRBench 2021
FEAT,feynman_I_18_4,Feynman,0.1,0.0,10.0,SRBench 2021
FEAT,feynman_I_24_6,Feynman,0.0,0.0,7.0,SRBench 2021
FEAT,feynman_I_24_6,Feynman,0.001,0.0,8.0,SRBench 2021
FEAT,feynman_I_24_6,Feynman,0.01,0.0,9.0,SRBench 2021
FEAT,feynman_I_24_6,Feynman,0.1,0.0,10.0,SRBench 2021
FEAT,feynman_I_25_13,Feynman,0.0,0.0,6.0,SRBench 2021
FEAT,feynman_I_25_13,Feynman,0.001,0.0,10.0,SRBench 2021
FEAT,feynman_I_25_13,Feynman,0.01,0.0,10.0,SRBench 2021
FEAT,feynman_I_25_13,Feynman,0.1,0.0,10.0,SRBench 2021
FEAT,feynman_I_27_6,Feynman,0.0,0.0,5.0,SRBench 2021
FEAT,feynman_I_27_6,Feynman,0.001,0.0,6.0,SRBench 2021
FEAT,feynman_I_27_6,Feynman,0.01,0.0,9.0,SRBench 2021
FEAT,feynman_I_27_6,Feynman,0.1,0.0,10.0,SRBench 2021
FEAT,feynman_I_29_16,Feynman,0.0,0.0,8.0,SRBench 2021
FEAT,feynman_I_29_16,Feynman,0.001,0.0,10.0,SRBench 2021
FEAT,feynman_I_29_16,Feynman,0.01,0.0,10.0,SRBench 2021
FEAT,feynman_I_29_16,Feynman,0.1,0.0,10.0,SRBench 2021
FEAT,feynman_I_29_4,Feynman,0.0,0.0,7.0,SRBench 2021
FEAT,feynman_I_29_4,Feynman,0.001,0.0,10.0,SRBench 2021
FEAT,feynman_I_29_4,Feynman,0.01,0.0,10.0,SRBench 2021
FEAT,feynman_I_29_4,Feynman,0.1,0.0,10.0,SRBench 2021
FEAT,feynman_I_30_3,Feynman,0.0,0.0,8.0,SRBench 2021
FEAT,feynman_I_30_3,Feynman,0.001,0.0,10.0,SRBench 2021
FEAT,feynman_I_30_3,Feynman,0.01,0.0,10.0,SRBench 2021
FEAT,feynman_I_30_3,Feynman,0.1,0.0,10.0,SRBench 2021
FEAT,feynman_I_32_17,Feynman,0.0,0.0,8.0,SRBench 2021
FEAT,feynman_I_32_17,Feynman,0.001,0.0,10.0,SRBench 2021
FEAT,feynman_I_32_17,Feynman,0.01,0.0,10.0,SRBench 2021
FEAT,feynman_I_32_17,Feynman,0.1,0.0,10.0,SRBench 2021
FEAT,feynman_I_32_5,Feynman,0.0,0.0,8.0,SRBench 2021
FEAT,feynman_I_32_5,Feynman,0.001,0.0,9.0,SRBench 2021
FEAT,feynman_I_32_5,Feynman,0.01,0.0,10.0,SRBench 2021
FEAT,feynman_I_32_5,Feynman,0.1,0.0,10.0,SRBench 2021
FEAT,feynman_I_34_1,Feynman,0.0,0.0,7.0,SRBench 2021
FEAT,feynman_I_34_1,Feynman,0.001,0.0,9.0,SRBench 2021
FEAT,feynman_I_34_1,Feynman,0.01,0.0,10.0,SRBench 2021
FEAT,feynman_I_34_1,Feynman,0.1,0.0,10.0,SRBench 2021
FEAT,feynman_I_34_14,Feynman,0.0,0.0,7.0,SRBench 2021
FEAT,feynman_I_34_14,Feynman,0.001,0.0,9.0,SRBench 2021
FEAT,feynman_I_34_14,Feynman,0.01,0.0,10.0,SRBench 2021
FEAT,feynman_I_34_14,Feynman,0.1,0.0,10.0,SRBench 2021
FEAT,feynman_I_34_27,Feynman,0.0,0.0,8.0,SRBench 2021
FEAT,feynman_I_34_27,Feynman,0.001,0.0,10.0,SRBench 2021
FEAT,feynman_I_34_27,Feynman,0.01,0.0,10.0,SRBench 2021
FEAT,feynman_I_34_27,Feynman,0.1,0.0,10.0,SRBench 2021
FEAT,feynman_I_34_8,Feynman,0.0,0.0,8.0,SRBench 2021
FEAT,feynman_I_34_8,Feynman,0.001,0.0,10.0,SRBench 2021
FEAT,feynman_I_34_8,Feynman,0.01,0.0,10.0,SRBench 2021
FEAT,feynman_I_34_8,Feynman,0.1,0.0,10.0,SRBench 2021
FEAT,feynman_I_37_4,Feynman,0.0,0.0,7.0,SRBench 2021
FEAT,feynman_I_37_4,Feynman,0.001,0.0,8.0,SRBench 2021
FEAT,feynman_I_37_4,Feynman,0.01,0.0,10.0,SRBench 2021
FEAT,feynman_I_37_4,Feynman,0.1,0.0,10.0,SRBench 2021
FEAT,feynman_I_38_12,Feynman,0.0,0.0,8.0,SRBench 2021
FEAT,feynman_I_38_12,Feynman,0.001,0.0,9.0,SRBench 2021
FEAT,feynman_I_38_12,Feynman,0.01,0.0,9.0,SRBench 2021
FEAT,feynman_I_38_12,Feynman,0.1,0.0,10.0,SRBench 2021
FEAT,feynman_I_39_1,Feynman,0.0,0.0,8.0,SRBench 2021
FEAT,feynman_I_39_1,Feynman,0.001,0.0,10.0,SRBench 2021
FEAT,feynman_I_39_1,Feynman,0.01,0.0,10.0,SRBench 2021
FEAT,feynman_I_39_1,Feynman,0.1,0.0,10.0,SRBench 2021
FEAT,feynman_I_39_11,Feynman,0.0,0.0,6.0,SRBench 2021
FEAT,feynman_I_39_11,Feynman,0.001,0.0,9.0,SRBench 2021
FEAT,feynman_I_39_11,Feynman,0.01,0.0,10.0,SRBench 2021
FEAT,feynman_I_39_11,Feynman,0.1,0.0,10.0,SRBench 2021
FEAT,feynman_I_39_22,Feynman,0.0,0.0,6.0,SRBench 2021
FEAT,feynman_I_39_22,Feynman,0.001,0.0,10.0,SRBench 2021
FEAT,feynman_I_39_22,Feynman,0.01,0.0,9.0,SRBench 2021
FEAT,feynman_I_39_22,Feynman,0.1,0.0,10.0,SRBench 2021
FEAT,feynman_I_40_1,Feynman,0.0,0.0,7.0,SRBench 2021
FEAT,feynman_I_40_1,Feynman,0.001,0.0,10.0,SRBench 2021
FEAT,feynman_I_40_1,Feynman,0.01,0.0,9.0,SRBench 2021
FEAT,feynman_I_40_1,Feynman,0.1,0.0,9.0,SRBench 2021
FEAT,feynman_I_41_16,Feynman,0.0,0.0,7.0,SRBench 2021
FEAT,feynman_I_41_16,Feynman,0.001,0.0,10.0,SRBench 2021
FEAT,feynman_I_41_16,Feynman,0.01,0.0,9.0,SRBench 2021
FEAT,feynman_I_41_16,Feynman,0.1,0.0,10.0,SRBench 2021
FEAT,feynman_I_43_16,Feynman,0.0,0.0,7.0,SRBench 2021
FEAT,feynman_I_43_16,Feynman,0.001,0.0,8.0,SRBench 2021
FEAT,feynman_I_43_16,Feynman,0.01,0.0,9.0,SRBench 2021
FEAT,feynman_I_43_16,Feynman,0.1,0.0,10.0,SRBench 2021
FEAT,feynman_I_43_31,Feynman,0.0,0.0,8.0,SRBench 2021
FEAT,feynman_I_43_31,Feynman,0.001,0.0,10.0,SRBench 2021
FEAT,feynman_I_43_31,Feynman,0.01,0.0,9.0,SRBench 2021
FEAT,feynman_I_43_31,Feynman,0.1,0.0,10.0,SRBench 2021
FEAT,feynman_I_43_43,Feynman,0.0,0.0,6.0,SRBench 2021
FEAT,feynman_I_43_43,Feynman,0.001,0.0,10.0,SRBench 2021
FEAT,feynman_I_43_43,Feynman,0.01,0.0,8.0,SRBench 2021
FEAT,feynman_I_43_43,Feynman,0.1,0.0,10.0,SRBench 2021
FEAT,feynman_I_44_4,Feynman,0.0,0.0,7.0,SRBench 2021
FEAT,feynman_I_44_4,Feynman,0.001,0.0,10.0,SRBench 2021
FEAT,feynman_I_44_4,Feynman,0.01,0.0,10.0,SRBench 2021
FEAT,feynman_I_44_4,Feynman,0.1,0.0,10.0,SRBench 2021
FEAT,feynman_I_47_23,Feynman,0.0,0.0,7.0,SRBench 2021
FEAT,feynman_I_47_23,Feynman,0.001,0.0,7.0,SRBench 2021
FEAT,feynman_I_47_23,Feynman,0.01,0.0,10.0,SRBench 2021
FEAT,feynman_I_47_23,Feynman,0.1,0.0,10.0,SRBench 2021
FEAT,feynman_I_48_2,Feynman,0.0,0.0,7.0,SRBench 2021
FEAT,feynman_I_48_2,Feynman,0.001,0.0,10.0,SRBench 2021
FEAT,feynman_I_48_2,Feynman,0.01,0.0,10.0,SRBench 2021
FEAT,feynman_I_48_2,Feynman,0.1,0.0,10.0,SRBench 2021
FEAT,feynman_I_50_26,Feynman,0.0,0.0,8.0,SRBench 2021
FEAT,feynman_I_50_26,Feynman,0.001,0.0,10.0,SRBench 2021
FEAT,feynman_I_50_26,Feynman,0.01,0.0,10.0,SRBench 2021
FEAT,feynman_I_50_26,Feynman,0.1,0.0,9.0,SRBench 2021
FEAT,feynman_I_6_2,Feynman,0.0,0.0,8.0,SRBench 2021
FEAT,feynman_I_6_2,Feynman,0.001,0.0,10.0,SRBench 2021
FEAT,feynman_I_6_2,Feynman,0.01,0.0,10.0,SRBench 2021
FEAT,feynman_I_6_2,Feynman,0.1,0.0,10.0,SRBench 2021
FEAT,feynman_I_6_2a,Feynman,0.0,0.0,8.0,SRBench 2021
FEAT,feynman_I_6_2a,Feynman,0.001,0.0,10.0,SRBench 2021
FEAT,feynman_I_6_2a,Feynman,0.01,0.0,10.0,SRBench 2021
FEAT,feynman_I_6_2a,Feynman,0.1,0.0,10.0,SRBench 2021
FEAT,feynman_I_6_2b,Feynman,0.0,0.0,8.0,SRBench 2021
FEAT,feynman_I_6_2b,Feynman,0.001,0.0,10.0,SRBench 2021
FEAT,feynman_I_6_2b,Feynman,0.01,0.0,10.0,SRBench 2021
FEAT,feynman_I_6_2b,Feynman,0.1,0.0,10.0,SRBench 2021
FEAT,feynman_I_8_14,Feynman,0.0,0.0,8.0,SRBench 2021
FEAT,feynman_I_8_14,Feynman,0.001,0.0,10.0,SRBench 2021
FEAT,feynman_I_8_14,Feynman,0.01,0.0,10.0,SRBench 2021
FEAT,feynman_I_8_14,Feynman,0.1,0.0,10.0,SRBench 2021
FEAT,feynman_I_9_18,Feynman,0.0,0.0,8.0,SRBench 2021
FEAT,feynman_I_9_18,Feynman,0.001,0.0,10.0,SRBench 2021
FEAT,feynman_I_9_18,Feynman,0.01,0.0,10.0,SRBench 2021
FEAT,feynman_I_9_18,Feynman,0.1,0.0,10.0,SRBench 2021
FEAT,feynman_test_1,Feynman,0.0,0.0,8.0,SRBench 2021
FEAT,feynman_test_1,Feynman,0.001,0.0,10.0,SRBench 2021
FEAT,feynman_test_1,Feynman,0.01,0.0,10.0,SRBench 2021
FEAT,feynman_test_1,Feynman,0.1,0.0,10.0,SRBench 2021
FEAT,feynman_test_11,Feynman,0.0,0.0,6.0,SRBench 2021
FEAT,feynman_test_11,Feynman,0.001,0.0,8.0,SRBench 2021
FEAT,feynman_test_11,Feynman,0.01,0.0,8.0,SRBench 2021
FEAT,feynman_test_11,Feynman,0.1,0.0,10.0,SRBench 2021
FEAT,feynman_test_12,Feynman,0.0,0.0,8.0,SRBench 2021
FEAT,feynman_test_12,Feynman,0.001,0.0,10.0,SRBench 2021
FEAT,feynman_test_12,Feynman,0.01,0.0,10.0,SRBench 2021
FEAT,feynman_test_12,Feynman,0.1,0.0,10.0,SRBench 2021
FEAT,feynman_test_13,Feynman,0.0,0.0,8.0,SRBench 2021
FEAT,feynman_test_13,Feynman,0.001,0.0,10.0,SRBench 2021
FEAT,feynman_test_13,Feynman,0.01,0.0,10.0,SRBench 2021
FEAT,feynman_test_13,Feynman,0.1,0.0,10.0,SRBench 2021
FEAT,feynman_test_14,Feynman,0.0,0.0,8.0,SRBench 2021
FEAT,feynman_test_14,Feynman,0.001,0.0,10.0,SRBench 2021
FEAT,feynman_test_14,Feynman,0.01,0.0,10.0,SRBench 2021
FEAT,feynman_test_14,Feynman,0.1,0.0,10.0,SRBench 2021
FEAT,feynman_test_15,Feynman,0.0,0.0,8.0,SRBench 2021
FEAT,feynman_test_15,Feynman,0.001,0.0,10.0,SRBench 2021
FEAT,feynman_test_15,Feynman,0.01,0.0,10.0,SRBench 2021
FEAT,feynman_test_15,Feynman,0.1,0.0,10.0,SRBench 2021
FEAT,feynman_test_16,Feynman,0.0,0.0,8.0,SRBench 2021
FEAT,feynman_test_16,Feynman,0.001,0.0,7.0,SRBench 2021
FEAT,feynman_test_16,Feynman,0.01,0.0,10.0,SRBench 2021
FEAT,feynman_test_16,Feynman,0.1,0.0,10.0,SRBench 2021
FEAT,feynman_test_17,Feynman,0.0,0.0,7.0,SRBench 2021
FEAT,feynman_test_17,Feynman,0.001,0.0,10.0,SRBench 2021
FEAT,feynman_test_17,Feynman,0.01,0.0,10.0,SRBench 2021
FEAT,feynman_test_17,Feynman,0.1,0.0,10.0,SRBench 2021
FEAT,feynman_test_18,Feynman,0.0,0.0,7.0,SRBench 2021
FEAT,feynman_test_18,Feynman,0.001,0.0,7.0,SRBench 2021
FEAT,feynman_test_18,Feynman,0.01,0.0,9.0,SRBench 2021
FEAT,feynman_test_18,Feynman,0.1,0.0,10.0,SRBench 2021
FEAT,feynman_test_19,Feynman,0.0,0.0,8.0,SRBench 2021
FEAT,feynman_test_19,Feynman,0.001,0.0,10.0,SRBench 2021
FEAT,feynman_test_19,Feynman,0.01,0.0,10.0,SRBench 2021
FEAT,feynman_test_19,Feynman,0.1,0.0,10.0,SRBench 2021
FEAT,feynman_test_2,Feynman,0.0,0.0,8.0,SRBench 2021
FEAT,feynman_test_2,Feynman,0.001,0.0,10.0,SRBench 2021
FEAT,feynman_test_2,Feynman,0.01,0.0,10.0,SRBench 2021
FEAT,feynman_test_2,Feynman,0.1,0.0,10.0,SRBench 2021
FEAT,feynman_test_20,Feynman,0.0,0.0,8.0,SRBench 2021
FEAT,feynman_test_20,Feynman,0.001,0.0,10.0,SRBench 2021
FEAT,feynman_test_20,Feynman,0.01,0.0,10.0,SRBench 2021
FEAT,feynman_test_20,Feynman,0.1,0.0,10.0,SRBench 2021
FEAT,feynman_test_3,Feynman,0.0,0.0,8.0,SRBench 2021
FEAT,feynman_test_3,Feynman,0.001,0.0,8.0,SRBench 2021
FEAT,feynman_test_3,Feynman,0.01,0.0,9.0,SRBench 2021
FEAT,feynman_test_3,Feynman,0.1,0.0,10.0,SRBench 2021
FEAT,feynman_test_4,Feynman,0.0,0.0,8.0,SRBench 2021
FEAT,feynman_test_4,Feynman,0.001,0.0,8.0,SRBench 2021
FEAT,feynman_test_4,Feynman,0.01,0.0,10.0,SRBench 2021
FEAT,feynman_test_4,Feynman,0.1,0.0,10.0,SRBench 2021
FEAT,feynman_test_5,Feynman,0.0,0.0,1.0,SRBench 2021
FEAT,feynman_test_5,Feynman,0.001,0.0,7.0,SRBench 2021
FEAT,feynman_test_5,Feynman,0.01,0.0,9.0,SRBench 2021
FEAT,feynman_test_5,Feynman,0.1,0.0,10.0,SRBench 2021
FEAT,feynman_test_6,Feynman,0.0,0.0,8.0,SRBench 2021
FEAT,feynman_test_6,Feynman,0.001,0.0,10.0,SRBench 2021
FEAT,feynman_test_6,Feynman,0.01,0.0,9.0,SRBench 2021
FEAT,feynman_test_6,Feynman,0.1,0.0,10.0,SRBench 2021
FEAT,feynman_test_7,Feynman,0.0,0.0,5.0,SRBench 2021
FEAT,feynman_test_7,Feynman,0.001,0.0,7.0,SRBench 2021
FEAT,feynman_test_7,Feynman,0.01,0.0,10.0,SRBench 2021
FEAT,feynman_test_7,Feynman,0.1,0.0,10.0,SRBench 2021
FEAT,feynman_test_8,Feynman,0.0,0.0,8.0,SRBench 2021
FEAT,feynman_test_8,Feynman,0.001,0.0,8.0,SRBench 2021
FEAT,feynman_test_8,Feynman,0.01,0.0,10.0,SRBench 2021
FEAT,feynman_test_8,Feynman,0.1,0.0,10.0,SRBench 2021
FEAT,feynman_test_9,Feynman,0.0,0.0,5.0,SRBench 2021
FEAT,feynman_test_9,Feynman,0.001,0.0,9.0,SRBench 2021
FEAT,feynman_test_9,Feynman,0.01,0.0,9.0,SRBench 2021
FEAT,feynman_test_9,Feynman,0.1,0.0,10.0,SRBench 2021
FEAT,strogatz_bacres1,Strogatz,0.0,0.0,8.0,SRBench 2021
FEAT,strogatz_bacres1,Strogatz,0.001,0.0,10.0,SRBench 2021
FEAT,strogatz_bacres1,Strogatz,0.01,0.0,10.0,SRBench 2021
FEAT,strogatz_bacres1,Strogatz,0.1,0.0,10.0,SRBench 2021
FEAT,strogatz_bacres2,Strogatz,0.0,0.0,8.0,SRBench 2021
FEAT,strogatz_bacres2,Strogatz,0.001,0.0,10.0,SRBench 2021
FEAT,strogatz_bacres2,Strogatz,0.01,0.0,10.0,SRBench 2021
FEAT,strogatz_bacres2,Strogatz,0.1,0.0,10.0,SRBench 2021
FEAT,strogatz_barmag1,Strogatz,0.0,0.0,8.0,SRBench 2021
FEAT,strogatz_barmag1,Strogatz,0.001,0.0,10.0,SRBench 2021
FEAT,strogatz_barmag1,Strogatz,0.01,0.0,10.0,SRBench 2021
FEAT,strogatz_barmag1,Strogatz,0.1,0.0,10.0,SRBench 2021
FEAT,strogatz_barmag2,Strogatz,0.0,0.0,8.0,SRBench 2021
FEAT,strogatz_barmag2,Strogatz,0.001,0.0,10.0,SRBench 2021
FEAT,strogatz_barmag2,Strogatz,0.01,0.0,10.0,SRBench 2021
FEAT,strogatz_barmag2,Strogatz,0.1,0.0,10.0,SRBench 2021
FEAT,strogatz_glider1,Strogatz,0.0,0.0,7.0,SRBench 2021
FEAT,strogatz_glider1,Strogatz,0.001,0.0,8.0,SRBench 2021
FEAT,strogatz_glider1,Strogatz,0.01,0.0,7.0,SRBench 2021
FEAT,strogatz_glider1,Strogatz,0.1,0.0,10.0,SRBench 2021
FEAT,strogatz_glider2,Strogatz,0.0,0.0,8.0,SRBench 2021
FEAT,strogatz_glider2,Strogatz,0.001,0.0,10.0,SRBench 2021
FEAT,strogatz_glider2,Strogatz,0.01,0.0,10.0,SRBench 2021
FEAT,strogatz_glider2,Strogatz,0.1,0.0,10.0,SRBench 2021
FEAT,strogatz_lv1,Strogatz,0.0,0.0,8.0,SRBench 2021
FEAT,strogatz_lv1,Strogatz,0.001,0.0,10.0,SRBench 2021
FEAT,strogatz_lv1,Strogatz,0.01,0.0,10.0,SRBench 2021
FEAT,strogatz_lv1,Strogatz,0.1,0.0,10.0,SRBench 2021
FEAT,strogatz_lv2,Strogatz,0.0,0.0,8.0,SRBench 2021
FEAT,strogatz_lv2,Strogatz,0.001,0.0,10.0,SRBench 2021
FEAT,strogatz_lv2,Strogatz,0.01,0.0,10.0,SRBench 2021
FEAT,strogatz_lv2,Strogatz,0.1,0.0,10.0,SRBench 2021
FEAT,strogatz_predprey1,Strogatz,0.0,0.0,8.0,SRBench 2021
FEAT,strogatz_predprey1,Strogatz,0.001,0.0,10.0,SRBench 2021
FEAT,strogatz_predprey1,Strogatz,0.01,0.0,9.0,SRBench 2021
FEAT,strogatz_predprey1,Strogatz,0.1,0.0,10.0,SRBench 2021
FEAT,strogatz_predprey2,Strogatz,0.0,0.0,6.0,SRBench 2021
FEAT,strogatz_predprey2,Strogatz,0.001,0.0,10.0,SRBench 2021
FEAT,strogatz_predprey2,Strogatz,0.01,0.0,10.0,SRBench 2021
FEAT,strogatz_predprey2,Strogatz,0.1,0.0,9.0,SRBench 2021
FEAT,strogatz_shearflow1,Strogatz,0.0,0.0,8.0,SRBench 2021
FEAT,strogatz_shearflow1,Strogatz,0.001,0.0,10.0,SRBench 2021
FEAT,strogatz_shearflow1,Strogatz,0.01,0.0,10.0,SRBench 2021
FEAT,strogatz_shearflow1,Strogatz,0.1,0.0,10.0,SRBench 2021
FEAT,strogatz_shearflow2,Strogatz,0.0,0.0,8.0,SRBench 2021
FEAT,strogatz_shearflow2,Strogatz,0.001,0.0,10.0,SRBench 2021
FEAT,strogatz_shearflow2,Strogatz,0.01,0.0,9.0,SRBench 2021
FEAT,strogatz_shearflow2,Strogatz,0.1,0.0,10.0,SRBench 2021
FEAT,strogatz_vdp1,Strogatz,0.0,0.0,8.0,SRBench 2021
FEAT,strogatz_vdp1,Strogatz,0.001,0.0,10.0,SRBench 2021
FEAT,strogatz_vdp1,Strogatz,0.01,0.0,10.0,SRBench 2021
FEAT,strogatz_vdp1,Strogatz,0.1,0.0,10.0,SRBench 2021
FEAT,strogatz_vdp2,Strogatz,0.0,0.125,8.0,SRBench 2021
FEAT,strogatz_vdp2,Strogatz,0.001,0.0,10.0,SRBench 2021
FEAT,strogatz_vdp2,Strogatz,0.01,0.0,10.0,SRBench 2021
FEAT,strogatz_vdp2,Strogatz,0.1,0.0,10.0,SRBench 2021
FFX,feynman_III_10_19,Feynman,0.0,0.0,8.0,SRBench 2021
FFX,feynman_III_10_19,Feynman,0.001,0.0,10.0,SRBench 2021
FFX,feynman_III_10_19,Feynman,0.01,0.0,10.0,SRBench 2021
FFX,feynman_III_10_19,Feynman,0.1,0.0,10.0,SRBench 2021
FFX,feynman_III_12_43,Feynman,0.0,0.0,8.0,SRBench 2021
FFX,feynman_III_12_43,Feynman,0.001,0.0,10.0,SRBench 2021
FFX,feynman_III_12_43,Feynman,0.01,0.0,10.0,SRBench 2021
FFX,feynman_III_12_43,Feynman,0.1,0.0,10.0,SRBench 2021
FFX,feynman_III_13_18,Feynman,0.0,0.0,8.0,SRBench 2021
FFX,feynman_III_13_18,Feynman,0.001,0.0,10.0,SRBench 2021
FFX,feynman_III_13_18,Feynman,0.01,0.0,10.0,SRBench 2021
FFX,feynman_III_13_18,Feynman,0.1,0.0,10.0,SRBench 2021
FFX,feynman_III_14_14,Feynman,0.0,0.0,8.0,SRBench 2021
FFX,feynman_III_14_14,Feynman,0.001,0.0,10.0,SRBench 2021
FFX,feynman_III_14_14,Feynman,0.01,0.0,10.0,SRBench 2021
FFX,feynman_III_14_14,Feynman,0.1,0.0,10.0,SRBench 2021
FFX,feynman_III_15_12,Feynman,0.0,0.0,8.0,SRBench 2021
FFX,feynman_III_15_12,Feynman,0.001,0.0,10.0,SRBench 2021
FFX,feynman_III_15_12,Feynman,0.01,0.0,10.0,SRBench 2021
FFX,feynman_III_15_12,Feynman,0.1,0.0,10.0,SRBench 2021
FFX,feynman_III_15_14,Feynman,0.0,0.0,8.0,SRBench 2021
FFX,feynman_III_15_14,Feynman,0.001,0.0,10.0,SRBench 2021
FFX,feynman_III_15_14,Feynman,0.01,0.0,10.0,SRBench 2021
FFX,feynman_III_15_14,Feynman,0.1,0.0,10.0,SRBench 2021
FFX,feynman_III_15_27,Feynman,0.0,0.0,8.0,SRBench 2021
FFX,feynman_III_15_27,Feynman,0.001,0.0,10.0,SRBench 2021
FFX,feynman_III_15_27,Feynman,0.01,0.0,10.0,SRBench 2021
FFX,feynman_III_15_27,Feynman,0.1,0.0,10.0,SRBench 2021
FFX,feynman_III_17_37,Feynman,0.0,0.0,8.0,SRBench 2021
FFX,feynman_III_17_37,Feynman,0.001,0.0,10.0,SRBench 2021
FFX,feynman_III_17_37,Feynman,0.01,0.0,10.0,SRBench 2021
FFX,feynman_III_17_37,Feynman,0.1,0.0,10.0,SRBench 2021
FFX,feynman_III_19_51,Feynman,0.0,0.0,8.0,SRBench 2021
FFX,feynman_III_19_51,Feynman,0.001,0.0,10.0,SRBench 2021
FFX,feynman_III_19_51,Feynman,0.01,0.0,10.0,SRBench 2021
FFX,feynman_III_19_51,Feynman,0.1,0.0,10.0,SRBench 2021
FFX,feynman_III_21_20,Feynman,0.0,0.0,8.0,SRBench 2021
FFX,feynman_III_21_20,Feynman,0.001,0.0,10.0,SRBench 2021
FFX,feynman_III_21_20,Feynman,0.01,0.0,10.0,SRBench 2021
FFX,feynman_III_21_20,Feynman,0.1,0.0,10.0,SRBench 2021
FFX,feynman_III_4_32,Feynman,0.0,0.0,8.0,SRBench 2021
FFX,feynman_III_4_32,Feynman,0.001,0.0,10.0,SRBench 2021
FFX,feynman_III_4_32,Feynman,0.01,0.0,10.0,SRBench 2021
FFX,feynman_III_4_32,Feynman,0.1,0.0,10.0,SRBench 2021
FFX,feynman_III_4_33,Feynman,0.0,0.0,8.0,SRBench 2021
FFX,feynman_III_4_33,Feynman,0.001,0.0,10.0,SRBench 2021
FFX,feynman_III_4_33,Feynman,0.01,0.0,10.0,SRBench 2021
FFX,feynman_III_4_33,Feynman,0.1,0.0,10.0,SRBench 2021
FFX,feynman_III_7_38,Feynman,0.0,0.0,8.0,SRBench 2021
FFX,feynman_III_7_38,Feynman,0.001,0.0,10.0,SRBench 2021
FFX,feynman_III_7_38,Feynman,0.01,0.0,10.0,SRBench 2021
FFX,feynman_III_7_38,Feynman,0.1,0.0,10.0,SRBench 2021
FFX,feynman_III_8_54,Feynman,0.0,0.0,8.0,SRBench 2021
FFX,feynman_III_8_54,Feynman,0.001,0.0,10.0,SRBench 2021
FFX,feynman_III_8_54,Feynman,0.01,0.0,10.0,SRBench 2021
FFX,feynman_III_8_54,Feynman,0.1,0.0,10.0,SRBench 2021
FFX,feynman_III_9_52,Feynman,0.0,0.0,8.0,SRBench 2021
FFX,feynman_III_9_52,Feynman,0.001,0.0,10.0,SRBench 2021
FFX,feynman_III_9_52,Feynman,0.01,0.0,10.0,SRBench 2021
FFX,feynman_III_9_52,Feynman,0.1,0.0,10.0,SRBench 2021
FFX,feynman_II_10_9,Feynman,0.0,0.0,8.0,SRBench 2021
FFX,feynman_II_10_9,Feynman,0.001,0.0,10.0,SRBench 2021
FFX,feynman_II_10_9,Feynman,0.01,0.0,10.0,SRBench 2021
FFX,feynman_II_10_9,Feynman,0.1,0.0,10.0,SRBench 2021
FFX,feynman_II_11_20,Feynman,0.0,0.0,8.0,SRBench 2021
FFX,feynman_II_11_20,Feynman,0.001,0.0,10.0,SRBench 2021
FFX,feynman_II_11_20,Feynman,0.01,0.0,10.0,SRBench 2021
FFX,feynman_II_11_20,Feynman,0.1,0.0,10.0,SRBench 2021
FFX,feynman_II_11_27,Feynman,0.0,0.0,8.0,SRBench 2021
FFX,feynman_II_11_27,Feynman,0.001,0.0,10.0,SRBench 2021
FFX,feynman_II_11_27,Feynman,0.01,0.0,10.0,SRBench 2021
FFX,feynman_II_11_27,Feynman,0.1,0.0,10.0,SRBench 2021
FFX,feynman_II_11_28,Feynman,0.0,0.0,8.0,SRBench 2021
FFX,feynman_II_11_28,Feynman,0.001,0.0,10.0,SRBench 2021
FFX,feynman_II_11_28,Feynman,0.01,0.0,10.0,SRBench 2021
FFX,feynman_II_11_28,Feynman,0.1,0.0,10.0,SRBench 2021
FFX,feynman_II_11_3,Feynman,0.0,0.0,8.0,SRBench 2021
FFX,feynman_II_11_3,Feynman,0.001,0.0,10.0,SRBench 2021
FFX,feynman_II_11_3,Feynman,0.01,0.0,10.0,SRBench 2021
FFX,feynman_II_11_3,Feynman,0.1,0.0,10.0,SRBench 2021
FFX,feynman_II_13_17,Feynman,0.0,0.0,8.0,SRBench 2021
FFX,feynman_II_13_17,Feynman,0.001,0.0,10.0,SRBench 2021
FFX,feynman_II_13_17,Feynman,0.01,0.0,10.0,SRBench 2021
FFX,feynman_II_13_17,Feynman,0.1,0.0,10.0,SRBench 2021
FFX,feynman_II_13_23,Feynman,0.0,0.0,8.0,SRBench 2021
FFX,feynman_II_13_23,Feynman,0.001,0.0,10.0,SRBench 2021
FFX,feynman_II_13_23,Feynman,0.01,0.0,10.0,SRBench 2021
FFX,feynman_II_13_23,Feynman,0.1,0.0,10.0,SRBench 2021
FFX,feynman_II_13_34,Feynman,0.0,0.0,8.0,SRBench 2021
FFX,feynman_II_13_34,Feynman,0.001,0.0,10.0,SRBench 2021
FFX,feynman_II_13_34,Feynman,0.01,0.0,10.0,SRBench 2021
FFX,feynman_II_13_34,Feynman,0.1,0.0,10.0,SRBench 2021
FFX,feynman_II_15_4,Feynman,0.0,0.0,8.0,SRBench 2021
FFX,feynman_II_15_4,Feynman,0.001,0.0,10.0,SRBench 2021
FFX,feynman_II_15_4,Feynman,0.01,0.0,10.0,SRBench 2021
FFX,feynman_II_15_4,Feynman,0.1,0.0,10.0,SRBench 2021
FFX,feynman_II_15_5,Feynman,0.0,0.0,8.0,SRBench 2021
FFX,feynman_II_15_5,Feynman,0.001,0.0,10.0,SRBench 2021
FFX,feynman_II_15_5,Feynman,0.01,0.0,10.0,SRBench 2021
FFX,feynman_II_15_5,Feynman,0.1,0.0,10.0,SRBench 2021
FFX,feynman_II_21_32,Feynman,0.0,0.0,8.0,SRBench 2021
FFX,feynman_II_21_32,Feynman,0.001,0.0,10.0,SRBench 2021
FFX,feynman_II_21_32,Feynman,0.01,0.0,10.0,SRBench 2021
FFX,feynman_II_21_32,Feynman,0.1,0.0,10.0,SRBench 2021
FFX,feynman_II_24_17,Feynman,0.0,0.0,8.0,SRBench 2021
FFX,feynman_II_24_17,Feynman,0.001,0.0,10.0,SRBench 2021
FFX,feynman_II_24_17,Feynman,0.01,0.0,10.0,SRBench 2021
FFX,feynman_II_24_17,Feynman,0.1,0.0,10.0,SRBench 2021
FFX,feynman_II_27_16,Feynman,0.0,0.0,8.0,SRBench 2021
FFX,feynman_II_27_16,Feynman,0.001,0.0,10.0,SRBench 2021
FFX,feynman_II_27_16,Feynman,0.01,0.0,10.0,SRBench 2021
FFX,feynman_II_27_16,Feynman,0.1,0.0,10.0,SRBench 2021
FFX,feynman_II_27_18,Feynman,0.0,0.0,8.0,SRBench 2021
FFX,feynman_II_27_18,Feynman,0.001,0.0,10.0,SRBench 2021
FFX,feynman_II_27_18,Feynman,0.01,0.0,10.0,SRBench 2021
FFX,feynman_II_27_18,Feynman,0.1,0.0,10.0,SRBench 2021
FFX,feynman_II_2_42,Feynman,0.0,0.0,8.0,SRBench 2021
FFX,feynman_II_2_42,Feynman,0.001,0.0,10.0,SRBench 2021
FFX,feynman_II_2_42,Feynman,0.01,0.0,10.0,SRBench 2021
FFX,feynman_II_2_42,Feynman,0.1,0.0,10.0,SRBench 2021
FFX,feynman_II_34_11,Feynman,0.0,0.0,8.0,SRBench 2021
FFX,feynman_II_34_11,Feynman,0.001,0.0,10.0,SRBench 2021
FFX,feynman_II_34_11,Feynman,0.01,0.0,10.0,SRBench 2021
FFX,feynman_II_34_11,Feynman,0.1,0.0,10.0,SRBench 2021
FFX,feynman_II_34_2,Feynman,0.0,0.0,8.0,SRBench 2021
FFX,feynman_II_34_2,Feynman,0.001,0.0,10.0,SRBench 2021
FFX,feynman_II_34_2,Feynman,0.01,0.0,10.0,SRBench 2021
FFX,feynman_II_34_2,Feynman,0.1,0.0,10.0,SRBench 2021
FFX,feynman_II_34_29a,Feynman,0.0,0.0,8.0,SRBench 2021
FFX,feynman_II_34_29a,Feynman,0.001,0.0,10.0,SRBench 2021
FFX,feynman_II_34_29a,Feynman,0.01,0.0,10.0,SRBench 2021
FFX,feynman_II_34_29a,Feynman,0.1,0.0,10.0,SRBench 2021
FFX,feynman_II_34_29b,Feynman,0.0,0.0,8.0,SRBench 2021
FFX,feynman_II_34_29b,Feynman,0.001,0.0,10.0,SRBench 2021
FFX,feynman_II_34_29b,Feynman,0.01,0.0,10.0,SRBench 2021
FFX,feynman_II_34_29b,Feynman,0.1,0.0,10.0,SRBench 2021
FFX,feynman_II_34_2a,Feynman,0.0,0.0,8.0,SRBench 2021
FFX,feynman_II_34_2a,Feynman,0.001,0.0,10.0,SRBench 2021
FFX,feynman_II_34_2a,Feynman,0.01,0.0,10.0,SRBench 2021
FFX,feynman_II_34_2a,Feynman,0.1,0.0,10.0,SRBench 2021
FFX,feynman_II_35_18,Feynman,0.0,0.0,8.0,SRBench 2021
FFX,feynman_II_35_18,Feynman,0.001,0.0,10.0,SRBench 2021
FFX,feynman_II_35_18,Feynman,0.01,0.0,10.0,SRBench 2021
FFX,feynman_II_35_18,Feynman,0.1,0.0,10.0,SRBench 2021
FFX,feynman_II_35_21,Feynman,0.0,0.0,8.0,SRBench 2021
FFX,feynman_II_35_21,Feynman,0.001,0.0,10.0,SRBench 2021
FFX,feynman_II_35_21,Feynman,0.01,0.0,10.0,SRBench 2021
FFX,feynman_II_35_21,Feynman,0.1,0.0,10.0,SRBench 2021
FFX,feynman_II_36_38,Feynman,0.0,0.0,8.0,SRBench 2021
FFX,feynman_II_36_38,Feynman,0.001,0.0,10.0,SRBench 2021
FFX,feynman_II_36_38,Feynman,0.01,0.0,10.0,SRBench 2021
FFX,feynman_II_36_38,Feynman,0.1,0.0,10.0,SRBench 2021
FFX,feynman_II_37_1,Feynman,0.0,0.0,8.0,SRBench 2021
FFX,feynman_II_37_1,Feynman,0.001,0.0,10.0,SRBench 2021
FFX,feynman_II_37_1,Feynman,0.01,0.0,10.0,SRBench 2021
FFX,feynman_II_37_1,Feynman,0.1,0.0,10.0,SRBench 2021
FFX,feynman_II_38_14,Feynman,0.0,0.0,8.0,SRBench 2021
FFX,feynman_II_38_14,Feynman,0.001,0.0,10.0,SRBench 2021
FFX,feynman_II_38_14,Feynman,0.01,0.0,10.0,SRBench 2021
FFX,feynman_II_38_14,Feynman,0.1,0.0,10.0,SRBench 2021
FFX,feynman_II_38_3,Feynman,0.0,0.0,8.0,SRBench 2021
FFX,feynman_II_38_3,Feynman,0.001,0.0,10.0,SRBench 2021
FFX,feynman_II_38_3,Feynman,0.01,0.0,10.0,SRBench 2021
FFX,feynman_II_38_3,Feynman,0.1,0.0,10.0,SRBench 2021
FFX,feynman_II_3_24,Feynman,0.0,0.0,8.0,SRBench 2021
FFX,feynman_II_3_24,Feynman,0.001,0.0,10.0,SRBench 2021
FFX,feynman_II_3_24,Feynman,0.01,0.0,10.0,SRBench 2021
FFX,feynman_II_3_24,Feynman,0.1,0.0,10.0,SRBench 2021
FFX,feynman_II_4_23,Feynman,0.0,0.0,8.0,SRBench 2021
FFX,feynman_II_4_23,Feynman,0.001,0.0,10.0,SRBench 2021
FFX,feynman_II_4_23,Feynman,0.01,0.0,10.0,SRBench 2021
FFX,feynman_II_4_23,Feynman,0.1,0.0,10.0,SRBench 2021
FFX,feynman_II_6_11,Feynman,0.0,0.0,8.0,SRBench 2021
FFX,feynman_II_6_11,Feynman,0.001,0.0,10.0,SRBench 2021
FFX,feynman_II_6_11,Feynman,0.01,0.0,10.0,SRBench 2021
FFX,feynman_II_6_11,Feynman,0.1,0.0,10.0,SRBench 2021
FFX,feynman_II_6_15a,Feynman,0.0,0.0,8.0,SRBench 2021
FFX,feynman_II_6_15a,Feynman,0.001,0.0,10.0,SRBench 2021
FFX,feynman_II_6_15a,Feynman,0.01,0.0,10.0,SRBench 2021
FFX,feynman_II_6_15a,Feynman,0.1,0.0,10.0,SRBench 2021
FFX,feynman_II_6_15b,Feynman,0.0,0.0,8.0,SRBench 2021
FFX,feynman_II_6_15b,Feynman,0.001,0.0,10.0,SRBench 2021
FFX,feynman_II_6_15b,Feynman,0.01,0.0,10.0,SRBench 2021
FFX,feynman_II_6_15b,Feynman,0.1,0.0,10.0,SRBench 2021
FFX,feynman_II_8_31,Feynman,0.0,0.0,8.0,SRBench 2021
FFX,feynman_II_8_31,Feynman,0.001,0.0,10.0,SRBench 2021
FFX,feynman_II_8_31,Feynman,0.01,0.0,10.0,SRBench 2021
FFX,feynman_II_8_31,Feynman,0.1,0.0,10.0,SRBench 2021
FFX,feynman_II_8_7,Feynman,0.0,0.0,8.0,SRBench 2021
FFX,feynman_II_8_7,Feynman,0.001,0.0,10.0,SRBench 2021
FFX,feynman_II_8_7,Feynman,0.01,0.0,10.0,SRBench 2021
FFX,feynman_II_8_7,Feynman,0.1,0.0,10.0,SRBench 2021
FFX,feynman_I_10_7,Feynman,0.0,0.0,8.0,SRBench 2021
FFX,feynman_I_10_7,Feynman,0.001,0.0,10.0,SRBench 2021
FFX,feynman_I_10_7,Feynman,0.01,0.0,10.0,SRBench 2021
FFX,feynman_I_10_7,Feynman,0.1,0.0,10.0,SRBench 2021
FFX,feynman_I_11_19,Feynman,0.0,0.0,8.0,SRBench 2021
FFX,feynman_I_11_19,Feynman,0.001,0.0,10.0,SRBench 2021
FFX,feynman_I_11_19,Feynman,0.01,0.0,10.0,SRBench 2021
FFX,feynman_I_11_19,Feynman,0.1,0.0,10.0,SRBench 2021
FFX,feynman_I_12_1,Feynman,0.0,0.0,8.0,SRBench 2021
FFX,feynman_I_12_1,Feynman,0.001,0.0,10.0,SRBench 2021
FFX,feynman_I_12_1,Feynman,0.01,0.0,10.0,SRBench 2021
FFX,feynman_I_12_1,Feynman,0.1,0.0,10.0,SRBench 2021
FFX,feynman_I_12_11,Feynman,0.0,0.0,8.0,SRBench 2021
FFX,feynman_I_12_11,Feynman,0.001,0.0,10.0,SRBench 2021
FFX,feynman_I_12_11,Feynman,0.01,0.0,10.0,SRBench 2021
FFX,feynman_I_12_11,Feynman,0.1,0.0,10.0,SRBench 2021
FFX,feynman_I_12_2,Feynman,0.0,0.0,8.0,SRBench 2021
FFX,feynman_I_12_2,Feynman,0.001,0.0,10.0,SRBench 2021
FFX,feynman_I_12_2,Feynman,0.01,0.0,10.0,SRBench 2021
FFX,feynman_I_12_2,Feynman,0.1,0.0,10.0,SRBench 2021
FFX,feynman_I_12_4,Feynman,0.0,0.0,8.0,SRBench 2021
FFX,feynman_I_12_4,Feynman,0.001,0.0,10.0,SRBench 2021
FFX,feynman_I_12_4,Feynman,0.01,0.0,10.0,SRBench 2021
FFX,feynman_I_12_4,Feynman,0.1,0.0,10.0,SRBench 2021
FFX,feynman_I_12_5,Feynman,0.0,0.0,8.0,SRBench 2021
FFX,feynman_I_12_5,Feynman,0.001,0.0,10.0,SRBench 2021
FFX,feynman_I_12_5,Feynman,0.01,0.0,10.0,SRBench 2021
FFX,feynman_I_12_5,Feynman,0.1,0.0,10.0,SRBench 2021
FFX,feynman_I_13_12,Feynman,0.0,0.0,8.0,SRBench 2021
FFX,feynman_I_13_12,Feynman,0.001,0.0,10.0,SRBench 2021
FFX,feynman_I_13_12,Feynman,0.01,0.0,10.0,SRBench 2021
FFX,feynman_I_13_12,Feynman,0.1,0.0,10.0,SRBench 2021
FFX,feynman_I_13_4,Feynman,0.0,0.0,8.0,SRBench 2021
FFX,feynman_I_13_4,Feynman,0.001,0.0,10.0,SRBench 2021
FFX,feynman_I_13_4,Feynman,0.01,0.0,10.0,SRBench 2021
FFX,feynman_I_13_4,Feynman,0.1,0.0,10.0,SRBench 2021
FFX,feynman_I_14_3,Feynman,0.0,0.0,8.0,SRBench 2021
FFX,feynman_I_14_3,Feynman,0.001,0.0,10.0,SRBench 2021
FFX,feynman_I_14_3,Feynman,0.01,0.0,10.0,SRBench 2021
FFX,feynman_I_14_3,Feynman,0.1,0.0,10.0,SRBench 2021
FFX,feynman_I_14_4,Feynman,0.0,0.0,8.0,SRBench 2021
FFX,feynman_I_14_4,Feynman,0.001,0.0,10.0,SRBench 2021
FFX,feynman_I_14_4,Feynman,0.01,0.0,10.0,SRBench 2021
FFX,feynman_I_14_4,Feynman,0.1,0.0,10.0,SRBench 2021
FFX,feynman_I_15_10,Feynman,0.0,0.0,8.0,SRBench 2021
FFX,feynman_I_15_10,Feynman,0.001,0.0,10.0,SRBench 2021
FFX,feynman_I_15_10,Feynman,0.01,0.0,10.0,SRBench 2021
FFX,feynman_I_15_10,Feynman,0.1,0.0,10.0,SRBench 2021
FFX,feynman_I_15_3t,Feynman,0.0,0.0,8.0,SRBench 2021
FFX,feynman_I_15_3t,Feynman,0.001,0.0,10.0,SRBench 2021
FFX,feynman_I_15_3t,Feynman,0.01,0.0,10.0,SRBench 2021
FFX,feynman_I_15_3t,Feynman,0.1,0.0,10.0,SRBench 2021
FFX,feynman_I_15_3x,Feynman,0.0,0.0,8.0,SRBench 2021
FFX,feynman_I_15_3x,Feynman,0.001,0.0,10.0,SRBench 2021
FFX,feynman_I_15_3x,Feynman,0.01,0.0,10.0,SRBench 2021
FFX,feynman_I_15_3x,Feynman,0.1,0.0,10.0,SRBench 2021
FFX,feynman_I_16_6,Feynman,0.0,0.0,8.0,SRBench 2021
FFX,feynman_I_16_6,Feynman,0.001,0.0,10.0,SRBench 2021
FFX,feynman_I_16_6,Feynman,0.01,0.0,10.0,SRBench 2021
FFX,feynman_I_16_6,Feynman,0.1,0.0,10.0,SRBench 2021
FFX,feynman_I_18_12,Feynman,0.0,0.0,8.0,SRBench 2021
FFX,feynman_I_18_12,Feynman,0.001,0.0,10.0,SRBench 2021
FFX,feynman_I_18_12,Feynman,0.01,0.0,10.0,SRBench 2021
FFX,feynman_I_18_12,Feynman,0.1,0.0,10.0,SRBench 2021
FFX,feynman_I_18_14,Feynman,0.0,0.0,8.0,SRBench 2021
FFX,feynman_I_18_14,Feynman,0.001,0.0,10.0,SRBench 2021
FFX,feynman_I_18_14,Feynman,0.01,0.0,10.0,SRBench 2021
FFX,feynman_I_18_14,Feynman,0.1,0.0,10.0,SRBench 2021
FFX,feynman_I_18_4,Feynman,0.0,0.0,8.0,SRBench 2021
FFX,feynman_I_18_4,Feynman,0.001,0.0,10.0,SRBench 2021
FFX,feynman_I_18_4,Feynman,0.01,0.0,10.0,SRBench 2021
FFX,feynman_I_18_4,Feynman,0.1,0.0,10.0,SRBench 2021
FFX,feynman_I_24_6,Feynman,0.0,0.0,8.0,SRBench 2021
FFX,feynman_I_24_6,Feynman,0.001,0.0,10.0,SRBench 2021
FFX,feynman_I_24_6,Feynman,0.01,0.0,10.0,SRBench 2021
FFX,feynman_I_24_6,Feynman,0.1,0.0,10.0,SRBench 2021
FFX,feynman_I_25_13,Feynman,0.0,0.0,8.0,SRBench 2021
FFX,feynman_I_25_13,Feynman,0.001,0.0,10.0,SRBench 2021
FFX,feynman_I_25_13,Feynman,0.01,0.0,10.0,SRBench 2021
FFX,feynman_I_25_13,Feynman,0.1,0.0,10.0,SRBench 2021
FFX,feynman_I_27_6,Feynman,0.0,0.0,8.0,SRBench 2021
FFX,feynman_I_27_6,Feynman,0.001,0.0,10.0,SRBench 2021
FFX,feynman_I_27_6,Feynman,0.01,0.0,10.0,SRBench 2021
FFX,feynman_I_27_6,Feynman,0.1,0.0,10.0,SRBench 2021
FFX,feynman_I_29_16,Feynman,0.0,0.0,8.0,SRBench 2021
FFX,feynman_I_29_16,Feynman,0.001,0.0,10.0,SRBench 2021
FFX,feynman_I_29_16,Feynman,0.01,0.0,10.0,SRBench 2021
FFX,feynman_I_29_16,Feynman,0.1,0.0,10.0,SRBench 2021
FFX,feynman_I_29_4,Feynman,0.0,0.0,8.0,SRBench 2021
FFX,feynman_I_29_4,Feynman,0.001,0.0,10.0,SRBench 2021
FFX,feynman_I_29_4,Feynman,0.01,0.0,10.0,SRBench 2021
FFX,feynman_I_29_4,Feynman,0.1,0.0,10.0,SRBench 2021
FFX,feynman_I_30_3,Feynman,0.0,0.0,8.0,SRBench 2021
FFX,feynman_I_30_3,Feynman,0.001,0.0,10.0,SRBench 2021
FFX,feynman_I_30_3,Feynman,0.01,0.0,10.0,SRBench 2021
FFX,feynman_I_30_3,Feynman,0.1,0.0,10.0,SRBench 2021
FFX,feynman_I_32_17,Feynman,0.0,0.0,8.0,SRBench 2021
FFX,feynman_I_32_17,Feynman,0.001,0.0,10.0,SRBench 2021
FFX,feynman_I_32_17,Feynman,0.01,0.0,10.0,SRBench 2021
FFX,feynman_I_32_17,Feynman,0.1,0.0,10.0,SRBench 2021
FFX,feynman_I_32_5,Feynman,0.0,0.0,8.0,SRBench 2021
FFX,feynman_I_32_5,Feynman,0.001,0.0,10.0,SRBench 2021
FFX,feynman_I_32_5,Feynman,0.01,0.0,10.0,SRBench 2021
FFX,feynman_I_32_5,Feynman,0.1,0.0,10.0,SRBench 2021
FFX,feynman_I_34_1,Feynman,0.0,0.0,8.0,SRBench 2021
FFX,feynman_I_34_1,Feynman,0.001,0.0,10.0,SRBench 2021
FFX,feynman_I_34_1,Feynman,0.01,0.0,10.0,SRBench 2021
FFX,feynman_I_34_1,Feynman,0.1,0.0,10.0,SRBench 2021
FFX,feynman_I_34_14,Feynman,0.0,0.0,8.0,SRBench 2021
FFX,feynman_I_34_14,Feynman,0.001,0.0,10.0,SRBench 2021
FFX,feynman_I_34_14,Feynman,0.01,0.0,10.0,SRBench 2021
FFX,feynman_I_34_14,Feynman,0.1,0.0,10.0,SRBench 2021
FFX,feynman_I_34_27,Feynman,0.0,0.0,8.0,SRBench 2021
FFX,feynman_I_34_27,Feynman,0.001,0.0,10.0,SRBench 2021
FFX,feynman_I_34_27,Feynman,0.01,0.0,10.0,SRBench 2021
FFX,feynman_I_34_27,Feynman,0.1,0.1,10.0,SRBench 2021
FFX,feynman_I_34_8,Feynman,0.0,0.0,8.0,SRBench 2021
FFX,feynman_I_34_8,Feynman,0.001,0.0,10.0,SRBench 2021
FFX,feynman_I_34_8,Feynman,0.01,0.0,10.0,SRBench 2021
FFX,feynman_I_34_8,Feynman,0.1,0.0,10.0,SRBench 2021
FFX,feynman_I_37_4,Feynman,0.0,0.0,8.0,SRBench 2021
FFX,feynman_I_37_4,Feynman,0.001,0.0,10.0,SRBench 2021
FFX,feynman_I_37_4,Feynman,0.01,0.0,10.0,SRBench 2021
FFX,feynman_I_37_4,Feynman,0.1,0.0,10.0,SRBench 2021
FFX,feynman_I_38_12,Feynman,0.0,0.0,8.0,SRBench 2021
FFX,feynman_I_38_12,Feynman,0.001,0.0,10.0,SRBench 2021
FFX,feynman_I_38_12,Feynman,0.01,0.0,10.0,SRBench 2021
FFX,feynman_I_38_12,Feynman,0.1,0.0,10.0,SRBench 2021
FFX,feynman_I_39_1,Feynman,0.0,0.0,8.0,SRBench 2021
FFX,feynman_I_39_1,Feynman,0.001,0.0,10.0,SRBench 2021
FFX,feynman_I_39_1,Feynman,0.01,0.0,10.0,SRBench 2021
FFX,feynman_I_39_1,Feynman,0.1,0.0,10.0,SRBench 2021
FFX,feynman_I_39_11,Feynman,0.0,0.0,8.0,SRBench 2021
FFX,feynman_I_39_11,Feynman,0.001,0.0,10.0,SRBench 2021
FFX,feynman_I_39_11,Feynman,0.01,0.0,10.0,SRBench 2021
FFX,feynman_I_39_11,Feynman,0.1,0.0,10.0,SRBench 2021
FFX,feynman_I_39_22,Feynman,0.0,0.0,8.0,SRBench 2021
FFX,feynman_I_39_22,Feynman,0.001,0.0,10.0,SRBench 2021
FFX,feynman_I_39_22,Feynman,0.01,0.0,10.0,SRBench 2021
FFX,feynman_I_39_22,Feynman,0.1,0.0,10.0,SRBench 2021
FFX,feynman_I_40_1,Feynman,0.0,0.0,8.0,SRBench 2021
FFX,feynman_I_40_1,Feynman,0.001,0.0,10.0,SRBench 2021
FFX,feynman_I_40_1,Feynman,0.01,0.0,10.0,SRBench 2021
FFX,feynman_I_40_1,Feynman,0.1,0.0,10.0,SRBench 2021
FFX,feynman_I_41_16,Feynman,0.0,0.0,8.0,SRBench 2021
FFX,feynman_I_41_16,Feynman,0.001,0.0,10.0,SRBench 2021
FFX,feynman_I_41_16,Feynman,0.01,0.0,10.0,SRBench 2021
FFX,feynman_I_41_16,Feynman,0.1,0.0,10.0,SRBench 2021
FFX,feynman_I_43_16,Feynman,0.0,0.0,8.0,SRBench 2021
FFX,feynman_I_43_16,Feynman,0.001,0.0,10.0,SRBench 2021
FFX,feynman_I_43_16,Feynman,0.01,0.0,10.0,SRBench 2021
FFX,feynman_I_43_16,Feynman,0.1,0.0,10.0,SRBench 2021
FFX,feynman_I_43_31,Feynman,0.0,0.0,8.0,SRBench 2021
FFX,feynman_I_43_31,Feynman,0.001,0.0,10.0,SRBench 2021
FFX,feynman_I_43_31,Feynman,0.01,0.0,10.0,SRBench 2021
FFX,feynman_I_43_31,Feynman,0.1,0.0,10.0,SRBench 2021
FFX,feynman_I_43_43,Feynman,0.0,0.0,8.0,SRBench 2021
FFX,feynman_I_43_43,Feynman,0.001,0.0,10.0,SRBench 2021
FFX,feynman_I_43_43,Feynman,0.01,0.0,10.0,SRBench 2021
FFX,feynman_I_43_43,Feynman,0.1,0.0,10.0,SRBench 2021
FFX,feynman_I_44_4,Feynman,0.0,0.0,8.0,SRBench 2021
FFX,feynman_I_44_4,Feynman,0.001,0.0,10.0,SRBench 2021
FFX,feynman_I_44_4,Feynman,0.01,0.0,10.0,SRBench 2021
FFX,feynman_I_44_4,Feynman,0.1,0.0,10.0,SRBench 2021
FFX,feynman_I_47_23,Feynman,0.0,0.0,8.0,SRBench 2021
FFX,feynman_I_47_23,Feynman,0.001,0.0,10.0,SRBench 2021
FFX,feynman_I_47_23,Feynman,0.01,0.0,10.0,SRBench 2021
FFX,feynman_I_47_23,Feynman,0.1,0.0,10.0,SRBench 2021
FFX,feynman_I_48_2,Feynman,0.0,0.0,8.0,SRBench 2021
FFX,feynman_I_48_2,Feynman,0.001,0.0,10.0,SRBench 2021
FFX,feynman_I_48_2,Feynman,0.01,0.0,10.0,SRBench 2021
FFX,feynman_I_48_2,Feynman,0.1,0.0,10.0,SRBench 2021
FFX,feynman_I_50_26,Feynman,0.0,0.0,8.0,SRBench 2021
FFX,feynman_I_50_26,Feynman,0.001,0.0,10.0,SRBench 2021
FFX,feynman_I_50_26,Feynman,0.01,0.0,10.0,SRBench 2021
FFX,feynman_I_50_26,Feynman,0.1,0.0,10.0,SRBench 2021
FFX,feynman_I_6_2,Feynman,0.0,0.0,8.0,SRBench 2021
FFX,feynman_I_6_2,Feynman,0.001,0.0,10.0,SRBench 2021
FFX,feynman_I_6_2,Feynman,0.01,0.0,10.0,SRBench 2021
FFX,feynman_I_6_2,Feynman,0.1,0.0,10.0,SRBench 2021
FFX,feynman_I_6_2a,Feynman,0.0,0.0,8.0,SRBench 2021
FFX,feynman_I_6_2a,Feynman,0.001,0.0,10.0,SRBench 2021
FFX,feynman_I_6_2a,Feynman,0.01,0.0,10.0,SRBench 2021
FFX,feynman_I_6_2a,Feynman,0.1,0.0,10.0,SRBench 2021
FFX,feynman_I_6_2b,Feynman,0.0,0.0,8.0,SRBench 2021
FFX,feynman_I_6_2b,Feynman,0.001,0.0,10.0,SRBench 2021
FFX,feynman_I_6_2b,Feynman,0.01,0.0,10.0,SRBench 2021
FFX,feynman_I_6_2b,Feynman,0.1,0.0,10.0,SRBench 2021
FFX,feynman_I_8_14,Feynman,0.0,0.0,8.0,SRBench 2021
FFX,feynman_I_8_14,Feynman,0.001,0.0,10.0,SRBench 2021
FFX,feynman_I_8_14,Feynman,0.01,0.0,10.0,SRBench 2021
FFX,feynman_I_8_14,Feynman,0.1,0.0,10.0,SRBench 2021
FFX,feynman_I_9_18,Feynman,0.0,0.0,8.0,SRBench 2021
FFX,feynman_I_9_18,Feynman,0.001,0.0,10.0,SRBench 2021
FFX,feynman_I_9_18,Feynman,0.01,0.0,10.0,SRBench 2021
FFX,feynman_I_9_18,Feynman,0.1,0.0,10.0,SRBench 2021
FFX,feynman_test_1,Feynman,0.0,0.0,8.0,SRBench 2021
FFX,feynman_test_1,Feynman,0.001,0.0,10.0,SRBench 2021
FFX,feynman_test_1,Feynman,0.01,0.0,10.0,SRBench 2021
FFX,feynman_test_1,Feynman,0.1,0.0,10.0,SRBench 2021
FFX,feynman_test_11,Feynman,0.0,0.0,8.0,SRBench 2021
FFX,feynman_test_11,Feynman,0.001,0.0,10.0,SRBench 2021
FFX,feynman_test_11,Feynman,0.01,0.0,10.0,SRBench 2021
FFX,feynman_test_11,Feynman,0.1,0.0,10.0,SRBench 2021
FFX,feynman_test_12,Feynman,0.0,0.0,8.0,SRBench 2021
FFX,feynman_test_12,Feynman,0.001,0.0,10.0,SRBench 2021
FFX,feynman_test_12,Feynman,0.01,0.0,10.0,SRBench 2021
FFX,feynman_test_12,Feynman,0.1,0.0,10.0,SRBench 2021
FFX,feynman_test_13,Feynman,0.0,0.0,8.0,SRBench 2021
FFX,feynman_test_13,Feynman,0.001,0.0,10.0,SRBench 2021
FFX,feynman_test_13,Feynman,0.01,0.0,10.0,SRBench 2021
FFX,feynman_test_13,Feynman,0.1,0.0,10.0,SRBench 2021
FFX,feynman_test_14,Feynman,0.0,0.0,8.0,SRBench 2021
FFX,feynman_test_14,Feynman,0.001,0.0,10.0,SRBench 2021
FFX,feynman_test_14,Feynman,0.01,0.0,10.0,SRBench 2021
FFX,feynman_test_14,Feynman,0.1,0.0,10.0,SRBench 2021
FFX,feynman_test_15,Feynman,0.0,0.0,8.0,SRBench 2021
FFX,feynman_test_15,Feynman,0.001,0.0,10.0,SRBench 2021
FFX,feynman_test_15,Feynman,0.01,0.0,10.0,SRBench 2021
FFX,feynman_test_15,Feynman,0.1,0.0,10.0,SRBench 2021
FFX,feynman_test_16,Feynman,0.0,0.0,8.0,SRBench 2021
FFX,feynman_test_16,Feynman,0.001,0.0,10.0,SRBench 2021
FFX,feynman_test_16,Feynman,0.01,0.0,10.0,SRBench 2021
FFX,feynman_test_16,Feynman,0.1,0.0,10.0,SRBench 2021
FFX,feynman_test_17,Feynman,0.0,0.0,8.0,SRBench 2021
FFX,feynman_test_17,Feynman,0.001,0.0,10.0,SRBench 2021
FFX,feynman_test_17,Feynman,0.01,0.0,10.0,SRBench 2021
FFX,feynman_test_17,Feynman,0.1,0.0,10.0,SRBench 2021
FFX,feynman_test_18,Feynman,0.0,0.0,8.0,SRBench 2021
FFX,feynman_test_18,Feynman,0.001,0.0,10.0,SRBench 2021
FFX,feynman_test_18,Feynman,0.01,0.0,10.0,SRBench 2021
FFX,feynman_test_18,Feynman,0.1,0.0,10.0,SRBench 2021
FFX,feynman_test_19,Feynman,0.0,0.0,8.0,SRBench 2021
FFX,feynman_test_19,Feynman,0.001,0.0,10.0,SRBench 2021
FFX,feynman_test_19,Feynman,0.01,0.0,10.0,SRBench 2021
FFX,feynman_test_19,Feynman,0.1,0.0,10.0,SRBench 2021
FFX,feynman_test_2,Feynman,0.0,0.0,8.0,SRBench 2021
FFX,feynman_test_2,Feynman,0.001,0.0,10.0,SRBench 2021
FFX,feynman_test_2,Feynman,0.01,0.0,10.0,SRBench 2021
FFX,feynman_test_2,Feynman,0.1,0.0,10.0,SRBench 2021
FFX,feynman_test_20,Feynman,0.0,0.0,8.0,SRBench 2021
FFX,feynman_test_20,Feynman,0.001,0.0,10.0,SRBench 2021
FFX,feynman_test_20,Feynman,0.01,0.0,10.0,SRBench 2021
FFX,feynman_test_20,Feynman,0.1,0.0,10.0,SRBench 2021
FFX,feynman_test_3,Feynman,0.0,0.0,8.0,SRBench 2021
FFX,feynman_test_3,Feynman,0.001,0.0,10.0,SRBench 2021
FFX,feynman_test_3,Feynman,0.01,0.0,10.0,SRBench 2021
FFX,feynman_test_3,Feynman,0.1,0.0,10.0,SRBench 2021
FFX,feynman_test_4,Feynman,0.0,0.0,8.0,SRBench 2021
FFX,feynman_test_4,Feynman,0.001,0.0,10.0,SRBench 2021
FFX,feynman_test_4,Feynman,0.01,0.0,10.0,SRBench 2021
FFX,feynman_test_4,Feynman,0.1,0.0,10.0,SRBench 2021
FFX,feynman_test_5,Feynman,0.0,0.0,8.0,SRBench 2021
FFX,feynman_test_5,Feynman,0.001,0.0,10.0,SRBench 2021
FFX,feynman_test_5,Feynman,0.01,0.0,10.0,SRBench 2021
FFX,feynman_test_5,Feynman,0.1,0.0,10.0,SRBench 2021
FFX,feynman_test_6,Feynman,0.0,0.0,8.0,SRBench 2021
FFX,feynman_test_6,Feynman,0.001,0.0,10.0,SRBench 2021
FFX,feynman_test_6,Feynman,0.01,0.0,10.0,SRBench 2021
FFX,feynman_test_6,Feynman,0.1,0.0,10.0,SRBench 2021
FFX,feynman_test_7,Feynman,0.0,0.0,8.0,SRBench 2021
FFX,feynman_test_7,Feynman,0.001,0.0,10.0,SRBench 2021
FFX,feynman_test_7,Feynman,0.01,0.0,10.0,SRBench 2021
FFX,feynman_test_7,Feynman,0.1,0.0,10.0,SRBench 2021
FFX,feynman_test_8,Feynman,0.0,0.0,8.0,SRBench 2021
FFX,feynman_test_8,Feynman,0.001,0.0,10.0,SRBench 2021
FFX,feynman_test_8,Feynman,0.01,0.0,10.0,SRBench 2021
FFX,feynman_test_8,Feynman,0.1,0.0,10.0,SRBench 2021
FFX,feynman_test_9,Feynman,0.0,0.0,8.0,SRBench 2021
FFX,feynman_test_9,Feynman,0.001,0.0,10.0,SRBench 2021
FFX,feynman_test_9,Feynman,0.01,0.0,10.0,SRBench 2021
FFX,feynman_test_9,Feynman,0.1,0.0,10.0,SRBench 2021
FFX,strogatz_bacres1,Strogatz,0.0,0.0,8.0,SRBench 2021
FFX,strogatz_bacres1,Strogatz,0.001,0.0,10.0,SRBench 2021
FFX,strogatz_bacres1,Strogatz,0.01,0.0,10.0,SRBench 2021
FFX,strogatz_bacres1,Strogatz,0.1,0.0,10.0,SRBench 2021
FFX,strogatz_bacres2,Strogatz,0.0,0.0,8.0,SRBench 2021
FFX,strogatz_bacres2,Strogatz,0.001,0.0,10.0,SRBench 2021
FFX,strogatz_bacres2,Strogatz,0.01,0.0,10.0,SRBench 2021
FFX,strogatz_bacres2,Strogatz,0.1,0.0,10.0,SRBench 2021
FFX,strogatz_barmag1,Strogatz,0.0,0.0,8.0,SRBench 2021
FFX,strogatz_barmag1,Strogatz,0.001,0.0,10.0,SRBench 2021
FFX,strogatz_barmag1,Strogatz,0.01,0.0,10.0,SRBench 2021
FFX,strogatz_barmag1,Strogatz,0.1,0.0,10.0,SRBench 2021
FFX,strogatz_barmag2,Strogatz,0.0,0.0,8.0,SRBench 2021
FFX,strogatz_barmag2,Strogatz,0.001,0.0,10.0,SRBench 2021
FFX,strogatz_barmag2,Strogatz,0.01,0.0,10.0,SRBench 2021
FFX,strogatz_barmag2,Strogatz,0.1,0.0,10.0,SRBench 2021
FFX,strogatz_glider1,Strogatz,0.0,0.0,8.0,SRBench 2021
FFX,strogatz_glider1,Strogatz,0.001,0.0,10.0,SRBench 2021
FFX,strogatz_glider1,Strogatz,0.01,0.0,10.0,SRBench 2021
FFX,strogatz_glider1,Strogatz,0.1,0.0,10.0,SRBench 2021
FFX,strogatz_glider2,Strogatz,0.0,0.0,8.0,SRBench 2021
FFX,strogatz_glider2,Strogatz,0.001,0.0,10.0,SRBench 2021
FFX,strogatz_glider2,Strogatz,0.01,0.0,10.0,SRBench 2021
FFX,strogatz_glider2,Strogatz,0.1,0.0,10.0,SRBench 2021
FFX,strogatz_lv1,Strogatz,0.0,0.0,8.0,SRBench 2021
FFX,strogatz_lv1,Strogatz,0.001,0.0,10.0,SRBench 2021
FFX,strogatz_lv1,Strogatz,0.01,0.0,10.0,SRBench 2021
FFX,strogatz_lv1,Strogatz,0.1,0.0,10.0,SRBench 2021
FFX,strogatz_lv2,Strogatz,0.0,0.0,8.0,SRBench 2021
FFX,strogatz_lv2,Strogatz,0.001,0.0,10.0,SRBench 2021
FFX,strogatz_lv2,Strogatz,0.01,0.0,10.0,SRBench 2021
FFX,strogatz_lv2,Strogatz,0.1,0.0,10.0,SRBench 2021
FFX,strogatz_predprey1,Strogatz,0.0,0.0,8.0,SRBench 2021
FFX,strogatz_predprey1,Strogatz,0.001,0.0,10.0,SRBench 2021
FFX,strogatz_predprey1,Strogatz,0.01,0.0,10.0,SRBench 2021
FFX,strogatz_predprey1,Strogatz,0.1,0.0,10.0,SRBench 2021
FFX,strogatz_predprey2,Strogatz,0.0,0.0,8.0,SRBench 2021
FFX,strogatz_predprey2,Strogatz,0.001,0.0,10.0,SRBench 2021
FFX,strogatz_predprey2,Strogatz,0.01,0.0,10.0,SRBench 2021
FFX,strogatz_predprey2,Strogatz,0.1,0.0,10.0,SRBench 2021
FFX,strogatz_shearflow1,Strogatz,0.0,0.0,8.0,SRBench 2021
FFX,strogatz_shearflow1,Strogatz,0.001,0.0,10.0,SRBench 2021
FFX,strogatz_shearflow1,Strogatz,0.01,0.0,10.0,SRBench 2021
FFX,strogatz_shearflow1,Strogatz,0.1,0.0,10.0,SRBench 2021
FFX,strogatz_shearflow2,Strogatz,0.0,0.0,8.0,SRBench 2021
FFX,strogatz_shearflow2,Strogatz,0.001,0.0,10.0,SRBench 2021
FFX,strogatz_shearflow2,Strogatz,0.01,0.0,10.0,SRBench 2021
FFX,strogatz_shearflow2,Strogatz,0.1,0.0,10.0,SRBench 2021
FFX,strogatz_vdp1,Strogatz,0.0,0.0,8.0,SRBench 2021
FFX,strogatz_vdp1,Strogatz,0.001,0.0,10.0,SRBench 2021
FFX,strogatz_vdp1,Strogatz,0.01,0.0,10.0,SRBench 2021
FFX,strogatz_vdp1,Strogatz,0.1,0.0,10.0,SRBench 2021
FFX,strogatz_vdp2,Strogatz,0.0,0.0,8.0,SRBench 2021
FFX,strogatz_vdp2,Strogatz,0.001,0.0,10.0,SRBench 2021
FFX,strogatz_vdp2,Strogatz,0.01,0.0,10.0,SRBench 2021
FFX,strogatz_vdp2,Strogatz,0.1,0.0,10.0,SRBench 2021
GP-GOMEA,feynman_III_10_19,Feynman,0.0,0.0,8.0,SRBench 2021
GP-GOMEA,feynman_III_10_19,Feynman,0.001,0.0,10.0,SRBench 2021
GP-GOMEA,feynman_III_10_19,Feynman,0.01,0.0,10.0,SRBench 2021
GP-GOMEA,feynman_III_10_19,Feynman,0.1,0.0,10.0,SRBench 2021
GP-GOMEA,feynman_III_12_43,Feynman,0.0,1.0,8.0,SRBench 2021
GP-GOMEA,feynman_III_12_43,Feynman,0.001,0.7,10.0,SRBench 2021
GP-GOMEA,feynman_III_12_43,Feynman,0.01,0.0,10.0,SRBench 2021
GP-GOMEA,feynman_III_12_43,Feynman,0.1,0.0,10.0,SRBench 2021
GP-GOMEA,feynman_III_13_18,Feynman,0.0,0.5,8.0,SRBench 2021
GP-GOMEA,feynman_III_13_18,Feynman,0.001,0.0,10.0,SRBench 2021
GP-GOMEA,feynman_III_13_18,Feynman,0.01,0.0,10.0,SRBench 2021
GP-GOMEA,feynman_III_13_18,Feynman,0.1,0.0,10.0,SRBench 2021
GP-GOMEA,feynman_III_14_14,Feynman,0.0,0.0,8.0,SRBench 2021
GP-GOMEA,feynman_III_14_14,Feynman,0.001,0.0,10.0,SRBench 2021
GP-GOMEA,feynman_III_14_14,Feynman,0.01,0.0,10.0,SRBench 2021
GP-GOMEA,feynman_III_14_14,Feynman,0.1,0.0,10.0,SRBench 2021
GP-GOMEA,feynman_III_15_12,Feynman,0.0,0.875,8.0,SRBench 2021
GP-GOMEA,feynman_III_15_12,Feynman,0.001,0.4,10.0,SRBench 2021
GP-GOMEA,feynman_III_15_12,Feynman,0.01,0.1,10.0,SRBench 2021
GP-GOMEA,feynman_III_15_12,Feynman,0.1,0.0,10.0,SRBench 2021
GP-GOMEA,feynman_III_15_14,Feynman,0.0,0.25,8.0,SRBench 2021
GP-GOMEA,feynman_III_15_14,Feynman,0.001,0.5,10.0,SRBench 2021
GP-GOMEA,feynman_III_15_14,Feynman,0.01,0.3,10.0,SRBench 2021
GP-GOMEA,feynman_III_15_14,Feynman,0.1,0.4,10.0,SRBench 2021
GP-GOMEA,feynman_III_15_27,Feynman,0.0,0.0,8.0,SRBench 2021
GP-GOMEA,feynman_III_15_27,Feynman,0.001,0.1,10.0,SRBench 2021
GP-GOMEA,feynman_III_15_27,Feynman,0.01,0.0,10.0,SRBench 2021
GP-GOMEA,feynman_III_15_27,Feynman,0.1,0.0,10.0,SRBench 2021
GP-GOMEA,feynman_III_17_37,Feynman,0.0,0.875,8.0,SRBench 2021
GP-GOMEA,feynman_III_17_37,Feynman,0.001,0.3,10.0,SRBench 2021
GP-GOMEA,feynman_III_17_37,Feynman,0.01,0.0,10.0,SRBench 2021
GP-GOMEA,feynman_III_17_37,Feynman,0.1,0.0,10.0,SRBench 2021
GP-GOMEA,feynman_III_19_51,Feynman,0.0,0.0,8.0,SRBench 2021
GP-GOMEA,feynman_III_19_51,Feynman,0.001,0.4,10.0,SRBench 2021
GP-GOMEA,feynman_III_19_51,Feynman,0.01,0.3,10.0,SRBench 2021
GP-GOMEA,feynman_III_19_51,Feynman,0.1,0.0,10.0,SRBench 2021
GP-GOMEA,feynman_III_21_20,Feynman,0.0,0.5,8.0,SRBench 2021
GP-GOMEA,feynman_III_21_20,Feynman,0.001,0.1,10.0,SRBench 2021
GP-GOMEA,feynman_III_21_20,Feynman,0.01,0.0,10.0,SRBench 2021
GP-GOMEA,feynman_III_21_20,Feynman,0.1,0.0,10.0,SRBench 2021
GP-GOMEA,feynman_III_4_32,Feynman,0.0,0.0,8.0,SRBench 2021
GP-GOMEA,feynman_III_4_32,Feynman,0.001,0.0,10.0,SRBench 2021
GP-GOMEA,feynman_III_4_32,Feynman,0.01,0.0,10.0,SRBench 2021
GP-GOMEA,feynman_III_4_32,Feynman,0.1,0.0,10.0,SRBench 2021
GP-GOMEA,feynman_III_4_33,Feynman,0.0,0.0,8.0,SRBench 2021
GP-GOMEA,feynman_III_4_33,Feynman,0.001,0.0,10.0,SRBench 2021
GP-GOMEA,feynman_III_4_33,Feynman,0.01,0.0,10.0,SRBench 2021
GP-GOMEA,feynman_III_4_33,Feynman,0.1,0.0,10.0,SRBench 2021
GP-GOMEA,feynman_III_7_38,Feynman,0.0,0.375,8.0,SRBench 2021
GP-GOMEA,feynman_III_7_38,Feynman,0.001,0.0,10.0,SRBench 2021
GP-GOMEA,feynman_III_7_38,Feynman,0.01,0.1,10.0,SRBench 2021
GP-GOMEA,feynman_III_7_38,Feynman,0.1,0.0,10.0,SRBench 2021
GP-GOMEA,feynman_III_8_54,Feynman,0.0,0.0,8.0,SRBench 2021
GP-GOMEA,feynman_III_8_54,Feynman,0.001,0.1,10.0,SRBench 2021
GP-GOMEA,feynman_III_8_54,Feynman,0.01,0.0,10.0,SRBench 2021
GP-GOMEA,feynman_III_8_54,Feynman,0.1,0.0,10.0,SRBench 2021
GP-GOMEA,feynman_III_9_52,Feynman,0.0,0.0,8.0,SRBench 2021
GP-GOMEA,feynman_III_9_52,Feynman,0.001,0.0,10.0,SRBench 2021
GP-GOMEA,feynman_III_9_52,Feynman,0.01,0.0,10.0,SRBench 2021
GP-GOMEA,feynman_III_9_52,Feynman,0.1,0.0,10.0,SRBench 2021
GP-GOMEA,feynman_II_10_9,Feynman,0.0,0.5,8.0,SRBench 2021
GP-GOMEA,feynman_II_10_9,Feynman,0.001,0.1,10.0,SRBench 2021
GP-GOMEA,feynman_II_10_9,Feynman,0.01,0.2,10.0,SRBench 2021
GP-GOMEA,feynman_II_10_9,Feynman,0.1,0.0,10.0,SRBench 2021
GP-GOMEA,feynman_II_11_20,Feynman,0.0,0.75,8.0,SRBench 2021
GP-GOMEA,feynman_II_11_20,Feynman,0.001,0.0,10.0,SRBench 2021
GP-GOMEA,feynman_II_11_20,Feynman,0.01,0.0,10.0,SRBench 2021
GP-GOMEA,feynman_II_11_20,Feynman,0.1,0.0,10.0,SRBench 2021
GP-GOMEA,feynman_II_11_27,Feynman,0.0,0.0,8.0,SRBench 2021
GP-GOMEA,feynman_II_11_27,Feynman,0.001,0.0,10.0,SRBench 2021
GP-GOMEA,feynman_II_11_27,Feynman,0.01,0.0,10.0,SRBench 2021
GP-GOMEA,feynman_II_11_27,Feynman,0.1,0.0,10.0,SRBench 2021
GP-GOMEA,feynman_II_11_28,Feynman,0.0,0.0,8.0,SRBench 2021
GP-GOMEA,feynman_II_11_28,Feynman,0.001,0.0,10.0,SRBench 2021
GP-GOMEA,feynman_II_11_28,Feynman,0.01,0.0,10.0,SRBench 2021
GP-GOMEA,feynman_II_11_28,Feynman,0.1,0.0,10.0,SRBench 2021
GP-GOMEA,feynman_II_11_3,Feynman,0.0,0.0,8.0,SRBench 2021
GP-GOMEA,feynman_II_11_3,Feynman,0.001,0.0,10.0,SRBench 2021
GP-GOMEA,feynman_II_11_3,Feynman,0.01,0.0,10.0,SRBench 2021
GP-GOMEA,feynman_II_11_3,Feynman,0.1,0.0,10.0,SRBench 2021
GP-GOMEA,feynman_II_13_17,Feynman,0.0,0.625,8.0,SRBench 2021
GP-GOMEA,feynman_II_13_17,Feynman,0.001,0.5,10.0,SRBench 2021
GP-GOMEA,feynman_II_13_17,Feynman,0.01,0.2,10.0,SRBench 2021
GP-GOMEA,feynman_II_13_17,Feynman,0.1,0.0,10.0,SRBench 2021
GP-GOMEA,feynman_II_13_23,Feynman,0.0,0.0,8.0,SRBench 2021
GP-GOMEA,feynman_II_13_23,Feynman,0.001,0.0,10.0,SRBench 2021
GP-GOMEA,feynman_II_13_23,Feynman,0.01,0.0,10.0,SRBench 2021
GP-GOMEA,feynman_II_13_23,Feynman,0.1,0.0,10.0,SRBench 2021
GP-GOMEA,feynman_II_13_34,Feynman,0.0,0.0,8.0,SRBench 2021
GP-GOMEA,feynman_II_13_34,Feynman,0.001,0.0,10.0,SRBench 2021
GP-GOMEA,feynman_II_13_34,Feynman,0.01,0.0,10.0,SRBench 2021
GP-GOMEA,feynman_II_13_34,Feynman,0.1,0.0,10.0,SRBench 2021
GP-GOMEA,feynman_II_15_4,Feynman,0.0,1.0,8.0,SRBench 2021
GP-GOMEA,feynman_II_15_4,Feynman,0.001,0.3,10.0,SRBench 2021
GP-GOMEA,feynman_II_15_4,Feynman,0.01,0.1,10.0,SRBench 2021
GP-GOMEA,feynman_II_15_4,Feynman,0.1,0.0,10.0,SRBench 2021
GP-GOMEA,feynman_II_15_5,Feynman,0.0,1.0,8.0,SRBench 2021
GP-GOMEA,feynman_II_15_5,Feynman,0.001,0.3,10.0,SRBench 2021
GP-GOMEA,feynman_II_15_5,Feynman,0.01,0.0,10.0,SRBench 2021
GP-GOMEA,feynman_II_15_5,Feynman,0.1,0.0,10.0,SRBench 2021
GP-GOMEA,feynman_II_21_32,Feynman,0.0,0.125,8.0,SRBench 2021
GP-GOMEA,feynman_II_21_32,Feynman,0.001,0.3,10.0,SRBench 2021
GP-GOMEA,feynman_II_21_32,Feynman,0.01,0.0,10.0,SRBench 2021
GP-GOMEA,feynman_II_21_32,Feynman,0.1,0.1,10.0,SRBench 2021
GP-GOMEA,feynman_II_24_17,Feynman,0.0,0.0,8.0,SRBench 2021
GP-GOMEA,feynman_II_24_17,Feynman,0.001,0.0,10.0,SRBench 2021
GP-GOMEA,feynman_II_24_17,Feynman,0.01,0.0,10.0,SRBench 2021
GP-GOMEA,feynman_II_24_17,Feynman,0.1,0.0,10.0,SRBench 2021
GP-GOMEA,feynman_II_27_16,Feynman,0.0,0.75,8.0,SRBench 2021
GP-GOMEA,feynman_II_27_16,Feynman,0.001,0.1,10.0,SRBench 2021
GP-GOMEA,feynman_II_27_16,Feynman,0.01,0.0,10.0,SRBench 2021
GP-GOMEA,feynman_II_27_16,Feynman,0.1,0.0,10.0,SRBench 2021
GP-GOMEA,feynman_II_27_18,Feynman,0.0,1.0,8.0,SRBench 2021
GP-GOMEA,feynman_II_27_18,Feynman,0.001,0.1,10.0,SRBench 2021
GP-GOMEA,feynman_II_27_18,Feynman,0.01,0.0,10.0,SRBench 2021
GP-GOMEA,feynman_II_27_18,Feynman,0.1,0.0,10.0,SRBench 2021
GP-GOMEA,feynman_II_2_42,Feynman,0.0,0.125,8.0,SRBench 2021
GP-GOMEA,feynman_II_2_42,Feynman,0.001,0.0,10.0,SRBench 2021
GP-GOMEA,feynman_II_2_42,Feynman,0.01,0.0,10.0,SRBench 2021
GP-GOMEA,feynman_II_2_42,Feynman,0.1,0.0,10.0,SRBench 2021
GP-GOMEA,feynman_II_34_11,Feynman,0.0,0.375,8.0,SRBench 2021
GP-GOMEA,feynman_II_34_11,Feynman,0.001,0.4,10.0,SRBench 2021
GP-GOMEA,feynman_II_34_11,Feynman,0.01,0.0,10.0,SRBench 2021
GP-GOMEA,feynman_II_34_11,Feynman,0.1,0.0,10.0,SRBench 2021
GP-GOMEA,feynman_II_34_2,Feynman,0.0,0.875,8.0,SRBench 2021
GP-GOMEA,feynman_II_34_2,Feynman,0.001,0.1,10.0,SRBench 2021
GP-GOMEA,feynman_II_34_2,Feynman,0.01,0.0,10.0,SRBench 2021
GP-GOMEA,feynman_II_34_2,Feynman,0.1,0.0,10.0,SRBench 2021
GP-GOMEA,feynman_II_34_29a,Feynman,0.0,0.25,8.0,SRBench 2021
GP-GOMEA,feynman_II_34_29a,Feynman,0.001,0.1,10.0,SRBench 2021
GP-GOMEA,feynman_II_34_29a,Feynman,0.01,0.6,10.0,SRBench 2021
GP-GOMEA,feynman_II_34_29a,Feynman,0.1,0.0,10.0,SRBench 2021
GP-GOMEA,feynman_II_34_29b,Feynman,0.0,0.5,8.0,SRBench 2021
GP-GOMEA,feynman_II_34_29b,Feynman,0.001,0.0,10.0,SRBench 2021
GP-GOMEA,feynman_II_34_29b,Feynman,0.01,0.0,10.0,SRBench 2021
GP-GOMEA,feynman_II_34_29b,Feynman,0.1,0.0,10.0,SRBench 2021
GP-GOMEA,feynman_II_34_2a,Feynman,0.0,0.125,8.0,SRBench 2021
GP-GOMEA,feynman_II_34_2a,Feynman,0.001,0.3,10.0,SRBench 2021
GP-GOMEA,feynman_II_34_2a,Feynman,0.01,0.4,10.0,SRBench 2021
GP-GOMEA,feynman_II_34_2a,Feynman,0.1,0.0,10.0,SRBench 2021
GP-GOMEA,feynman_II_35_18,Feynman,0.0,0.0,8.0,SRBench 2021
GP-GOMEA,feynman_II_35_18,Feynman,0.001,0.0,10.0,SRBench 2021
GP-GOMEA,feynman_II_35_18,Feynman,0.01,0.0,10.0,SRBench 2021
GP-GOMEA,feynman_II_35_18,Feynman,0.1,0.0,10.0,SRBench 2021
GP-GOMEA,feynman_II_35_21,Feynman,0.0,0.0,8.0,SRBench 2021
GP-GOMEA,feynman_II_35_21,Feynman,0.001,0.0,10.0,SRBench 2021
GP-GOMEA,feynman_II_35_21,Feynman,0.01,0.0,10.0,SRBench 2021
GP-GOMEA,feynman_II_35_21,Feynman,0.1,0.0,10.0,SRBench 2021
GP-GOMEA,feynman_II_36_38,Feynman,0.0,0.0,8.0,SRBench 2021
GP-GOMEA,feynman_II_36_38,Feynman,0.001,0.0,10.0,SRBench 2021
GP-GOMEA,feynman_II_36_38,Feynman,0.01,0.0,10.0,SRBench 2021
GP-GOMEA,feynman_II_36_38,Feynman,0.1,0.0,10.0,SRBench 2021
GP-GOMEA,feynman_II_37_1,Feynman,0.0,1.0,8.0,SRBench 2021
GP-GOMEA,feynman_II_37_1,Feynman,0.001,0.2,10.0,SRBench 2021
GP-GOMEA,feynman_II_37_1,Feynman,0.01,0.0,10.0,SRBench 2021
GP-GOMEA,feynman_II_37_1,Feynman,0.1,0.0,10.0,SRBench 2021
GP-GOMEA,feynman_II_38_14,Feynman,0.0,0.875,8.0,SRBench 2021
GP-GOMEA,feynman_II_38_14,Feynman,0.001,0.3,10.0,SRBench 2021
GP-GOMEA,feynman_II_38_14,Feynman,0.01,0.0,10.0,SRBench 2021
GP-GOMEA,feynman_II_38_14,Feynman,0.1,0.0,10.0,SRBench 2021
GP-GOMEA,feynman_II_38_3,Feynman,0.0,0.25,8.0,SRBench 2021
GP-GOMEA,feynman_II_38_3,Feynman,0.001,0.1,10.0,SRBench 2021
GP-GOMEA,feynman_II_38_3,Feynman,0.01,0.0,10.0,SRBench 2021
GP-GOMEA,feynman_II_38_3,Feynman,0.1,0.0,10.0,SRBench 2021
GP-GOMEA,feynman_II_3_24,Feynman,0.0,0.0,8.0,SRBench 2021
GP-GOMEA,feynman_II_3_24,Feynman,0.001,0.5,10.0,SRBench 2021
GP-GOMEA,feynman_II_3_24,Feynman,0.01,0.7,10.0,SRBench 2021
GP-GOMEA,feynman_II_3_24,Feynman,0.1,0.2,10.0,SRBench 2021
GP-GOMEA,feynman_II_4_23,Feynman,0.0,0.0,8.0,SRBench 2021
GP-GOMEA,feynman_II_4_23,Feynman,0.001,0.4,10.0,SRBench 2021
GP-GOMEA,feynman_II_4_23,Feynman,0.01,0.4,10.0,SRBench 2021
GP-GOMEA,feynman_II_4_23,Feynman,0.1,0.1,10.0,SRBench 2021
GP-GOMEA,feynman_II_6_11,Feynman,0.0,0.75,8.0,SRBench 2021
GP-GOMEA,feynman_II_6_11,Feynman,0.001,0.7,10.0,SRBench 2021
GP-GOMEA,feynman_II_6_11,Feynman,0.01,0.4,10.0,SRBench 2021
GP-GOMEA,feynman_II_6_11,Feynman,0.1,0.3,10.0,SRBench 2021
GP-GOMEA,feynman_II_6_15a,Feynman,0.0,0.0,8.0,SRBench 2021
GP-GOMEA,feynman_II_6_15a,Feynman,0.001,0.0,10.0,SRBench 2021
GP-GOMEA,feynman_II_6_15a,Feynman,0.01,0.0,10.0,SRBench 2021
GP-GOMEA,feynman_II_6_15a,Feynman,0.1,0.0,10.0,SRBench 2021
GP-GOMEA,feynman_II_6_15b,Feynman,0.0,0.125,8.0,SRBench 2021
GP-GOMEA,feynman_II_6_15b,Feynman,0.001,0.2,10.0,SRBench 2021
GP-GOMEA,feynman_II_6_15b,Feynman,0.01,0.2,10.0,SRBench 2021
GP-GOMEA,feynman_II_6_15b,Feynman,0.1,0.0,10.0,SRBench 2021
GP-GOMEA,feynman_II_8_31,Feynman,0.0,0.875,8.0,SRBench 2021
GP-GOMEA,feynman_II_8_31,Feynman,0.001,0.1,10.0,SRBench 2021
GP-GOMEA,feynman_II_8_31,Feynman,0.01,0.0,10.0,SRBench 2021
GP-GOMEA,feynman_II_8_31,Feynman,0.1,0.0,10.0,SRBench 2021
GP-GOMEA,feynman_II_8_7,Feynman,0.0,0.25,8.0,SRBench 2021
GP-GOMEA,feynman_II_8_7,Feynman,0.001,0.2,10.0,SRBench 2021
GP-GOMEA,feynman_II_8_7,Feynman,0.01,0.5,10.0,SRBench 2021
GP-GOMEA,feynman_II_8_7,Feynman,0.1,0.1,10.0,SRBench 2021
GP-GOMEA,feynman_I_10_7,Feynman,0.0,0.0,8.0,SRBench 2021
GP-GOMEA,feynman_I_10_7,Feynman,0.001,0.0,10.0,SRBench 2021
GP-GOMEA,feynman_I_10_7,Feynman,0.01,0.0,10.0,SRBench 2021
GP-GOMEA,feynman_I_10_7,Feynman,0.1,0.0,10.0,SRBench 2021
GP-GOMEA,feynman_I_11_19,Feynman,0.0,0.0,8.0,SRBench 2021
GP-GOMEA,feynman_I_11_19,Feynman,0.001,0.0,10.0,SRBench 2021
GP-GOMEA,feynman_I_11_19,Feynman,0.01,0.0,10.0,SRBench 2021
GP-GOMEA,feynman_I_11_19,Feynman,0.1,0.0,10.0,SRBench 2021
GP-GOMEA,feynman_I_12_1,Feynman,0.0,1.0,8.0,SRBench 2021
GP-GOMEA,feynman_I_12_1,Feynman,0.001,0.2,10.0,SRBench 2021
GP-GOMEA,feynman_I_12_1,Feynman,0.01,0.0,10.0,SRBench 2021
GP-GOMEA,feynman_I_12_1,Feynman,0.1,0.0,10.0,SRBench 2021
GP-GOMEA,feynman_I_12_11,Feynman,0.0,0.625,8.0,SRBench 2021
GP-GOMEA,feynman_I_12_11,Feynman,0.001,0.0,10.0,SRBench 2021
GP-GOMEA,feynman_I_12_11,Feynman,0.01,0.0,10.0,SRBench 2021
GP-GOMEA,feynman_I_12_11,Feynman,0.1,0.0,10.0,SRBench 2021
GP-GOMEA,feynman_I_12_2,Feynman,0.0,0.375,8.0,SRBench 2021
GP-GOMEA,feynman_I_12_2,Feynman,0.001,0.1,10.0,SRBench 2021
GP-GOMEA,feynman_I_12_2,Feynman,0.01,0.3,10.0,SRBench 2021
GP-GOMEA,feynman_I_12_2,Feynman,0.1,0.3,10.0,SRBench 2021
GP-GOMEA,feynman_I_12_4,Feynman,0.0,0.125,8.0,SRBench 2021
GP-GOMEA,feynman_I_12_4,Feynman,0.001,0.4,10.0,SRBench 2021
GP-GOMEA,feynman_I_12_4,Feynman,0.01,0.2,10.0,SRBench 2021
GP-GOMEA,feynman_I_12_4,Feynman,0.1,0.4,10.0,SRBench 2021
GP-GOMEA,feynman_I_12_5,Feynman,0.0,1.0,8.0,SRBench 2021
GP-GOMEA,feynman_I_12_5,Feynman,0.001,0.3,10.0,SRBench 2021
GP-GOMEA,feynman_I_12_5,Feynman,0.01,0.0,10.0,SRBench 2021
GP-GOMEA,feynman_I_12_5,Feynman,0.1,0.0,10.0,SRBench 2021
GP-GOMEA,feynman_I_13_12,Feynman,0.0,0.375,8.0,SRBench 2021
GP-GOMEA,feynman_I_13_12,Feynman,0.001,0.2,10.0,SRBench 2021
GP-GOMEA,feynman_I_13_12,Feynman,0.01,0.2,10.0,SRBench 2021
GP-GOMEA,feynman_I_13_12,Feynman,0.1,0.0,10.0,SRBench 2021
GP-GOMEA,feynman_I_13_4,Feynman,0.0,0.0,8.0,SRBench 2021
GP-GOMEA,feynman_I_13_4,Feynman,0.001,0.0,10.0,SRBench 2021
GP-GOMEA,feynman_I_13_4,Feynman,0.01,0.0,10.0,SRBench 2021
GP-GOMEA,feynman_I_13_4,Feynman,0.1,0.0,10.0,SRBench 2021
GP-GOMEA,feynman_I_14_3,Feynman,0.0,1.0,8.0,SRBench 2021
GP-GOMEA,feynman_I_14_3,Feynman,0.001,0.2,10.0,SRBench 2021
GP-GOMEA,feynman_I_14_3,Feynman,0.01,0.0,10.0,SRBench 2021
GP-GOMEA,feynman_I_14_3,Feynman,0.1,0.0,10.0,SRBench 2021
GP-GOMEA,feynman_I_14_4,Feynman,0.0,0.875,8.0,SRBench 2021
GP-GOMEA,feynman_I_14_4,Feynman,0.001,0.1,10.0,SRBench 2021
GP-GOMEA,feynman_I_14_4,Feynman,0.01,0.0,10.0,SRBench 2021
GP-GOMEA,feynman_I_14_4,Feynman,0.1,0.0,10.0,SRBench 2021
GP-GOMEA,feynman_I_15_10,Feynman,0.0,0.0,8.0,SRBench 2021
GP-GOMEA,feynman_I_15_10,Feynman,0.001,0.0,10.0,SRBench 2021
GP-GOMEA,feynman_I_15_10,Feynman,0.01,0.0,10.0,SRBench 2021
GP-GOMEA,feynman_I_15_10,Feynman,0.1,0.0,10.0,SRBench 2021
GP-GOMEA,feynman_I_15_3t,Feynman,0.0,0.0,8.0,SRBench 2021
GP-GOMEA,feynman_I_15_3t,Feynman,0.001,0.0,10.0,SRBench 2021
GP-GOMEA,feynman_I_15_3t,Feynman,0.01,0.0,10.0,SRBench 2021
GP-GOMEA,feynman_I_15_3t,Feynman,0.1,0.0,10.0,SRBench 2021
GP-GOMEA,feynman_I_15_3x,Feynman,0.0,0.0,8.0,SRBench 2021
GP-GOMEA,feynman_I_15_3x,Feynman,0.001,0.0,10.0,SRBench 2021
GP-GOMEA,feynman_I_15_3x,Feynman,0.01,0.0,10.0,SRBench 2021
GP-GOMEA,feynman_I_15_3x,Feynman,0.1,0.0,10.0,SRBench 2021
GP-GOMEA,feynman_I_16_6,Feynman,0.0,0.0,8.0,SRBench 2021
GP-GOMEA,feynman_I_16_6,Feynman,0.001,0.0,10.0,SRBench 2021
GP-GOMEA,feynman_I_16_6,Feynman,0.01,0.0,10.0,SRBench 2021
GP-GOMEA,feynman_I_16_6,Feynman,0.1,0.0,10.0,SRBench 2021
GP-GOMEA,feynman_I_18_12,Feynman,0.0,1.0,8.0,SRBench 2021
GP-GOMEA,feynman_I_18_12,Feynman,0.001,0.1,10.0,SRBench 2021
GP-GOMEA,feynman_I_18_12,Feynman,0.01,0.0,10.0,SRBench 2021
GP-GOMEA,feynman_I_18_12,Feynman,0.1,0.0,10.0,SRBench 2021
GP-GOMEA,feynman_I_18_14,Feynman,0.0,1.0,8.0,SRBench 2021
GP-GOMEA,feynman_I_18_14,Feynman,0.001,0.1,10.0,SRBench 2021
GP-GOMEA,feynman_I_18_14,Feynman,0.01,0.0,10.0,SRBench 2021
GP-GOMEA,feynman_I_18_14,Feynman,0.1,0.0,10.0,SRBench 2021
GP-GOMEA,feynman_I_18_4,Feynman,0.0,0.0,8.0,SRBench 2021
GP-GOMEA,feynman_I_18_4,Feynman,0.001,0.0,10.0,SRBench 2021
GP-GOMEA,feynman_I_18_4,Feynman,0.01,0.0,10.0,SRBench 2021
GP-GOMEA,feynman_I_18_4,Feynman,0.1,0.0,10.0,SRBench 2021
GP-GOMEA,feynman_I_24_6,Feynman,0.0,0.0,8.0,SRBench 2021
GP-GOMEA,feynman_I_24_6,Feynman,0.001,0.1,10.0,SRBench 2021
GP-GOMEA,feynman_I_24_6,Feynman,0.01,0.0,10.0,SRBench 2021
GP-GOMEA,feynman_I_24_6,Feynman,0.1,0.0,10.0,SRBench 2021
GP-GOMEA,feynman_I_25_13,Feynman,0.0,0.125,8.0,SRBench 2021
GP-GOMEA,feynman_I_25_13,Feynman,0.001,0.5,10.0,SRBench 2021
GP-GOMEA,feynman_I_25_13,Feynman,0.01,0.0,10.0,SRBench 2021
GP-GOMEA,feynman_I_25_13,Feynman,0.1,0.0,10.0,SRBench 2021
GP-GOMEA,feynman_I_27_6,Feynman,0.0,0.5,8.0,SRBench 2021
GP-GOMEA,feynman_I_27_6,Feynman,0.001,0.1,10.0,SRBench 2021
GP-GOMEA,feynman_I_27_6,Feynman,0.01,0.1,10.0,SRBench 2021
GP-GOMEA,feynman_I_27_6,Feynman,0.1,0.0,10.0,SRBench 2021
GP-GOMEA,feynman_I_29_16,Feynman,0.0,0.0,8.0,SRBench 2021
GP-GOMEA,feynman_I_29_16,Feynman,0.001,0.0,10.0,SRBench 2021
GP-GOMEA,feynman_I_29_16,Feynman,0.01,0.0,10.0,SRBench 2021
GP-GOMEA,feynman_I_29_16,Feynman,0.1,0.0,10.0,SRBench 2021
GP-GOMEA,feynman_I_29_4,Feynman,0.0,0.0,8.0,SRBench 2021
GP-GOMEA,feynman_I_29_4,Feynman,0.001,0.5,10.0,SRBench 2021
GP-GOMEA,feynman_I_29_4,Feynman,0.01,0.1,10.0,SRBench 2021
GP-GOMEA,feynman_I_29_4,Feynman,0.1,0.0,10.0,SRBench 2021
GP-GOMEA,feynman_I_30_3,Feynman,0.0,0.25,8.0,SRBench 2021
GP-GOMEA,feynman_I_30_3,Feynman,0.001,0.1,10.0,SRBench 2021
GP-GOMEA,feynman_I_30_3,Feynman,0.01,0.0,10.0,SRBench 2021
GP-GOMEA,feynman_I_30_3,Feynman,0.1,0.0,10.0,SRBench 2021
GP-GOMEA,feynman_I_32_17,Feynman,0.0,0.0,8.0,SRBench 2021
GP-GOMEA,feynman_I_32_17,Feynman,0.001,0.0,10.0,SRBench 2021
GP-GOMEA,feynman_I_32_17,Feynman,0.01,0.0,10.0,SRBench 2021
GP-GOMEA,feynman_I_32_17,Feynman,0.1,0.0,10.0,SRBench 2021
GP-GOMEA,feynman_I_32_5,Feynman,0.0,0.375,8.0,SRBench 2021
GP-GOMEA,feynman_I_32_5,Feynman,0.001,0.2,10.0,SRBench 2021
GP-GOMEA,feynman_I_32_5,Feynman,0.01,0.1,10.0,SRBench 2021
GP-GOMEA,feynman_I_32_5,Feynman,0.1,0.0,10.0,SRBench 2021
GP-GOMEA,feynman_I_34_1,Feynman,0.0,0.25,8.0,SRBench 2021
GP-GOMEA,feynman_I_34_1,Feynman,0.001,0.1,10.0,SRBench 2021
GP-GOMEA,feynman_I_34_1,Feynman,0.01,0.0,10.0,SRBench 2021
GP-GOMEA,feynman_I_34_1,Feynman,0.1,0.0,10.0,SRBench 2021
GP-GOMEA,feynman_I_34_14,Feynman,0.0,0.0,8.0,SRBench 2021
GP-GOMEA,feynman_I_34_14,Feynman,0.001,0.0,10.0,SRBench 2021
GP-GOMEA,feynman_I_34_14,Feynman,0.01,0.0,10.0,SRBench 2021
GP-GOMEA,feynman_I_34_14,Feynman,0.1,0.0,10.0,SRBench 2021
GP-GOMEA,feynman_I_34_27,Feynman,0.0,1.0,8.0,SRBench 2021
GP-GOMEA,feynman_I_34_27,Feynman,0.001,0.1,10.0,SRBench 2021
GP-GOMEA,feynman_I_34_27,Feynman,0.01,0.2,10.0,SRBench 2021
GP-GOMEA,feynman_I_34_27,Feynman,0.1,0.0,10.0,SRBench 2021
GP-GOMEA,feynman_I_34_8,Feynman,0.0,0.375,8.0,SRBench 2021
GP-GOMEA,feynman_I_34_8,Feynman,0.001,0.1,10.0,SRBench 2021
GP-GOMEA,feynman_I_34_8,Feynman,0.01,0.0,10.0,SRBench 2021
GP-GOMEA,feynman_I_34_8,Feynman,0.1,0.0,10.0,SRBench 2021
GP-GOMEA,feynman_I_37_4,Feynman,0.0,0.0,8.0,SRBench 2021
GP-GOMEA,feynman_I_37_4,Feynman,0.001,0.0,10.0,SRBench 2021
GP-GOMEA,feynman_I_37_4,Feynman,0.01,0.0,10.0,SRBench 2021
GP-GOMEA,feynman_I_37_4,Feynman,0.1,0.0,10.0,SRBench 2021
GP-GOMEA,feynman_I_38_12,Feynman,0.0,0.5,8.0,SRBench 2021
GP-GOMEA,feynman_I_38_12,Feynman,0.001,0.2,10.0,SRBench 2021
GP-GOMEA,feynman_I_38_12,Feynman,0.01,0.1,10.0,SRBench 2021
GP-GOMEA,feynman_I_38_12,Feynman,0.1,0.0,10.0,SRBench 2021
GP-GOMEA,feynman_I_39_1,Feynman,0.0,0.875,8.0,SRBench 2021
GP-GOMEA,feynman_I_39_1,Feynman,0.001,0.2,10.0,SRBench 2021
GP-GOMEA,feynman_I_39_1,Feynman,0.01,0.0,10.0,SRBench 2021
GP-GOMEA,feynman_I_39_1,Feynman,0.1,0.0,10.0,SRBench 2021
GP-GOMEA,feynman_I_39_11,Feynman,0.0,0.625,8.0,SRBench 2021
GP-GOMEA,feynman_I_39_11,Feynman,0.001,0.1,10.0,SRBench 2021
GP-GOMEA,feynman_I_39_11,Feynman,0.01,0.1,10.0,SRBench 2021
GP-GOMEA,feynman_I_39_11,Feynman,0.1,0.0,10.0,SRBench 2021
GP-GOMEA,feynman_I_39_22,Feynman,0.0,0.375,8.0,SRBench 2021
GP-GOMEA,feynman_I_39_22,Feynman,0.001,0.4,10.0,SRBench 2021
GP-GOMEA,feynman_I_39_22,Feynman,0.01,0.0,10.0,SRBench 2021
GP-GOMEA,feynman_I_39_22,Feynman,0.1,0.0,10.0,SRBench 2021
GP-GOMEA,feynman_I_40_1,Feynman,0.0,0.0,8.0,SRBench 2021
GP-GOMEA,feynman_I_40_1,Feynman,0.001,0.0,10.0,SRBench 2021
GP-GOMEA,feynman_I_40_1,Feynman,0.01,0.0,10.0,SRBench 2021
GP-GOMEA,feynman_I_40_1,Feynman,0.1,0.0,10.0,SRBench 2021
GP-GOMEA,feynman_I_41_16,Feynman,0.0,0.0,8.0,SRBench 2021
GP-GOMEA,feynman_I_41_16,Feynman,0.001,0.0,10.0,SRBench 2021
GP-GOMEA,feynman_I_41_16,Feynman,0.01,0.0,10.0,SRBench 2021
GP-GOMEA,feynman_I_41_16,Feynman,0.1,0.0,10.0,SRBench 2021
GP-GOMEA,feynman_I_43_16,Feynman,0.0,0.25,8.0,SRBench 2021
GP-GOMEA,feynman_I_43_16,Feynman,0.001,0.2,10.0,SRBench 2021
GP-GOMEA,feynman_I_43_16,Feynman,0.01,0.0,10.0,SRBench 2021
GP-GOMEA,feynman_I_43_16,Feynman,0.1,0.0,10.0,SRBench 2021
GP-GOMEA,feynman_I_43_31,Feynman,0.0,0.875,8.0,SRBench 2021
GP-GOMEA,feynman_I_43_31,Feynman,0.001,0.0,10.0,SRBench 2021
GP-GOMEA,feynman_I_43_31,Feynman,0.01,0.0,10.0,SRBench 2021
GP-GOMEA,feynman_I_43_31,Feynman,0.1,0.0,10.0,SRBench 2021
GP-GOMEA,feynman_I_43_43,Feynman,0.0,0.625,8.0,SRBench 2021
GP-GOMEA,feynman_I_43_43,Feynman,0.001,0.3,10.0,SRBench 2021
GP-GOMEA,feynman_I_43_43,Feynman,0.01,0.0,10.0,SRBench 2021
GP-GOMEA,feynman_I_43_43,Feynman,0.1,0.0,10.0,SRBench 2021
GP-GOMEA,feynman_I_44_4,Feynman,0.0,0.25,8.0,SRBench 2021
GP-GOMEA,feynman_I_44_4,Feynman,0.001,0.0,10.0,SRBench 2021
GP-GOMEA,feynman_I_44_4,Feynman,0.01,0.0,10.0,SRBench 2021
GP-GOMEA,feynman_I_44_4,Feynman,0.1,0.0,10.0,SRBench 2021
GP-GOMEA,feynman_I_47_23,Feynman,0.0,0.0,8.0,SRBench 2021
GP-GOMEA,feynman_I_47_23,Feynman,0.001,0.0,10.0,SRBench 2021
GP-GOMEA,feynman_I_47_23,Feynman,0.01,0.0,10.0,SRBench 2021
GP-GOMEA,feynman_I_47_23,Feynman,0.1,0.0,10.0,SRBench 2021
GP-GOMEA,feynman_I_48_2,Feynman,0.0,0.0,8.0,SRBench 2021
GP-GOMEA,feynman_I_48_2,Feynman,0.001,0.0,10.0,SRBench 2021
GP-GOMEA,feynman_I_48_2,Feynman,0.01,0.0,10.0,SRBench 2021
GP-GOMEA,feynman_I_48_2,Feynman,0.1,0.0,10.0,SRBench 2021
GP-GOMEA,feynman_I_50_26,Feynman,0.0,0.0,8.0,SRBench 2021
GP-GOMEA,feynman_I_50_26,Feynman,0.001,0.0,10.0,SRBench 2021
GP-GOMEA,feynman_I_50_26,Feynman,0.01,0.0,10.0,SRBench 2021
GP-GOMEA,feynman_I_50_26,Feynman,0.1,0.0,10.0,SRBench 2021
GP-GOMEA,feynman_I_6_2,Feynman,0.0,0.0,8.0,SRBench 2021
GP-GOMEA,feynman_I_6_2,Feynman,0.001,0.0,10.0,SRBench 2021
GP-GOMEA,feynman_I_6_2,Feynman,0.01,0.0,10.0,SRBench 2021
GP-GOMEA,feynman_I_6_2,Feynman,0.1,0.0,10.0,SRBench 2021
GP-GOMEA,feynman_I_6_2a,Feynman,0.0,0.0,8.0,SRBench 2021
GP-GOMEA,feynman_I_6_2a,Feynman,0.001,0.0,10.0,SRBench 2021
GP-GOMEA,feynman_I_6_2a,Feynman,0.01,0.0,10.0,SRBench 2021
GP-GOMEA,feynman_I_6_2a,Feynman,0.1,0.0,10.0,SRBench 2021
GP-GOMEA,feynman_I_6_2b,Feynman,0.0,0.0,8.0,SRBench 2021
GP-GOMEA,feynman_I_6_2b,Feynman,0.001,0.0,10.0,SRBench 2021
GP-GOMEA,feynman_I_6_2b,Feynman,0.01,0.0,10.0,SRBench 2021
GP-GOMEA,feynman_I_6_2b,Feynman,0.1,0.0,10.0,SRBench 2021
GP-GOMEA,feynman_I_8_14,Feynman,0.0,0.0,8.0,SRBench 2021
GP-GOMEA,feynman_I_8_14,Feynman,0.001,0.0,10.0,SRBench 2021
GP-GOMEA,feynman_I_8_14,Feynman,0.01,0.0,10.0,SRBench 2021
GP-GOMEA,feynman_I_8_14,Feynman,0.1,0.0,10.0,SRBench 2021
GP-GOMEA,feynman_I_9_18,Feynman,0.0,0.0,8.0,SRBench 2021
GP-GOMEA,feynman_I_9_18,Feynman,0.001,0.0,10.0,SRBench 2021
GP-GOMEA,feynman_I_9_18,Feynman,0.01,0.0,10.0,SRBench 2021
GP-GOMEA,feynman_I_9_18,Feynman,0.1,0.0,10.0,SRBench 2021
GP-GOMEA,feynman_test_1,Feynman,0.0,0.0,8.0,SRBench 2021
GP-GOMEA,feynman_test_1,Feynman,0.001,0.0,10.0,SRBench 2021
GP-GOMEA,feynman_test_1,Feynman,0.01,0.0,10.0,SRBench 2021
GP-GOMEA,feynman_test_1,Feynman,0.1,0.0,10.0,SRBench 2021
GP-GOMEA,feynman_test_11,Feynman,0.0,0.0,8.0,SRBench 2021
GP-GOMEA,feynman_test_11,Feynman,0.001,0.0,10.0,SRBench 2021
GP-GOMEA,feynman_test_11,Feynman,0.01,0.0,10.0,SRBench 2021
GP-GOMEA,feynman_test_11,Feynman,0.1,0.0,10.0,SRBench 2021
GP-GOMEA,feynman_test_12,Feynman,0.0,0.0,8.0,SRBench 2021
GP-GOMEA,feynman_test_12,Feynman,0.001,0.0,10.0,SRBench 2021
GP-GOMEA,feynman_test_12,Feynman,0.01,0.0,10.0,SRBench 2021
GP-GOMEA,feynman_test_12,Feynman,0.1,0.0,10.0,SRBench 2021
GP-GOMEA,feynman_test_13,Feynman,0.0,0.0,8.0,SRBench 2021
GP-GOMEA,feynman_test_13,Feynman,0.001,0.0,10.0,SRBench 2021
GP-GOMEA,feynman_test_13,Feynman,0.01,0.0,10.0,SRBench 2021
GP-GOMEA,feynman_test_13,Feynman,0.1,0.0,10.0,SRBench 2021
GP-GOMEA,feynman_test_14,Feynman,0.0,0.0,8.0,SRBench 2021
GP-GOMEA,feynman_test_14,Feynman,0.001,0.0,10.0,SRBench 2021
GP-GOMEA,feynman_test_14,Feynman,0.01,0.0,10.0,SRBench 2021
GP-GOMEA,feynman_test_14,Feynman,0.1,0.0,10.0,SRBench 2021
GP-GOMEA,feynman_test_15,Feynman,0.0,0.0,8.0,SRBench 2021
GP-GOMEA,feynman_test_15,Feynman,0.001,0.0,10.0,SRBench 2021
GP-GOMEA,feynman_test_15,Feynman,0.01,0.0,10.0,SRBench 2021
GP-GOMEA,feynman_test_15,Feynman,0.1,0.0,10.0,SRBench 2021
GP-GOMEA,feynman_test_16,Feynman,0.0,0.0,8.0,SRBench 2021
GP-GOMEA,feynman_test_16,Feynman,0.001,0.0,10.0,SRBench 2021
GP-GOMEA,feynman_test_16,Feynman,0.01,0.0,10.0,SRBench 2021
GP-GOMEA,feynman_test_16,Feynman,0.1,0.0,10.0,SRBench 2021
GP-GOMEA,feynman_test_17,Feynman,0.0,0.0,8.0,SRBench 2021
GP-GOMEA,feynman_test_17,Feynman,0.001,0.0,10.0,SRBench 2021
GP-GOMEA,feynman_test_17,Feynman,0.01,0.0,10.0,SRBench 2021
GP-GOMEA,feynman_test_17,Feynman,0.1,0.0,10.0,SRBench 2021
GP-GOMEA,feynman_test_18,Feynman,0.0,0.0,8.0,SRBench 2021
GP-GOMEA,feynman_test_18,Feynman,0.001,0.0,10.0,SRBench 2021
GP-GOMEA,feynman_test_18,Feynman,0.01,0.0,10.0,SRBench 2021
GP-GOMEA,feynman_test_18,Feynman,0.1,0.0,10.0,SRBench 2021
GP-GOMEA,feynman_test_19,Feynman,0.0,0.0,8.0,SRBench 2021
GP-GOMEA,feynman_test_19,Feynman,0.001,0.0,10.0,SRBench 2021
GP-GOMEA,feynman_test_19,Feynman,0.01,0.0,10.0,SRBench 2021
GP-GOMEA,feynman_test_19,Feynman,0.1,0.0,10.0,SRBench 2021
GP-GOMEA,feynman_test_2,Feynman,0.0,0.0,8.0,SRBench 2021
GP-GOMEA,feynman_test_2,Feynman,0.001,0.0,10.0,SRBench 2021
GP-GOMEA,feynman_test_2,Feynman,0.01,0.0,10.0,SRBench 2021
GP-GOMEA,feynman_test_2,Feynman,0.1,0.0,10.0,SRBench 2021
GP-GOMEA,feynman_test_20,Feynman,0.0,0.0,8.0,SRBench 2021
GP-GOMEA,feynman_test_20,Feynman,0.001,0.0,10.0,SRBench 2021
GP-GOMEA,feynman_test_20,Feynman,0.01,0.0,10.0,SRBench 2021
GP-GOMEA,feynman_test_20,Feynman,0.1,0.0,10.0,SRBench 2021
GP-GOMEA,feynman_test_3,Feynman,0.0,0.0,8.0,SRBench 2021
GP-GOMEA,feynman_test_3,Feynman,0.001,0.0,10.0,SRBench 2021
GP-GOMEA,feynman_test_3,Feynman,0.01,0.0,10.0,SRBench 2021
GP-GOMEA,feynman_test_3,Feynman,0.1,0.0,10.0,SRBench 2021
GP-GOMEA,feynman_test_4,Feynman,0.0,0.0,8.0,SRBench 2021
GP-GOMEA,feynman_test_4,Feynman,0.001,0.0,10.0,SRBench 2021
GP-GOMEA,feynman_test_4,Feynman,0.01,0.0,10.0,SRBench 2021
GP-GOMEA,feynman_test_4,Feynman,0.1,0.0,10.0,SRBench 2021
GP-GOMEA,feynman_test_5,Feynman,0.0,0.0,8.0,SRBench 2021
GP-GOMEA,feynman_test_5,Feynman,0.001,0.0,10.0,SRBench 2021
GP-GOMEA,feynman_test_5,Feynman,0.01,0.0,10.0,SRBench 2021
GP-GOMEA,feynman_test_5,Feynman,0.1,0.0,10.0,SRBench 2021
GP-GOMEA,feynman_test_6,Feynman,0.0,0.0,8.0,SRBench 2021
GP-GOMEA,feynman_test_6,Feynman,0.001,0.0,10.0,SRBench 2021
GP-GOMEA,feynman_test_6,Feynman,0.01,0.0,10.0,SRBench 2021
GP-GOMEA,feynman_test_6,Feynman,0.1,0.0,10.0,SRBench 2021
GP-GOMEA,feynman_test_7,Feynman,0.0,0.0,8.0,SRBench 2021
GP-GOMEA,feynman_test_7,Feynman,0.001,0.0,10.0,SRBench 2021
GP-GOMEA,feynman_test_7,Feynman,0.01,0.0,10.0,SRBench 2021
GP-GOMEA,feynman_test_7,Feynman,0.1,0.0,10.0,SRBench 2021
GP-GOMEA,feynman_test_8,Feynman,0.0,0.0,8.0,SRBench 2021
GP-GOMEA,feynman_test_8,Feynman,0.001,0.0,10.0,SRBench 2021
GP-GOMEA,feynman_test_8,Feynman,0.01,0.0,10.0,SRBench 2021
GP-GOMEA,feynman_test_8,Feynman,0.1,0.0,10.0,SRBench 2021
GP-GOMEA,feynman_test_9,Feynman,0.0,0.0,8.0,SRBench 2021
GP-GOMEA,feynman_test_9,Feynman,0.001,0.0,10.0,SRBench 2021
GP-GOMEA,feynman_test_9,Feynman,0.01,0.0,10.0,SRBench 2021
GP-GOMEA,feynman_test_9,Feynman,0.1,0.0,10.0,SRBench 2021
GP-GOMEA,strogatz_bacres1,Strogatz,0.0,0.0,8.0,SRBench 2021
GP-GOMEA,strogatz_bacres1,Strogatz,0.001,0.0,10.0,SRBench 2021
GP-GOMEA,strogatz_bacres1,Strogatz,0.01,0.0,10.0,SRBench 2021
GP-GOMEA,strogatz_bacres1,Strogatz,0.1,0.0,10.0,SRBench 2021
GP-GOMEA,strogatz_bacres2,Strogatz,0.0,0.625,8.0,SRBench 2021
GP-GOMEA,strogatz_bacres2,Strogatz,0.001,0.0,10.0,SRBench 2021
GP-GOMEA,strogatz_bacres2,Strogatz,0.01,0.0,10.0,SRBench 2021
GP-GOMEA,strogatz_bacres2,Strogatz,0.1,0.0,10.0,SRBench 2021
GP-GOMEA,strogatz_barmag1,Strogatz,0.0,0.625,8.0,SRBench 2021
GP-GOMEA,strogatz_barmag1,Strogatz,0.001,0.2,10.0,SRBench 2021
GP-GOMEA,strogatz_barmag1,Strogatz,0.01,0.0,10.0,SRBench 2021
GP-GOMEA,strogatz_barmag1,Strogatz,0.1,0.0,10.0,SRBench 2021
GP-GOMEA,strogatz_barmag2,Strogatz,0.0,0.375,8.0,SRBench 2021
GP-GOMEA,strogatz_barmag2,Strogatz,0.001,0.2,10.0,SRBench 2021
GP-GOMEA,strogatz_barmag2,Strogatz,0.01,0.0,10.0,SRBench 2021
GP-GOMEA,strogatz_barmag2,Strogatz,0.1,0.0,10.0,SRBench 2021
GP-GOMEA,strogatz_glider1,Strogatz,0.0,0.0,8.0,SRBench 2021
GP-GOMEA,strogatz_glider1,Strogatz,0.001,0.0,10.0,SRBench 2021
GP-GOMEA,strogatz_glider1,Strogatz,0.01,0.0,10.0,SRBench 2021
GP-GOMEA,strogatz_glider1,Strogatz,0.1,0.0,10.0,SRBench 2021
GP-GOMEA,strogatz_glider2,Strogatz,0.0,0.75,8.0,SRBench 2021
GP-GOMEA,strogatz_glider2,Strogatz,0.001,0.0,10.0,SRBench 2021
GP-GOMEA,strogatz_glider2,Strogatz,0.01,0.0,10.0,SRBench 2021
GP-GOMEA,strogatz_glider2,Strogatz,0.1,0.0,10.0,SRBench 2021
GP-GOMEA,strogatz_lv1,Strogatz,0.0,0.125,8.0,SRBench 2021
GP-GOMEA,strogatz_lv1,Strogatz,0.001,0.0,10.0,SRBench 2021
GP-GOMEA,strogatz_lv1,Strogatz,0.01,0.0,10.0,SRBench 2021
GP-GOMEA,strogatz_lv1,Strogatz,0.1,0.0,10.0,SRBench 2021
GP-GOMEA,strogatz_lv2,Strogatz,0.0,0.5,8.0,SRBench 2021
GP-GOMEA,strogatz_lv2,Strogatz,0.001,0.2,10.0,SRBench 2021
GP-GOMEA,strogatz_lv2,Strogatz,0.01,0.0,10.0,SRBench 2021
GP-GOMEA,strogatz_lv2,Strogatz,0.1,0.0,10.0,SRBench 2021
GP-GOMEA,strogatz_predprey1,Strogatz,0.0,0.0,8.0,SRBench 2021
GP-GOMEA,strogatz_predprey1,Strogatz,0.001,0.0,10.0,SRBench 2021
GP-GOMEA,strogatz_predprey1,Strogatz,0.01,0.0,10.0,SRBench 2021
GP-GOMEA,strogatz_predprey1,Strogatz,0.1,0.0,10.0,SRBench 2021
GP-GOMEA,strogatz_predprey2,Strogatz,0.0,0.0,8.0,SRBench 2021
GP-GOMEA,strogatz_predprey2,Strogatz,0.001,0.0,10.0,SRBench 2021
GP-GOMEA,strogatz_predprey2,Strogatz,0.01,0.0,10.0,SRBench 2021
GP-GOMEA,strogatz_predprey2,Strogatz,0.1,0.0,10.0,SRBench 2021
GP-GOMEA,strogatz_shearflow1,Strogatz,0.0,0.125,8.0,SRBench 2021
GP-GOMEA,strogatz_shearflow1,Strogatz,0.001,0.3,10.0,SRBench 2021
GP-GOMEA,strogatz_shearflow1,Strogatz,0.01,0.0,10.0,SRBench 2021
GP-GOMEA,strogatz_shearflow1,Strogatz,0.1,0.0,10.0,SRBench 2021
GP-GOMEA,strogatz_shearflow2,Strogatz,0.0,0.0,8.0,SRBench 2021
GP-GOMEA,strogatz_shearflow2,Strogatz,0.001,0.0,10.0,SRBench 2021
GP-GOMEA,strogatz_shearflow2,Strogatz,0.01,0.0,10.0,SRBench 2021
GP-GOMEA,strogatz_shearflow2,Strogatz,0.1,0.0,10.0,SRBench 2021
GP-GOMEA,strogatz_vdp1,Strogatz,0.0,0.0,8.0,SRBench 2021
GP-GOMEA,strogatz_vdp1,Strogatz,0.001,0.0,10.0,SRBench 2021
GP-GOMEA,strogatz_vdp1,Strogatz,0.01,0.0,10.0,SRBench 2021
GP-GOMEA,strogatz_vdp1,Strogatz,0.1,0.0,10.0,SRBench 2021
GP-GOMEA,strogatz_vdp2,Strogatz,0.0,1.0,8.0,SRBench 2021
GP-GOMEA,strogatz_vdp2,Strogatz,0.001,0.1,10.0,SRBench 2021
GP-GOMEA,strogatz_vdp2,Strogatz,0.01,0.2,10.0,SRBench 2021
GP-GOMEA,strogatz_vdp2,Strogatz,0.1,0.0,10.0,SRBench 2021
ITEA,feynman_III_10_19,Feynman,0.0,0.0,8.0,SRBench 2021
ITEA,feynman_III_10_19,Feynman,0.001,0.0,10.0,SRBench 2021
ITEA,feynman_III_10_19,Feynman,0.01,0.0,10.0,SRBench 2021
ITEA,feynman_III_10_19,Feynman,0.1,0.0,10.0,SRBench 2021
ITEA,feynman_III_12_43,Feynman,0.0,1.0,8.0,SRBench 2021
ITEA,feynman_III_12_43,Feynman,0.001,0.7,10.0,SRBench 2021
ITEA,feynman_III_12_43,Feynman,0.01,0.4,10.0,SRBench 2021
ITEA,feynman_III_12_43,Feynman,0.1,0.1,10.0,SRBench 2021
ITEA,feynman_III_13_18,Feynman,0.0,0.0,8.0,SRBench 2021
ITEA,feynman_III_13_18,Feynman,0.001,0.0,10.0,SRBench 2021
ITEA,feynman_III_13_18,Feynman,0.01,0.0,10.0,SRBench 2021
ITEA,feynman_III_13_18,Feynman,0.1,0.0,10.0,SRBench 2021
ITEA,feynman_III_14_14,Feynman,0.0,0.0,8.0,SRBench 2021
ITEA,feynman_III_14_14,Feynman,0.001,0.0,10.0,SRBench 2021
ITEA,feynman_III_14_14,Feynman,0.01,0.0,10.0,SRBench 2021
ITEA,feynman_III_14_14,Feynman,0.1,0.0,10.0,SRBench 2021
ITEA,feynman_III_15_12,Feynman,0.0,0.0,8.0,SRBench 2021
ITEA,feynman_III_15_12,Feynman,0.001,0.0,10.0,SRBench 2021
ITEA,feynman_III_15_12,Feynman,0.01,0.0,10.0,SRBench 2021
ITEA,feynman_III_15_12,Feynman,0.1,0.0,10.0,SRBench 2021
ITEA,feynman_III_15_14,Feynman,0.0,0.0,8.0,SRBench 2021
ITEA,feynman_III_15_14,Feynman,0.001,0.0,10.0,SRBench 2021
ITEA,feynman_III_15_14,Feynman,0.01,0.0,10.0,SRBench 2021
ITEA,feynman_III_15_14,Feynman,0.1,0.0,10.0,SRBench 2021
ITEA,feynman_III_15_27,Feynman,0.0,1.0,8.0,SRBench 2021
ITEA,feynman_III_15_27,Feynman,0.001,0.7,10.0,SRBench 2021
ITEA,feynman_III_15_27,Feynman,0.01,0.0,10.0,SRBench 2021
ITEA,feynman_III_15_27,Feynman,0.1,0.0,10.0,SRBench 2021
ITEA,feynman_III_17_37,Feynman,0.0,0.0,8.0,SRBench 2021
ITEA,feynman_III_17_37,Feynman,0.001,0.0,10.0,SRBench 2021
ITEA,feynman_III_17_37,Feynman,0.01,0.0,10.0,SRBench 2021
ITEA,feynman_III_17_37,Feynman,0.1,0.0,10.0,SRBench 2021
ITEA,feynman_III_19_51,Feynman,0.0,0.0,8.0,SRBench 2021
ITEA,feynman_III_19_51,Feynman,0.001,0.0,10.0,SRBench 2021
ITEA,feynman_III_19_51,Feynman,0.01,0.0,10.0,SRBench 2021
ITEA,feynman_III_19_51,Feynman,0.1,0.0,10.0,SRBench 2021
ITEA,feynman_III_21_20,Feynman,0.0,1.0,8.0,SRBench 2021
ITEA,feynman_III_21_20,Feynman,0.001,0.5,10.0,SRBench 2021
ITEA,feynman_III_21_20,Feynman,0.01,0.2,10.0,SRBench 2021
ITEA,feynman_III_21_20,Feynman,0.1,0.0,10.0,SRBench 2021
ITEA,feynman_III_4_32,Feynman,0.0,0.0,8.0,SRBench 2021
ITEA,feynman_III_4_32,Feynman,0.001,0.0,10.0,SRBench 2021
ITEA,feynman_III_4_32,Feynman,0.01,0.0,10.0,SRBench 2021
ITEA,feynman_III_4_32,Feynman,0.1,0.0,10.0,SRBench 2021
ITEA,feynman_III_4_33,Feynman,0.0,0.0,8.0,SRBench 2021
ITEA,feynman_III_4_33,Feynman,0.001,0.0,10.0,SRBench 2021
ITEA,feynman_III_4_33,Feynman,0.01,0.0,10.0,SRBench 2021
ITEA,feynman_III_4_33,Feynman,0.1,0.0,10.0,SRBench 2021
ITEA,feynman_III_7_38,Feynman,0.0,1.0,8.0,SRBench 2021
ITEA,feynman_III_7_38,Feynman,0.001,0.0,10.0,SRBench 2021
ITEA,feynman_III_7_38,Feynman,0.01,0.0,10.0,SRBench 2021
ITEA,feynman_III_7_38,Feynman,0.1,0.0,10.0,SRBench 2021
ITEA,feynman_III_8_54,Feynman,0.0,0.0,8.0,SRBench 2021
ITEA,feynman_III_8_54,Feynman,0.001,0.0,10.0,SRBench 2021
ITEA,feynman_III_8_54,Feynman,0.01,0.0,10.0,SRBench 2021
ITEA,feynman_III_8_54,Feynman,0.1,0.0,10.0,SRBench 2021
ITEA,feynman_III_9_52,Feynman,0.0,0.0,8.0,SRBench 2021
ITEA,feynman_III_9_52,Feynman,0.001,0.0,10.0,SRBench 2021
ITEA,feynman_III_9_52,Feynman,0.01,0.0,10.0,SRBench 2021
ITEA,feynman_III_9_52,Feynman,0.1,0.0,10.0,SRBench 2021
ITEA,feynman_II_10_9,Feynman,0.0,0.0,8.0,SRBench 2021
ITEA,feynman_II_10_9,Feynman,0.001,0.0,10.0,SRBench 2021
ITEA,feynman_II_10_9,Feynman,0.01,0.0,10.0,SRBench 2021
ITEA,feynman_II_10_9,Feynman,0.1,0.0,10.0,SRBench 2021
ITEA,feynman_II_11_20,Feynman,0.0,0.0,8.0,SRBench 2021
ITEA,feynman_II_11_20,Feynman,0.001,0.0,10.0,SRBench 2021
ITEA,feynman_II_11_20,Feynman,0.01,0.0,10.0,SRBench 2021
ITEA,feynman_II_11_20,Feynman,0.1,0.0,10.0,SRBench 2021
ITEA,feynman_II_11_27,Feynman,0.0,0.0,8.0,SRBench 2021
ITEA,feynman_II_11_27,Feynman,0.001,0.0,10.0,SRBench 2021
ITEA,feynman_II_11_27,Feynman,0.01,0.0,10.0,SRBench 2021
ITEA,feynman_II_11_27,Feynman,0.1,0.0,10.0,SRBench 2021
ITEA,feynman_II_11_28,Feynman,0.0,0.0,8.0,SRBench 2021
ITEA,feynman_II_11_28,Feynman,0.001,0.0,10.0,SRBench 2021
ITEA,feynman_II_11_28,Feynman,0.01,0.0,10.0,SRBench 2021
ITEA,feynman_II_11_28,Feynman,0.1,0.0,10.0,SRBench 2021
ITEA,feynman_II_11_3,Feynman,0.0,0.0,8.0,SRBench 2021
ITEA,feynman_II_11_3,Feynman,0.001,0.0,10.0,SRBench 2021
ITEA,feynman_II_11_3,Feynman,0.01,0.0,10.0,SRBench 2021
ITEA,feynman_II_11_3,Feynman,0.1,0.0,10.0,SRBench 2021
ITEA,feynman_II_13_17,Feynman,0.0,0.0,8.0,SRBench 2021
ITEA,feynman_II_13_17,Feynman,0.001,0.0,10.0,SRBench 2021
ITEA,feynman_II_13_17,Feynman,0.01,0.0,10.0,SRBench 2021
ITEA,feynman_II_13_17,Feynman,0.1,0.0,10.0,SRBench 2021
ITEA,feynman_II_13_23,Feynman,0.0,0.0,8.0,SRBench 2021
ITEA,feynman_II_13_23,Feynman,0.001,0.0,10.0,SRBench 2021
ITEA,feynman_II_13_23,Feynman,0.01,0.0,10.0,SRBench 2021
ITEA,feynman_II_13_23,Feynman,0.1,0.0,10.0,SRBench 2021
ITEA,feynman_II_13_34,Feynman,0.0,0.0,8.0,SRBench 2021
ITEA,feynman_II_13_34,Feynman,0.001,0.0,10.0,SRBench 2021
ITEA,feynman_II_13_34,Feynman,0.01,0.0,10.0,SRBench 2021
ITEA,feynman_II_13_34,Feynman,0.1,0.0,10.0,SRBench 2021
ITEA,feynman_II_15_4,Feynman,0.0,0.0,8.0,SRBench 2021
ITEA,feynman_II_15_4,Feynman,0.001,0.0,10.0,SRBench 2021
ITEA,feynman_II_15_4,Feynman,0.01,0.0,10.0,SRBench 2021
ITEA,feynman_II_15_4,Feynman,0.1,0.0,10.0,SRBench 2021
ITEA,feynman_II_15_5,Feynman,0.0,0.0,8.0,SRBench 2021
ITEA,feynman_II_15_5,Feynman,0.001,0.0,10.0,SRBench 2021
ITEA,feynman_II_15_5,Feynman,0.01,0.0,10.0,SRBench 2021
ITEA,feynman_II_15_5,Feynman,0.1,0.0,10.0,SRBench 2021
ITEA,feynman_II_21_32,Feynman,0.0,0.0,8.0,SRBench 2021
ITEA,feynman_II_21_32,Feynman,0.001,0.0,10.0,SRBench 2021
ITEA,feynman_II_21_32,Feynman,0.01,0.0,10.0,SRBench 2021
ITEA,feynman_II_21_32,Feynman,0.1,0.0,10.0,SRBench 2021
ITEA,feynman_II_24_17,Feynman,0.0,0.0,8.0,SRBench 2021
ITEA,feynman_II_24_17,Feynman,0.001,0.0,10.0,SRBench 2021
ITEA,feynman_II_24_17,Feynman,0.01,0.0,10.0,SRBench 2021
ITEA,feynman_II_24_17,Feynman,0.1,0.0,10.0,SRBench 2021
ITEA,feynman_II_27_16,Feynman,0.0,0.0,8.0,SRBench 2021
ITEA,feynman_II_27_16,Feynman,0.001,0.0,10.0,SRBench 2021
ITEA,feynman_II_27_16,Feynman,0.01,0.0,10.0,SRBench 2021
ITEA,feynman_II_27_16,Feynman,0.1,0.0,10.0,SRBench 2021
ITEA,feynman_II_27_18,Feynman,0.0,0.0,8.0,SRBench 2021
ITEA,feynman_II_27_18,Feynman,0.001,0.0,10.0,SRBench 2021
ITEA,feynman_II_27_18,Feynman,0.01,0.0,10.0,SRBench 2021
ITEA,feynman_II_27_18,Feynman,0.1,0.0,10.0,SRBench 2021
ITEA,feynman_II_2_42,Feynman,0.0,1.0,8.0,SRBench 2021
ITEA,feynman_II_2_42,Feynman,0.001,1.0,10.0,SRBench 2021
ITEA,feynman_II_2_42,Feynman,0.01,1.0,10.0,SRBench 2021
ITEA,feynman_II_2_42,Feynman,0.1,0.3,10.0,SRBench 2021
ITEA,feynman_II_34_11,Feynman,0.0,1.0,8.0,SRBench 2021
ITEA,feynman_II_34_11,Feynman,0.001,0.7,10.0,SRBench 2021
ITEA,feynman_II_34_11,Feynman,0.01,0.1,10.0,SRBench 2021
ITEA,feynman_II_34_11,Feynman,0.1,0.1,10.0,SRBench 2021
ITEA,feynman_II_34_2,Feynman,0.0,1.0,8.0,SRBench 2021
ITEA,feynman_II_34_2,Feynman,0.001,0.4,10.0,SRBench 2021
ITEA,feynman_II_34_2,Feynman,0.01,0.0,10.0,SRBench 2021
ITEA,feynman_II_34_2,Feynman,0.1,0.0,10.0,SRBench 2021
ITEA,feynman_II_34_29a,Feynman,0.0,1.0,8.0,SRBench 2021
ITEA,feynman_II_34_29a,Feynman,0.001,0.8,10.0,SRBench 2021
ITEA,feynman_II_34_29a,Feynman,0.01,0.6,10.0,SRBench 2021
ITEA,feynman_II_34_29a,Feynman,0.1,0.0,10.0,SRBench 2021
ITEA,feynman_II_34_29b,Feynman,0.0,1.0,8.0,SRBench 2021
ITEA,feynman_II_34_29b,Feynman,0.001,0.2,10.0,SRBench 2021
ITEA,feynman_II_34_29b,Feynman,0.01,0.1,10.0,SRBench 2021
ITEA,feynman_II_34_29b,Feynman,0.1,0.1,10.0,SRBench 2021
ITEA,feynman_II_34_2a,Feynman,0.0,1.0,8.0,SRBench 2021
ITEA,feynman_II_34_2a,Feynman,0.001,1.0,10.0,SRBench 2021
ITEA,feynman_II_34_2a,Feynman,0.01,0.8,10.0,SRBench 2021
ITEA,feynman_II_34_2a,Feynman,0.1,0.2,10.0,SRBench 2021
ITEA,feynman_II_35_18,Feynman,0.0,0.0,8.0,SRBench 2021
ITEA,feynman_II_35_18,Feynman,0.001,0.0,10.0,SRBench 2021
ITEA,feynman_II_35_18,Feynman,0.01,0.0,10.0,SRBench 2021
ITEA,feynman_II_35_18,Feynman,0.1,0.0,10.0,SRBench 2021
ITEA,feynman_II_35_21,Feynman,0.0,0.0,8.0,SRBench 2021
ITEA,feynman_II_35_21,Feynman,0.001,0.0,10.0,SRBench 2021
ITEA,feynman_II_35_21,Feynman,0.01,0.0,10.0,SRBench 2021
ITEA,feynman_II_35_21,Feynman,0.1,0.0,10.0,SRBench 2021
ITEA,feynman_II_36_38,Feynman,0.0,0.0,8.0,SRBench 2021
ITEA,feynman_II_36_38,Feynman,0.001,0.0,10.0,SRBench 2021
ITEA,feynman_II_36_38,Feynman,0.01,0.0,10.0,SRBench 2021
ITEA,feynman_II_36_38,Feynman,0.1,0.0,10.0,SRBench 2021
ITEA,feynman_II_37_1,Feynman,0.0,1.0,8.0,SRBench 2021
ITEA,feynman_II_37_1,Feynman,0.001,1.0,10.0,SRBench 2021
ITEA,feynman_II_37_1,Feynman,0.01,0.2,10.0,SRBench 2021
ITEA,feynman_II_37_1,Feynman,0.1,0.0,10.0,SRBench 2021
ITEA,feynman_II_38_14,Feynman,0.0,0.0,8.0,SRBench 2021
ITEA,feynman_II_38_14,Feynman,0.001,0.0,10.0,SRBench 2021
ITEA,feynman_II_38_14,Feynman,0.01,0.0,10.0,SRBench 2021
ITEA,feynman_II_38_14,Feynman,0.1,0.0,10.0,SRBench 2021
ITEA,feynman_II_38_3,Feynman,0.0,1.0,8.0,SRBench 2021
ITEA,feynman_II_38_3,Feynman,0.001,0.5,10.0,SRBench 2021
ITEA,feynman_II_38_3,Feynman,0.01,0.4,10.0,SRBench 2021
ITEA,feynman_II_38_3,Feynman,0.1,0.0,10.0,SRBench 2021
ITEA,feynman_II_3_24,Feynman,0.0,0.0,8.0,SRBench 2021
ITEA,feynman_II_3_24,Feynman,0.001,0.0,10.0,SRBench 2021
ITEA,feynman_II_3_24,Feynman,0.01,0.0,10.0,SRBench 2021
ITEA,feynman_II_3_24,Feynman,0.1,0.0,10.0,SRBench 2021
ITEA,feynman_II_4_23,Feynman,0.0,1.0,8.0,SRBench 2021
ITEA,feynman_II_4_23,Feynman,0.001,1.0,10.0,SRBench 2021
ITEA,feynman_II_4_23,Feynman,0.01,0.7,10.0,SRBench 2021
ITEA,feynman_II_4_23,Feynman,0.1,0.5,10.0,SRBench 2021
ITEA,feynman_II_6_11,Feynman,0.0,0.0,8.0,SRBench 2021
ITEA,feynman_II_6_11,Feynman,0.001,0.0,10.0,SRBench 2021
ITEA,feynman_II_6_11,Feynman,0.01,0.0,10.0,SRBench 2021
ITEA,feynman_II_6_11,Feynman,0.1,0.0,10.0,SRBench 2021
ITEA,feynman_II_6_15a,Feynman,0.0,0.0,8.0,SRBench 2021
ITEA,feynman_II_6_15a,Feynman,0.001,0.0,10.0,SRBench 2021
ITEA,feynman_II_6_15a,Feynman,0.01,0.0,10.0,SRBench 2021
ITEA,feynman_II_6_15a,Feynman,0.1,0.0,10.0,SRBench 2021
ITEA,feynman_II_6_15b,Feynman,0.0,0.0,8.0,SRBench 2021
ITEA,feynman_II_6_15b,Feynman,0.001,0.0,10.0,SRBench 2021
ITEA,feynman_II_6_15b,Feynman,0.01,0.0,10.0,SRBench 2021
ITEA,feynman_II_6_15b,Feynman,0.1,0.0,10.0,SRBench 2021
ITEA,feynman_II_8_31,Feynman,0.0,0.0,8.0,SRBench 2021
ITEA,feynman_II_8_31,Feynman,0.001,0.0,10.0,SRBench 2021
ITEA,feynman_II_8_31,Feynman,0.01,0.0,10.0,SRBench 2021
ITEA,feynman_II_8_31,Feynman,0.1,0.0,10.0,SRBench 2021
ITEA,feynman_II_8_7,Feynman,0.0,0.0,8.0,SRBench 2021
ITEA,feynman_II_8_7,Feynman,0.001,0.0,10.0,SRBench 2021
ITEA,feynman_II_8_7,Feynman,0.01,0.0,10.0,SRBench 2021
ITEA,feynman_II_8_7,Feynman,0.1,0.0,10.0,SRBench 2021
ITEA,feynman_I_10_7,Feynman,0.0,0.0,8.0,SRBench 2021
ITEA,feynman_I_10_7,Feynman,0.001,0.0,10.0,SRBench 2021
ITEA,feynman_I_10_7,Feynman,0.01,0.0,10.0,SRBench 2021
ITEA,feynman_I_10_7,Feynman,0.1,0.0,10.0,SRBench 2021
ITEA,feynman_I_11_19,Feynman,0.0,0.0,8.0,SRBench 2021
ITEA,feynman_I_11_19,Feynman,0.001,0.0,10.0,SRBench 2021
ITEA,feynman_I_11_19,Feynman,0.01,0.0,10.0,SRBench 2021
ITEA,feynman_I_11_19,Feynman,0.1,0.0,10.0,SRBench 2021
ITEA,feynman_I_12_1,Feynman,0.0,1.0,8.0,SRBench 2021
ITEA,feynman_I_12_1,Feynman,0.001,0.6,10.0,SRBench 2021
ITEA,feynman_I_12_1,Feynman,0.01,0.4,10.0,SRBench 2021
ITEA,feynman_I_12_1,Feynman,0.1,0.1,10.0,SRBench 2021
ITEA,feynman_I_12_11,Feynman,0.0,0.0,8.0,SRBench 2021
ITEA,feynman_I_12_11,Feynman,0.001,0.0,10.0,SRBench 2021
ITEA,feynman_I_12_11,Feynman,0.01,0.0,10.0,SRBench 2021
ITEA,feynman_I_12_11,Feynman,0.1,0.0,10.0,SRBench 2021
ITEA,feynman_I_12_2,Feynman,0.0,0.0,8.0,SRBench 2021
ITEA,feynman_I_12_2,Feynman,0.001,0.0,10.0,SRBench 2021
ITEA,feynman_I_12_2,Feynman,0.01,0.0,10.0,SRBench 2021
ITEA,feynman_I_12_2,Feynman,0.1,0.0,10.0,SRBench 2021
ITEA,feynman_I_12_4,Feynman,0.0,0.0,8.0,SRBench 2021
ITEA,feynman_I_12_4,Feynman,0.001,0.0,10.0,SRBench 2021
ITEA,feynman_I_12_4,Feynman,0.01,0.0,10.0,SRBench 2021
ITEA,feynman_I_12_4,Feynman,0.1,0.0,10.0,SRBench 2021
ITEA,feynman_I_12_5,Feynman,0.0,1.0,8.0,SRBench 2021
ITEA,feynman_I_12_5,Feynman,0.001,0.5,10.0,SRBench 2021
ITEA,feynman_I_12_5,Feynman,0.01,0.2,10.0,SRBench 2021
ITEA,feynman_I_12_5,Feynman,0.1,0.0,10.0,SRBench 2021
ITEA,feynman_I_13_12,Feynman,0.0,1.0,8.0,SRBench 2021
ITEA,feynman_I_13_12,Feynman,0.001,1.0,10.0,SRBench 2021
ITEA,feynman_I_13_12,Feynman,0.01,1.0,10.0,SRBench 2021
ITEA,feynman_I_13_12,Feynman,0.1,0.1,10.0,SRBench 2021
ITEA,feynman_I_13_4,Feynman,0.0,0.0,8.0,SRBench 2021
ITEA,feynman_I_13_4,Feynman,0.001,0.0,10.0,SRBench 2021
ITEA,feynman_I_13_4,Feynman,0.01,0.0,10.0,SRBench 2021
ITEA,feynman_I_13_4,Feynman,0.1,0.0,10.0,SRBench 2021
ITEA,feynman_I_14_3,Feynman,0.0,1.0,8.0,SRBench 2021
ITEA,feynman_I_14_3,Feynman,0.001,0.3,10.0,SRBench 2021
ITEA,feynman_I_14_3,Feynman,0.01,0.2,10.0,SRBench 2021
ITEA,feynman_I_14_3,Feynman,0.1,0.0,10.0,SRBench 2021
ITEA,feynman_I_14_4,Feynman,0.0,0.0,8.0,SRBench 2021
ITEA,feynman_I_14_4,Feynman,0.001,0.0,10.0,SRBench 2021
ITEA,feynman_I_14_4,Feynman,0.01,0.0,10.0,SRBench 2021
ITEA,feynman_I_14_4,Feynman,0.1,0.0,10.0,SRBench 2021
ITEA,feynman_I_15_10,Feynman,0.0,0.0,8.0,SRBench 2021
ITEA,feynman_I_15_10,Feynman,0.001,0.0,10.0,SRBench 2021
ITEA,feynman_I_15_10,Feynman,0.01,0.0,10.0,SRBench 2021
ITEA,feynman_I_15_10,Feynman,0.1,0.0,10.0,SRBench 2021
ITEA,feynman_I_15_3t,Feynman,0.0,0.0,8.0,SRBench 2021
ITEA,feynman_I_15_3t,Feynman,0.001,0.0,10.0,SRBench 2021
ITEA,feynman_I_15_3t,Feynman,0.01,0.0,10.0,SRBench 2021
ITEA,feynman_I_15_3t,Feynman,0.1,0.0,10.0,SRBench 2021
ITEA,feynman_I_15_3x,Feynman,0.0,0.0,8.0,SRBench 2021
ITEA,feynman_I_15_3x,Feynman,0.001,0.0,10.0,SRBench 2021
ITEA,feynman_I_15_3x,Feynman,0.01,0.0,10.0,SRBench 2021
ITEA,feynman_I_15_3x,Feynman,0.1,0.0,10.0,SRBench 2021
ITEA,feynman_I_16_6,Feynman,0.0,0.0,8.0,SRBench 2021
ITEA,feynman_I_16_6,Feynman,0.001,0.0,10.0,SRBench 2021
ITEA,feynman_I_16_6,Feynman,0.01,0.0,10.0,SRBench 2021
ITEA,feynman_I_16_6,Feynman,0.1,0.0,10.0,SRBench 2021
ITEA,feynman_I_18_12,Feynman,0.0,0.0,8.0,SRBench 2021
ITEA,feynman_I_18_12,Feynman,0.001,0.0,10.0,SRBench 2021
ITEA,feynman_I_18_12,Feynman,0.01,0.0,10.0,SRBench 2021
ITEA,feynman_I_18_12,Feynman,0.1,0.0,10.0,SRBench 2021
ITEA,feynman_I_18_14,Feynman,0.0,0.0,8.0,SRBench 2021
ITEA,feynman_I_18_14,Feynman,0.001,0.0,10.0,SRBench 2021
ITEA,feynman_I_18_14,Feynman,0.01,0.0,10.0,SRBench 2021
ITEA,feynman_I_18_14,Feynman,0.1,0.0,10.0,SRBench 2021
ITEA,feynman_I_18_4,Feynman,0.0,0.0,8.0,SRBench 2021
ITEA,feynman_I_18_4,Feynman,0.001,0.0,10.0,SRBench 2021
ITEA,feynman_I_18_4,Feynman,0.01,0.0,10.0,SRBench 2021
ITEA,feynman_I_18_4,Feynman,0.1,0.0,10.0,SRBench 2021
ITEA,feynman_I_24_6,Feynman,0.0,0.0,8.0,SRBench 2021
ITEA,feynman_I_24_6,Feynman,0.001,0.0,10.0,SRBench 2021
ITEA,feynman_I_24_6,Feynman,0.01,0.0,10.0,SRBench 2021
ITEA,feynman_I_24_6,Feynman,0.1,0.0,10.0,SRBench 2021
ITEA,feynman_I_25_13,Feynman,0.0,1.0,8.0,SRBench 2021
ITEA,feynman_I_25_13,Feynman,0.001,0.9,10.0,SRBench 2021
ITEA,feynman_I_25_13,Feynman,0.01,0.3,10.0,SRBench 2021
ITEA,feynman_I_25_13,Feynman,0.1,0.0,10.0,SRBench 2021
ITEA,feynman_I_27_6,Feynman,0.0,0.0,8.0,SRBench 2021
ITEA,feynman_I_27_6,Feynman,0.001,0.0,10.0,SRBench 2021
ITEA,feynman_I_27_6,Feynman,0.01,0.0,10.0,SRBench 2021
ITEA,feynman_I_27_6,Feynman,0.1,0.0,10.0,SRBench 2021
ITEA,feynman_I_29_16,Feynman,0.0,0.0,8.0,SRBench 2021
ITEA,feynman_I_29_16,Feynman,0.001,0.0,10.0,SRBench 2021
ITEA,feynman_I_29_16,Feynman,0.01,0.0,10.0,SRBench 2021
ITEA,feynman_I_29_16,Feynman,0.1,0.0,10.0,SRBench 2021
ITEA,feynman_I_29_4,Feynman,0.0,1.0,8.0,SRBench 2021
ITEA,feynman_I_29_4,Feynman,0.001,0.8,10.0,SRBench 2021
ITEA,feynman_I_29_4,Feynman,0.01,0.1,10.0,SRBench 2021
ITEA,feynman_I_29_4,Feynman,0.1,0.0,10.0,SRBench 2021
ITEA,feynman_I_30_3,Feynman,0.0,0.0,8.0,SRBench 2021
ITEA,feynman_I_30_3,Feynman,0.001,0.0,10.0,SRBench 2021
ITEA,feynman_I_30_3,Feynman,0.01,0.0,10.0,SRBench 2021
ITEA,feynman_I_30_3,Feynman,0.1,0.0,10.0,SRBench 2021
ITEA,feynman_I_32_17,Feynman,0.0,0.0,8.0,SRBench 2021
ITEA,feynman_I_32_17,Feynman,0.001,0.0,10.0,SRBench 2021
ITEA,feynman_I_32_17,Feynman,0.01,0.0,10.0,SRBench 2021
ITEA,feynman_I_32_17,Feynman,0.1,0.0,10.0,SRBench 2021
ITEA,feynman_I_32_5,Feynman,0.0,0.0,8.0,SRBench 2021
ITEA,feynman_I_32_5,Feynman,0.001,0.0,10.0,SRBench 2021
ITEA,feynman_I_32_5,Feynman,0.01,0.0,10.0,SRBench 2021
ITEA,feynman_I_32_5,Feynman,0.1,0.0,10.0,SRBench 2021
ITEA,feynman_I_34_1,Feynman,0.0,0.0,8.0,SRBench 2021
ITEA,feynman_I_34_1,Feynman,0.001,0.0,10.0,SRBench 2021
ITEA,feynman_I_34_1,Feynman,0.01,0.0,10.0,SRBench 2021
ITEA,feynman_I_34_1,Feynman,0.1,0.0,10.0,SRBench 2021
ITEA,feynman_I_34_14,Feynman,0.0,0.0,8.0,SRBench 2021
ITEA,feynman_I_34_14,Feynman,0.001,0.0,10.0,SRBench 2021
ITEA,feynman_I_34_14,Feynman,0.01,0.0,10.0,SRBench 2021
ITEA,feynman_I_34_14,Feynman,0.1,0.0,10.0,SRBench 2021
ITEA,feynman_I_34_27,Feynman,0.0,1.0,8.0,SRBench 2021
ITEA,feynman_I_34_27,Feynman,0.001,0.9,10.0,SRBench 2021
ITEA,feynman_I_34_27,Feynman,0.01,0.5,10.0,SRBench 2021
ITEA,feynman_I_34_27,Feynman,0.1,0.0,10.0,SRBench 2021
ITEA,feynman_I_34_8,Feynman,0.0,1.0,8.0,SRBench 2021
ITEA,feynman_I_34_8,Feynman,0.001,0.4,10.0,SRBench 2021
ITEA,feynman_I_34_8,Feynman,0.01,0.3,10.0,SRBench 2021
ITEA,feynman_I_34_8,Feynman,0.1,0.0,10.0,SRBench 2021
ITEA,feynman_I_37_4,Feynman,0.0,0.0,8.0,SRBench 2021
ITEA,feynman_I_37_4,Feynman,0.001,0.0,10.0,SRBench 2021
ITEA,feynman_I_37_4,Feynman,0.01,0.0,10.0,SRBench 2021
ITEA,feynman_I_37_4,Feynman,0.1,0.0,10.0,SRBench 2021
ITEA,feynman_I_38_12,Feynman,0.0,0.0,8.0,SRBench 2021
ITEA,feynman_I_38_12,Feynman,0.001,0.0,10.0,SRBench 2021
ITEA,feynman_I_38_12,Feynman,0.01,0.0,10.0,SRBench 2021
ITEA,feynman_I_38_12,Feynman,0.1,0.0,10.0,SRBench 2021
ITEA,feynman_I_39_1,Feynman,0.0,1.0,8.0,SRBench 2021
ITEA,feynman_I_39_1,Feynman,0.001,0.8,10.0,SRBench 2021
ITEA,feynman_I_39_1,Feynman,0.01,0.5,10.0,SRBench 2021
ITEA,feynman_I_39_1,Feynman,0.1,0.0,10.0,SRBench 2021
ITEA,feynman_I_39_11,Feynman,0.0,0.0,8.0,SRBench 2021
ITEA,feynman_I_39_11,Feynman,0.001,0.0,10.0,SRBench 2021
ITEA,feynman_I_39_11,Feynman,0.01,0.0,10.0,SRBench 2021
ITEA,feynman_I_39_11,Feynman,0.1,0.0,10.0,SRBench 2021
ITEA,feynman_I_39_22,Feynman,0.0,1.0,8.0,SRBench 2021
ITEA,feynman_I_39_22,Feynman,0.001,0.5,10.0,SRBench 2021
ITEA,feynman_I_39_22,Feynman,0.01,0.2,10.0,SRBench 2021
ITEA,feynman_I_39_22,Feynman,0.1,0.0,10.0,SRBench 2021
ITEA,feynman_I_40_1,Feynman,0.0,0.0,8.0,SRBench 2021
ITEA,feynman_I_40_1,Feynman,0.001,0.0,10.0,SRBench 2021
ITEA,feynman_I_40_1,Feynman,0.01,0.0,10.0,SRBench 2021
ITEA,feynman_I_40_1,Feynman,0.1,0.0,10.0,SRBench 2021
ITEA,feynman_I_41_16,Feynman,0.0,0.0,8.0,SRBench 2021
ITEA,feynman_I_41_16,Feynman,0.001,0.0,10.0,SRBench 2021
ITEA,feynman_I_41_16,Feynman,0.01,0.0,10.0,SRBench 2021
ITEA,feynman_I_41_16,Feynman,0.1,0.0,10.0,SRBench 2021
ITEA,feynman_I_43_16,Feynman,0.0,1.0,8.0,SRBench 2021
ITEA,feynman_I_43_16,Feynman,0.001,0.2,10.0,SRBench 2021
ITEA,feynman_I_43_16,Feynman,0.01,0.3,10.0,SRBench 2021
ITEA,feynman_I_43_16,Feynman,0.1,0.0,10.0,SRBench 2021
ITEA,feynman_I_43_31,Feynman,0.0,1.0,8.0,SRBench 2021
ITEA,feynman_I_43_31,Feynman,0.001,0.6,10.0,SRBench 2021
ITEA,feynman_I_43_31,Feynman,0.01,0.3,10.0,SRBench 2021
ITEA,feynman_I_43_31,Feynman,0.1,0.0,10.0,SRBench 2021
ITEA,feynman_I_43_43,Feynman,0.0,0.0,8.0,SRBench 2021
ITEA,feynman_I_43_43,Feynman,0.001,0.0,10.0,SRBench 2021
ITEA,feynman_I_43_43,Feynman,0.01,0.0,10.0,SRBench 2021
ITEA,feynman_I_43_43,Feynman,0.1,0.0,10.0,SRBench 2021
ITEA,feynman_I_44_4,Feynman,0.0,0.0,8.0,SRBench 2021
ITEA,feynman_I_44_4,Feynman,0.001,0.0,10.0,SRBench 2021
ITEA,feynman_I_44_4,Feynman,0.01,0.0,10.0,SRBench 2021
ITEA,feynman_I_44_4,Feynman,0.1,0.0,10.0,SRBench 2021
ITEA,feynman_I_47_23,Feynman,0.0,1.0,8.0,SRBench 2021
ITEA,feynman_I_47_23,Feynman,0.001,0.9,10.0,SRBench 2021
ITEA,feynman_I_47_23,Feynman,0.01,0.3,10.0,SRBench 2021
ITEA,feynman_I_47_23,Feynman,0.1,0.2,10.0,SRBench 2021
ITEA,feynman_I_48_2,Feynman,0.0,0.0,8.0,SRBench 2021
ITEA,feynman_I_48_2,Feynman,0.001,0.0,10.0,SRBench 2021
ITEA,feynman_I_48_2,Feynman,0.01,0.0,10.0,SRBench 2021
ITEA,feynman_I_48_2,Feynman,0.1,0.0,10.0,SRBench 2021
ITEA,feynman_I_50_26,Feynman,0.0,0.0,8.0,SRBench 2021
ITEA,feynman_I_50_26,Feynman,0.001,0.0,10.0,SRBench 2021
ITEA,feynman_I_50_26,Feynman,0.01,0.0,10.0,SRBench 2021
ITEA,feynman_I_50_26,Feynman,0.1,0.0,10.0,SRBench 2021
ITEA,feynman_I_6_2,Feynman,0.0,0.0,8.0,SRBench 2021
ITEA,feynman_I_6_2,Feynman,0.001,0.0,10.0,SRBench 2021
ITEA,feynman_I_6_2,Feynman,0.01,0.0,10.0,SRBench 2021
ITEA,feynman_I_6_2,Feynman,0.1,0.0,10.0,SRBench 2021
ITEA,feynman_I_6_2a,Feynman,0.0,0.0,8.0,SRBench 2021
ITEA,feynman_I_6_2a,Feynman,0.001,0.0,10.0,SRBench 2021
ITEA,feynman_I_6_2a,Feynman,0.01,0.0,10.0,SRBench 2021
ITEA,feynman_I_6_2a,Feynman,0.1,0.0,10.0,SRBench 2021
ITEA,feynman_I_6_2b,Feynman,0.0,0.0,8.0,SRBench 2021
ITEA,feynman_I_6_2b,Feynman,0.001,0.0,10.0,SRBench 2021
ITEA,feynman_I_6_2b,Feynman,0.01,0.0,10.0,SRBench 2021
ITEA,feynman_I_6_2b,Feynman,0.1,0.0,10.0,SRBench 2021
ITEA,feynman_I_8_14,Feynman,0.0,0.0,8.0,SRBench 2021
ITEA,feynman_I_8_14,Feynman,0.001,0.0,10.0,SRBench 2021
ITEA,feynman_I_8_14,Feynman,0.01,0.0,10.0,SRBench 2021
ITEA,feynman_I_8_14,Feynman,0.1,0.0,10.0,SRBench 2021
ITEA,feynman_I_9_18,Feynman,0.0,0.0,8.0,SRBench 2021
ITEA,feynman_I_9_18,Feynman,0.001,0.0,10.0,SRBench 2021
ITEA,feynman_I_9_18,Feynman,0.01,0.0,10.0,SRBench 2021
ITEA,feynman_I_9_18,Feynman,0.1,0.0,10.0,SRBench 2021
ITEA,feynman_test_1,Feynman,0.0,0.0,8.0,SRBench 2021
ITEA,feynman_test_1,Feynman,0.001,0.0,10.0,SRBench 2021
ITEA,feynman_test_1,Feynman,0.01,0.0,10.0,SRBench 2021
ITEA,feynman_test_1,Feynman,0.1,0.0,10.0,SRBench 2021
ITEA,feynman_test_11,Feynman,0.0,0.0,8.0,SRBench 2021
ITEA,feynman_test_11,Feynman,0.001,0.0,10.0,SRBench 2021
ITEA,feynman_test_11,Feynman,0.01,0.0,10.0,SRBench 2021
ITEA,feynman_test_11,Feynman,0.1,0.0,10.0,SRBench 2021
ITEA,feynman_test_12,Feynman,0.0,0.0,8.0,SRBench 2021
ITEA,feynman_test_12,Feynman,0.001,0.0,10.0,SRBench 2021
ITEA,feynman_test_12,Feynman,0.01,0.0,10.0,SRBench 2021
ITEA,feynman_test_12,Feynman,0.1,0.0,10.0,SRBench 2021
ITEA,feynman_test_13,Feynman,0.0,0.0,8.0,SRBench 2021
ITEA,feynman_test_13,Feynman,0.001,0.0,10.0,SRBench 2021
ITEA,feynman_test_13,Feynman,0.01,0.0,10.0,SRBench 2021
ITEA,feynman_test_13,Feynman,0.1,0.0,10.0,SRBench 2021
ITEA,feynman_test_14,Feynman,0.0,0.0,8.0,SRBench 2021
ITEA,feynman_test_14,Feynman,0.001,0.0,10.0,SRBench 2021
ITEA,feynman_test_14,Feynman,0.01,0.0,10.0,SRBench 2021
ITEA,feynman_test_14,Feynman,0.1,0.0,10.0,SRBench 2021
ITEA,feynman_test_15,Feynman,0.0,0.0,8.0,SRBench 2021
ITEA,feynman_test_15,Feynman,0.001,0.0,10.0,SRBench 2021
ITEA,feynman_test_15,Feynman,0.01,0.0,10.0,SRBench 2021
ITEA,feynman_test_15,Feynman,0.1,0.0,10.0,SRBench 2021
ITEA,feynman_test_16,Feynman,0.0,0.0,8.0,SRBench 2021
ITEA,feynman_test_16,Feynman,0.001,0.0,10.0,SRBench 2021
ITEA,feynman_test_16,Feynman,0.01,0.0,10.0,SRBench 2021
ITEA,feynman_test_16,Feynman,0.1,0.0,10.0,SRBench 2021
ITEA,feynman_test_17,Feynman,0.0,0.0,8.0,SRBench 2021
ITEA,feynman_test_17,Feynman,0.001,0.0,10.0,SRBench 2021
ITEA,feynman_test_17,Feynman,0.01,0.0,10.0,SRBench 2021
ITEA,feynman_test_17,Feynman,0.1,0.0,10.0,SRBench 2021
ITEA,feynman_test_18,Feynman,0.0,0.0,8.0,SRBench 2021
ITEA,feynman_test_18,Feynman,0.001,0.0,10.0,SRBench 2021
ITEA,feynman_test_18,Feynman,0.01,0.0,10.0,SRBench 2021
ITEA,feynman_test_18,Feynman,0.1,0.0,10.0,SRBench 2021
ITEA,feynman_test_19,Feynman,0.0,0.0,8.0,SRBench 2021
ITEA,feynman_test_19,Feynman,0.001,0.0,10.0,SRBench 2021
ITEA,feynman_test_19,Feynman,0.01,0.0,10.0,SRBench 2021
ITEA,feynman_test_19,Feynman,0.1,0.0,10.0,SRBench 2021
ITEA,feynman_test_2,Feynman,0.0,0.0,8.0,SRBench 2021
ITEA,feynman_test_2,Feynman,0.001,0.0,10.0,SRBench 2021
ITEA,feynman_test_2,Feynman,0.01,0.0,10.0,SRBench 2021
ITEA,feynman_test_2,Feynman,0.1,0.0,10.0,SRBench 2021
ITEA,feynman_test_20,Feynman,0.0,0.0,8.0,SRBench 2021
ITEA,feynman_test_20,Feynman,0.001,0.0,10.0,SRBench 2021
ITEA,feynman_test_20,Feynman,0.01,0.0,10.0,SRBench 2021
ITEA,feynman_test_20,Feynman,0.1,0.0,10.0,SRBench 2021
ITEA,feynman_test_3,Feynman,0.0,0.0,8.0,SRBench 2021
ITEA,feynman_test_3,Feynman,0.001,0.0,10.0,SRBench 2021
ITEA,feynman_test_3,Feynman,0.01,0.0,10.0,SRBench 2021
ITEA,feynman_test_3,Feynman,0.1,0.0,10.0,SRBench 2021
ITEA,feynman_test_4,Feynman,0.0,0.0,8.0,SRBench 2021
ITEA,feynman_test_4,Feynman,0.001,0.0,10.0,SRBench 2021
ITEA,feynman_test_4,Feynman,0.01,0.0,10.0,SRBench 2021
ITEA,feynman_test_4,Feynman,0.1,0.0,10.0,SRBench 2021
ITEA,feynman_test_5,Feynman,0.0,0.0,8.0,SRBench 2021
ITEA,feynman_test_5,Feynman,0.001,0.0,10.0,SRBench 2021
ITEA,feynman_test_5,Feynman,0.01,0.0,10.0,SRBench 2021
ITEA,feynman_test_5,Feynman,0.1,0.0,10.0,SRBench 2021
ITEA,feynman_test_6,Feynman,0.0,0.0,8.0,SRBench 2021
ITEA,feynman_test_6,Feynman,0.001,0.0,10.0,SRBench 2021
ITEA,feynman_test_6,Feynman,0.01,0.0,10.0,SRBench 2021
ITEA,feynman_test_6,Feynman,0.1,0.0,10.0,SRBench 2021
ITEA,feynman_test_7,Feynman,0.0,0.0,8.0,SRBench 2021
ITEA,feynman_test_7,Feynman,0.001,0.0,10.0,SRBench 2021
ITEA,feynman_test_7,Feynman,0.01,0.0,10.0,SRBench 2021
ITEA,feynman_test_7,Feynman,0.1,0.0,10.0,SRBench 2021
ITEA,feynman_test_8,Feynman,0.0,0.0,8.0,SRBench 2021
ITEA,feynman_test_8,Feynman,0.001,0.0,10.0,SRBench 2021
ITEA,feynman_test_8,Feynman,0.01,0.0,10.0,SRBench 2021
ITEA,feynman_test_8,Feynman,0.1,0.0,10.0,SRBench 2021
ITEA,feynman_test_9,Feynman,0.0,0.0,8.0,SRBench 2021
ITEA,feynman_test_9,Feynman,0.001,0.0,10.0,SRBench 2021
ITEA,feynman_test_9,Feynman,0.01,0.0,10.0,SRBench 2021
ITEA,feynman_test_9,Feynman,0.1,0.0,10.0,SRBench 2021
ITEA,strogatz_bacres1,Strogatz,0.0,0.0,8.0,SRBench 2021
ITEA,strogatz_bacres1,Strogatz,0.001,0.0,10.0,SRBench 2021
ITEA,strogatz_bacres1,Strogatz,0.01,0.0,10.0,SRBench 2021
ITEA,strogatz_bacres1,Strogatz,0.1,0.0,10.0,SRBench 2021
ITEA,strogatz_bacres2,Strogatz,0.0,0.0,8.0,SRBench 2021
ITEA,strogatz_bacres2,Strogatz,0.001,0.0,10.0,SRBench 2021
ITEA,strogatz_bacres2,Strogatz,0.01,0.0,10.0,SRBench 2021
ITEA,strogatz_bacres2,Strogatz,0.1,0.0,10.0,SRBench 2021
ITEA,strogatz_barmag1,Strogatz,0.0,0.0,8.0,SRBench 2021
ITEA,strogatz_barmag1,Strogatz,0.001,0.0,10.0,SRBench 2021
ITEA,strogatz_barmag1,Strogatz,0.01,0.0,10.0,SRBench 2021
ITEA,strogatz_barmag1,Strogatz,0.1,0.0,10.0,SRBench 2021
ITEA,strogatz_barmag2,Strogatz,0.0,0.0,8.0,SRBench 2021
ITEA,strogatz_barmag2,Strogatz,0.001,0.0,10.0,SRBench 2021
ITEA,strogatz_barmag2,Strogatz,0.01,0.0,10.0,SRBench 2021
ITEA,strogatz_barmag2,Strogatz,0.1,0.0,10.0,SRBench 2021
ITEA,strogatz_glider1,Strogatz,0.0,0.0,8.0,SRBench 2021
ITEA,strogatz_glider1,Strogatz,0.001,0.0,10.0,SRBench 2021
ITEA,strogatz_glider1,Strogatz,0.01,0.0,10.0,SRBench 2021
ITEA,strogatz_glider1,Strogatz,0.1,0.0,10.0,SRBench 2021
ITEA,strogatz_glider2,Strogatz,0.0,0.0,8.0,SRBench 2021
ITEA,strogatz_glider2,Strogatz,0.001,0.0,10.0,SRBench 2021
ITEA,strogatz_glider2,Strogatz,0.01,0.0,10.0,SRBench 2021
ITEA,strogatz_glider2,Strogatz,0.1,0.0,10.0,SRBench 2021
ITEA,strogatz_lv1,Strogatz,0.0,0.0,8.0,SRBench 2021
ITEA,strogatz_lv1,Strogatz,0.001,0.0,10.0,SRBench 2021
ITEA,strogatz_lv1,Strogatz,0.01,0.0,10.0,SRBench 2021
ITEA,strogatz_lv1,Strogatz,0.1,0.0,10.0,SRBench 2021
ITEA,strogatz_lv2,Strogatz,0.0,0.0,8.0,SRBench 2021
ITEA,strogatz_lv2,Strogatz,0.001,0.0,10.0,SRBench 2021
ITEA,strogatz_lv2,Strogatz,0.01,0.0,10.0,SRBench 2021
ITEA,strogatz_lv2,Strogatz,0.1,0.0,10.0,SRBench 2021
ITEA,strogatz_predprey1,Strogatz,0.0,0.0,8.0,SRBench 2021
ITEA,strogatz_predprey1,Strogatz,0.001,0.0,10.0,SRBench 2021
ITEA,strogatz_predprey1,Strogatz,0.01,0.0,10.0,SRBench 2021
ITEA,strogatz_predprey1,Strogatz,0.1,0.0,10.0,SRBench 2021
ITEA,strogatz_predprey2,Strogatz,0.0,0.0,8.0,SRBench 2021
ITEA,strogatz_predprey2,Strogatz,0.001,0.0,10.0,SRBench 2021
ITEA,strogatz_predprey2,Strogatz,0.01,0.0,10.0,SRBench 2021
ITEA,strogatz_predprey2,Strogatz,0.1,0.0,10.0,SRBench 2021
ITEA,strogatz_shearflow1,Strogatz,0.0,0.0,8.0,SRBench 2021
ITEA,strogatz_shearflow1,Strogatz,0.001,0.0,10.0,SRBench 2021
ITEA,strogatz_shearflow1,Strogatz,0.01,0.0,10.0,SRBench 2021
ITEA,strogatz_shearflow1,Strogatz,0.1,0.0,10.0,SRBench 2021
ITEA,strogatz_shearflow2,Strogatz,0.0,0.0,8.0,SRBench 2021
ITEA,strogatz_shearflow2,Strogatz,0.001,0.0,10.0,SRBench 2021
ITEA,strogatz_shearflow2,Strogatz,0.01,0.0,10.0,SRBench 2021
ITEA,strogatz_shearflow2,Strogatz,0.1,0.0,10.0,SRBench 2021
ITEA,strogatz_vdp1,Strogatz,0.0,0.0,8.0,SRBench 2021
ITEA,strogatz_vdp1,Strogatz,0.001,0.0,10.0,SRBench 2021
ITEA,strogatz_vdp1,Strogatz,0.01,0.0,10.0,SRBench 2021
ITEA,strogatz_vdp1,Strogatz,0.1,0.0,10.0,SRBench 2021
ITEA,strogatz_vdp2,Strogatz,0.0,1.0,8.0,SRBench 2021
ITEA,strogatz_vdp2,Strogatz,0.001,1.0,10.0,SRBench 2021
ITEA,strogatz_vdp2,Strogatz,0.01,0.9,10.0,SRBench 2021
ITEA,strogatz_vdp2,Strogatz,0.1,0.2,10.0,SRBench 2021
MRGP,feynman_III_10_19,Feynman,0.0,0.0,8.0,SRBench 2021
MRGP,feynman_III_10_19,Feynman,0.001,0.0,10.0,SRBench 2021
MRGP,feynman_III_10_19,Feynman,0.01,0.0,10.0,SRBench 2021
MRGP,feynman_III_10_19,Feynman,0.1,0.0,10.0,SRBench 2021
MRGP,feynman_III_12_43,Feynman,0.0,0.0,8.0,SRBench 2021
MRGP,feynman_III_12_43,Feynman,0.001,0.0,10.0,SRBench 2021
MRGP,feynman_III_12_43,Feynman,0.01,0.0,10.0,SRBench 2021
MRGP,feynman_III_12_43,Feynman,0.1,0.0,10.0,SRBench 2021
MRGP,feynman_III_13_18,Feynman,0.0,0.0,8.0,SRBench 2021
MRGP,feynman_III_13_18,Feynman,0.001,0.0,10.0,SRBench 2021
MRGP,feynman_III_13_18,Feynman,0.01,0.0,10.0,SRBench 2021
MRGP,feynman_III_13_18,Feynman,0.1,0.0,10.0,SRBench 2021
MRGP,feynman_III_14_14,Feynman,0.0,0.0,8.0,SRBench 2021
MRGP,feynman_III_14_14,Feynman,0.001,0.0,10.0,SRBench 2021
MRGP,feynman_III_14_14,Feynman,0.01,0.0,10.0,SRBench 2021
MRGP,feynman_III_14_14,Feynman,0.1,0.0,10.0,SRBench 2021
MRGP,feynman_III_15_12,Feynman,0.0,0.0,8.0,SRBench 2021
MRGP,feynman_III_15_12,Feynman,0.001,0.0,10.0,SRBench 2021
MRGP,feynman_III_15_12,Feynman,0.01,0.0,10.0,SRBench 2021
MRGP,feynman_III_15_12,Feynman,0.1,0.0,10.0,SRBench 2021
MRGP,feynman_III_15_14,Feynman,0.0,0.0,8.0,SRBench 2021
MRGP,feynman_III_15_14,Feynman,0.001,0.0,10.0,SRBench 2021
MRGP,feynman_III_15_14,Feynman,0.01,0.0,10.0,SRBench 2021
MRGP,feynman_III_15_14,Feynman,0.1,0.0,10.0,SRBench 2021
MRGP,feynman_III_15_27,Feynman,0.0,0.0,8.0,SRBench 2021
MRGP,feynman_III_15_27,Feynman,0.001,0.0,10.0,SRBench 2021
MRGP,feynman_III_15_27,Feynman,0.01,0.0,10.0,SRBench 2021
MRGP,feynman_III_15_27,Feynman,0.1,0.0,10.0,SRBench 2021
MRGP,feynman_III_17_37,Feynman,0.0,0.0,8.0,SRBench 2021
MRGP,feynman_III_17_37,Feynman,0.001,0.0,10.0,SRBench 2021
MRGP,feynman_III_17_37,Feynman,0.01,0.0,10.0,SRBench 2021
MRGP,feynman_III_17_37,Feynman,0.1,0.0,10.0,SRBench 2021
MRGP,feynman_III_19_51,Feynman,0.0,0.0,8.0,SRBench 2021
MRGP,feynman_III_19_51,Feynman,0.001,0.0,10.0,SRBench 2021
MRGP,feynman_III_19_51,Feynman,0.01,0.0,10.0,SRBench 2021
MRGP,feynman_III_19_51,Feynman,0.1,0.0,10.0,SRBench 2021
MRGP,feynman_III_21_20,Feynman,0.0,0.0,8.0,SRBench 2021
MRGP,feynman_III_21_20,Feynman,0.001,0.0,10.0,SRBench 2021
MRGP,feynman_III_21_20,Feynman,0.01,0.0,10.0,SRBench 2021
MRGP,feynman_III_21_20,Feynman,0.1,0.0,10.0,SRBench 2021
MRGP,feynman_III_4_32,Feynman,0.0,0.0,8.0,SRBench 2021
MRGP,feynman_III_4_32,Feynman,0.001,0.0,10.0,SRBench 2021
MRGP,feynman_III_4_32,Feynman,0.01,0.0,10.0,SRBench 2021
MRGP,feynman_III_4_32,Feynman,0.1,0.0,10.0,SRBench 2021
MRGP,feynman_III_4_33,Feynman,0.0,0.0,8.0,SRBench 2021
MRGP,feynman_III_4_33,Feynman,0.001,0.0,10.0,SRBench 2021
MRGP,feynman_III_4_33,Feynman,0.01,0.0,10.0,SRBench 2021
MRGP,feynman_III_4_33,Feynman,0.1,0.0,10.0,SRBench 2021
MRGP,feynman_III_7_38,Feynman,0.0,0.0,8.0,SRBench 2021
MRGP,feynman_III_7_38,Feynman,0.001,0.0,10.0,SRBench 2021
MRGP,feynman_III_7_38,Feynman,0.01,0.0,10.0,SRBench 2021
MRGP,feynman_III_7_38,Feynman,0.1,0.0,10.0,SRBench 2021
MRGP,feynman_III_8_54,Feynman,0.0,0.0,8.0,SRBench 2021
MRGP,feynman_III_8_54,Feynman,0.001,0.0,10.0,SRBench 2021
MRGP,feynman_III_8_54,Feynman,0.01,0.0,10.0,SRBench 2021
MRGP,feynman_III_8_54,Feynman,0.1,0.0,10.0,SRBench 2021
MRGP,feynman_III_9_52,Feynman,0.0,0.0,8.0,SRBench 2021
MRGP,feynman_III_9_52,Feynman,0.001,0.0,10.0,SRBench 2021
MRGP,feynman_III_9_52,Feynman,0.01,0.0,10.0,SRBench 2021
MRGP,feynman_III_9_52,Feynman,0.1,0.0,10.0,SRBench 2021
MRGP,feynman_II_10_9,Feynman,0.0,0.0,8.0,SRBench 2021
MRGP,feynman_II_10_9,Feynman,0.001,0.0,10.0,SRBench 2021
MRGP,feynman_II_10_9,Feynman,0.01,0.0,10.0,SRBench 2021
MRGP,feynman_II_10_9,Feynman,0.1,0.0,10.0,SRBench 2021
MRGP,feynman_II_11_20,Feynman,0.0,0.0,8.0,SRBench 2021
MRGP,feynman_II_11_20,Feynman,0.001,0.0,10.0,SRBench 2021
MRGP,feynman_II_11_20,Feynman,0.01,0.0,10.0,SRBench 2021
MRGP,feynman_II_11_20,Feynman,0.1,0.0,10.0,SRBench 2021
MRGP,feynman_II_11_27,Feynman,0.0,0.0,8.0,SRBench 2021
MRGP,feynman_II_11_27,Feynman,0.001,0.0,10.0,SRBench 2021
MRGP,feynman_II_11_27,Feynman,0.01,0.0,10.0,SRBench 2021
MRGP,feynman_II_11_27,Feynman,0.1,0.0,10.0,SRBench 2021
MRGP,feynman_II_11_28,Feynman,0.0,0.0,8.0,SRBench 2021
MRGP,feynman_II_11_28,Feynman,0.001,0.0,10.0,SRBench 2021
MRGP,feynman_II_11_28,Feynman,0.01,0.0,10.0,SRBench 2021
MRGP,feynman_II_11_28,Feynman,0.1,0.0,10.0,SRBench 2021
MRGP,feynman_II_11_3,Feynman,0.0,0.0,8.0,SRBench 2021
MRGP,feynman_II_11_3,Feynman,0.001,0.0,10.0,SRBench 2021
MRGP,feynman_II_11_3,Feynman,0.01,0.0,10.0,SRBench 2021
MRGP,feynman_II_11_3,Feynman,0.1,0.0,9.0,SRBench 2021
MRGP,feynman_II_13_17,Feynman,0.0,0.0,8.0,SRBench 2021
MRGP,feynman_II_13_17,Feynman,0.001,0.0,10.0,SRBench 2021
MRGP,feynman_II_13_17,Feynman,0.01,0.0,10.0,SRBench 2021
MRGP,feynman_II_13_17,Feynman,0.1,0.0,9.0,SRBench 2021
MRGP,feynman_II_13_23,Feynman,0.0,0.0,8.0,SRBench 2021
MRGP,feynman_II_13_23,Feynman,0.001,0.0,10.0,SRBench 2021
MRGP,feynman_II_13_23,Feynman,0.01,0.0,10.0,SRBench 2021
MRGP,feynman_II_13_23,Feynman,0.1,0.0,9.0,SRBench 2021
MRGP,feynman_II_13_34,Feynman,0.0,0.0,8.0,SRBench 2021
MRGP,feynman_II_13_34,Feynman,0.001,0.0,10.0,SRBench 2021
MRGP,feynman_II_13_34,Feynman,0.01,0.0,10.0,SRBench 2021
MRGP,feynman_II_13_34,Feynman,0.1,0.0,10.0,SRBench 2021
MRGP,feynman_II_15_4,Feynman,0.0,0.0,8.0,SRBench 2021
MRGP,feynman_II_15_4,Feynman,0.001,0.0,10.0,SRBench 2021
MRGP,feynman_II_15_4,Feynman,0.01,0.0,10.0,SRBench 2021
MRGP,feynman_II_15_4,Feynman,0.1,0.0,10.0,SRBench 2021
MRGP,feynman_II_15_5,Feynman,0.0,0.0,8.0,SRBench 2021
MRGP,feynman_II_15_5,Feynman,0.001,0.0,10.0,SRBench 2021
MRGP,feynman_II_15_5,Feynman,0.01,0.0,10.0,SRBench 2021
MRGP,feynman_II_15_5,Feynman,0.1,0.0,10.0,SRBench 2021
MRGP,feynman_II_21_32,Feynman,0.0,0.0,8.0,SRBench 2021
MRGP,feynman_II_21_32,Feynman,0.001,0.0,10.0,SRBench 2021
MRGP,feynman_II_21_32,Feynman,0.01,0.0,10.0,SRBench 2021
MRGP,feynman_II_21_32,Feynman,0.1,0.0,9.0,SRBench 2021
MRGP,feynman_II_24_17,Feynman,0.0,0.0,8.0,SRBench 2021
MRGP,feynman_II_24_17,Feynman,0.001,0.0,10.0,SRBench 2021
MRGP,feynman_II_24_17,Feynman,0.01,0.0,10.0,SRBench 2021
MRGP,feynman_II_24_17,Feynman,0.1,0.0,10.0,SRBench 2021
MRGP,feynman_II_27_16,Feynman,0.0,0.0,8.0,SRBench 2021
MRGP,feynman_II_27_16,Feynman,0.001,0.0,10.0,SRBench 2021
MRGP,feynman_II_27_16,Feynman,0.01,0.0,10.0,SRBench 2021
MRGP,feynman_II_27_16,Feynman,0.1,0.0,9.0,SRBench 2021
MRGP,feynman_II_27_18,Feynman,0.0,0.0,8.0,SRBench 2021
MRGP,feynman_II_27_18,Feynman,0.001,0.0,10.0,SRBench 2021
MRGP,feynman_II_27_18,Feynman,0.01,0.0,10.0,SRBench 2021
MRGP,feynman_II_27_18,Feynman,0.1,0.0,10.0,SRBench 2021
MRGP,feynman_II_2_42,Feynman,0.0,0.0,8.0,SRBench 2021
MRGP,feynman_II_2_42,Feynman,0.001,0.0,10.0,SRBench 2021
MRGP,feynman_II_2_42,Feynman,0.01,0.0,10.0,SRBench 2021
MRGP,feynman_II_2_42,Feynman,0.1,0.0,10.0,SRBench 2021
MRGP,feynman_II_34_11,Feynman,0.0,0.0,8.0,SRBench 2021
MRGP,feynman_II_34_11,Feynman,0.001,0.0,10.0,SRBench 2021
MRGP,feynman_II_34_11,Feynman,0.01,0.0,10.0,SRBench 2021
MRGP,feynman_II_34_11,Feynman,0.1,0.0,10.0,SRBench 2021
MRGP,feynman_II_34_2,Feynman,0.0,0.0,8.0,SRBench 2021
MRGP,feynman_II_34_2,Feynman,0.001,0.0,10.0,SRBench 2021
MRGP,feynman_II_34_2,Feynman,0.01,0.0,10.0,SRBench 2021
MRGP,feynman_II_34_2,Feynman,0.1,0.0,10.0,SRBench 2021
MRGP,feynman_II_34_29a,Feynman,0.0,0.0,8.0,SRBench 2021
MRGP,feynman_II_34_29a,Feynman,0.001,0.0,10.0,SRBench 2021
MRGP,feynman_II_34_29a,Feynman,0.01,0.0,10.0,SRBench 2021
MRGP,feynman_II_34_29a,Feynman,0.1,0.0,10.0,SRBench 2021
MRGP,feynman_II_34_29b,Feynman,0.0,0.0,8.0,SRBench 2021
MRGP,feynman_II_34_29b,Feynman,0.001,0.0,10.0,SRBench 2021
MRGP,feynman_II_34_29b,Feynman,0.01,0.0,10.0,SRBench 2021
MRGP,feynman_II_34_29b,Feynman,0.1,0.0,10.0,SRBench 2021
MRGP,feynman_II_34_2a,Feynman,0.0,0.0,8.0,SRBench 2021
MRGP,feynman_II_34_2a,Feynman,0.001,0.0,10.0,SRBench 2021
MRGP,feynman_II_34_2a,Feynman,0.01,0.0,10.0,SRBench 2021
MRGP,feynman_II_34_2a,Feynman,0.1,0.0,10.0,SRBench 2021
MRGP,feynman_II_35_18,Feynman,0.0,0.0,8.0,SRBench 2021
MRGP,feynman_II_35_18,Feynman,0.001,0.0,10.0,SRBench 2021
MRGP,feynman_II_35_18,Feynman,0.01,0.0,10.0,SRBench 2021
MRGP,feynman_II_35_18,Feynman,0.1,0.0,10.0,SRBench 2021
MRGP,feynman_II_35_21,Feynman,0.0,0.0,8.0,SRBench 2021
MRGP,feynman_II_35_21,Feynman,0.001,0.0,10.0,SRBench 2021
MRGP,feynman_II_35_21,Feynman,0.01,0.0,10.0,SRBench 2021
MRGP,feynman_II_35_21,Feynman,0.1,0.0,10.0,SRBench 2021
MRGP,feynman_II_36_38,Feynman,0.0,0.0,8.0,SRBench 2021
MRGP,feynman_II_36_38,Feynman,0.001,0.0,10.0,SRBench 2021
MRGP,feynman_II_36_38,Feynman,0.01,0.0,10.0,SRBench 2021
MRGP,feynman_II_36_38,Feynman,0.1,0.0,10.0,SRBench 2021
MRGP,feynman_II_37_1,Feynman,0.0,0.0,8.0,SRBench 2021
MRGP,feynman_II_37_1,Feynman,0.001,0.0,10.0,SRBench 2021
MRGP,feynman_II_37_1,Feynman,0.01,0.0,10.0,SRBench 2021
MRGP,feynman_II_37_1,Feynman,0.1,0.0,10.0,SRBench 2021
MRGP,feynman_II_38_14,Feynman,0.0,0.0,8.0,SRBench 2021
MRGP,feynman_II_38_14,Feynman,0.001,0.0,10.0,SRBench 2021
MRGP,feynman_II_38_14,Feynman,0.01,0.0,10.0,SRBench 2021
MRGP,feynman_II_38_14,Feynman,0.1,0.0,10.0,SRBench 2021
MRGP,feynman_II_38_3,Feynman,0.0,0.0,8.0,SRBench 2021
MRGP,feynman_II_38_3,Feynman,0.001,0.0,10.0,SRBench 2021
MRGP,feynman_II_38_3,Feynman,0.01,0.0,10.0,SRBench 2021
MRGP,feynman_II_38_3,Feynman,0.1,0.0,10.0,SRBench 2021
MRGP,feynman_II_3_24,Feynman,0.0,0.0,8.0,SRBench 2021
MRGP,feynman_II_3_24,Feynman,0.001,0.0,10.0,SRBench 2021
MRGP,feynman_II_3_24,Feynman,0.01,0.0,10.0,SRBench 2021
MRGP,feynman_II_3_24,Feynman,0.1,0.0,10.0,SRBench 2021
MRGP,feynman_II_4_23,Feynman,0.0,0.0,8.0,SRBench 2021
MRGP,feynman_II_4_23,Feynman,0.001,0.0,10.0,SRBench 2021
MRGP,feynman_II_4_23,Feynman,0.01,0.0,10.0,SRBench 2021
MRGP,feynman_II_4_23,Feynman,0.1,0.0,10.0,SRBench 2021
MRGP,feynman_II_6_11,Feynman,0.0,0.0,8.0,SRBench 2021
MRGP,feynman_II_6_11,Feynman,0.001,0.0,10.0,SRBench 2021
MRGP,feynman_II_6_11,Feynman,0.01,0.0,10.0,SRBench 2021
MRGP,feynman_II_6_11,Feynman,0.1,0.0,10.0,SRBench 2021
MRGP,feynman_II_6_15a,Feynman,0.0,0.0,8.0,SRBench 2021
MRGP,feynman_II_6_15a,Feynman,0.001,0.0,10.0,SRBench 2021
MRGP,feynman_II_6_15a,Feynman,0.01,0.0,10.0,SRBench 2021
MRGP,feynman_II_6_15a,Feynman,0.1,0.0,10.0,SRBench 2021
MRGP,feynman_II_6_15b,Feynman,0.0,0.0,8.0,SRBench 2021
MRGP,feynman_II_6_15b,Feynman,0.001,0.0,10.0,SRBench 2021
MRGP,feynman_II_6_15b,Feynman,0.01,0.0,10.0,SRBench 2021
MRGP,feynman_II_6_15b,Feynman,0.1,0.0,10.0,SRBench 2021
MRGP,feynman_II_8_31,Feynman,0.0,0.0,8.0,SRBench 2021
MRGP,feynman_II_8_31,Feynman,0.001,0.0,10.0,SRBench 2021
MRGP,feynman_II_8_31,Feynman,0.01,0.0,10.0,SRBench 2021
MRGP,feynman_II_8_31,Feynman,0.1,0.0,10.0,SRBench 2021
MRGP,feynman_II_8_7,Feynman,0.0,0.0,8.0,SRBench 2021
MRGP,feynman_II_8_7,Feynman,0.001,0.0,10.0,SRBench 2021
MRGP,feynman_II_8_7,Feynman,0.01,0.0,10.0,SRBench 2021
MRGP,feynman_II_8_7,Feynman,0.1,0.0,10.0,SRBench 2021
MRGP,feynman_I_10_7,Feynman,0.0,0.0,8.0,SRBench 2021
MRGP,feynman_I_10_7,Feynman,0.001,0.0,10.0,SRBench 2021
MRGP,feynman_I_10_7,Feynman,0.01,0.0,10.0,SRBench 2021
MRGP,feynman_I_10_7,Feynman,0.1,0.0,10.0,SRBench 2021
MRGP,feynman_I_11_19,Feynman,0.0,0.0,8.0,SRBench 2021
MRGP,feynman_I_11_19,Feynman,0.001,0.0,10.0,SRBench 2021
MRGP,feynman_I_11_19,Feynman,0.01,0.0,10.0,SRBench 2021
MRGP,feynman_I_11_19,Feynman,0.1,0.0,10.0,SRBench 2021
MRGP,feynman_I_12_1,Feynman,0.0,0.0,8.0,SRBench 2021
MRGP,feynman_I_12_1,Feynman,0.001,0.0,10.0,SRBench 2021
MRGP,feynman_I_12_1,Feynman,0.01,0.0,10.0,SRBench 2021
MRGP,feynman_I_12_1,Feynman,0.1,0.0,10.0,SRBench 2021
MRGP,feynman_I_12_11,Feynman,0.0,0.0,8.0,SRBench 2021
MRGP,feynman_I_12_11,Feynman,0.001,0.0,10.0,SRBench 2021
MRGP,feynman_I_12_11,Feynman,0.01,0.0,10.0,SRBench 2021
MRGP,feynman_I_12_11,Feynman,0.1,0.0,10.0,SRBench 2021
MRGP,feynman_I_12_2,Feynman,0.0,0.0,8.0,SRBench 2021
MRGP,feynman_I_12_2,Feynman,0.001,0.0,10.0,SRBench 2021
MRGP,feynman_I_12_2,Feynman,0.01,0.0,10.0,SRBench 2021
MRGP,feynman_I_12_2,Feynman,0.1,0.0,10.0,SRBench 2021
MRGP,feynman_I_12_4,Feynman,0.0,0.0,8.0,SRBench 2021
MRGP,feynman_I_12_4,Feynman,0.001,0.0,10.0,SRBench 2021
MRGP,feynman_I_12_4,Feynman,0.01,0.0,10.0,SRBench 2021
MRGP,feynman_I_12_4,Feynman,0.1,0.0,10.0,SRBench 2021
MRGP,feynman_I_12_5,Feynman,0.0,0.0,8.0,SRBench 2021
MRGP,feynman_I_12_5,Feynman,0.001,0.0,10.0,SRBench 2021
MRGP,feynman_I_12_5,Feynman,0.01,0.0,10.0,SRBench 2021
MRGP,feynman_I_12_5,Feynman,0.1,0.0,10.0,SRBench 2021
MRGP,feynman_I_13_12,Feynman,0.0,0.0,8.0,SRBench 2021
MRGP,feynman_I_13_12,Feynman,0.001,0.0,10.0,SRBench 2021
MRGP,feynman_I_13_12,Feynman,0.01,0.0,10.0,SRBench 2021
MRGP,feynman_I_13_12,Feynman,0.1,0.0,10.0,SRBench 2021
MRGP,feynman_I_13_4,Feynman,0.0,0.0,8.0,SRBench 2021
MRGP,feynman_I_13_4,Feynman,0.001,0.0,10.0,SRBench 2021
MRGP,feynman_I_13_4,Feynman,0.01,0.0,10.0,SRBench 2021
MRGP,feynman_I_13_4,Feynman,0.1,0.0,10.0,SRBench 2021
MRGP,feynman_I_14_3,Feynman,0.0,0.0,8.0,SRBench 2021
MRGP,feynman_I_14_3,Feynman,0.001,0.0,10.0,SRBench 2021
MRGP,feynman_I_14_3,Feynman,0.01,0.0,10.0,SRBench 2021
MRGP,feynman_I_14_3,Feynman,0.1,0.0,10.0,SRBench 2021
MRGP,feynman_I_14_4,Feynman,0.0,0.0,8.0,SRBench 2021
MRGP,feynman_I_14_4,Feynman,0.001,0.0,10.0,SRBench 2021
MRGP,feynman_I_14_4,Feynman,0.01,0.0,10.0,SRBench 2021
MRGP,feynman_I_14_4,Feynman,0.1,0.0,10.0,SRBench 2021
MRGP,feynman_I_15_10,Feynman,0.0,0.0,8.0,SRBench 2021
MRGP,feynman_I_15_10,Feynman,0.001,0.0,10.0,SRBench 2021
MRGP,feynman_I_15_10,Feynman,0.01,0.0,10.0,SRBench 2021
MRGP,feynman_I_15_10,Feynman,0.1,0.0,9.0,SRBench 2021
MRGP,feynman_I_15_3t,Feynman,0.0,0.0,8.0,SRBench 2021
MRGP,feynman_I_15_3t,Feynman,0.001,0.0,10.0,SRBench 2021
MRGP,feynman_I_15_3t,Feynman,0.01,0.0,10.0,SRBench 2021
MRGP,feynman_I_15_3t,Feynman,0.1,0.0,9.0,SRBench 2021
MRGP,feynman_I_15_3x,Feynman,0.0,0.0,8.0,SRBench 2021
MRGP,feynman_I_15_3x,Feynman,0.001,0.0,10.0,SRBench 2021
MRGP,feynman_I_15_3x,Feynman,0.01,0.0,10.0,SRBench 2021
MRGP,feynman_I_15_3x,Feynman,0.1,0.0,10.0,SRBench 2021
MRGP,feynman_I_16_6,Feynman,0.0,0.0,8.0,SRBench 2021
MRGP,feynman_I_16_6,Feynman,0.001,0.0,10.0,SRBench 2021
MRGP,feynman_I_16_6,Feynman,0.01,0.0,10.0,SRBench 2021
MRGP,feynman_I_16_6,Feynman,0.1,0.0,10.0,SRBench 2021
MRGP,feynman_I_18_12,Feynman,0.0,0.0,8.0,SRBench 2021
MRGP,feynman_I_18_12,Feynman,0.001,0.0,10.0,SRBench 2021
MRGP,feynman_I_18_12,Feynman,0.01,0.0,10.0,SRBench 2021
MRGP,feynman_I_18_12,Feynman,0.1,0.0,10.0,SRBench 2021
MRGP,feynman_I_18_14,Feynman,0.0,0.0,8.0,SRBench 2021
MRGP,feynman_I_18_14,Feynman,0.001,0.0,10.0,SRBench 2021
MRGP,feynman_I_18_14,Feynman,0.01,0.0,10.0,SRBench 2021
MRGP,feynman_I_18_14,Feynman,0.1,0.0,9.0,SRBench 2021
MRGP,feynman_I_18_4,Feynman,0.0,0.0,8.0,SRBench 2021
MRGP,feynman_I_18_4,Feynman,0.001,0.0,10.0,SRBench 2021
MRGP,feynman_I_18_4,Feynman,0.01,0.0,10.0,SRBench 2021
MRGP,feynman_I_18_4,Feynman,0.1,0.0,10.0,SRBench 2021
MRGP,feynman_I_24_6,Feynman,0.0,0.0,8.0,SRBench 2021
MRGP,feynman_I_24_6,Feynman,0.001,0.0,10.0,SRBench 2021
MRGP,feynman_I_24_6,Feynman,0.01,0.0,10.0,SRBench 2021
MRGP,feynman_I_24_6,Feynman,0.1,0.0,10.0,SRBench 2021
MRGP,feynman_I_25_13,Feynman,0.0,0.0,8.0,SRBench 2021
MRGP,feynman_I_25_13,Feynman,0.001,0.0,10.0,SRBench 2021
MRGP,feynman_I_25_13,Feynman,0.01,0.0,10.0,SRBench 2021
MRGP,feynman_I_25_13,Feynman,0.1,0.0,10.0,SRBench 2021
MRGP,feynman_I_27_6,Feynman,0.0,0.0,8.0,SRBench 2021
MRGP,feynman_I_27_6,Feynman,0.001,0.0,10.0,SRBench 2021
MRGP,feynman_I_27_6,Feynman,0.01,0.0,10.0,SRBench 2021
MRGP,feynman_I_27_6,Feynman,0.1,0.0,10.0,SRBench 2021
MRGP,feynman_I_29_16,Feynman,0.0,0.0,8.0,SRBench 2021
MRGP,feynman_I_29_16,Feynman,0.001,0.0,10.0,SRBench 2021
MRGP,feynman_I_29_16,Feynman,0.01,0.0,10.0,SRBench 2021
MRGP,feynman_I_29_16,Feynman,0.1,0.0,10.0,SRBench 2021
MRGP,feynman_I_29_4,Feynman,0.0,0.0,8.0,SRBench 2021
MRGP,feynman_I_29_4,Feynman,0.001,0.0,10.0,SRBench 2021
MRGP,feynman_I_29_4,Feynman,0.01,0.0,10.0,SRBench 2021
MRGP,feynman_I_29_4,Feynman,0.1,0.0,10.0,SRBench 2021
MRGP,feynman_I_30_3,Feynman,0.0,0.0,8.0,SRBench 2021
MRGP,feynman_I_30_3,Feynman,0.001,0.0,10.0,SRBench 2021
MRGP,feynman_I_30_3,Feynman,0.01,0.0,10.0,SRBench 2021
MRGP,feynman_I_30_3,Feynman,0.1,0.0,10.0,SRBench 2021
MRGP,feynman_I_32_17,Feynman,0.0,0.0,8.0,SRBench 2021
MRGP,feynman_I_32_17,Feynman,0.001,0.0,10.0,SRBench 2021
MRGP,feynman_I_32_17,Feynman,0.01,0.0,10.0,SRBench 2021
MRGP,feynman_I_32_17,Feynman,0.1,0.0,10.0,SRBench 2021
MRGP,feynman_I_32_5,Feynman,0.0,0.0,8.0,SRBench 2021
MRGP,feynman_I_32_5,Feynman,0.001,0.0,10.0,SRBench 2021
MRGP,feynman_I_32_5,Feynman,0.01,0.0,10.0,SRBench 2021
MRGP,feynman_I_32_5,Feynman,0.1,0.0,10.0,SRBench 2021
MRGP,feynman_I_34_1,Feynman,0.0,0.0,8.0,SRBench 2021
MRGP,feynman_I_34_1,Feynman,0.001,0.0,10.0,SRBench 2021
MRGP,feynman_I_34_1,Feynman,0.01,0.0,10.0,SRBench 2021
MRGP,feynman_I_34_1,Feynman,0.1,0.0,9.0,SRBench 2021
MRGP,feynman_I_34_14,Feynman,0.0,0.0,8.0,SRBench 2021
MRGP,feynman_I_34_14,Feynman,0.001,0.0,10.0,SRBench 2021
MRGP,feynman_I_34_14,Feynman,0.01,0.0,10.0,SRBench 2021
MRGP,feynman_I_34_14,Feynman,0.1,0.0,9.0,SRBench 2021
MRGP,feynman_I_34_27,Feynman,0.0,0.0,8.0,SRBench 2021
MRGP,feynman_I_34_27,Feynman,0.001,0.0,10.0,SRBench 2021
MRGP,feynman_I_34_27,Feynman,0.01,0.0,10.0,SRBench 2021
MRGP,feynman_I_34_27,Feynman,0.1,0.0,10.0,SRBench 2021
MRGP,feynman_I_34_8,Feynman,0.0,0.0,8.0,SRBench 2021
MRGP,feynman_I_34_8,Feynman,0.001,0.0,10.0,SRBench 2021
MRGP,feynman_I_34_8,Feynman,0.01,0.0,10.0,SRBench 2021
MRGP,feynman_I_34_8,Feynman,0.1,0.0,10.0,SRBench 2021
MRGP,feynman_I_37_4,Feynman,0.0,0.0,8.0,SRBench 2021
MRGP,feynman_I_37_4,Feynman,0.001,0.0,10.0,SRBench 2021
MRGP,feynman_I_37_4,Feynman,0.01,0.0,10.0,SRBench 2021
MRGP,feynman_I_37_4,Feynman,0.1,0.0,10.0,SRBench 2021
MRGP,feynman_I_38_12,Feynman,0.0,0.0,8.0,SRBench 2021
MRGP,feynman_I_38_12,Feynman,0.001,0.0,10.0,SRBench 2021
MRGP,feynman_I_38_12,Feynman,0.01,0.0,10.0,SRBench 2021
MRGP,feynman_I_38_12,Feynman,0.1,0.0,10.0,SRBench 2021
MRGP,feynman_I_39_1,Feynman,0.0,0.0,8.0,SRBench 2021
MRGP,feynman_I_39_1,Feynman,0.001,0.0,10.0,SRBench 2021
MRGP,feynman_I_39_1,Feynman,0.01,0.0,10.0,SRBench 2021
MRGP,feynman_I_39_1,Feynman,0.1,0.0,10.0,SRBench 2021
MRGP,feynman_I_39_11,Feynman,0.0,0.0,8.0,SRBench 2021
MRGP,feynman_I_39_11,Feynman,0.001,0.0,10.0,SRBench 2021
MRGP,feynman_I_39_11,Feynman,0.01,0.0,10.0,SRBench 2021
MRGP,feynman_I_39_11,Feynman,0.1,0.0,10.0,SRBench 2021
MRGP,feynman_I_39_22,Feynman,0.0,0.0,8.0,SRBench 2021
MRGP,feynman_I_39_22,Feynman,0.001,0.0,10.0,SRBench 2021
MRGP,feynman_I_39_22,Feynman,0.01,0.0,10.0,SRBench 2021
MRGP,feynman_I_39_22,Feynman,0.1,0.0,10.0,SRBench 2021
MRGP,feynman_I_40_1,Feynman,0.0,0.0,8.0,SRBench 2021
MRGP,feynman_I_40_1,Feynman,0.001,0.0,10.0,SRBench 2021
MRGP,feynman_I_40_1,Feynman,0.01,0.0,10.0,SRBench 2021
MRGP,feynman_I_40_1,Feynman,0.1,0.0,10.0,SRBench 2021
MRGP,feynman_I_41_16,Feynman,0.0,0.0,8.0,SRBench 2021
MRGP,feynman_I_41_16,Feynman,0.001,0.0,10.0,SRBench 2021
MRGP,feynman_I_41_16,Feynman,0.01,0.0,10.0,SRBench 2021
MRGP,feynman_I_41_16,Feynman,0.1,0.0,10.0,SRBench 2021
MRGP,feynman_I_43_16,Feynman,0.0,0.0,8.0,SRBench 2021
MRGP,feynman_I_43_16,Feynman,0.001,0.0,10.0,SRBench 2021
MRGP,feynman_I_43_16,Feynman,0.01,0.0,10.0,SRBench 2021
MRGP,feynman_I_43_16,Feynman,0.1,0.0,10.0,SRBench 2021
MRGP,feynman_I_43_31,Feynman,0.0,0.0,8.0,SRBench 2021
MRGP,feynman_I_43_31,Feynman,0.001,0.0,10.0,SRBench 2021
MRGP,feynman_I_43_31,Feynman,0.01,0.0,10.0,SRBench 2021
MRGP,feynman_I_43_31,Feynman,0.1,0.0,10.0,SRBench 2021
MRGP,feynman_I_43_43,Feynman,0.0,0.0,8.0,SRBench 2021
MRGP,feynman_I_43_43,Feynman,0.001,0.0,10.0,SRBench 2021
MRGP,feynman_I_43_43,Feynman,0.01,0.0,10.0,SRBench 2021
MRGP,feynman_I_43_43,Feynman,0.1,0.0,10.0,SRBench 2021
MRGP,feynman_I_44_4,Feynman,0.0,0.0,8.0,SRBench 2021
MRGP,feynman_I_44_4,Feynman,0.001,0.0,10.0,SRBench 2021
MRGP,feynman_I_44_4,Feynman,0.01,0.0,10.0,SRBench 2021
MRGP,feynman_I_44_4,Feynman,0.1,0.0,10.0,SRBench 2021
MRGP,feynman_I_47_23,Feynman,0.0,0.0,8.0,SRBench 2021
MRGP,feynman_I_47_23,Feynman,0.001,0.0,10.0,SRBench 2021
MRGP,feynman_I_47_23,Feynman,0.01,0.0,10.0,SRBench 2021
MRGP,feynman_I_47_23,Feynman,0.1,0.0,10.0,SRBench 2021
MRGP,feynman_I_48_2,Feynman,0.0,0.0,8.0,SRBench 2021
MRGP,feynman_I_48_2,Feynman,0.001,0.0,10.0,SRBench 2021
MRGP,feynman_I_48_2,Feynman,0.01,0.0,10.0,SRBench 2021
MRGP,feynman_I_48_2,Feynman,0.1,0.0,10.0,SRBench 2021
MRGP,feynman_I_50_26,Feynman,0.0,0.0,8.0,SRBench 2021
MRGP,feynman_I_50_26,Feynman,0.001,0.0,10.0,SRBench 2021
MRGP,feynman_I_50_26,Feynman,0.01,0.0,10.0,SRBench 2021
MRGP,feynman_I_50_26,Feynman,0.1,0.0,10.0,SRBench 2021
MRGP,feynman_I_6_2,Feynman,0.0,0.0,8.0,SRBench 2021
MRGP,feynman_I_6_2,Feynman,0.001,0.0,10.0,SRBench 2021
MRGP,feynman_I_6_2,Feynman,0.01,0.0,10.0,SRBench 2021
MRGP,feynman_I_6_2,Feynman,0.1,0.0,9.0,SRBench 2021
MRGP,feynman_I_6_2a,Feynman,0.0,0.0,8.0,SRBench 2021
MRGP,feynman_I_6_2a,Feynman,0.001,0.0,10.0,SRBench 2021
MRGP,feynman_I_6_2a,Feynman,0.01,0.0,10.0,SRBench 2021
MRGP,feynman_I_6_2a,Feynman,0.1,0.0,10.0,SRBench 2021
MRGP,feynman_I_6_2b,Feynman,0.0,0.0,8.0,SRBench 2021
MRGP,feynman_I_6_2b,Feynman,0.001,0.0,10.0,SRBench 2021
MRGP,feynman_I_6_2b,Feynman,0.01,0.0,10.0,SRBench 2021
MRGP,feynman_I_6_2b,Feynman,0.1,0.0,10.0,SRBench 2021
MRGP,feynman_I_8_14,Feynman,0.0,0.0,8.0,SRBench 2021
MRGP,feynman_I_8_14,Feynman,0.001,0.0,10.0,SRBench 2021
MRGP,feynman_I_8_14,Feynman,0.01,0.0,10.0,SRBench 2021
MRGP,feynman_I_8_14,Feynman,0.1,0.0,10.0,SRBench 2021
MRGP,feynman_I_9_18,Feynman,0.0,0.0,8.0,SRBench 2021
MRGP,feynman_I_9_18,Feynman,0.001,0.0,10.0,SRBench 2021
MRGP,feynman_I_9_18,Feynman,0.01,0.0,10.0,SRBench 2021
MRGP,feynman_I_9_18,Feynman,0.1,0.0,10.0,SRBench 2021
MRGP,feynman_test_1,Feynman,0.0,0.0,8.0,SRBench 2021
MRGP,feynman_test_1,Feynman,0.001,0.0,10.0,SRBench 2021
MRGP,feynman_test_1,Feynman,0.01,0.0,10.0,SRBench 2021
MRGP,feynman_test_1,Feynman,0.1,0.0,10.0,SRBench 2021
MRGP,feynman_test_11,Feynman,0.0,0.0,8.0,SRBench 2021
MRGP,feynman_test_11,Feynman,0.001,0.0,10.0,SRBench 2021
MRGP,feynman_test_11,Feynman,0.01,0.0,10.0,SRBench 2021
MRGP,feynman_test_11,Feynman,0.1,0.0,10.0,SRBench 2021
MRGP,feynman_test_12,Feynman,0.0,0.0,8.0,SRBench 2021
MRGP,feynman_test_12,Feynman,0.001,0.0,10.0,SRBench 2021
MRGP,feynman_test_12,Feynman,0.01,0.0,10.0,SRBench 2021
MRGP,feynman_test_12,Feynman,0.1,0.0,10.0,SRBench 2021
MRGP,feynman_test_13,Feynman,0.0,0.0,7.0,SRBench 2021
MRGP,feynman_test_13,Feynman,0.001,0.0,10.0,SRBench 2021
MRGP,feynman_test_13,Feynman,0.01,0.0,10.0,SRBench 2021
MRGP,feynman_test_13,Feynman,0.1,0.0,10.0,SRBench 2021
MRGP,feynman_test_14,Feynman,0.0,0.0,7.0,SRBench 2021
MRGP,feynman_test_14,Feynman,0.001,0.0,9.0,SRBench 2021
MRGP,feynman_test_14,Feynman,0.01,0.0,10.0,SRBench 2021
MRGP,feynman_test_14,Feynman,0.1,0.0,10.0,SRBench 2021
MRGP,feynman_test_15,Feynman,0.0,0.0,8.0,SRBench 2021
MRGP,feynman_test_15,Feynman,0.001,0.0,10.0,SRBench 2021
MRGP,feynman_test_15,Feynman,0.01,0.0,10.0,SRBench 2021
MRGP,feynman_test_15,Feynman,0.1,0.0,9.0,SRBench 2021
MRGP,feynman_test_16,Feynman,0.0,0.0,8.0,SRBench 2021
MRGP,feynman_test_16,Feynman,0.001,0.0,10.0,SRBench 2021
MRGP,feynman_test_16,Feynman,0.01,0.0,10.0,SRBench 2021
MRGP,feynman_test_16,Feynman,0.1,0.0,10.0,SRBench 2021
MRGP,feynman_test_17,Feynman,0.0,0.0,8.0,SRBench 2021
MRGP,feynman_test_17,Feynman,0.001,0.0,10.0,SRBench 2021
MRGP,feynman_test_17,Feynman,0.01,0.0,10.0,SRBench 2021
MRGP,feynman_test_17,Feynman,0.1,0.0,10.0,SRBench 2021
MRGP,feynman_test_18,Feynman,0.0,0.0,8.0,SRBench 2021
MRGP,feynman_test_18,Feynman,0.001,0.0,10.0,SRBench 2021
MRGP,feynman_test_18,Feynman,0.01,0.0,10.0,SRBench 2021
MRGP,feynman_test_18,Feynman,0.1,0.0,9.0,SRBench 2021
MRGP,feynman_test_19,Feynman,0.0,0.0,8.0,SRBench 2021
MRGP,feynman_test_19,Feynman,0.001,0.0,10.0,SRBench 2021
MRGP,feynman_test_19,Feynman,0.01,0.0,10.0,SRBench 2021
MRGP,feynman_test_19,Feynman,0.1,0.0,10.0,SRBench 2021
MRGP,feynman_test_2,Feynman,0.0,0.0,8.0,SRBench 2021
MRGP,feynman_test_2,Feynman,0.001,0.0,10.0,SRBench 2021
MRGP,feynman_test_2,Feynman,0.01,0.0,10.0,SRBench 2021
MRGP,feynman_test_2,Feynman,0.1,0.0,10.0,SRBench 2021
MRGP,feynman_test_20,Feynman,0.0,0.0,8.0,SRBench 2021
MRGP,feynman_test_20,Feynman,0.001,0.0,10.0,SRBench 2021
MRGP,feynman_test_20,Feynman,0.01,0.0,10.0,SRBench 2021
MRGP,feynman_test_20,Feynman,0.1,0.0,9.0,SRBench 2021
MRGP,feynman_test_3,Feynman,0.0,0.0,8.0,SRBench 2021
MRGP,feynman_test_3,Feynman,0.001,0.0,10.0,SRBench 2021
MRGP,feynman_test_3,Feynman,0.01,0.0,10.0,SRBench 2021
MRGP,feynman_test_3,Feynman,0.1,0.0,10.0,SRBench 2021
MRGP,feynman_test_4,Feynman,0.0,0.0,8.0,SRBench 2021
MRGP,feynman_test_4,Feynman,0.001,0.0,10.0,SRBench 2021
MRGP,feynman_test_4,Feynman,0.01,0.0,10.0,SRBench 2021
MRGP,feynman_test_4,Feynman,0.1,0.0,8.0,SRBench 2021
MRGP,feynman_test_5,Feynman,0.0,0.0,8.0,SRBench 2021
MRGP,feynman_test_5,Feynman,0.001,0.0,10.0,SRBench 2021
MRGP,feynman_test_5,Feynman,0.01,0.0,10.0,SRBench 2021
MRGP,feynman_test_5,Feynman,0.1,0.0,10.0,SRBench 2021
MRGP,feynman_test_6,Feynman,0.0,0.0,8.0,SRBench 2021
MRGP,feynman_test_6,Feynman,0.001,0.0,10.0,SRBench 2021
MRGP,feynman_test_6,Feynman,0.01,0.0,10.0,SRBench 2021
MRGP,feynman_test_6,Feynman,0.1,0.0,9.0,SRBench 2021
MRGP,feynman_test_7,Feynman,0.0,0.0,8.0,SRBench 2021
MRGP,feynman_test_7,Feynman,0.001,0.0,10.0,SRBench 2021
MRGP,feynman_test_7,Feynman,0.01,0.0,10.0,SRBench 2021
MRGP,feynman_test_7,Feynman,0.1,0.0,10.0,SRBench 2021
MRGP,feynman_test_8,Feynman,0.0,0.0,8.0,SRBench 2021
MRGP,feynman_test_8,Feynman,0.001,0.0,10.0,SRBench 2021
MRGP,feynman_test_8,Feynman,0.01,0.0,10.0,SRBench 2021
MRGP,feynman_test_8,Feynman,0.1,0.0,10.0,SRBench 2021
MRGP,feynman_test_9,Feynman,0.0,0.0,8.0,SRBench 2021
MRGP,feynman_test_9,Feynman,0.001,0.0,10.0,SRBench 2021
MRGP,feynman_test_9,Feynman,0.01,0.0,10.0,SRBench 2021
MRGP,feynman_test_9,Feynman,0.1,0.0,9.0,SRBench 2021
MRGP,strogatz_bacres1,Strogatz,0.0,0.0,8.0,SRBench 2021
MRGP,strogatz_bacres1,Strogatz,0.001,0.0,10.0,SRBench 2021
MRGP,strogatz_bacres1,Strogatz,0.01,0.0,10.0,SRBench 2021
MRGP,strogatz_bacres1,Strogatz,0.1,0.0,10.0,SRBench 2021
MRGP,strogatz_bacres2,Strogatz,0.0,0.0,8.0,SRBench 2021
MRGP,strogatz_bacres2,Strogatz,0.001,0.0,10.0,SRBench 2021
MRGP,strogatz_bacres2,Strogatz,0.01,0.0,10.0,SRBench 2021
MRGP,strogatz_bacres2,Strogatz,0.1,0.0,10.0,SRBench 2021
MRGP,strogatz_barmag1,Strogatz,0.0,0.0,8.0,SRBench 2021
MRGP,strogatz_barmag1,Strogatz,0.001,0.0,10.0,SRBench 2021
MRGP,strogatz_barmag1,Strogatz,0.01,0.0,10.0,SRBench 2021
MRGP,strogatz_barmag1,Strogatz,0.1,0.0,10.0,SRBench 2021
MRGP,strogatz_barmag2,Strogatz,0.0,0.0,8.0,SRBench 2021
MRGP,strogatz_barmag2,Strogatz,0.001,0.0,10.0,SRBench 2021
MRGP,strogatz_barmag2,Strogatz,0.01,0.0,10.0,SRBench 2021
MRGP,strogatz_barmag2,Strogatz,0.1,0.0,10.0,SRBench 2021
MRGP,strogatz_glider1,Strogatz,0.0,0.0,8.0,SRBench 2021
MRGP,strogatz_glider1,Strogatz,0.001,0.0,10.0,SRBench 2021
MRGP,strogatz_glider1,Strogatz,0.01,0.0,10.0,SRBench 2021
MRGP,strogatz_glider1,Strogatz,0.1,0.0,10.0,SRBench 2021
MRGP,strogatz_glider2,Strogatz,0.0,0.0,8.0,SRBench 2021
MRGP,strogatz_glider2,Strogatz,0.001,0.0,10.0,SRBench 2021
MRGP,strogatz_glider2,Strogatz,0.01,0.0,10.0,SRBench 2021
MRGP,strogatz_glider2,Strogatz,0.1,0.0,10.0,SRBench 2021
MRGP,strogatz_lv1,Strogatz,0.0,0.0,8.0,SRBench 2021
MRGP,strogatz_lv1,Strogatz,0.001,0.0,10.0,SRBench 2021
MRGP,strogatz_lv1,Strogatz,0.01,0.0,10.0,SRBench 2021
MRGP,strogatz_lv1,Strogatz,0.1,0.0,10.0,SRBench 2021
MRGP,strogatz_lv2,Strogatz,0.0,0.0,8.0,SRBench 2021
MRGP,strogatz_lv2,Strogatz,0.001,0.0,10.0,SRBench 2021
MRGP,strogatz_lv2,Strogatz,0.01,0.0,10.0,SRBench 2021
MRGP,strogatz_lv2,Strogatz,0.1,0.0,10.0,SRBench 2021
MRGP,strogatz_predprey1,Strogatz,0.0,0.0,8.0,SRBench 2021
MRGP,strogatz_predprey1,Strogatz,0.001,0.0,10.0,SRBench 2021
MRGP,strogatz_predprey1,Strogatz,0.01,0.0,10.0,SRBench 2021
MRGP,strogatz_predprey1,Strogatz,0.1,0.0,10.0,SRBench 2021
MRGP,strogatz_predprey2,Strogatz,0.0,0.0,8.0,SRBench 2021
MRGP,strogatz_predprey2,Strogatz,0.001,0.0,10.0,SRBench 2021
MRGP,strogatz_predprey2,Strogatz,0.01,0.0,10.0,SRBench 2021
MRGP,strogatz_predprey2,Strogatz,0.1,0.0,10.0,SRBench 2021
MRGP,strogatz_shearflow1,Strogatz,0.0,0.0,8.0,SRBench 2021
MRGP,strogatz_shearflow1,Strogatz,0.001,0.0,10.0,SRBench 2021
MRGP,strogatz_shearflow1,Strogatz,0.01,0.0,10.0,SRBench 2021
MRGP,strogatz_shearflow1,Strogatz,0.1,0.0,10.0,SRBench 2021
MRGP,strogatz_shearflow2,Strogatz,0.0,0.0,8.0,SRBench 2021
MRGP,strogatz_shearflow2,Strogatz,0.001,0.0,10.0,SRBench 2021
MRGP,strogatz_shearflow2,Strogatz,0.01,0.0,10.0,SRBench 2021
MRGP,strogatz_shearflow2,Strogatz,0.1,0.0,10.0,SRBench 2021
MRGP,strogatz_vdp1,Strogatz,0.0,0.0,8.0,SRBench 2021
MRGP,strogatz_vdp1,Strogatz,0.001,0.0,10.0,SRBench 2021
MRGP,strogatz_vdp1,Strogatz,0.01,0.0,10.0,SRBench 2021
MRGP,strogatz_vdp1,Strogatz,0.1,0.0,10.0,SRBench 2021
MRGP,strogatz_vdp2,Strogatz,0.0,0.0,8.0,SRBench 2021
MRGP,strogatz_vdp2,Strogatz,0.001,0.0,10.0,SRBench 2021
MRGP,strogatz_vdp2,Strogatz,0.01,0.0,10.0,SRBench 2021
MRGP,strogatz_vdp2,Strogatz,0.1,0.0,10.0,SRBench 2021
Operon,feynman_III_10_19,Feynman,0.0,0.0,10.0,SRBench 2021
Operon,feynman_III_10_19,Feynman,0.001,0.0,10.0,SRBench 2021
Operon,feynman_III_10_19,Feynman,0.01,0.0,10.0,SRBench 2021
Operon,feynman_III_10_19,Feynman,0.1,0.0,10.0,SRBench 2021
Operon,feynman_III_12_43,Feynman,0.0,1.0,10.0,SRBench 2021
Operon,feynman_III_12_43,Feynman,0.001,0.9,10.0,SRBench 2021
Operon,feynman_III_12_43,Feynman,0.01,0.0,10.0,SRBench 2021
Operon,feynman_III_12_43,Feynman,0.1,0.0,10.0,SRBench 2021
Operon,feynman_III_13_18,Feynman,0.0,0.3,10.0,SRBench 2021
Operon,feynman_III_13_18,Feynman,0.001,0.1,10.0,SRBench 2021
Operon,feynman_III_13_18,Feynman,0.01,0.1,10.0,SRBench 2021
Operon,feynman_III_13_18,Feynman,0.1,0.0,10.0,SRBench 2021
Operon,feynman_III_14_14,Feynman,0.0,0.0,10.0,SRBench 2021
Operon,feynman_III_14_14,Feynman,0.001,0.0,10.0,SRBench 2021
Operon,feynman_III_14_14,Feynman,0.01,0.0,10.0,SRBench 2021
Operon,feynman_III_14_14,Feynman,0.1,0.0,10.0,SRBench 2021
Operon,feynman_III_15_12,Feynman,0.0,0.0,10.0,SRBench 2021
Operon,feynman_III_15_12,Feynman,0.001,0.0,10.0,SRBench 2021
Operon,feynman_III_15_12,Feynman,0.01,0.0,10.0,SRBench 2021
Operon,feynman_III_15_12,Feynman,0.1,0.0,10.0,SRBench 2021
Operon,feynman_III_15_14,Feynman,0.0,0.0,10.0,SRBench 2021
Operon,feynman_III_15_14,Feynman,0.001,0.1,10.0,SRBench 2021
Operon,feynman_III_15_14,Feynman,0.01,0.1,10.0,SRBench 2021
Operon,feynman_III_15_14,Feynman,0.1,0.0,10.0,SRBench 2021
Operon,feynman_III_15_27,Feynman,0.0,0.2,10.0,SRBench 2021
Operon,feynman_III_15_27,Feynman,0.001,0.2,10.0,SRBench 2021
Operon,feynman_III_15_27,Feynman,0.01,0.1,10.0,SRBench 2021
Operon,feynman_III_15_27,Feynman,0.1,0.0,10.0,SRBench 2021
Operon,feynman_III_17_37,Feynman,0.0,0.0,10.0,SRBench 2021
Operon,feynman_III_17_37,Feynman,0.001,0.0,10.0,SRBench 2021
Operon,feynman_III_17_37,Feynman,0.01,0.0,10.0,SRBench 2021
Operon,feynman_III_17_37,Feynman,0.1,0.0,10.0,SRBench 2021
Operon,feynman_III_19_51,Feynman,0.0,0.0,10.0,SRBench 2021
Operon,feynman_III_19_51,Feynman,0.001,0.0,10.0,SRBench 2021
Operon,feynman_III_19_51,Feynman,0.01,0.1,10.0,SRBench 2021
Operon,feynman_III_19_51,Feynman,0.1,0.0,10.0,SRBench 2021
Operon,feynman_III_21_20,Feynman,0.0,0.5,10.0,SRBench 2021
Operon,feynman_III_21_20,Feynman,0.001,0.4,10.0,SRBench 2021
Operon,feynman_III_21_20,Feynman,0.01,0.0,10.0,SRBench 2021
Operon,feynman_III_21_20,Feynman,0.1,0.0,10.0,SRBench 2021
Operon,feynman_III_4_32,Feynman,0.0,0.0,10.0,SRBench 2021
Operon,feynman_III_4_32,Feynman,0.001,0.0,10.0,SRBench 2021
Operon,feynman_III_4_32,Feynman,0.01,0.0,10.0,SRBench 2021
Operon,feynman_III_4_32,Feynman,0.1,0.0,10.0,SRBench 2021
Operon,feynman_III_4_33,Feynman,0.0,0.0,10.0,SRBench 2021
Operon,feynman_III_4_33,Feynman,0.001,0.0,10.0,SRBench 2021
Operon,feynman_III_4_33,Feynman,0.01,0.0,10.0,SRBench 2021
Operon,feynman_III_4_33,Feynman,0.1,0.0,10.0,SRBench 2021
Operon,feynman_III_7_38,Feynman,0.0,0.4,10.0,SRBench 2021
Operon,feynman_III_7_38,Feynman,0.001,0.2,10.0,SRBench 2021
Operon,feynman_III_7_38,Feynman,0.01,0.0,10.0,SRBench 2021
Operon,feynman_III_7_38,Feynman,0.1,0.0,10.0,SRBench 2021
Operon,feynman_III_8_54,Feynman,0.0,0.1,10.0,SRBench 2021
Operon,feynman_III_8_54,Feynman,0.001,0.0,10.0,SRBench 2021
Operon,feynman_III_8_54,Feynman,0.01,0.0,10.0,SRBench 2021
Operon,feynman_III_8_54,Feynman,0.1,0.0,10.0,SRBench 2021
Operon,feynman_III_9_52,Feynman,0.0,0.0,10.0,SRBench 2021
Operon,feynman_III_9_52,Feynman,0.001,0.0,10.0,SRBench 2021
Operon,feynman_III_9_52,Feynman,0.01,0.1,10.0,SRBench 2021
Operon,feynman_III_9_52,Feynman,0.1,0.0,10.0,SRBench 2021
Operon,feynman_II_10_9,Feynman,0.0,0.1,10.0,SRBench 2021
Operon,feynman_II_10_9,Feynman,0.001,0.0,10.0,SRBench 2021
Operon,feynman_II_10_9,Feynman,0.01,0.0,10.0,SRBench 2021
Operon,feynman_II_10_9,Feynman,0.1,0.0,10.0,SRBench 2021
Operon,feynman_II_11_20,Feynman,0.0,0.1,10.0,SRBench 2021
Operon,feynman_II_11_20,Feynman,0.001,0.3,10.0,SRBench 2021
Operon,feynman_II_11_20,Feynman,0.01,0.0,10.0,SRBench 2021
Operon,feynman_II_11_20,Feynman,0.1,0.0,10.0,SRBench 2021
Operon,feynman_II_11_27,Feynman,0.0,0.0,10.0,SRBench 2021
Operon,feynman_II_11_27,Feynman,0.001,0.0,10.0,SRBench 2021
Operon,feynman_II_11_27,Feynman,0.01,0.0,10.0,SRBench 2021
Operon,feynman_II_11_27,Feynman,0.1,0.0,10.0,SRBench 2021
Operon,feynman_II_11_28,Feynman,0.0,0.0,10.0,SRBench 2021
Operon,feynman_II_11_28,Feynman,0.001,0.0,10.0,SRBench 2021
Operon,feynman_II_11_28,Feynman,0.01,0.0,10.0,SRBench 2021
Operon,feynman_II_11_28,Feynman,0.1,0.0,10.0,SRBench 2021
Operon,feynman_II_11_3,Feynman,0.0,0.0,10.0,SRBench 2021
Operon,feynman_II_11_3,Feynman,0.001,0.0,10.0,SRBench 2021
Operon,feynman_II_11_3,Feynman,0.01,0.0,10.0,SRBench 2021
Operon,feynman_II_11_3,Feynman,0.1,0.0,10.0,SRBench 2021
Operon,feynman_II_13_17,Feynman,0.0,0.3,10.0,SRBench 2021
Operon,feynman_II_13_17,Feynman,0.001,0.1,10.0,SRBench 2021
Operon,feynman_II_13_17,Feynman,0.01,0.1,10.0,SRBench 2021
Operon,feynman_II_13_17,Feynman,0.1,0.0,10.0,SRBench 2021
Operon,feynman_II_13_23,Feynman,0.0,0.0,10.0,SRBench 2021
Operon,feynman_II_13_23,Feynman,0.001,0.0,10.0,SRBench 2021
Operon,feynman_II_13_23,Feynman,0.01,0.0,10.0,SRBench 2021
Operon,feynman_II_13_23,Feynman,0.1,0.0,10.0,SRBench 2021
Operon,feynman_II_13_34,Feynman,0.0,0.0,10.0,SRBench 2021
Operon,feynman_II_13_34,Feynman,0.001,0.0,10.0,SRBench 2021
Operon,feynman_II_13_34,Feynman,0.01,0.0,10.0,SRBench 2021
Operon,feynman_II_13_34,Feynman,0.1,0.0,10.0,SRBench 2021
Operon,feynman_II_15_4,Feynman,0.0,0.0,10.0,SRBench 2021
Operon,feynman_II_15_4,Feynman,0.001,0.0,10.0,SRBench 2021
Operon,feynman_II_15_4,Feynman,0.01,0.0,10.0,SRBench 2021
Operon,feynman_II_15_4,Feynman,0.1,0.0,10.0,SRBench 2021
Operon,feynman_II_15_5,Feynman,0.0,0.0,10.0,SRBench 2021
Operon,feynman_II_15_5,Feynman,0.001,0.0,10.0,SRBench 2021
Operon,feynman_II_15_5,Feynman,0.01,0.0,10.0,SRBench 2021
Operon,feynman_II_15_5,Feynman,0.1,0.0,10.0,SRBench 2021
Operon,feynman_II_21_32,Feynman,0.0,0.0,10.0,SRBench 2021
Operon,feynman_II_21_32,Feynman,0.001,0.0,10.0,SRBench 2021
Operon,feynman_II_21_32,Feynman,0.01,0.0,10.0,SRBench 2021
Operon,feynman_II_21_32,Feynman,0.1,0.0,10.0,SRBench 2021
Operon,feynman_II_24_17,Feynman,0.0,0.0,10.0,SRBench 2021
Operon,feynman_II_24_17,Feynman,0.001,0.0,10.0,SRBench 2021
Operon,feynman_II_24_17,Feynman,0.01,0.0,10.0,SRBench 2021
Operon,feynman_II_24_17,Feynman,0.1,0.0,10.0,SRBench 2021
Operon,feynman_II_27_16,Feynman,0.0,0.6,10.0,SRBench 2021
Operon,feynman_II_27_16,Feynman,0.001,0.3,10.0,SRBench 2021
Operon,feynman_II_27_16,Feynman,0.01,0.0,10.0,SRBench 2021
Operon,feynman_II_27_16,Feynman,0.1,0.0,10.0,SRBench 2021
Operon,feynman_II_27_18,Feynman,0.0,0.7,10.0,SRBench 2021
Operon,feynman_II_27_18,Feynman,0.001,0.3,10.0,SRBench 2021
Operon,feynman_II_27_18,Feynman,0.01,0.0,10.0,SRBench 2021
Operon,feynman_II_27_18,Feynman,0.1,0.0,10.0,SRBench 2021
Operon,feynman_II_2_42,Feynman,0.0,0.3,10.0,SRBench 2021
Operon,feynman_II_2_42,Feynman,0.001,0.1,10.0,SRBench 2021
Operon,feynman_II_2_42,Feynman,0.01,0.0,10.0,SRBench 2021
Operon,feynman_II_2_42,Feynman,0.1,0.0,10.0,SRBench 2021
Operon,feynman_II_34_11,Feynman,0.0,0.4,10.0,SRBench 2021
Operon,feynman_II_34_11,Feynman,0.001,0.3,10.0,SRBench 2021
Operon,feynman_II_34_11,Feynman,0.01,0.0,10.0,SRBench 2021
Operon,feynman_II_34_11,Feynman,0.1,0.0,10.0,SRBench 2021
Operon,feynman_II_34_2,Feynman,0.0,0.9,10.0,SRBench 2021
Operon,feynman_II_34_2,Feynman,0.001,0.1,10.0,SRBench 2021
Operon,feynman_II_34_2,Feynman,0.01,0.0,10.0,SRBench 2021
Operon,feynman_II_34_2,Feynman,0.1,0.0,10.0,SRBench 2021
Operon,feynman_II_34_29a,Feynman,0.0,0.3,10.0,SRBench 2021
Operon,feynman_II_34_29a,Feynman,0.001,0.7,10.0,SRBench 2021
Operon,feynman_II_34_29a,Feynman,0.01,0.2,10.0,SRBench 2021
Operon,feynman_II_34_29a,Feynman,0.1,0.0,10.0,SRBench 2021
Operon,feynman_II_34_29b,Feynman,0.0,0.1,10.0,SRBench 2021
Operon,feynman_II_34_29b,Feynman,0.001,0.1,10.0,SRBench 2021
Operon,feynman_II_34_29b,Feynman,0.01,0.0,10.0,SRBench 2021
Operon,feynman_II_34_29b,Feynman,0.1,0.0,10.0,SRBench 2021
Operon,feynman_II_34_2a,Feynman,0.0,0.6,10.0,SRBench 2021
Operon,feynman_II_34_2a,Feynman,0.001,0.5,10.0,SRBench 2021
Operon,feynman_II_34_2a,Feynman,0.01,0.4,10.0,SRBench 2021
Operon,feynman_II_34_2a,Feynman,0.1,0.0,10.0,SRBench 2021
Operon,feynman_II_35_18,Feynman,0.0,0.0,10.0,SRBench 2021
Operon,feynman_II_35_18,Feynman,0.001,0.0,10.0,SRBench 2021
Operon,feynman_II_35_18,Feynman,0.01,0.0,10.0,SRBench 2021
Operon,feynman_II_35_18,Feynman,0.1,0.0,10.0,SRBench 2021
Operon,feynman_II_35_21,Feynman,0.0,0.0,10.0,SRBench 2021
Operon,feynman_II_35_21,Feynman,0.001,0.0,10.0,SRBench 2021
Operon,feynman_II_35_21,Feynman,0.01,0.0,10.0,SRBench 2021
Operon,feynman_II_35_21,Feynman,0.1,0.0,10.0,SRBench 2021
Operon,feynman_II_36_38,Feynman,0.0,0.0,10.0,SRBench 2021
Operon,feynman_II_36_38,Feynman,0.001,0.0,10.0,SRBench 2021
Operon,feynman_II_36_38,Feynman,0.01,0.0,10.0,SRBench 2021
Operon,feynman_II_36_38,Feynman,0.1,0.0,10.0,SRBench 2021
Operon,feynman_II_37_1,Feynman,0.0,0.3,10.0,SRBench 2021
Operon,feynman_II_37_1,Feynman,0.001,0.0,10.0,SRBench 2021
Operon,feynman_II_37_1,Feynman,0.01,0.0,10.0,SRBench 2021
Operon,feynman_II_37_1,Feynman,0.1,0.0,10.0,SRBench 2021
Operon,feynman_II_38_14,Feynman,0.0,0.1,10.0,SRBench 2021
Operon,feynman_II_38_14,Feynman,0.001,0.4,10.0,SRBench 2021
Operon,feynman_II_38_14,Feynman,0.01,0.0,10.0,SRBench 2021
Operon,feynman_II_38_14,Feynman,0.1,0.0,10.0,SRBench 2021
Operon,feynman_II_38_3,Feynman,0.0,0.6,10.0,SRBench 2021
Operon,feynman_II_38_3,Feynman,0.001,0.4,10.0,SRBench 2021
Operon,feynman_II_38_3,Feynman,0.01,0.0,10.0,SRBench 2021
Operon,feynman_II_38_3,Feynman,0.1,0.0,10.0,SRBench 2021
Operon,feynman_II_3_24,Feynman,0.0,0.8,10.0,SRBench 2021
Operon,feynman_II_3_24,Feynman,0.001,0.6,10.0,SRBench 2021
Operon,feynman_II_3_24,Feynman,0.01,0.3,10.0,SRBench 2021
Operon,feynman_II_3_24,Feynman,0.1,0.0,10.0,SRBench 2021
Operon,feynman_II_4_23,Feynman,0.0,0.3,10.0,SRBench 2021
Operon,feynman_II_4_23,Feynman,0.001,0.4,10.0,SRBench 2021
Operon,feynman_II_4_23,Feynman,0.01,0.1,10.0,SRBench 2021
Operon,feynman_II_4_23,Feynman,0.1,0.0,10.0,SRBench 2021
Operon,feynman_II_6_11,Feynman,0.0,0.0,10.0,SRBench 2021
Operon,feynman_II_6_11,Feynman,0.001,0.0,10.0,SRBench 2021
Operon,feynman_II_6_11,Feynman,0.01,0.0,10.0,SRBench 2021
Operon,feynman_II_6_11,Feynman,0.1,0.0,10.0,SRBench 2021
Operon,feynman_II_6_15a,Feynman,0.0,0.0,10.0,SRBench 2021
Operon,feynman_II_6_15a,Feynman,0.001,0.0,10.0,SRBench 2021
Operon,feynman_II_6_15a,Feynman,0.01,0.0,10.0,SRBench 2021
Operon,feynman_II_6_15a,Feynman,0.1,0.0,10.0,SRBench 2021
Operon,feynman_II_6_15b,Feynman,0.0,0.0,10.0,SRBench 2021
Operon,feynman_II_6_15b,Feynman,0.001,0.0,10.0,SRBench 2021
Operon,feynman_II_6_15b,Feynman,0.01,0.0,10.0,SRBench 2021
Operon,feynman_II_6_15b,Feynman,0.1,0.0,10.0,SRBench 2021
Operon,feynman_II_8_31,Feynman,0.0,0.6,10.0,SRBench 2021
Operon,feynman_II_8_31,Feynman,0.001,0.5,10.0,SRBench 2021
Operon,feynman_II_8_31,Feynman,0.01,0.0,10.0,SRBench 2021
Operon,feynman_II_8_31,Feynman,0.1,0.0,10.0,SRBench 2021
Operon,feynman_II_8_7,Feynman,0.0,0.2,10.0,SRBench 2021
Operon,feynman_II_8_7,Feynman,0.001,0.3,10.0,SRBench 2021
Operon,feynman_II_8_7,Feynman,0.01,0.0,10.0,SRBench 2021
Operon,feynman_II_8_7,Feynman,0.1,0.0,10.0,SRBench 2021
Operon,feynman_I_10_7,Feynman,0.0,0.0,10.0,SRBench 2021
Operon,feynman_I_10_7,Feynman,0.001,0.0,10.0,SRBench 2021
Operon,feynman_I_10_7,Feynman,0.01,0.0,10.0,SRBench 2021
Operon,feynman_I_10_7,Feynman,0.1,0.0,10.0,SRBench 2021
Operon,feynman_I_11_19,Feynman,0.0,0.1,10.0,SRBench 2021
Operon,feynman_I_11_19,Feynman,0.001,0.0,10.0,SRBench 2021
Operon,feynman_I_11_19,Feynman,0.01,0.0,10.0,SRBench 2021
Operon,feynman_I_11_19,Feynman,0.1,0.0,10.0,SRBench 2021
Operon,feynman_I_12_1,Feynman,0.0,0.9,10.0,SRBench 2021
Operon,feynman_I_12_1,Feynman,0.001,0.8,10.0,SRBench 2021
Operon,feynman_I_12_1,Feynman,0.01,0.0,10.0,SRBench 2021
Operon,feynman_I_12_1,Feynman,0.1,0.0,10.0,SRBench 2021
Operon,feynman_I_12_11,Feynman,0.0,0.0,10.0,SRBench 2021
Operon,feynman_I_12_11,Feynman,0.001,0.0,10.0,SRBench 2021
Operon,feynman_I_12_11,Feynman,0.01,0.0,10.0,SRBench 2021
Operon,feynman_I_12_11,Feynman,0.1,0.0,10.0,SRBench 2021
Operon,feynman_I_12_2,Feynman,0.0,0.2,10.0,SRBench 2021
Operon,feynman_I_12_2,Feynman,0.001,0.0,10.0,SRBench 2021
Operon,feynman_I_12_2,Feynman,0.01,0.0,10.0,SRBench 2021
Operon,feynman_I_12_2,Feynman,0.1,0.0,10.0,SRBench 2021
Operon,feynman_I_12_4,Feynman,0.0,0.1,10.0,SRBench 2021
Operon,feynman_I_12_4,Feynman,0.001,0.1,10.0,SRBench 2021
Operon,feynman_I_12_4,Feynman,0.01,0.0,10.0,SRBench 2021
Operon,feynman_I_12_4,Feynman,0.1,0.0,10.0,SRBench 2021
Operon,feynman_I_12_5,Feynman,0.0,0.8,10.0,SRBench 2021
Operon,feynman_I_12_5,Feynman,0.001,0.9,10.0,SRBench 2021
Operon,feynman_I_12_5,Feynman,0.01,0.0,10.0,SRBench 2021
Operon,feynman_I_12_5,Feynman,0.1,0.0,10.0,SRBench 2021
Operon,feynman_I_13_12,Feynman,0.0,0.1,10.0,SRBench 2021
Operon,feynman_I_13_12,Feynman,0.001,0.0,10.0,SRBench 2021
Operon,feynman_I_13_12,Feynman,0.01,0.0,10.0,SRBench 2021
Operon,feynman_I_13_12,Feynman,0.1,0.0,10.0,SRBench 2021
Operon,feynman_I_13_4,Feynman,0.0,0.0,10.0,SRBench 2021
Operon,feynman_I_13_4,Feynman,0.001,0.0,10.0,SRBench 2021
Operon,feynman_I_13_4,Feynman,0.01,0.0,10.0,SRBench 2021
Operon,feynman_I_13_4,Feynman,0.1,0.0,10.0,SRBench 2021
Operon,feynman_I_14_3,Feynman,0.0,0.6,10.0,SRBench 2021
Operon,feynman_I_14_3,Feynman,0.001,0.6,10.0,SRBench 2021
Operon,feynman_I_14_3,Feynman,0.01,0.0,10.0,SRBench 2021
Operon,feynman_I_14_3,Feynman,0.1,0.0,10.0,SRBench 2021
Operon,feynman_I_14_4,Feynman,0.0,0.8,10.0,SRBench 2021
Operon,feynman_I_14_4,Feynman,0.001,0.3,10.0,SRBench 2021
Operon,feynman_I_14_4,Feynman,0.01,0.0,10.0,SRBench 2021
Operon,feynman_I_14_4,Feynman,0.1,0.0,10.0,SRBench 2021
Operon,feynman_I_15_10,Feynman,0.0,0.0,10.0,SRBench 2021
Operon,feynman_I_15_10,Feynman,0.001,0.0,10.0,SRBench 2021
Operon,feynman_I_15_10,Feynman,0.01,0.0,10.0,SRBench 2021
Operon,feynman_I_15_10,Feynman,0.1,0.0,10.0,SRBench 2021
Operon,feynman_I_15_3t,Feynman,0.0,0.0,10.0,SRBench 2021
Operon,feynman_I_15_3t,Feynman,0.001,0.0,10.0,SRBench 2021
Operon,feynman_I_15_3t,Feynman,0.01,0.0,10.0,SRBench 2021
Operon,feynman_I_15_3t,Feynman,0.1,0.0,10.0,SRBench 2021
Operon,feynman_I_15_3x,Feynman,0.0,0.0,10.0,SRBench 2021
Operon,feynman_I_15_3x,Feynman,0.001,0.0,10.0,SRBench 2021
Operon,feynman_I_15_3x,Feynman,0.01,0.0,10.0,SRBench 2021
Operon,feynman_I_15_3x,Feynman,0.1,0.0,10.0,SRBench 2021
Operon,feynman_I_16_6,Feynman,0.0,0.0,10.0,SRBench 2021
Operon,feynman_I_16_6,Feynman,0.001,0.0,10.0,SRBench 2021
Operon,feynman_I_16_6,Feynman,0.01,0.0,10.0,SRBench 2021
Operon,feynman_I_16_6,Feynman,0.1,0.0,10.0,SRBench 2021
Operon,feynman_I_18_12,Feynman,0.0,0.0,10.0,SRBench 2021
Operon,feynman_I_18_12,Feynman,0.001,0.0,10.0,SRBench 2021
Operon,feynman_I_18_12,Feynman,0.01,0.0,10.0,SRBench 2021
Operon,feynman_I_18_12,Feynman,0.1,0.0,10.0,SRBench 2021
Operon,feynman_I_18_14,Feynman,0.0,0.0,10.0,SRBench 2021
Operon,feynman_I_18_14,Feynman,0.001,0.0,10.0,SRBench 2021
Operon,feynman_I_18_14,Feynman,0.01,0.0,10.0,SRBench 2021
Operon,feynman_I_18_14,Feynman,0.1,0.0,10.0,SRBench 2021
Operon,feynman_I_18_4,Feynman,0.0,0.0,10.0,SRBench 2021
Operon,feynman_I_18_4,Feynman,0.001,0.0,10.0,SRBench 2021
Operon,feynman_I_18_4,Feynman,0.01,0.0,10.0,SRBench 2021
Operon,feynman_I_18_4,Feynman,0.1,0.0,10.0,SRBench 2021
Operon,feynman_I_24_6,Feynman,0.0,0.0,10.0,SRBench 2021
Operon,feynman_I_24_6,Feynman,0.001,0.0,10.0,SRBench 2021
Operon,feynman_I_24_6,Feynman,0.01,0.0,10.0,SRBench 2021
Operon,feynman_I_24_6,Feynman,0.1,0.0,10.0,SRBench 2021
Operon,feynman_I_25_13,Feynman,0.0,0.6,10.0,SRBench 2021
Operon,feynman_I_25_13,Feynman,0.001,0.8,10.0,SRBench 2021
Operon,feynman_I_25_13,Feynman,0.01,0.0,10.0,SRBench 2021
Operon,feynman_I_25_13,Feynman,0.1,0.0,10.0,SRBench 2021
Operon,feynman_I_27_6,Feynman,0.0,0.0,10.0,SRBench 2021
Operon,feynman_I_27_6,Feynman,0.001,0.0,10.0,SRBench 2021
Operon,feynman_I_27_6,Feynman,0.01,0.0,10.0,SRBench 2021
Operon,feynman_I_27_6,Feynman,0.1,0.0,10.0,SRBench 2021
Operon,feynman_I_29_16,Feynman,0.0,0.0,10.0,SRBench 2021
Operon,feynman_I_29_16,Feynman,0.001,0.0,10.0,SRBench 2021
Operon,feynman_I_29_16,Feynman,0.01,0.0,10.0,SRBench 2021
Operon,feynman_I_29_16,Feynman,0.1,0.0,10.0,SRBench 2021
Operon,feynman_I_29_4,Feynman,0.0,0.6,10.0,SRBench 2021
Operon,feynman_I_29_4,Feynman,0.001,0.9,10.0,SRBench 2021
Operon,feynman_I_29_4,Feynman,0.01,0.1,10.0,SRBench 2021
Operon,feynman_I_29_4,Feynman,0.1,0.0,10.0,SRBench 2021
Operon,feynman_I_30_3,Feynman,0.0,0.0,10.0,SRBench 2021
Operon,feynman_I_30_3,Feynman,0.001,0.0,10.0,SRBench 2021
Operon,feynman_I_30_3,Feynman,0.01,0.0,10.0,SRBench 2021
Operon,feynman_I_30_3,Feynman,0.1,0.0,10.0,SRBench 2021
Operon,feynman_I_32_17,Feynman,0.0,0.0,10.0,SRBench 2021
Operon,feynman_I_32_17,Feynman,0.001,0.1,10.0,SRBench 2021
Operon,feynman_I_32_17,Feynman,0.01,0.1,10.0,SRBench 2021
Operon,feynman_I_32_17,Feynman,0.1,0.1,10.0,SRBench 2021
Operon,feynman_I_32_5,Feynman,0.0,0.1,10.0,SRBench 2021
Operon,feynman_I_32_5,Feynman,0.001,0.1,10.0,SRBench 2021
Operon,feynman_I_32_5,Feynman,0.01,0.0,10.0,SRBench 2021
Operon,feynman_I_32_5,Feynman,0.1,0.0,10.0,SRBench 2021
Operon,feynman_I_34_1,Feynman,0.0,0.0,10.0,SRBench 2021
Operon,feynman_I_34_1,Feynman,0.001,0.0,10.0,SRBench 2021
Operon,feynman_I_34_1,Feynman,0.01,0.0,10.0,SRBench 2021
Operon,feynman_I_34_1,Feynman,0.1,0.0,10.0,SRBench 2021
Operon,feynman_I_34_14,Feynman,0.0,0.0,10.0,SRBench 2021
Operon,feynman_I_34_14,Feynman,0.001,0.0,10.0,SRBench 2021
Operon,feynman_I_34_14,Feynman,0.01,0.0,10.0,SRBench 2021
Operon,feynman_I_34_14,Feynman,0.1,0.0,10.0,SRBench 2021
Operon,feynman_I_34_27,Feynman,0.0,0.9,10.0,SRBench 2021
Operon,feynman_I_34_27,Feynman,0.001,0.7,10.0,SRBench 2021
Operon,feynman_I_34_27,Feynman,0.01,0.1,10.0,SRBench 2021
Operon,feynman_I_34_27,Feynman,0.1,0.0,10.0,SRBench 2021
Operon,feynman_I_34_8,Feynman,0.0,0.5,10.0,SRBench 2021
Operon,feynman_I_34_8,Feynman,0.001,0.4,10.0,SRBench 2021
Operon,feynman_I_34_8,Feynman,0.01,0.0,10.0,SRBench 2021
Operon,feynman_I_34_8,Feynman,0.1,0.0,10.0,SRBench 2021
Operon,feynman_I_37_4,Feynman,0.0,0.0,10.0,SRBench 2021
Operon,feynman_I_37_4,Feynman,0.001,0.0,10.0,SRBench 2021
Operon,feynman_I_37_4,Feynman,0.01,0.0,10.0,SRBench 2021
Operon,feynman_I_37_4,Feynman,0.1,0.0,10.0,SRBench 2021
Operon,feynman_I_38_12,Feynman,0.0,0.3,10.0,SRBench 2021
Operon,feynman_I_38_12,Feynman,0.001,0.2,10.0,SRBench 2021
Operon,feynman_I_38_12,Feynman,0.01,0.0,10.0,SRBench 2021
Operon,feynman_I_38_12,Feynman,0.1,0.0,10.0,SRBench 2021
Operon,feynman_I_39_1,Feynman,0.0,0.7,10.0,SRBench 2021
Operon,feynman_I_39_1,Feynman,0.001,0.6,10.0,SRBench 2021
Operon,feynman_I_39_1,Feynman,0.01,0.0,10.0,SRBench 2021
Operon,feynman_I_39_1,Feynman,0.1,0.0,10.0,SRBench 2021
Operon,feynman_I_39_11,Feynman,0.0,0.2,10.0,SRBench 2021
Operon,feynman_I_39_11,Feynman,0.001,0.1,10.0,SRBench 2021
Operon,feynman_I_39_11,Feynman,0.01,0.0,10.0,SRBench 2021
Operon,feynman_I_39_11,Feynman,0.1,0.0,10.0,SRBench 2021
Operon,feynman_I_39_22,Feynman,0.0,0.3,10.0,SRBench 2021
Operon,feynman_I_39_22,Feynman,0.001,0.6,10.0,SRBench 2021
Operon,feynman_I_39_22,Feynman,0.01,0.0,10.0,SRBench 2021
Operon,feynman_I_39_22,Feynman,0.1,0.0,10.0,SRBench 2021
Operon,feynman_I_40_1,Feynman,0.0,0.0,10.0,SRBench 2021
Operon,feynman_I_40_1,Feynman,0.001,0.0,10.0,SRBench 2021
Operon,feynman_I_40_1,Feynman,0.01,0.0,10.0,SRBench 2021
Operon,feynman_I_40_1,Feynman,0.1,0.0,10.0,SRBench 2021
Operon,feynman_I_41_16,Feynman,0.0,0.0,10.0,SRBench 2021
Operon,feynman_I_41_16,Feynman,0.001,0.0,10.0,SRBench 2021
Operon,feynman_I_41_16,Feynman,0.01,0.0,10.0,SRBench 2021
Operon,feynman_I_41_16,Feynman,0.1,0.0,10.0,SRBench 2021
Operon,feynman_I_43_16,Feynman,0.0,0.6,10.0,SRBench 2021
Operon,feynman_I_43_16,Feynman,0.001,0.3,10.0,SRBench 2021
Operon,feynman_I_43_16,Feynman,0.01,0.0,10.0,SRBench 2021
Operon,feynman_I_43_16,Feynman,0.1,0.0,10.0,SRBench 2021
Operon,feynman_I_43_31,Feynman,0.0,0.4,10.0,SRBench 2021
Operon,feynman_I_43_31,Feynman,0.001,0.3,10.0,SRBench 2021
Operon,feynman_I_43_31,Feynman,0.01,0.0,10.0,SRBench 2021
Operon,feynman_I_43_31,Feynman,0.1,0.0,10.0,SRBench 2021
Operon,feynman_I_43_43,Feynman,0.0,0.2,10.0,SRBench 2021
Operon,feynman_I_43_43,Feynman,0.001,0.0,10.0,SRBench 2021
Operon,feynman_I_43_43,Feynman,0.01,0.0,10.0,SRBench 2021
Operon,feynman_I_43_43,Feynman,0.1,0.0,10.0,SRBench 2021
Operon,feynman_I_44_4,Feynman,0.0,0.0,10.0,SRBench 2021
Operon,feynman_I_44_4,Feynman,0.001,0.0,10.0,SRBench 2021
Operon,feynman_I_44_4,Feynman,0.01,0.0,10.0,SRBench 2021
Operon,feynman_I_44_4,Feynman,0.1,0.0,10.0,SRBench 2021
Operon,feynman_I_47_23,Feynman,0.0,0.1,10.0,SRBench 2021
Operon,feynman_I_47_23,Feynman,0.001,0.1,10.0,SRBench 2021
Operon,feynman_I_47_23,Feynman,0.01,0.0,10.0,SRBench 2021
Operon,feynman_I_47_23,Feynman,0.1,0.0,10.0,SRBench 2021
Operon,feynman_I_48_2,Feynman,0.0,0.0,10.0,SRBench 2021
Operon,feynman_I_48_2,Feynman,0.001,0.0,10.0,SRBench 2021
Operon,feynman_I_48_2,Feynman,0.01,0.0,10.0,SRBench 2021
Operon,feynman_I_48_2,Feynman,0.1,0.0,10.0,SRBench 2021
Operon,feynman_I_50_26,Feynman,0.0,0.0,10.0,SRBench 2021
Operon,feynman_I_50_26,Feynman,0.001,0.0,10.0,SRBench 2021
Operon,feynman_I_50_26,Feynman,0.01,0.0,10.0,SRBench 2021
Operon,feynman_I_50_26,Feynman,0.1,0.0,10.0,SRBench 2021
Operon,feynman_I_6_2,Feynman,0.0,0.0,10.0,SRBench 2021
Operon,feynman_I_6_2,Feynman,0.001,0.0,10.0,SRBench 2021
Operon,feynman_I_6_2,Feynman,0.01,0.0,10.0,SRBench 2021
Operon,feynman_I_6_2,Feynman,0.1,0.0,10.0,SRBench 2021
Operon,feynman_I_6_2a,Feynman,0.0,0.3,10.0,SRBench 2021
Operon,feynman_I_6_2a,Feynman,0.001,0.0,10.0,SRBench 2021
Operon,feynman_I_6_2a,Feynman,0.01,0.3,10.0,SRBench 2021
Operon,feynman_I_6_2a,Feynman,0.1,0.0,10.0,SRBench 2021
Operon,feynman_I_6_2b,Feynman,0.0,0.0,10.0,SRBench 2021
Operon,feynman_I_6_2b,Feynman,0.001,0.0,10.0,SRBench 2021
Operon,feynman_I_6_2b,Feynman,0.01,0.0,10.0,SRBench 2021
Operon,feynman_I_6_2b,Feynman,0.1,0.0,10.0,SRBench 2021
Operon,feynman_I_8_14,Feynman,0.0,0.0,10.0,SRBench 2021
Operon,feynman_I_8_14,Feynman,0.001,0.1,10.0,SRBench 2021
Operon,feynman_I_8_14,Feynman,0.01,0.0,10.0,SRBench 2021
Operon,feynman_I_8_14,Feynman,0.1,0.0,10.0,SRBench 2021
Operon,feynman_I_9_18,Feynman,0.0,0.0,10.0,SRBench 2021
Operon,feynman_I_9_18,Feynman,0.001,0.0,10.0,SRBench 2021
Operon,feynman_I_9_18,Feynman,0.01,0.0,10.0,SRBench 2021
Operon,feynman_I_9_18,Feynman,0.1,0.0,10.0,SRBench 2021
Operon,feynman_test_1,Feynman,0.0,0.0,10.0,SRBench 2021
Operon,feynman_test_1,Feynman,0.001,0.0,10.0,SRBench 2021
Operon,feynman_test_1,Feynman,0.01,0.0,10.0,SRBench 2021
Operon,feynman_test_1,Feynman,0.1,0.0,10.0,SRBench 2021
Operon,feynman_test_11,Feynman,0.0,0.0,10.0,SRBench 2021
Operon,feynman_test_11,Feynman,0.001,0.0,10.0,SRBench 2021
Operon,feynman_test_11,Feynman,0.01,0.1,10.0,SRBench 2021
Operon,feynman_test_11,Feynman,0.1,0.0,10.0,SRBench 2021
Operon,feynman_test_12,Feynman,0.0,0.0,10.0,SRBench 2021
Operon,feynman_test_12,Feynman,0.001,0.0,10.0,SRBench 2021
Operon,feynman_test_12,Feynman,0.01,0.0,10.0,SRBench 2021
Operon,feynman_test_12,Feynman,0.1,0.0,10.0,SRBench 2021
Operon,feynman_test_13,Feynman,0.0,0.0,10.0,SRBench 2021
Operon,feynman_test_13,Feynman,0.001,0.0,10.0,SRBench 2021
Operon,feynman_test_13,Feynman,0.01,0.0,10.0,SRBench 2021
Operon,feynman_test_13,Feynman,0.1,0.0,10.0,SRBench 2021
Operon,feynman_test_14,Feynman,0.0,0.0,10.0,SRBench 2021
Operon,feynman_test_14,Feynman,0.001,0.0,10.0,SRBench 2021
Operon,feynman_test_14,Feynman,0.01,0.0,10.0,SRBench 2021
Operon,feynman_test_14,Feynman,0.1,0.0,10.0,SRBench 2021
Operon,feynman_test_15,Feynman,0.0,0.0,10.0,SRBench 2021
Operon,feynman_test_15,Feynman,0.001,0.0,10.0,SRBench 2021
Operon,feynman_test_15,Feynman,0.01,0.0,10.0,SRBench 2021
Operon,feynman_test_15,Feynman,0.1,0.0,10.0,SRBench 2021
Operon,feynman_test_16,Feynman,0.0,0.0,10.0,SRBench 2021
Operon,feynman_test_16,Feynman,0.001,0.0,10.0,SRBench 2021
Operon,feynman_test_16,Feynman,0.01,0.0,10.0,SRBench 2021
Operon,feynman_test_16,Feynman,0.1,0.0,10.0,SRBench 2021
Operon,feynman_test_17,Feynman,0.0,0.0,10.0,SRBench 2021
Operon,feynman_test_17,Feynman,0.001,0.0,10.0,SRBench 2021
Operon,feynman_test_17,Feynman,0.01,0.0,10.0,SRBench 2021
Operon,feynman_test_17,Feynman,0.1,0.0,10.0,SRBench 2021
Operon,feynman_test_18,Feynman,0.0,0.0,10.0,SRBench 2021
Operon,feynman_test_18,Feynman,0.001,0.0,10.0,SRBench 2021
Operon,feynman_test_18,Feynman,0.01,0.0,10.0,SRBench 2021
Operon,feynman_test_18,Feynman,0.1,0.0,10.0,SRBench 2021
Operon,feynman_test_19,Feynman,0.0,0.0,10.0,SRBench 2021
Operon,feynman_test_19,Feynman,0.001,0.0,10.0,SRBench 2021
Operon,feynman_test_19,Feynman,0.01,0.0,10.0,SRBench 2021
Operon,feynman_test_19,Feynman,0.1,0.0,10.0,SRBench 2021
Operon,feynman_test_2,Feynman,0.0,0.0,10.0,SRBench 2021
Operon,feynman_test_2,Feynman,0.001,0.0,10.0,SRBench 2021
Operon,feynman_test_2,Feynman,0.01,0.0,10.0,SRBench 2021
Operon,feynman_test_2,Feynman,0.1,0.0,10.0,SRBench 2021
Operon,feynman_test_20,Feynman,0.0,0.0,10.0,SRBench 2021
Operon,feynman_test_20,Feynman,0.001,0.0,10.0,SRBench 2021
Operon,feynman_test_20,Feynman,0.01,0.0,10.0,SRBench 2021
Operon,feynman_test_20,Feynman,0.1,0.0,10.0,SRBench 2021
Operon,feynman_test_3,Feynman,0.0,0.0,10.0,SRBench 2021
Operon,feynman_test_3,Feynman,0.001,0.0,10.0,SRBench 2021
Operon,feynman_test_3,Feynman,0.01,0.0,10.0,SRBench 2021
Operon,feynman_test_3,Feynman,0.1,0.0,10.0,SRBench 2021
Operon,feynman_test_4,Feynman,0.0,0.0,10.0,SRBench 2021
Operon,feynman_test_4,Feynman,0.001,0.0,10.0,SRBench 2021
Operon,feynman_test_4,Feynman,0.01,0.0,10.0,SRBench 2021
Operon,feynman_test_4,Feynman,0.1,0.0,10.0,SRBench 2021
Operon,feynman_test_5,Feynman,0.0,0.0,10.0,SRBench 2021
Operon,feynman_test_5,Feynman,0.001,0.0,10.0,SRBench 2021
Operon,feynman_test_5,Feynman,0.01,0.1,10.0,SRBench 2021
Operon,feynman_test_5,Feynman,0.1,0.0,10.0,SRBench 2021
Operon,feynman_test_6,Feynman,0.0,0.0,10.0,SRBench 2021
Operon,feynman_test_6,Feynman,0.001,0.0,10.0,SRBench 2021
Operon,feynman_test_6,Feynman,0.01,0.0,10.0,SRBench 2021
Operon,feynman_test_6,Feynman,0.1,0.0,10.0,SRBench 2021
Operon,feynman_test_7,Feynman,0.0,0.0,10.0,SRBench 2021
Operon,feynman_test_7,Feynman,0.001,0.0,10.0,SRBench 2021
Operon,feynman_test_7,Feynman,0.01,0.0,10.0,SRBench 2021
Operon,feynman_test_7,Feynman,0.1,0.0,10.0,SRBench 2021
Operon,feynman_test_8,Feynman,0.0,0.0,10.0,SRBench 2021
Operon,feynman_test_8,Feynman,0.001,0.0,10.0,SRBench 2021
Operon,feynman_test_8,Feynman,0.01,0.0,10.0,SRBench 2021
Operon,feynman_test_8,Feynman,0.1,0.0,10.0,SRBench 2021
Operon,feynman_test_9,Feynman,0.0,0.0,10.0,SRBench 2021
Operon,feynman_test_9,Feynman,0.001,0.0,10.0,SRBench 2021
Operon,feynman_test_9,Feynman,0.01,0.0,10.0,SRBench 2021
Operon,feynman_test_9,Feynman,0.1,0.0,10.0,SRBench 2021
Operon,strogatz_bacres1,Strogatz,0.0,0.0,10.0,SRBench 2021
Operon,strogatz_bacres1,Strogatz,0.001,0.0,10.0,SRBench 2021
Operon,strogatz_bacres1,Strogatz,0.01,0.0,10.0,SRBench 2021
Operon,strogatz_bacres1,Strogatz,0.1,0.0,10.0,SRBench 2021
Operon,strogatz_bacres2,Strogatz,0.0,0.0,10.0,SRBench 2021
Operon,strogatz_bacres2,Strogatz,0.001,0.0,10.0,SRBench 2021
Operon,strogatz_bacres2,Strogatz,0.01,0.0,10.0,SRBench 2021
Operon,strogatz_bacres2,Strogatz,0.1,0.0,10.0,SRBench 2021
Operon,strogatz_barmag1,Strogatz,0.0,0.0,10.0,SRBench 2021
Operon,strogatz_barmag1,Strogatz,0.001,0.0,10.0,SRBench 2021
Operon,strogatz_barmag1,Strogatz,0.01,0.0,10.0,SRBench 2021
Operon,strogatz_barmag1,Strogatz,0.1,0.0,10.0,SRBench 2021
Operon,strogatz_barmag2,Strogatz,0.0,0.0,10.0,SRBench 2021
Operon,strogatz_barmag2,Strogatz,0.001,0.0,10.0,SRBench 2021
Operon,strogatz_barmag2,Strogatz,0.01,0.0,10.0,SRBench 2021
Operon,strogatz_barmag2,Strogatz,0.1,0.0,10.0,SRBench 2021
Operon,strogatz_glider1,Strogatz,0.0,0.0,10.0,SRBench 2021
Operon,strogatz_glider1,Strogatz,0.001,0.0,10.0,SRBench 2021
Operon,strogatz_glider1,Strogatz,0.01,0.0,10.0,SRBench 2021
Operon,strogatz_glider1,Strogatz,0.1,0.0,10.0,SRBench 2021
Operon,strogatz_glider2,Strogatz,0.0,0.0,10.0,SRBench 2021
Operon,strogatz_glider2,Strogatz,0.001,0.0,10.0,SRBench 2021
Operon,strogatz_glider2,Strogatz,0.01,0.0,10.0,SRBench 2021
Operon,strogatz_glider2,Strogatz,0.1,0.0,10.0,SRBench 2021
Operon,strogatz_lv1,Strogatz,0.0,0.2,10.0,SRBench 2021
Operon,strogatz_lv1,Strogatz,0.001,0.0,10.0,SRBench 2021
Operon,strogatz_lv1,Strogatz,0.01,0.0,10.0,SRBench 2021
Operon,strogatz_lv1,Strogatz,0.1,0.0,10.0,SRBench 2021
Operon,strogatz_lv2,Strogatz,0.0,0.5,10.0,SRBench 2021
Operon,strogatz_lv2,Strogatz,0.001,0.0,10.0,SRBench 2021
Operon,strogatz_lv2,Strogatz,0.01,0.0,10.0,SRBench 2021
Operon,strogatz_lv2,Strogatz,0.1,0.0,10.0,SRBench 2021
Operon,strogatz_predprey1,Strogatz,0.0,0.0,10.0,SRBench 2021
Operon,strogatz_predprey1,Strogatz,0.001,0.0,10.0,SRBench 2021
Operon,strogatz_predprey1,Strogatz,0.01,0.0,10.0,SRBench 2021
Operon,strogatz_predprey1,Strogatz,0.1,0.0,10.0,SRBench 2021
Operon,strogatz_predprey2,Strogatz,0.0,0.0,10.0,SRBench 2021
Operon,strogatz_predprey2,Strogatz,0.001,0.0,10.0,SRBench 2021
Operon,strogatz_predprey2,Strogatz,0.01,0.0,10.0,SRBench 2021
Operon,strogatz_predprey2,Strogatz,0.1,0.0,10.0,SRBench 2021
Operon,strogatz_shearflow1,Strogatz,0.0,0.0,10.0,SRBench 2021
Operon,strogatz_shearflow1,Strogatz,0.001,0.0,10.0,SRBench 2021
Operon,strogatz_shearflow1,Strogatz,0.01,0.0,10.0,SRBench 2021
Operon,strogatz_shearflow1,Strogatz,0.1,0.0,10.0,SRBench 2021
Operon,strogatz_shearflow2,Strogatz,0.0,0.1,10.0,SRBench 2021
Operon,strogatz_shearflow2,Strogatz,0.001,0.0,10.0,SRBench 2021
Operon,strogatz_shearflow2,Strogatz,0.01,0.0,10.0,SRBench 2021
Operon,strogatz_shearflow2,Strogatz,0.1,0.0,10.0,SRBench 2021
Operon,strogatz_vdp1,Strogatz,0.0,0.0,10.0,SRBench 2021
Operon,strogatz_vdp1,Strogatz,0.001,0.0,10.0,SRBench 2021
Operon,strogatz_vdp1,Strogatz,0.01,0.0,10.0,SRBench 2021
Operon,strogatz_vdp1,Strogatz,0.1,0.0,10.0,SRBench 2021
Operon,strogatz_vdp2,Strogatz,0.0,0.8,10.0,SRBench 2021
Operon,strogatz_vdp2,Strogatz,0.001,0.7,10.0,SRBench 2021
Operon,strogatz_vdp2,Strogatz,0.01,0.1,10.0,SRBench 2021
Operon,strogatz_vdp2,Strogatz,0.1,0.0,10.0,SRBench 2021
SBP-GP,feynman_III_10_19,Feynman,0.0,0.0,8.0,SRBench 2021
SBP-GP,feynman_III_10_19,Feynman,0.001,0.0,10.0,SRBench 2021
SBP-GP,feynman_III_10_19,Feynman,0.01,0.0,10.0,SRBench 2021
SBP-GP,feynman_III_10_19,Feynman,0.1,0.0,10.0,SRBench 2021
SBP-GP,feynman_III_12_43,Feynman,0.0,0.75,8.0,SRBench 2021
SBP-GP,feynman_III_12_43,Feynman,0.001,0.0,10.0,SRBench 2021
SBP-GP,feynman_III_12_43,Feynman,0.01,0.0,10.0,SRBench 2021
SBP-GP,feynman_III_12_43,Feynman,0.1,0.0,10.0,SRBench 2021
SBP-GP,feynman_III_13_18,Feynman,0.0,0.0,8.0,SRBench 2021
SBP-GP,feynman_III_13_18,Feynman,0.001,0.0,10.0,SRBench 2021
SBP-GP,feynman_III_13_18,Feynman,0.01,0.0,10.0,SRBench 2021
SBP-GP,feynman_III_13_18,Feynman,0.1,0.0,10.0,SRBench 2021
SBP-GP,feynman_III_14_14,Feynman,0.0,0.0,8.0,SRBench 2021
SBP-GP,feynman_III_14_14,Feynman,0.001,0.0,10.0,SRBench 2021
SBP-GP,feynman_III_14_14,Feynman,0.01,0.0,10.0,SRBench 2021
SBP-GP,feynman_III_14_14,Feynman,0.1,0.0,10.0,SRBench 2021
SBP-GP,feynman_III_15_12,Feynman,0.0,0.5,8.0,SRBench 2021
SBP-GP,feynman_III_15_12,Feynman,0.001,0.0,10.0,SRBench 2021
SBP-GP,feynman_III_15_12,Feynman,0.01,0.0,10.0,SRBench 2021
SBP-GP,feynman_III_15_12,Feynman,0.1,0.0,10.0,SRBench 2021
SBP-GP,feynman_III_15_14,Feynman,0.0,0.0,8.0,SRBench 2021
SBP-GP,feynman_III_15_14,Feynman,0.001,0.0,10.0,SRBench 2021
SBP-GP,feynman_III_15_14,Feynman,0.01,0.0,10.0,SRBench 2021
SBP-GP,feynman_III_15_14,Feynman,0.1,0.0,10.0,SRBench 2021
SBP-GP,feynman_III_15_27,Feynman,0.0,0.0,8.0,SRBench 2021
SBP-GP,feynman_III_15_27,Feynman,0.001,0.0,10.0,SRBench 2021
SBP-GP,feynman_III_15_27,Feynman,0.01,0.0,10.0,SRBench 2021
SBP-GP,feynman_III_15_27,Feynman,0.1,0.0,10.0,SRBench 2021
SBP-GP,feynman_III_17_37,Feynman,0.0,0.375,8.0,SRBench 2021
SBP-GP,feynman_III_17_37,Feynman,0.001,0.0,10.0,SRBench 2021
SBP-GP,feynman_III_17_37,Feynman,0.01,0.0,10.0,SRBench 2021
SBP-GP,feynman_III_17_37,Feynman,0.1,0.0,10.0,SRBench 2021
SBP-GP,feynman_III_19_51,Feynman,0.0,0.0,8.0,SRBench 2021
SBP-GP,feynman_III_19_51,Feynman,0.001,0.0,10.0,SRBench 2021
SBP-GP,feynman_III_19_51,Feynman,0.01,0.0,10.0,SRBench 2021
SBP-GP,feynman_III_19_51,Feynman,0.1,0.0,10.0,SRBench 2021
SBP-GP,feynman_III_21_20,Feynman,0.0,0.125,8.0,SRBench 2021
SBP-GP,feynman_III_21_20,Feynman,0.001,0.0,10.0,SRBench 2021
SBP-GP,feynman_III_21_20,Feynman,0.01,0.0,10.0,SRBench 2021
SBP-GP,feynman_III_21_20,Feynman,0.1,0.0,10.0,SRBench 2021
SBP-GP,feynman_III_4_32,Feynman,0.0,0.0,8.0,SRBench 2021
SBP-GP,feynman_III_4_32,Feynman,0.001,0.0,10.0,SRBench 2021
SBP-GP,feynman_III_4_32,Feynman,0.01,0.0,10.0,SRBench 2021
SBP-GP,feynman_III_4_32,Feynman,0.1,0.0,10.0,SRBench 2021
SBP-GP,feynman_III_4_33,Feynman,0.0,0.0,8.0,SRBench 2021
SBP-GP,feynman_III_4_33,Feynman,0.001,0.0,10.0,SRBench 2021
SBP-GP,feynman_III_4_33,Feynman,0.01,0.0,10.0,SRBench 2021
SBP-GP,feynman_III_4_33,Feynman,0.1,0.0,10.0,SRBench 2021
SBP-GP,feynman_III_7_38,Feynman,0.0,0.0,8.0,SRBench 2021
SBP-GP,feynman_III_7_38,Feynman,0.001,0.0,10.0,SRBench 2021
SBP-GP,feynman_III_7_38,Feynman,0.01,0.0,10.0,SRBench 2021
SBP-GP,feynman_III_7_38,Feynman,0.1,0.0,10.0,SRBench 2021
SBP-GP,feynman_III_8_54,Feynman,0.0,0.0,8.0,SRBench 2021
SBP-GP,feynman_III_8_54,Feynman,0.001,0.0,10.0,SRBench 2021
SBP-GP,feynman_III_8_54,Feynman,0.01,0.0,10.0,SRBench 2021
SBP-GP,feynman_III_8_54,Feynman,0.1,0.0,10.0,SRBench 2021
SBP-GP,feynman_III_9_52,Feynman,0.0,0.0,8.0,SRBench 2021
SBP-GP,feynman_III_9_52,Feynman,0.001,0.0,10.0,SRBench 2021
SBP-GP,feynman_III_9_52,Feynman,0.01,0.0,10.0,SRBench 2021
SBP-GP,feynman_III_9_52,Feynman,0.1,0.0,10.0,SRBench 2021
SBP-GP,feynman_II_10_9,Feynman,0.0,0.0,8.0,SRBench 2021
SBP-GP,feynman_II_10_9,Feynman,0.001,0.0,10.0,SRBench 2021
SBP-GP,feynman_II_10_9,Feynman,0.01,0.0,10.0,SRBench 2021
SBP-GP,feynman_II_10_9,Feynman,0.1,0.0,10.0,SRBench 2021
SBP-GP,feynman_II_11_20,Feynman,0.0,0.0,8.0,SRBench 2021
SBP-GP,feynman_II_11_20,Feynman,0.001,0.0,10.0,SRBench 2021
SBP-GP,feynman_II_11_20,Feynman,0.01,0.0,10.0,SRBench 2021
SBP-GP,feynman_II_11_20,Feynman,0.1,0.0,10.0,SRBench 2021
SBP-GP,feynman_II_11_27,Feynman,0.0,0.0,8.0,SRBench 2021
SBP-GP,feynman_II_11_27,Feynman,0.001,0.0,10.0,SRBench 2021
SBP-GP,feynman_II_11_27,Feynman,0.01,0.0,10.0,SRBench 2021
SBP-GP,feynman_II_11_27,Feynman,0.1,0.0,10.0,SRBench 2021
SBP-GP,feynman_II_11_28,Feynman,0.0,0.0,8.0,SRBench 2021
SBP-GP,feynman_II_11_28,Feynman,0.001,0.0,10.0,SRBench 2021
SBP-GP,feynman_II_11_28,Feynman,0.01,0.0,10.0,SRBench 2021
SBP-GP,feynman_II_11_28,Feynman,0.1,0.0,10.0,SRBench 2021
SBP-GP,feynman_II_11_3,Feynman,0.0,0.0,8.0,SRBench 2021
SBP-GP,feynman_II_11_3,Feynman,0.001,0.0,10.0,SRBench 2021
SBP-GP,feynman_II_11_3,Feynman,0.01,0.0,10.0,SRBench 2021
SBP-GP,feynman_II_11_3,Feynman,0.1,0.0,10.0,SRBench 2021
SBP-GP,feynman_II_13_17,Feynman,0.0,0.0,8.0,SRBench 2021
SBP-GP,feynman_II_13_17,Feynman,0.001,0.1,10.0,SRBench 2021
SBP-GP,feynman_II_13_17,Feynman,0.01,0.0,10.0,SRBench 2021
SBP-GP,feynman_II_13_17,Feynman,0.1,0.0,10.0,SRBench 2021
SBP-GP,feynman_II_13_23,Feynman,0.0,0.0,8.0,SRBench 2021
SBP-GP,feynman_II_13_23,Feynman,0.001,0.0,10.0,SRBench 2021
SBP-GP,feynman_II_13_23,Feynman,0.01,0.0,10.0,SRBench 2021
SBP-GP,feynman_II_13_23,Feynman,0.1,0.0,10.0,SRBench 2021
SBP-GP,feynman_II_13_34,Feynman,0.0,0.0,8.0,SRBench 2021
SBP-GP,feynman_II_13_34,Feynman,0.001,0.0,10.0,SRBench 2021
SBP-GP,feynman_II_13_34,Feynman,0.01,0.0,10.0,SRBench 2021
SBP-GP,feynman_II_13_34,Feynman,0.1,0.0,10.0,SRBench 2021
SBP-GP,feynman_II_15_4,Feynman,0.0,0.875,8.0,SRBench 2021
SBP-GP,feynman_II_15_4,Feynman,0.001,0.0,10.0,SRBench 2021
SBP-GP,feynman_II_15_4,Feynman,0.01,0.0,10.0,SRBench 2021
SBP-GP,feynman_II_15_4,Feynman,0.1,0.0,10.0,SRBench 2021
SBP-GP,feynman_II_15_5,Feynman,0.0,0.625,8.0,SRBench 2021
SBP-GP,feynman_II_15_5,Feynman,0.001,0.0,10.0,SRBench 2021
SBP-GP,feynman_II_15_5,Feynman,0.01,0.0,10.0,SRBench 2021
SBP-GP,feynman_II_15_5,Feynman,0.1,0.0,10.0,SRBench 2021
SBP-GP,feynman_II_21_32,Feynman,0.0,0.0,8.0,SRBench 2021
SBP-GP,feynman_II_21_32,Feynman,0.001,0.0,10.0,SRBench 2021
SBP-GP,feynman_II_21_32,Feynman,0.01,0.0,10.0,SRBench 2021
SBP-GP,feynman_II_21_32,Feynman,0.1,0.0,10.0,SRBench 2021
SBP-GP,feynman_II_24_17,Feynman,0.0,0.0,8.0,SRBench 2021
SBP-GP,feynman_II_24_17,Feynman,0.001,0.0,10.0,SRBench 2021
SBP-GP,feynman_II_24_17,Feynman,0.01,0.0,10.0,SRBench 2021
SBP-GP,feynman_II_24_17,Feynman,0.1,0.0,10.0,SRBench 2021
SBP-GP,feynman_II_27_16,Feynman,0.0,0.375,8.0,SRBench 2021
SBP-GP,feynman_II_27_16,Feynman,0.001,0.0,10.0,SRBench 2021
SBP-GP,feynman_II_27_16,Feynman,0.01,0.0,10.0,SRBench 2021
SBP-GP,feynman_II_27_16,Feynman,0.1,0.0,10.0,SRBench 2021
SBP-GP,feynman_II_27_18,Feynman,0.0,0.375,8.0,SRBench 2021
SBP-GP,feynman_II_27_18,Feynman,0.001,0.0,10.0,SRBench 2021
SBP-GP,feynman_II_27_18,Feynman,0.01,0.0,10.0,SRBench 2021
SBP-GP,feynman_II_27_18,Feynman,0.1,0.0,10.0,SRBench 2021
SBP-GP,feynman_II_2_42,Feynman,0.0,0.125,8.0,SRBench 2021
SBP-GP,feynman_II_2_42,Feynman,0.001,0.0,10.0,SRBench 2021
SBP-GP,feynman_II_2_42,Feynman,0.01,0.0,10.0,SRBench 2021
SBP-GP,feynman_II_2_42,Feynman,0.1,0.0,10.0,SRBench 2021
SBP-GP,feynman_II_34_11,Feynman,0.0,0.25,8.0,SRBench 2021
SBP-GP,feynman_II_34_11,Feynman,0.001,0.0,10.0,SRBench 2021
SBP-GP,feynman_II_34_11,Feynman,0.01,0.0,10.0,SRBench 2021
SBP-GP,feynman_II_34_11,Feynman,0.1,0.0,10.0,SRBench 2021
SBP-GP,feynman_II_34_2,Feynman,0.0,0.5,8.0,SRBench 2021
SBP-GP,feynman_II_34_2,Feynman,0.001,0.0,10.0,SRBench 2021
SBP-GP,feynman_II_34_2,Feynman,0.01,0.0,10.0,SRBench 2021
SBP-GP,feynman_II_34_2,Feynman,0.1,0.0,10.0,SRBench 2021
SBP-GP,feynman_II_34_29a,Feynman,0.0,0.125,8.0,SRBench 2021
SBP-GP,feynman_II_34_29a,Feynman,0.001,0.0,10.0,SRBench 2021
SBP-GP,feynman_II_34_29a,Feynman,0.01,0.0,10.0,SRBench 2021
SBP-GP,feynman_II_34_29a,Feynman,0.1,0.0,10.0,SRBench 2021
SBP-GP,feynman_II_34_29b,Feynman,0.0,0.125,8.0,SRBench 2021
SBP-GP,feynman_II_34_29b,Feynman,0.001,0.0,10.0,SRBench 2021
SBP-GP,feynman_II_34_29b,Feynman,0.01,0.0,10.0,SRBench 2021
SBP-GP,feynman_II_34_29b,Feynman,0.1,0.0,10.0,SRBench 2021
SBP-GP,feynman_II_34_2a,Feynman,0.0,0.25,8.0,SRBench 2021
SBP-GP,feynman_II_34_2a,Feynman,0.001,0.2,10.0,SRBench 2021
SBP-GP,feynman_II_34_2a,Feynman,0.01,0.0,10.0,SRBench 2021
SBP-GP,feynman_II_34_2a,Feynman,0.1,0.0,10.0,SRBench 2021
SBP-GP,feynman_II_35_18,Feynman,0.0,0.0,8.0,SRBench 2021
SBP-GP,feynman_II_35_18,Feynman,0.001,0.0,10.0,SRBench 2021
SBP-GP,feynman_II_35_18,Feynman,0.01,0.0,10.0,SRBench 2021
SBP-GP,feynman_II_35_18,Feynman,0.1,0.0,10.0,SRBench 2021
SBP-GP,feynman_II_35_21,Feynman,0.0,0.0,8.0,SRBench 2021
SBP-GP,feynman_II_35_21,Feynman,0.001,0.0,10.0,SRBench 2021
SBP-GP,feynman_II_35_21,Feynman,0.01,0.0,10.0,SRBench 2021
SBP-GP,feynman_II_35_21,Feynman,0.1,0.0,10.0,SRBench 2021
SBP-GP,feynman_II_36_38,Feynman,0.0,0.0,8.0,SRBench 2021
SBP-GP,feynman_II_36_38,Feynman,0.001,0.0,10.0,SRBench 2021
SBP-GP,feynman_II_36_38,Feynman,0.01,0.0,10.0,SRBench 2021
SBP-GP,feynman_II_36_38,Feynman,0.1,0.0,10.0,SRBench 2021
SBP-GP,feynman_II_37_1,Feynman,0.0,0.5,8.0,SRBench 2021
SBP-GP,feynman_II_37_1,Feynman,0.001,0.0,10.0,SRBench 2021
SBP-GP,feynman_II_37_1,Feynman,0.01,0.0,10.0,SRBench 2021
SBP-GP,feynman_II_37_1,Feynman,0.1,0.0,10.0,SRBench 2021
SBP-GP,feynman_II_38_14,Feynman,0.0,0.0,8.0,SRBench 2021
SBP-GP,feynman_II_38_14,Feynman,0.001,0.0,10.0,SRBench 2021
SBP-GP,feynman_II_38_14,Feynman,0.01,0.0,10.0,SRBench 2021
SBP-GP,feynman_II_38_14,Feynman,0.1,0.0,10.0,SRBench 2021
SBP-GP,feynman_II_38_3,Feynman,0.0,0.125,8.0,SRBench 2021
SBP-GP,feynman_II_38_3,Feynman,0.001,0.0,10.0,SRBench 2021
SBP-GP,feynman_II_38_3,Feynman,0.01,0.0,10.0,SRBench 2021
SBP-GP,feynman_II_38_3,Feynman,0.1,0.0,10.0,SRBench 2021
SBP-GP,feynman_II_3_24,Feynman,0.0,0.125,8.0,SRBench 2021
SBP-GP,feynman_II_3_24,Feynman,0.001,0.0,10.0,SRBench 2021
SBP-GP,feynman_II_3_24,Feynman,0.01,0.0,10.0,SRBench 2021
SBP-GP,feynman_II_3_24,Feynman,0.1,0.0,10.0,SRBench 2021
SBP-GP,feynman_II_4_23,Feynman,0.0,0.0,8.0,SRBench 2021
SBP-GP,feynman_II_4_23,Feynman,0.001,0.1,10.0,SRBench 2021
SBP-GP,feynman_II_4_23,Feynman,0.01,0.0,10.0,SRBench 2021
SBP-GP,feynman_II_4_23,Feynman,0.1,0.0,10.0,SRBench 2021
SBP-GP,feynman_II_6_11,Feynman,0.0,0.0,8.0,SRBench 2021
SBP-GP,feynman_II_6_11,Feynman,0.001,0.0,10.0,SRBench 2021
SBP-GP,feynman_II_6_11,Feynman,0.01,0.0,10.0,SRBench 2021
SBP-GP,feynman_II_6_11,Feynman,0.1,0.0,10.0,SRBench 2021
SBP-GP,feynman_II_6_15a,Feynman,0.0,0.0,8.0,SRBench 2021
SBP-GP,feynman_II_6_15a,Feynman,0.001,0.0,10.0,SRBench 2021
SBP-GP,feynman_II_6_15a,Feynman,0.01,0.0,10.0,SRBench 2021
SBP-GP,feynman_II_6_15a,Feynman,0.1,0.0,10.0,SRBench 2021
SBP-GP,feynman_II_6_15b,Feynman,0.0,0.0,8.0,SRBench 2021
SBP-GP,feynman_II_6_15b,Feynman,0.001,0.0,10.0,SRBench 2021
SBP-GP,feynman_II_6_15b,Feynman,0.01,0.0,10.0,SRBench 2021
SBP-GP,feynman_II_6_15b,Feynman,0.1,0.0,10.0,SRBench 2021
SBP-GP,feynman_II_8_31,Feynman,0.0,0.625,8.0,SRBench 2021
SBP-GP,feynman_II_8_31,Feynman,0.001,0.0,10.0,SRBench 2021
SBP-GP,feynman_II_8_31,Feynman,0.01,0.0,10.0,SRBench 2021
SBP-GP,feynman_II_8_31,Feynman,0.1,0.0,10.0,SRBench 2021
SBP-GP,feynman_II_8_7,Feynman,0.0,0.125,8.0,SRBench 2021
SBP-GP,feynman_II_8_7,Feynman,0.001,0.0,10.0,SRBench 2021
SBP-GP,feynman_II_8_7,Feynman,0.01,0.0,10.0,SRBench 2021
SBP-GP,feynman_II_8_7,Feynman,0.1,0.0,10.0,SRBench 2021
SBP-GP,feynman_I_10_7,Feynman,0.0,0.0,8.0,SRBench 2021
SBP-GP,feynman_I_10_7,Feynman,0.001,0.0,10.0,SRBench 2021
SBP-GP,feynman_I_10_7,Feynman,0.01,0.0,10.0,SRBench 2021
SBP-GP,feynman_I_10_7,Feynman,0.1,0.0,10.0,SRBench 2021
SBP-GP,feynman_I_11_19,Feynman,0.0,0.0,8.0,SRBench 2021
SBP-GP,feynman_I_11_19,Feynman,0.001,0.0,10.0,SRBench 2021
SBP-GP,feynman_I_11_19,Feynman,0.01,0.0,10.0,SRBench 2021
SBP-GP,feynman_I_11_19,Feynman,0.1,0.0,10.0,SRBench 2021
SBP-GP,feynman_I_12_1,Feynman,0.0,0.875,8.0,SRBench 2021
SBP-GP,feynman_I_12_1,Feynman,0.001,0.0,10.0,SRBench 2021
SBP-GP,feynman_I_12_1,Feynman,0.01,0.0,10.0,SRBench 2021
SBP-GP,feynman_I_12_1,Feynman,0.1,0.0,10.0,SRBench 2021
SBP-GP,feynman_I_12_11,Feynman,0.0,0.0,8.0,SRBench 2021
SBP-GP,feynman_I_12_11,Feynman,0.001,0.0,10.0,SRBench 2021
SBP-GP,feynman_I_12_11,Feynman,0.01,0.0,10.0,SRBench 2021
SBP-GP,feynman_I_12_11,Feynman,0.1,0.0,10.0,SRBench 2021
SBP-GP,feynman_I_12_2,Feynman,0.0,0.0,8.0,SRBench 2021
SBP-GP,feynman_I_12_2,Feynman,0.001,0.0,10.0,SRBench 2021
SBP-GP,feynman_I_12_2,Feynman,0.01,0.0,10.0,SRBench 2021
SBP-GP,feynman_I_12_2,Feynman,0.1,0.0,10.0,SRBench 2021
SBP-GP,feynman_I_12_4,Feynman,0.0,0.0,8.0,SRBench 2021
SBP-GP,feynman_I_12_4,Feynman,0.001,0.0,10.0,SRBench 2021
SBP-GP,feynman_I_12_4,Feynman,0.01,0.0,10.0,SRBench 2021
SBP-GP,feynman_I_12_4,Feynman,0.1,0.0,10.0,SRBench 2021
SBP-GP,feynman_I_12_5,Feynman,0.0,0.625,8.0,SRBench 2021
SBP-GP,feynman_I_12_5,Feynman,0.001,0.0,10.0,SRBench 2021
SBP-GP,feynman_I_12_5,Feynman,0.01,0.0,10.0,SRBench 2021
SBP-GP,feynman_I_12_5,Feynman,0.1,0.0,10.0,SRBench 2021
SBP-GP,feynman_I_13_12,Feynman,0.0,0.0,8.0,SRBench 2021
SBP-GP,feynman_I_13_12,Feynman,0.001,0.0,10.0,SRBench 2021
SBP-GP,feynman_I_13_12,Feynman,0.01,0.0,10.0,SRBench 2021
SBP-GP,feynman_I_13_12,Feynman,0.1,0.0,10.0,SRBench 2021
SBP-GP,feynman_I_13_4,Feynman,0.0,0.0,8.0,SRBench 2021
SBP-GP,feynman_I_13_4,Feynman,0.001,0.0,10.0,SRBench 2021
SBP-GP,feynman_I_13_4,Feynman,0.01,0.0,10.0,SRBench 2021
SBP-GP,feynman_I_13_4,Feynman,0.1,0.0,10.0,SRBench 2021
SBP-GP,feynman_I_14_3,Feynman,0.0,1.0,8.0,SRBench 2021
SBP-GP,feynman_I_14_3,Feynman,0.001,0.0,10.0,SRBench 2021
SBP-GP,feynman_I_14_3,Feynman,0.01,0.0,10.0,SRBench 2021
SBP-GP,feynman_I_14_3,Feynman,0.1,0.0,10.0,SRBench 2021
SBP-GP,feynman_I_14_4,Feynman,0.0,0.875,8.0,SRBench 2021
SBP-GP,feynman_I_14_4,Feynman,0.001,0.0,10.0,SRBench 2021
SBP-GP,feynman_I_14_4,Feynman,0.01,0.0,10.0,SRBench 2021
SBP-GP,feynman_I_14_4,Feynman,0.1,0.0,10.0,SRBench 2021
SBP-GP,feynman_I_15_10,Feynman,0.0,0.0,8.0,SRBench 2021
SBP-GP,feynman_I_15_10,Feynman,0.001,0.0,10.0,SRBench 2021
SBP-GP,feynman_I_15_10,Feynman,0.01,0.0,10.0,SRBench 2021
SBP-GP,feynman_I_15_10,Feynman,0.1,0.0,10.0,SRBench 2021
SBP-GP,feynman_I_15_3t,Feynman,0.0,0.0,8.0,SRBench 2021
SBP-GP,feynman_I_15_3t,Feynman,0.001,0.0,10.0,SRBench 2021
SBP-GP,feynman_I_15_3t,Feynman,0.01,0.0,10.0,SRBench 2021
SBP-GP,feynman_I_15_3t,Feynman,0.1,0.0,10.0,SRBench 2021
SBP-GP,feynman_I_15_3x,Feynman,0.0,0.0,8.0,SRBench 2021
SBP-GP,feynman_I_15_3x,Feynman,0.001,0.0,10.0,SRBench 2021
SBP-GP,feynman_I_15_3x,Feynman,0.01,0.0,10.0,SRBench 2021
SBP-GP,feynman_I_15_3x,Feynman,0.1,0.0,10.0,SRBench 2021
SBP-GP,feynman_I_16_6,Feynman,0.0,0.0,8.0,SRBench 2021
SBP-GP,feynman_I_16_6,Feynman,0.001,0.0,10.0,SRBench 2021
SBP-GP,feynman_I_16_6,Feynman,0.01,0.0,10.0,SRBench 2021
SBP-GP,feynman_I_16_6,Feynman,0.1,0.0,10.0,SRBench 2021
SBP-GP,feynman_I_18_12,Feynman,0.0,1.0,8.0,SRBench 2021
SBP-GP,feynman_I_18_12,Feynman,0.001,0.3,10.0,SRBench 2021
SBP-GP,feynman_I_18_12,Feynman,0.01,0.0,10.0,SRBench 2021
SBP-GP,feynman_I_18_12,Feynman,0.1,0.0,10.0,SRBench 2021
SBP-GP,feynman_I_18_14,Feynman,0.0,0.625,8.0,SRBench 2021
SBP-GP,feynman_I_18_14,Feynman,0.001,0.0,10.0,SRBench 2021
SBP-GP,feynman_I_18_14,Feynman,0.01,0.0,10.0,SRBench 2021
SBP-GP,feynman_I_18_14,Feynman,0.1,0.0,10.0,SRBench 2021
SBP-GP,feynman_I_18_4,Feynman,0.0,0.0,8.0,SRBench 2021
SBP-GP,feynman_I_18_4,Feynman,0.001,0.0,10.0,SRBench 2021
SBP-GP,feynman_I_18_4,Feynman,0.01,0.0,10.0,SRBench 2021
SBP-GP,feynman_I_18_4,Feynman,0.1,0.0,10.0,SRBench 2021
SBP-GP,feynman_I_24_6,Feynman,0.0,0.0,8.0,SRBench 2021
SBP-GP,feynman_I_24_6,Feynman,0.001,0.0,10.0,SRBench 2021
SBP-GP,feynman_I_24_6,Feynman,0.01,0.0,10.0,SRBench 2021
SBP-GP,feynman_I_24_6,Feynman,0.1,0.0,10.0,SRBench 2021
SBP-GP,feynman_I_25_13,Feynman,0.0,0.25,8.0,SRBench 2021
SBP-GP,feynman_I_25_13,Feynman,0.001,0.0,10.0,SRBench 2021
SBP-GP,feynman_I_25_13,Feynman,0.01,0.0,10.0,SRBench 2021
SBP-GP,feynman_I_25_13,Feynman,0.1,0.0,10.0,SRBench 2021
SBP-GP,feynman_I_27_6,Feynman,0.0,0.0,8.0,SRBench 2021
SBP-GP,feynman_I_27_6,Feynman,0.001,0.0,10.0,SRBench 2021
SBP-GP,feynman_I_27_6,Feynman,0.01,0.0,10.0,SRBench 2021
SBP-GP,feynman_I_27_6,Feynman,0.1,0.0,10.0,SRBench 2021
SBP-GP,feynman_I_29_16,Feynman,0.0,0.0,8.0,SRBench 2021
SBP-GP,feynman_I_29_16,Feynman,0.001,0.0,10.0,SRBench 2021
SBP-GP,feynman_I_29_16,Feynman,0.01,0.0,10.0,SRBench 2021
SBP-GP,feynman_I_29_16,Feynman,0.1,0.0,10.0,SRBench 2021
SBP-GP,feynman_I_29_4,Feynman,0.0,0.25,8.0,SRBench 2021
SBP-GP,feynman_I_29_4,Feynman,0.001,0.0,10.0,SRBench 2021
SBP-GP,feynman_I_29_4,Feynman,0.01,0.0,10.0,SRBench 2021
SBP-GP,feynman_I_29_4,Feynman,0.1,0.0,10.0,SRBench 2021
SBP-GP,feynman_I_30_3,Feynman,0.0,0.0,8.0,SRBench 2021
SBP-GP,feynman_I_30_3,Feynman,0.001,0.0,10.0,SRBench 2021
SBP-GP,feynman_I_30_3,Feynman,0.01,0.0,10.0,SRBench 2021
SBP-GP,feynman_I_30_3,Feynman,0.1,0.0,10.0,SRBench 2021
SBP-GP,feynman_I_32_17,Feynman,0.0,0.0,8.0,SRBench 2021
SBP-GP,feynman_I_32_17,Feynman,0.001,0.0,10.0,SRBench 2021
SBP-GP,feynman_I_32_17,Feynman,0.01,0.0,10.0,SRBench 2021
SBP-GP,feynman_I_32_17,Feynman,0.1,0.0,10.0,SRBench 2021
SBP-GP,feynman_I_32_5,Feynman,0.0,0.0,8.0,SRBench 2021
SBP-GP,feynman_I_32_5,Feynman,0.001,0.0,10.0,SRBench 2021
SBP-GP,feynman_I_32_5,Feynman,0.01,0.0,10.0,SRBench 2021
SBP-GP,feynman_I_32_5,Feynman,0.1,0.0,10.0,SRBench 2021
SBP-GP,feynman_I_34_1,Feynman,0.0,0.0,8.0,SRBench 2021
SBP-GP,feynman_I_34_1,Feynman,0.001,0.0,10.0,SRBench 2021
SBP-GP,feynman_I_34_1,Feynman,0.01,0.0,10.0,SRBench 2021
SBP-GP,feynman_I_34_1,Feynman,0.1,0.0,10.0,SRBench 2021
SBP-GP,feynman_I_34_14,Feynman,0.0,0.0,8.0,SRBench 2021
SBP-GP,feynman_I_34_14,Feynman,0.001,0.0,10.0,SRBench 2021
SBP-GP,feynman_I_34_14,Feynman,0.01,0.0,10.0,SRBench 2021
SBP-GP,feynman_I_34_14,Feynman,0.1,0.0,10.0,SRBench 2021
SBP-GP,feynman_I_34_27,Feynman,0.0,0.625,8.0,SRBench 2021
SBP-GP,feynman_I_34_27,Feynman,0.001,0.2,10.0,SRBench 2021
SBP-GP,feynman_I_34_27,Feynman,0.01,0.0,10.0,SRBench 2021
SBP-GP,feynman_I_34_27,Feynman,0.1,0.0,10.0,SRBench 2021
SBP-GP,feynman_I_34_8,Feynman,0.0,0.0,8.0,SRBench 2021
SBP-GP,feynman_I_34_8,Feynman,0.001,0.0,10.0,SRBench 2021
SBP-GP,feynman_I_34_8,Feynman,0.01,0.0,10.0,SRBench 2021
SBP-GP,feynman_I_34_8,Feynman,0.1,0.0,10.0,SRBench 2021
SBP-GP,feynman_I_37_4,Feynman,0.0,0.0,8.0,SRBench 2021
SBP-GP,feynman_I_37_4,Feynman,0.001,0.0,10.0,SRBench 2021
SBP-GP,feynman_I_37_4,Feynman,0.01,0.0,10.0,SRBench 2021
SBP-GP,feynman_I_37_4,Feynman,0.1,0.0,10.0,SRBench 2021
SBP-GP,feynman_I_38_12,Feynman,0.0,0.0,8.0,SRBench 2021
SBP-GP,feynman_I_38_12,Feynman,0.001,0.0,10.0,SRBench 2021
SBP-GP,feynman_I_38_12,Feynman,0.01,0.0,10.0,SRBench 2021
SBP-GP,feynman_I_38_12,Feynman,0.1,0.0,10.0,SRBench 2021
SBP-GP,feynman_I_39_1,Feynman,0.0,0.75,8.0,SRBench 2021
SBP-GP,feynman_I_39_1,Feynman,0.001,0.0,10.0,SRBench 2021
SBP-GP,feynman_I_39_1,Feynman,0.01,0.0,10.0,SRBench 2021
SBP-GP,feynman_I_39_1,Feynman,0.1,0.0,10.0,SRBench 2021
SBP-GP,feynman_I_39_11,Feynman,0.0,0.0,8.0,SRBench 2021
SBP-GP,feynman_I_39_11,Feynman,0.001,0.0,10.0,SRBench 2021
SBP-GP,feynman_I_39_11,Feynman,0.01,0.0,10.0,SRBench 2021
SBP-GP,feynman_I_39_11,Feynman,0.1,0.0,10.0,SRBench 2021
SBP-GP,feynman_I_39_22,Feynman,0.0,0.125,8.0,SRBench 2021
SBP-GP,feynman_I_39_22,Feynman,0.001,0.0,10.0,SRBench 2021
SBP-GP,feynman_I_39_22,Feynman,0.01,0.0,10.0,SRBench 2021
SBP-GP,feynman_I_39_22,Feynman,0.1,0.0,10.0,SRBench 2021
SBP-GP,feynman_I_40_1,Feynman,0.0,0.0,8.0,SRBench 2021
SBP-GP,feynman_I_40_1,Feynman,0.001,0.0,10.0,SRBench 2021
SBP-GP,feynman_I_40_1,Feynman,0.01,0.0,10.0,SRBench 2021
SBP-GP,feynman_I_40_1,Feynman,0.1,0.0,10.0,SRBench 2021
SBP-GP,feynman_I_41_16,Feynman,0.0,0.0,8.0,SRBench 2021
SBP-GP,feynman_I_41_16,Feynman,0.001,0.0,10.0,SRBench 2021
SBP-GP,feynman_I_41_16,Feynman,0.01,0.0,10.0,SRBench 2021
SBP-GP,feynman_I_41_16,Feynman,0.1,0.0,10.0,SRBench 2021
SBP-GP,feynman_I_43_16,Feynman,0.0,0.375,8.0,SRBench 2021
SBP-GP,feynman_I_43_16,Feynman,0.001,0.0,10.0,SRBench 2021
SBP-GP,feynman_I_43_16,Feynman,0.01,0.0,10.0,SRBench 2021
SBP-GP,feynman_I_43_16,Feynman,0.1,0.0,10.0,SRBench 2021
SBP-GP,feynman_I_43_31,Feynman,0.0,0.5,8.0,SRBench 2021
SBP-GP,feynman_I_43_31,Feynman,0.001,0.0,10.0,SRBench 2021
SBP-GP,feynman_I_43_31,Feynman,0.01,0.0,10.0,SRBench 2021
SBP-GP,feynman_I_43_31,Feynman,0.1,0.0,10.0,SRBench 2021
SBP-GP,feynman_I_43_43,Feynman,0.0,0.0,8.0,SRBench 2021
SBP-GP,feynman_I_43_43,Feynman,0.001,0.0,10.0,SRBench 2021
SBP-GP,feynman_I_43_43,Feynman,0.01,0.0,10.0,SRBench 2021
SBP-GP,feynman_I_43_43,Feynman,0.1,0.0,10.0,SRBench 2021
SBP-GP,feynman_I_44_4,Feynman,0.0,0.0,8.0,SRBench 2021
SBP-GP,feynman_I_44_4,Feynman,0.001,0.0,10.0,SRBench 2021
SBP-GP,feynman_I_44_4,Feynman,0.01,0.0,10.0,SRBench 2021
SBP-GP,feynman_I_44_4,Feynman,0.1,0.0,10.0,SRBench 2021
SBP-GP,feynman_I_47_23,Feynman,0.0,0.0,8.0,SRBench 2021
SBP-GP,feynman_I_47_23,Feynman,0.001,0.0,10.0,SRBench 2021
SBP-GP,feynman_I_47_23,Feynman,0.01,0.0,10.0,SRBench 2021
SBP-GP,feynman_I_47_23,Feynman,0.1,0.0,10.0,SRBench 2021
SBP-GP,feynman_I_48_2,Feynman,0.0,0.0,8.0,SRBench 2021
SBP-GP,feynman_I_48_2,Feynman,0.001,0.0,10.0,SRBench 2021
SBP-GP,feynman_I_48_2,Feynman,0.01,0.0,10.0,SRBench 2021
SBP-GP,feynman_I_48_2,Feynman,0.1,0.0,10.0,SRBench 2021
SBP-GP,feynman_I_50_26,Feynman,0.0,0.0,8.0,SRBench 2021
SBP-GP,feynman_I_50_26,Feynman,0.001,0.0,10.0,SRBench 2021
SBP-GP,feynman_I_50_26,Feynman,0.01,0.0,10.0,SRBench 2021
SBP-GP,feynman_I_50_26,Feynman,0.1,0.0,10.0,SRBench 2021
SBP-GP,feynman_I_6_2,Feynman,0.0,0.0,8.0,SRBench 2021
SBP-GP,feynman_I_6_2,Feynman,0.001,0.0,10.0,SRBench 2021
SBP-GP,feynman_I_6_2,Feynman,0.01,0.0,10.0,SRBench 2021
SBP-GP,feynman_I_6_2,Feynman,0.1,0.0,10.0,SRBench 2021
SBP-GP,feynman_I_6_2a,Feynman,0.0,0.0,8.0,SRBench 2021
SBP-GP,feynman_I_6_2a,Feynman,0.001,0.0,10.0,SRBench 2021
SBP-GP,feynman_I_6_2a,Feynman,0.01,0.0,10.0,SRBench 2021
SBP-GP,feynman_I_6_2a,Feynman,0.1,0.0,10.0,SRBench 2021
SBP-GP,feynman_I_6_2b,Feynman,0.0,0.0,8.0,SRBench 2021
SBP-GP,feynman_I_6_2b,Feynman,0.001,0.0,10.0,SRBench 2021
SBP-GP,feynman_I_6_2b,Feynman,0.01,0.0,10.0,SRBench 2021
SBP-GP,feynman_I_6_2b,Feynman,0.1,0.0,10.0,SRBench 2021
SBP-GP,feynman_I_8_14,Feynman,0.0,0.0,8.0,SRBench 2021
SBP-GP,feynman_I_8_14,Feynman,0.001,0.0,10.0,SRBench 2021
SBP-GP,feynman_I_8_14,Feynman,0.01,0.0,10.0,SRBench 2021
SBP-GP,feynman_I_8_14,Feynman,0.1,0.0,10.0,SRBench 2021
SBP-GP,feynman_I_9_18,Feynman,0.0,0.0,8.0,SRBench 2021
SBP-GP,feynman_I_9_18,Feynman,0.001,0.0,10.0,SRBench 2021
SBP-GP,feynman_I_9_18,Feynman,0.01,0.0,10.0,SRBench 2021
SBP-GP,feynman_I_9_18,Feynman,0.1,0.0,10.0,SRBench 2021
SBP-GP,feynman_test_1,Feynman,0.0,0.0,8.0,SRBench 2021
SBP-GP,feynman_test_1,Feynman,0.001,0.0,10.0,SRBench 2021
SBP-GP,feynman_test_1,Feynman,0.01,0.0,10.0,SRBench 2021
SBP-GP,feynman_test_1,Feynman,0.1,0.0,10.0,SRBench 2021
SBP-GP,feynman_test_11,Feynman,0.0,0.0,8.0,SRBench 2021
SBP-GP,feynman_test_11,Feynman,0.001,0.0,10.0,SRBench 2021
SBP-GP,feynman_test_11,Feynman,0.01,0.0,10.0,SRBench 2021
SBP-GP,feynman_test_11,Feynman,0.1,0.0,10.0,SRBench 2021
SBP-GP,feynman_test_12,Feynman,0.0,0.0,8.0,SRBench 2021
SBP-GP,feynman_test_12,Feynman,0.001,0.0,10.0,SRBench 2021
SBP-GP,feynman_test_12,Feynman,0.01,0.0,10.0,SRBench 2021
SBP-GP,feynman_test_12,Feynman,0.1,0.0,10.0,SRBench 2021
SBP-GP,feynman_test_13,Feynman,0.0,0.0,8.0,SRBench 2021
SBP-GP,feynman_test_13,Feynman,0.001,0.0,10.0,SRBench 2021
SBP-GP,feynman_test_13,Feynman,0.01,0.0,10.0,SRBench 2021
SBP-GP,feynman_test_13,Feynman,0.1,0.0,10.0,SRBench 2021
SBP-GP,feynman_test_14,Feynman,0.0,0.0,8.0,SRBench 2021
SBP-GP,feynman_test_14,Feynman,0.001,0.0,10.0,SRBench 2021
SBP-GP,feynman_test_14,Feynman,0.01,0.0,10.0,SRBench 2021
SBP-GP,feynman_test_14,Feynman,0.1,0.0,10.0,SRBench 2021
SBP-GP,feynman_test_15,Feynman,0.0,0.0,8.0,SRBench 2021
SBP-GP,feynman_test_15,Feynman,0.001,0.0,10.0,SRBench 2021
SBP-GP,feynman_test_15,Feynman,0.01,0.0,10.0,SRBench 2021
SBP-GP,feynman_test_15,Feynman,0.1,0.0,10.0,SRBench 2021
SBP-GP,feynman_test_16,Feynman,0.0,0.0,8.0,SRBench 2021
SBP-GP,feynman_test_16,Feynman,0.001,0.0,10.0,SRBench 2021
SBP-GP,feynman_test_16,Feynman,0.01,0.0,10.0,SRBench 2021
SBP-GP,feynman_test_16,Feynman,0.1,0.0,10.0,SRBench 2021
SBP-GP,feynman_test_17,Feynman,0.0,0.0,8.0,SRBench 2021
SBP-GP,feynman_test_17,Feynman,0.001,0.0,10.0,SRBench 2021
SBP-GP,feynman_test_17,Feynman,0.01,0.0,10.0,SRBench 2021
SBP-GP,feynman_test_17,Feynman,0.1,0.0,10.0,SRBench 2021
SBP-GP,feynman_test_18,Feynman,0.0,0.0,8.0,SRBench 2021
SBP-GP,feynman_test_18,Feynman,0.001,0.0,10.0,SRBench 2021
SBP-GP,feynman_test_18,Feynman,0.01,0.0,10.0,SRBench 2021
SBP-GP,feynman_test_18,Feynman,0.1,0.0,10.0,SRBench 2021
SBP-GP,feynman_test_19,Feynman,0.0,0.0,8.0,SRBench 2021
SBP-GP,feynman_test_19,Feynman,0.001,0.0,10.0,SRBench 2021
SBP-GP,feynman_test_19,Feynman,0.01,0.0,10.0,SRBench 2021
SBP-GP,feynman_test_19,Feynman,0.1,0.0,10.0,SRBench 2021
SBP-GP,feynman_test_2,Feynman,0.0,0.0,8.0,SRBench 2021
SBP-GP,feynman_test_2,Feynman,0.001,0.0,10.0,SRBench 2021
SBP-GP,feynman_test_2,Feynman,0.01,0.0,10.0,SRBench 2021
SBP-GP,feynman_test_2,Feynman,0.1,0.0,10.0,SRBench 2021
SBP-GP,feynman_test_20,Feynman,0.0,0.0,8.0,SRBench 2021
SBP-GP,feynman_test_20,Feynman,0.001,0.0,10.0,SRBench 2021
SBP-GP,feynman_test_20,Feynman,0.01,0.0,10.0,SRBench 2021
SBP-GP,feynman_test_20,Feynman,0.1,0.0,10.0,SRBench 2021
SBP-GP,feynman_test_3,Feynman,0.0,0.0,8.0,SRBench 2021
SBP-GP,feynman_test_3,Feynman,0.001,0.0,10.0,SRBench 2021
SBP-GP,feynman_test_3,Feynman,0.01,0.0,10.0,SRBench 2021
SBP-GP,feynman_test_3,Feynman,0.1,0.0,10.0,SRBench 2021
SBP-GP,feynman_test_4,Feynman,0.0,0.0,8.0,SRBench 2021
SBP-GP,feynman_test_4,Feynman,0.001,0.0,10.0,SRBench 2021
SBP-GP,feynman_test_4,Feynman,0.01,0.0,10.0,SRBench 2021
SBP-GP,feynman_test_4,Feynman,0.1,0.0,10.0,SRBench 2021
SBP-GP,feynman_test_5,Feynman,0.0,0.0,8.0,SRBench 2021
SBP-GP,feynman_test_5,Feynman,0.001,0.0,10.0,SRBench 2021
SBP-GP,feynman_test_5,Feynman,0.01,0.0,10.0,SRBench 2021
SBP-GP,feynman_test_5,Feynman,0.1,0.0,10.0,SRBench 2021
SBP-GP,feynman_test_6,Feynman,0.0,0.0,8.0,SRBench 2021
SBP-GP,feynman_test_6,Feynman,0.001,0.0,10.0,SRBench 2021
SBP-GP,feynman_test_6,Feynman,0.01,0.0,10.0,SRBench 2021
SBP-GP,feynman_test_6,Feynman,0.1,0.0,10.0,SRBench 2021
SBP-GP,feynman_test_7,Feynman,0.0,0.0,8.0,SRBench 2021
SBP-GP,feynman_test_7,Feynman,0.001,0.0,10.0,SRBench 2021
SBP-GP,feynman_test_7,Feynman,0.01,0.0,10.0,SRBench 2021
SBP-GP,feynman_test_7,Feynman,0.1,0.0,10.0,SRBench 2021
SBP-GP,feynman_test_8,Feynman,0.0,0.0,8.0,SRBench 2021
SBP-GP,feynman_test_8,Feynman,0.001,0.0,10.0,SRBench 2021
SBP-GP,feynman_test_8,Feynman,0.01,0.0,10.0,SRBench 2021
SBP-GP,feynman_test_8,Feynman,0.1,0.0,10.0,SRBench 2021
SBP-GP,feynman_test_9,Feynman,0.0,0.0,8.0,SRBench 2021
SBP-GP,feynman_test_9,Feynman,0.001,0.0,10.0,SRBench 2021
SBP-GP,feynman_test_9,Feynman,0.01,0.0,10.0,SRBench 2021
SBP-GP,feynman_test_9,Feynman,0.1,0.0,10.0,SRBench 2021
SBP-GP,strogatz_bacres1,Strogatz,0.0,0.0,8.0,SRBench 2021
SBP-GP,strogatz_bacres1,Strogatz,0.001,0.0,10.0,SRBench 2021
SBP-GP,strogatz_bacres1,Strogatz,0.01,0.0,10.0,SRBench 2021
SBP-GP,strogatz_bacres1,Strogatz,0.1,0.0,10.0,SRBench 2021
SBP-GP,strogatz_bacres2,Strogatz,0.0,0.0,8.0,SRBench 2021
SBP-GP,strogatz_bacres2,Strogatz,0.001,0.0,10.0,SRBench 2021
SBP-GP,strogatz_bacres2,Strogatz,0.01,0.0,10.0,SRBench 2021
SBP-GP,strogatz_bacres2,Strogatz,0.1,0.0,10.0,SRBench 2021
SBP-GP,strogatz_barmag1,Strogatz,0.0,0.375,8.0,SRBench 2021
SBP-GP,strogatz_barmag1,Strogatz,0.001,0.0,10.0,SRBench 2021
SBP-GP,strogatz_barmag1,Strogatz,0.01,0.0,10.0,SRBench 2021
SBP-GP,strogatz_barmag1,Strogatz,0.1,0.0,10.0,SRBench 2021
SBP-GP,strogatz_barmag2,Strogatz,0.0,0.25,8.0,SRBench 2021
SBP-GP,strogatz_barmag2,Strogatz,0.001,0.0,10.0,SRBench 2021
SBP-GP,strogatz_barmag2,Strogatz,0.01,0.0,10.0,SRBench 2021
SBP-GP,strogatz_barmag2,Strogatz,0.1,0.0,10.0,SRBench 2021
SBP-GP,strogatz_glider1,Strogatz,0.0,0.25,8.0,SRBench 2021
SBP-GP,strogatz_glider1,Strogatz,0.001,0.0,10.0,SRBench 2021
SBP-GP,strogatz_glider1,Strogatz,0.01,0.0,10.0,SRBench 2021
SBP-GP,strogatz_glider1,Strogatz,0.1,0.0,10.0,SRBench 2021
SBP-GP,strogatz_glider2,Strogatz,0.0,0.125,8.0,SRBench 2021
SBP-GP,strogatz_glider2,Strogatz,0.001,0.0,10.0,SRBench 2021
SBP-GP,strogatz_glider2,Strogatz,0.01,0.0,10.0,SRBench 2021
SBP-GP,strogatz_glider2,Strogatz,0.1,0.0,10.0,SRBench 2021
SBP-GP,strogatz_lv1,Strogatz,0.0,0.0,8.0,SRBench 2021
SBP-GP,strogatz_lv1,Strogatz,0.001,0.0,10.0,SRBench 2021
SBP-GP,strogatz_lv1,Strogatz,0.01,0.0,10.0,SRBench 2021
SBP-GP,strogatz_lv1,Strogatz,0.1,0.0,10.0,SRBench 2021
SBP-GP,strogatz_lv2,Strogatz,0.0,0.0,8.0,SRBench 2021
SBP-GP,strogatz_lv2,Strogatz,0.001,0.0,10.0,SRBench 2021
SBP-GP,strogatz_lv2,Strogatz,0.01,0.0,10.0,SRBench 2021
SBP-GP,strogatz_lv2,Strogatz,0.1,0.0,10.0,SRBench 2021
SBP-GP,strogatz_predprey1,Strogatz,0.0,0.0,8.0,SRBench 2021
SBP-GP,strogatz_predprey1,Strogatz,0.001,0.0,10.0,SRBench 2021
SBP-GP,strogatz_predprey1,Strogatz,0.01,0.0,10.0,SRBench 2021
SBP-GP,strogatz_predprey1,Strogatz,0.1,0.0,10.0,SRBench 2021
SBP-GP,strogatz_predprey2,Strogatz,0.0,0.0,8.0,SRBench 2021
SBP-GP,strogatz_predprey2,Strogatz,0.001,0.0,10.0,SRBench 2021
SBP-GP,strogatz_predprey2,Strogatz,0.01,0.0,10.0,SRBench 2021
SBP-GP,strogatz_predprey2,Strogatz,0.1,0.0,10.0,SRBench 2021
SBP-GP,strogatz_shearflow1,Strogatz,0.0,0.0,8.0,SRBench 2021
SBP-GP,strogatz_shearflow1,Strogatz,0.001,0.0,10.0,SRBench 2021
SBP-GP,strogatz_shearflow1,Strogatz,0.01,0.0,10.0,SRBench 2021
SBP-GP,strogatz_shearflow1,Strogatz,0.1,0.0,10.0,SRBench 2021
SBP-GP,strogatz_shearflow2,Strogatz,0.0,0.0,8.0,SRBench 2021
SBP-GP,strogatz_shearflow2,Strogatz,0.001,0.0,10.0,SRBench 2021
SBP-GP,strogatz_shearflow2,Strogatz,0.01,0.0,10.0,SRBench 2021
SBP-GP,strogatz_shearflow2,Strogatz,0.1,0.0,10.0,SRBench 2021
SBP-GP,strogatz_vdp1,Strogatz,0.0,0.125,8.0,SRBench 2021
SBP-GP,strogatz_vdp1,Strogatz,0.001,0.0,10.0,SRBench 2021
SBP-GP,strogatz_vdp1,Strogatz,0.01,0.0,10.0,SRBench 2021
SBP-GP,strogatz_vdp1,Strogatz,0.1,0.0,10.0,SRBench 2021
SBP-GP,strogatz_vdp2,Strogatz,0.0,0.5,8.0,SRBench 2021
SBP-GP,strogatz_vdp2,Strogatz,0.001,0.0,10.0,SRBench 2021
SBP-GP,strogatz_vdp2,Strogatz,0.01,0.0,10.0,SRBench 2021
SBP-GP,strogatz_vdp2,Strogatz,0.1,0.0,10.0,SRBench 2021
gplearn,feynman_III_10_19,Feynman,0.0,0.0,8.0,SRBench 2021
gplearn,feynman_III_10_19,Feynman,0.001,0.0,10.0,SRBench 2021
gplearn,feynman_III_10_19,Feynman,0.01,0.0,10.0,SRBench 2021
gplearn,feynman_III_10_19,Feynman,0.1,0.0,10.0,SRBench 2021
gplearn,feynman_III_12_43,Feynman,0.0,0.125,8.0,SRBench 2021
gplearn,feynman_III_12_43,Feynman,0.001,0.2,10.0,SRBench 2021
gplearn,feynman_III_12_43,Feynman,0.01,0.2,10.0,SRBench 2021
gplearn,feynman_III_12_43,Feynman,0.1,0.3,10.0,SRBench 2021
gplearn,feynman_III_13_18,Feynman,0.0,0.0,7.0,SRBench 2021
gplearn,feynman_III_13_18,Feynman,0.001,0.0,8.0,SRBench 2021
gplearn,feynman_III_13_18,Feynman,0.01,0.0,7.0,SRBench 2021
gplearn,feynman_III_13_18,Feynman,0.1,0.0,9.0,SRBench 2021
gplearn,feynman_III_14_14,Feynman,0.0,0.0,8.0,SRBench 2021
gplearn,feynman_III_14_14,Feynman,0.001,0.0,10.0,SRBench 2021
gplearn,feynman_III_14_14,Feynman,0.01,0.0,10.0,SRBench 2021
gplearn,feynman_III_14_14,Feynman,0.1,0.0,10.0,SRBench 2021
gplearn,feynman_III_15_12,Feynman,0.0,0.125,8.0,SRBench 2021
gplearn,feynman_III_15_12,Feynman,0.001,0.1111111111111111,9.0,SRBench 2021
gplearn,feynman_III_15_12,Feynman,0.01,0.1,10.0,SRBench 2021
gplearn,feynman_III_15_12,Feynman,0.1,0.1,10.0,SRBench 2021
gplearn,feynman_III_15_14,Feynman,0.0,0.0,8.0,SRBench 2021
gplearn,feynman_III_15_14,Feynman,0.001,0.0,10.0,SRBench 2021
gplearn,feynman_III_15_14,Feynman,0.01,0.0,10.0,SRBench 2021
gplearn,feynman_III_15_14,Feynman,0.1,0.0,10.0,SRBench 2021
gplearn,feynman_III_15_27,Feynman,0.0,0.125,8.0,SRBench 2021
gplearn,feynman_III_15_27,Feynman,0.001,0.1,10.0,SRBench 2021
gplearn,feynman_III_15_27,Feynman,0.01,0.2,10.0,SRBench 2021
gplearn,feynman_III_15_27,Feynman,0.1,0.1,10.0,SRBench 2021
gplearn,feynman_III_17_37,Feynman,0.0,0.375,8.0,SRBench 2021
gplearn,feynman_III_17_37,Feynman,0.001,0.3,10.0,SRBench 2021
gplearn,feynman_III_17_37,Feynman,0.01,0.3,10.0,SRBench 2021
gplearn,feynman_III_17_37,Feynman,0.1,0.3,10.0,SRBench 2021
gplearn,feynman_III_19_51,Feynman,0.0,0.25,8.0,SRBench 2021
gplearn,feynman_III_19_51,Feynman,0.001,0.2,10.0,SRBench 2021
gplearn,feynman_III_19_51,Feynman,0.01,0.1,10.0,SRBench 2021
gplearn,feynman_III_19_51,Feynman,0.1,0.1,10.0,SRBench 2021
gplearn,feynman_III_21_20,Feynman,0.0,0.375,8.0,SRBench 2021
gplearn,feynman_III_21_20,Feynman,0.001,0.4,10.0,SRBench 2021
gplearn,feynman_III_21_20,Feynman,0.01,0.0,10.0,SRBench 2021
gplearn,feynman_III_21_20,Feynman,0.1,0.0,10.0,SRBench 2021
gplearn,feynman_III_4_32,Feynman,0.0,0.0,8.0,SRBench 2021
gplearn,feynman_III_4_32,Feynman,0.001,0.0,10.0,SRBench 2021
gplearn,feynman_III_4_32,Feynman,0.01,0.0,10.0,SRBench 2021
gplearn,feynman_III_4_32,Feynman,0.1,0.0,10.0,SRBench 2021
gplearn,feynman_III_4_33,Feynman,0.0,0.0,8.0,SRBench 2021
gplearn,feynman_III_4_33,Feynman,0.001,0.0,10.0,SRBench 2021
gplearn,feynman_III_4_33,Feynman,0.01,0.0,10.0,SRBench 2021
gplearn,feynman_III_4_33,Feynman,0.1,0.0,10.0,SRBench 2021
gplearn,feynman_III_7_38,Feynman,0.0,0.0,8.0,SRBench 2021
gplearn,feynman_III_7_38,Feynman,0.001,0.0,10.0,SRBench 2021
gplearn,feynman_III_7_38,Feynman,0.01,0.0,10.0,SRBench 2021
gplearn,feynman_III_7_38,Feynman,0.1,0.0,10.0,SRBench 2021
gplearn,feynman_III_8_54,Feynman,0.0,0.0,8.0,SRBench 2021
gplearn,feynman_III_8_54,Feynman,0.001,0.0,10.0,SRBench 2021
gplearn,feynman_III_8_54,Feynman,0.01,0.0,10.0,SRBench 2021
gplearn,feynman_III_8_54,Feynman,0.1,0.0,10.0,SRBench 2021
gplearn,feynman_III_9_52,Feynman,0.0,0.0,8.0,SRBench 2021
gplearn,feynman_III_9_52,Feynman,0.001,0.0,10.0,SRBench 2021
gplearn,feynman_III_9_52,Feynman,0.01,0.0,10.0,SRBench 2021
gplearn,feynman_III_9_52,Feynman,0.1,0.0,10.0,SRBench 2021
gplearn,feynman_II_10_9,Feynman,0.0,0.375,8.0,SRBench 2021
gplearn,feynman_II_10_9,Feynman,0.001,0.4,10.0,SRBench 2021
gplearn,feynman_II_10_9,Feynman,0.01,0.4,10.0,SRBench 2021
gplearn,feynman_II_10_9,Feynman,0.1,0.3,10.0,SRBench 2021
gplearn,feynman_II_11_20,Feynman,0.0,0.0,8.0,SRBench 2021
gplearn,feynman_II_11_20,Feynman,0.001,0.0,10.0,SRBench 2021
gplearn,feynman_II_11_20,Feynman,0.01,0.0,10.0,SRBench 2021
gplearn,feynman_II_11_20,Feynman,0.1,0.0,10.0,SRBench 2021
gplearn,feynman_II_11_27,Feynman,0.0,0.0,8.0,SRBench 2021
gplearn,feynman_II_11_27,Feynman,0.001,0.0,10.0,SRBench 2021
gplearn,feynman_II_11_27,Feynman,0.01,0.0,10.0,SRBench 2021
gplearn,feynman_II_11_27,Feynman,0.1,0.0,10.0,SRBench 2021
gplearn,feynman_II_11_28,Feynman,0.0,0.0,8.0,SRBench 2021
gplearn,feynman_II_11_28,Feynman,0.001,0.0,10.0,SRBench 2021
gplearn,feynman_II_11_28,Feynman,0.01,0.0,10.0,SRBench 2021
gplearn,feynman_II_11_28,Feynman,0.1,0.0,10.0,SRBench 2021
gplearn,feynman_II_11_3,Feynman,0.0,0.0,8.0,SRBench 2021
gplearn,feynman_II_11_3,Feynman,0.001,0.0,10.0,SRBench 2021
gplearn,feynman_II_11_3,Feynman,0.01,0.0,10.0,SRBench 2021
gplearn,feynman_II_11_3,Feynman,0.1,0.0,10.0,SRBench 2021
gplearn,feynman_II_13_17,Feynman,0.0,0.0,8.0,SRBench 2021
gplearn,feynman_II_13_17,Feynman,0.001,0.0,10.0,SRBench 2021
gplearn,feynman_II_13_17,Feynman,0.01,0.0,10.0,SRBench 2021
gplearn,feynman_II_13_17,Feynman,0.1,0.0,10.0,SRBench 2021
gplearn,feynman_II_13_23,Feynman,0.0,0.0,8.0,SRBench 2021
gplearn,feynman_II_13_23,Feynman,0.001,0.0,10.0,SRBench 2021
gplearn,feynman_II_13_23,Feynman,0.01,0.0,10.0,SRBench 2021
gplearn,feynman_II_13_23,Feynman,0.1,0.0,10.0,SRBench 2021
gplearn,feynman_II_13_34,Feynman,0.0,0.0,8.0,SRBench 2021
gplearn,feynman_II_13_34,Feynman,0.001,0.0,10.0,SRBench 2021
gplearn,feynman_II_13_34,Feynman,0.01,0.0,10.0,SRBench 2021
gplearn,feynman_II_13_34,Feynman,0.1,0.0,10.0,SRBench 2021
gplearn,feynman_II_15_4,Feynman,0.0,0.25,8.0,SRBench 2021
gplearn,feynman_II_15_4,Feynman,0.001,0.1,10.0,SRBench 2021
gplearn,feynman_II_15_4,Feynman,0.01,0.1,10.0,SRBench 2021
gplearn,feynman_II_15_4,Feynman,0.1,0.1,10.0,SRBench 2021
gplearn,feynman_II_15_5,Feynman,0.0,0.375,8.0,SRBench 2021
gplearn,feynman_II_15_5,Feynman,0.001,0.4,10.0,SRBench 2021
gplearn,feynman_II_15_5,Feynman,0.01,0.3,10.0,SRBench 2021
gplearn,feynman_II_15_5,Feynman,0.1,0.4,10.0,SRBench 2021
gplearn,feynman_II_21_32,Feynman,0.0,0.0,8.0,SRBench 2021
gplearn,feynman_II_21_32,Feynman,0.001,0.0,10.0,SRBench 2021
gplearn,feynman_II_21_32,Feynman,0.01,0.0,10.0,SRBench 2021
gplearn,feynman_II_21_32,Feynman,0.1,0.0,10.0,SRBench 2021
gplearn,feynman_II_24_17,Feynman,0.0,0.0,8.0,SRBench 2021
gplearn,feynman_II_24_17,Feynman,0.001,0.0,10.0,SRBench 2021
gplearn,feynman_II_24_17,Feynman,0.01,0.0,10.0,SRBench 2021
gplearn,feynman_II_24_17,Feynman,0.1,0.0,10.0,SRBench 2021
gplearn,feynman_II_27_16,Feynman,0.0,0.875,8.0,SRBench 2021
gplearn,feynman_II_27_16,Feynman,0.001,0.9,10.0,SRBench 2021
gplearn,feynman_II_27_16,Feynman,0.01,0.9,10.0,SRBench 2021
gplearn,feynman_II_27_16,Feynman,0.1,0.9,10.0,SRBench 2021
gplearn,feynman_II_27_18,Feynman,0.0,1.0,8.0,SRBench 2021
gplearn,feynman_II_27_18,Feynman,0.001,1.0,10.0,SRBench 2021
gplearn,feynman_II_27_18,Feynman,0.01,1.0,10.0,SRBench 2021
gplearn,feynman_II_27_18,Feynman,0.1,1.0,10.0,SRBench 2021
gplearn,feynman_II_2_42,Feynman,0.0,0.25,8.0,SRBench 2021
gplearn,feynman_II_2_42,Feynman,0.001,0.3,10.0,SRBench 2021
gplearn,feynman_II_2_42,Feynman,0.01,0.3,10.0,SRBench 2021
gplearn,feynman_II_2_42,Feynman,0.1,0.3,10.0,SRBench 2021
gplearn,feynman_II_34_11,Feynman,0.0,0.0,8.0,SRBench 2021
gplearn,feynman_II_34_11,Feynman,0.001,0.0,10.0,SRBench 2021
gplearn,feynman_II_34_11,Feynman,0.01,0.1,10.0,SRBench 2021
gplearn,feynman_II_34_11,Feynman,0.1,0.0,10.0,SRBench 2021
gplearn,feynman_II_34_2,Feynman,0.0,0.0,8.0,SRBench 2021
gplearn,feynman_II_34_2,Feynman,0.001,0.0,10.0,SRBench 2021
gplearn,feynman_II_34_2,Feynman,0.01,0.0,10.0,SRBench 2021
gplearn,feynman_II_34_2,Feynman,0.1,0.0,10.0,SRBench 2021
gplearn,feynman_II_34_29a,Feynman,0.0,0.125,8.0,SRBench 2021
gplearn,feynman_II_34_29a,Feynman,0.001,0.1,10.0,SRBench 2021
gplearn,feynman_II_34_29a,Feynman,0.01,0.1,10.0,SRBench 2021
gplearn,feynman_II_34_29a,Feynman,0.1,0.2,10.0,SRBench 2021
gplearn,feynman_II_34_29b,Feynman,0.0,0.0,8.0,SRBench 2021
gplearn,feynman_II_34_29b,Feynman,0.001,0.0,8.0,SRBench 2021
gplearn,feynman_II_34_29b,Feynman,0.01,0.0,10.0,SRBench 2021
gplearn,feynman_II_34_29b,Feynman,0.1,0.0,7.0,SRBench 2021
gplearn,feynman_II_34_2a,Feynman,0.0,0.0,8.0,SRBench 2021
gplearn,feynman_II_34_2a,Feynman,0.001,0.0,10.0,SRBench 2021
gplearn,feynman_II_34_2a,Feynman,0.01,0.1,10.0,SRBench 2021
gplearn,feynman_II_34_2a,Feynman,0.1,0.0,10.0,SRBench 2021
gplearn,feynman_II_35_18,Feynman,0.0,0.0,8.0,SRBench 2021
gplearn,feynman_II_35_18,Feynman,0.001,0.0,10.0,SRBench 2021
gplearn,feynman_II_35_18,Feynman,0.01,0.0,10.0,SRBench 2021
gplearn,feynman_II_35_18,Feynman,0.1,0.0,10.0,SRBench 2021
gplearn,feynman_II_35_21,Feynman,0.0,0.0,8.0,SRBench 2021
gplearn,feynman_II_35_21,Feynman,0.001,0.0,10.0,SRBench 2021
gplearn,feynman_II_35_21,Feynman,0.01,0.0,10.0,SRBench 2021
gplearn,feynman_II_35_21,Feynman,0.1,0.0,10.0,SRBench 2021
gplearn,feynman_II_36_38,Feynman,0.0,0.125,8.0,SRBench 2021
gplearn,feynman_II_36_38,Feynman,0.001,0.1,10.0,SRBench 2021
gplearn,feynman_II_36_38,Feynman,0.01,0.1,10.0,SRBench 2021
gplearn,feynman_II_36_38,Feynman,0.1,0.1,10.0,SRBench 2021
gplearn,feynman_II_37_1,Feynman,0.0,0.75,8.0,SRBench 2021
gplearn,feynman_II_37_1,Feynman,0.001,0.8,10.0,SRBench 2021
gplearn,feynman_II_37_1,Feynman,0.01,0.9,10.0,SRBench 2021
gplearn,feynman_II_37_1,Feynman,0.1,0.9,10.0,SRBench 2021
gplearn,feynman_II_38_14,Feynman,0.0,0.0,8.0,SRBench 2021
gplearn,feynman_II_38_14,Feynman,0.001,0.0,10.0,SRBench 2021
gplearn,feynman_II_38_14,Feynman,0.01,0.0,10.0,SRBench 2021
gplearn,feynman_II_38_14,Feynman,0.1,0.0,10.0,SRBench 2021
gplearn,feynman_II_38_3,Feynman,0.0,0.625,8.0,SRBench 2021
gplearn,feynman_II_38_3,Feynman,0.001,0.7,10.0,SRBench 2021
gplearn,feynman_II_38_3,Feynman,0.01,0.8,10.0,SRBench 2021
gplearn,feynman_II_38_3,Feynman,0.1,0.6,10.0,SRBench 2021
gplearn,feynman_II_3_24,Feynman,0.0,0.25,8.0,SRBench 2021
gplearn,feynman_II_3_24,Feynman,0.001,0.4,10.0,SRBench 2021
gplearn,feynman_II_3_24,Feynman,0.01,0.4,10.0,SRBench 2021
gplearn,feynman_II_3_24,Feynman,0.1,0.4,10.0,SRBench 2021
gplearn,feynman_II_4_23,Feynman,0.0,0.125,8.0,SRBench 2021
gplearn,feynman_II_4_23,Feynman,0.001,0.1,10.0,SRBench 2021
gplearn,feynman_II_4_23,Feynman,0.01,0.1,10.0,SRBench 2021
gplearn,feynman_II_4_23,Feynman,0.1,0.1,10.0,SRBench 2021
gplearn,feynman_II_6_11,Feynman,0.0,0.0,8.0,SRBench 2021
gplearn,feynman_II_6_11,Feynman,0.001,0.0,10.0,SRBench 2021
gplearn,feynman_II_6_11,Feynman,0.01,0.0,10.0,SRBench 2021
gplearn,feynman_II_6_11,Feynman,0.1,0.0,10.0,SRBench 2021
gplearn,feynman_II_6_15a,Feynman,0.0,0.0,8.0,SRBench 2021
gplearn,feynman_II_6_15a,Feynman,0.001,0.0,10.0,SRBench 2021
gplearn,feynman_II_6_15a,Feynman,0.01,0.0,10.0,SRBench 2021
gplearn,feynman_II_6_15a,Feynman,0.1,0.0,10.0,SRBench 2021
gplearn,feynman_II_6_15b,Feynman,0.0,0.0,8.0,SRBench 2021
gplearn,feynman_II_6_15b,Feynman,0.001,0.0,10.0,SRBench 2021
gplearn,feynman_II_6_15b,Feynman,0.01,0.0,10.0,SRBench 2021
gplearn,feynman_II_6_15b,Feynman,0.1,0.0,10.0,SRBench 2021
gplearn,feynman_II_8_31,Feynman,0.0,0.0,8.0,SRBench 2021
gplearn,feynman_II_8_31,Feynman,0.001,0.0,10.0,SRBench 2021
gplearn,feynman_II_8_31,Feynman,0.01,0.1,10.0,SRBench 2021
gplearn,feynman_II_8_31,Feynman,0.1,0.0,10.0,SRBench 2021
gplearn,feynman_II_8_7,Feynman,0.0,0.125,8.0,SRBench 2021
gplearn,feynman_II_8_7,Feynman,0.001,0.2,10.0,SRBench 2021
gplearn,feynman_II_8_7,Feynman,0.01,0.3,10.0,SRBench 2021
gplearn,feynman_II_8_7,Feynman,0.1,0.1,10.0,SRBench 2021
gplearn,feynman_I_10_7,Feynman,0.0,0.0,8.0,SRBench 2021
gplearn,feynman_I_10_7,Feynman,0.001,0.0,10.0,SRBench 2021
gplearn,feynman_I_10_7,Feynman,0.01,0.0,10.0,SRBench 2021
gplearn,feynman_I_10_7,Feynman,0.1,0.0,10.0,SRBench 2021
gplearn,feynman_I_11_19,Feynman,0.0,0.0,8.0,SRBench 2021
gplearn,feynman_I_11_19,Feynman,0.001,0.0,10.0,SRBench 2021
gplearn,feynman_I_11_19,Feynman,0.01,0.0,10.0,SRBench 2021
gplearn,feynman_I_11_19,Feynman,0.1,0.0,10.0,SRBench 2021
gplearn,feynman_I_12_1,Feynman,0.0,1.0,8.0,SRBench 2021
gplearn,feynman_I_12_1,Feynman,0.001,1.0,10.0,SRBench 2021
gplearn,feynman_I_12_1,Feynman,0.01,1.0,10.0,SRBench 2021
gplearn,feynman_I_12_1,Feynman,0.1,1.0,10.0,SRBench 2021
gplearn,feynman_I_12_11,Feynman,0.0,0.25,8.0,SRBench 2021
gplearn,feynman_I_12_11,Feynman,0.001,0.3,10.0,SRBench 2021
gplearn,feynman_I_12_11,Feynman,0.01,0.3,10.0,SRBench 2021
gplearn,feynman_I_12_11,Feynman,0.1,0.5,10.0,SRBench 2021
gplearn,feynman_I_12_2,Feynman,0.0,0.0,8.0,SRBench 2021
gplearn,feynman_I_12_2,Feynman,0.001,0.0,10.0,SRBench 2021
gplearn,feynman_I_12_2,Feynman,0.01,0.0,10.0,SRBench 2021
gplearn,feynman_I_12_2,Feynman,0.1,0.1,10.0,SRBench 2021
gplearn,feynman_I_12_4,Feynman,0.0,0.0,8.0,SRBench 2021
gplearn,feynman_I_12_4,Feynman,0.001,0.0,10.0,SRBench 2021
gplearn,feynman_I_12_4,Feynman,0.01,0.0,10.0,SRBench 2021
gplearn,feynman_I_12_4,Feynman,0.1,0.0,10.0,SRBench 2021
gplearn,feynman_I_12_5,Feynman,0.0,1.0,8.0,SRBench 2021
gplearn,feynman_I_12_5,Feynman,0.001,1.0,10.0,SRBench 2021
gplearn,feynman_I_12_5,Feynman,0.01,1.0,10.0,SRBench 2021
gplearn,feynman_I_12_5,Feynman,0.1,1.0,10.0,SRBench 2021
gplearn,feynman_I_13_12,Feynman,0.0,0.5,8.0,SRBench 2021
gplearn,feynman_I_13_12,Feynman,0.001,0.3,10.0,SRBench 2021
gplearn,feynman_I_13_12,Feynman,0.01,0.4,10.0,SRBench 2021
gplearn,feynman_I_13_12,Feynman,0.1,0.1,10.0,SRBench 2021
gplearn,feynman_I_13_4,Feynman,0.0,0.0,8.0,SRBench 2021
gplearn,feynman_I_13_4,Feynman,0.001,0.0,10.0,SRBench 2021
gplearn,feynman_I_13_4,Feynman,0.01,0.0,10.0,SRBench 2021
gplearn,feynman_I_13_4,Feynman,0.1,0.0,10.0,SRBench 2021
gplearn,feynman_I_14_3,Feynman,0.0,1.0,8.0,SRBench 2021
gplearn,feynman_I_14_3,Feynman,0.001,1.0,10.0,SRBench 2021
gplearn,feynman_I_14_3,Feynman,0.01,1.0,10.0,SRBench 2021
gplearn,feynman_I_14_3,Feynman,0.1,1.0,10.0,SRBench 2021
gplearn,feynman_I_14_4,Feynman,0.0,0.0,8.0,SRBench 2021
gplearn,feynman_I_14_4,Feynman,0.001,0.0,10.0,SRBench 2021
gplearn,feynman_I_14_4,Feynman,0.01,0.0,10.0,SRBench 2021
gplearn,feynman_I_14_4,Feynman,0.1,0.0,10.0,SRBench 2021
gplearn,feynman_I_15_10,Feynman,0.0,0.0,8.0,SRBench 2021
gplearn,feynman_I_15_10,Feynman,0.001,0.0,10.0,SRBench 2021
gplearn,feynman_I_15_10,Feynman,0.01,0.0,10.0,SRBench 2021
gplearn,feynman_I_15_10,Feynman,0.1,0.0,10.0,SRBench 2021
gplearn,feynman_I_15_3t,Feynman,0.0,0.0,8.0,SRBench 2021
gplearn,feynman_I_15_3t,Feynman,0.001,0.0,10.0,SRBench 2021
gplearn,feynman_I_15_3t,Feynman,0.01,0.0,10.0,SRBench 2021
gplearn,feynman_I_15_3t,Feynman,0.1,0.0,10.0,SRBench 2021
gplearn,feynman_I_15_3x,Feynman,0.0,0.0,8.0,SRBench 2021
gplearn,feynman_I_15_3x,Feynman,0.001,0.0,10.0,SRBench 2021
gplearn,feynman_I_15_3x,Feynman,0.01,0.0,10.0,SRBench 2021
gplearn,feynman_I_15_3x,Feynman,0.1,0.0,10.0,SRBench 2021
gplearn,feynman_I_16_6,Feynman,0.0,0.0,8.0,SRBench 2021
gplearn,feynman_I_16_6,Feynman,0.001,0.0,10.0,SRBench 2021
gplearn,feynman_I_16_6,Feynman,0.01,0.0,10.0,SRBench 2021
gplearn,feynman_I_16_6,Feynman,0.1,0.0,10.0,SRBench 2021
gplearn,feynman_I_18_12,Feynman,0.0,1.0,8.0,SRBench 2021
gplearn,feynman_I_18_12,Feynman,0.001,1.0,10.0,SRBench 2021
gplearn,feynman_I_18_12,Feynman,0.01,1.0,10.0,SRBench 2021
gplearn,feynman_I_18_12,Feynman,0.1,1.0,10.0,SRBench 2021
gplearn,feynman_I_18_14,Feynman,0.0,0.875,8.0,SRBench 2021
gplearn,feynman_I_18_14,Feynman,0.001,0.9,10.0,SRBench 2021
gplearn,feynman_I_18_14,Feynman,0.01,0.8,10.0,SRBench 2021
gplearn,feynman_I_18_14,Feynman,0.1,0.9,10.0,SRBench 2021
gplearn,feynman_I_18_4,Feynman,0.0,0.0,8.0,SRBench 2021
gplearn,feynman_I_18_4,Feynman,0.001,0.0,10.0,SRBench 2021
gplearn,feynman_I_18_4,Feynman,0.01,0.0,10.0,SRBench 2021
gplearn,feynman_I_18_4,Feynman,0.1,0.0,10.0,SRBench 2021
gplearn,feynman_I_24_6,Feynman,0.0,0.0,8.0,SRBench 2021
gplearn,feynman_I_24_6,Feynman,0.001,0.0,10.0,SRBench 2021
gplearn,feynman_I_24_6,Feynman,0.01,0.0,10.0,SRBench 2021
gplearn,feynman_I_24_6,Feynman,0.1,0.0,10.0,SRBench 2021
gplearn,feynman_I_25_13,Feynman,0.0,1.0,8.0,SRBench 2021
gplearn,feynman_I_25_13,Feynman,0.001,1.0,10.0,SRBench 2021
gplearn,feynman_I_25_13,Feynman,0.01,1.0,10.0,SRBench 2021
gplearn,feynman_I_25_13,Feynman,0.1,1.0,10.0,SRBench 2021
gplearn,feynman_I_27_6,Feynman,0.0,0.125,8.0,SRBench 2021
gplearn,feynman_I_27_6,Feynman,0.001,0.1,10.0,SRBench 2021
gplearn,feynman_I_27_6,Feynman,0.01,0.1,10.0,SRBench 2021
gplearn,feynman_I_27_6,Feynman,0.1,0.1,10.0,SRBench 2021
gplearn,feynman_I_29_16,Feynman,0.0,0.0,8.0,SRBench 2021
gplearn,feynman_I_29_16,Feynman,0.001,0.0,10.0,SRBench 2021
gplearn,feynman_I_29_16,Feynman,0.01,0.0,10.0,SRBench 2021
gplearn,feynman_I_29_16,Feynman,0.1,0.0,10.0,SRBench 2021
gplearn,feynman_I_29_4,Feynman,0.0,1.0,8.0,SRBench 2021
gplearn,feynman_I_29_4,Feynman,0.001,1.0,10.0,SRBench 2021
gplearn,feynman_I_29_4,Feynman,0.01,1.0,10.0,SRBench 2021
gplearn,feynman_I_29_4,Feynman,0.1,1.0,10.0,SRBench 2021
gplearn,feynman_I_30_3,Feynman,0.0,0.0,8.0,SRBench 2021
gplearn,feynman_I_30_3,Feynman,0.001,0.0,10.0,SRBench 2021
gplearn,feynman_I_30_3,Feynman,0.01,0.0,10.0,SRBench 2021
gplearn,feynman_I_30_3,Feynman,0.1,0.0,10.0,SRBench 2021
gplearn,feynman_I_32_17,Feynman,0.0,0.0,8.0,SRBench 2021
gplearn,feynman_I_32_17,Feynman,0.001,0.0,10.0,SRBench 2021
gplearn,feynman_I_32_17,Feynman,0.01,0.0,10.0,SRBench 2021
gplearn,feynman_I_32_17,Feynman,0.1,0.0,10.0,SRBench 2021
gplearn,feynman_I_32_5,Feynman,0.0,0.125,8.0,SRBench 2021
gplearn,feynman_I_32_5,Feynman,0.001,0.1,10.0,SRBench 2021
gplearn,feynman_I_32_5,Feynman,0.01,0.1,10.0,SRBench 2021
gplearn,feynman_I_32_5,Feynman,0.1,0.1,10.0,SRBench 2021
gplearn,feynman_I_34_1,Feynman,0.0,0.375,8.0,SRBench 2021
gplearn,feynman_I_34_1,Feynman,0.001,0.3,10.0,SRBench 2021
gplearn,feynman_I_34_1,Feynman,0.01,0.3,10.0,SRBench 2021
gplearn,feynman_I_34_1,Feynman,0.1,0.2,10.0,SRBench 2021
gplearn,feynman_I_34_14,Feynman,0.0,0.0,8.0,SRBench 2021
gplearn,feynman_I_34_14,Feynman,0.001,0.0,10.0,SRBench 2021
gplearn,feynman_I_34_14,Feynman,0.01,0.0,10.0,SRBench 2021
gplearn,feynman_I_34_14,Feynman,0.1,0.0,10.0,SRBench 2021
gplearn,feynman_I_34_27,Feynman,0.0,0.125,8.0,SRBench 2021
gplearn,feynman_I_34_27,Feynman,0.001,0.2,10.0,SRBench 2021
gplearn,feynman_I_34_27,Feynman,0.01,0.2,10.0,SRBench 2021
gplearn,feynman_I_34_27,Feynman,0.1,0.2,10.0,SRBench 2021
gplearn,feynman_I_34_8,Feynman,0.0,0.875,8.0,SRBench 2021
gplearn,feynman_I_34_8,Feynman,0.001,1.0,10.0,SRBench 2021
gplearn,feynman_I_34_8,Feynman,0.01,0.9,10.0,SRBench 2021
gplearn,feynman_I_34_8,Feynman,0.1,1.0,10.0,SRBench 2021
gplearn,feynman_I_37_4,Feynman,0.0,0.0,8.0,SRBench 2021
gplearn,feynman_I_37_4,Feynman,0.001,0.0,10.0,SRBench 2021
gplearn,feynman_I_37_4,Feynman,0.01,0.0,10.0,SRBench 2021
gplearn,feynman_I_37_4,Feynman,0.1,0.0,10.0,SRBench 2021
gplearn,feynman_I_38_12,Feynman,0.0,0.0,8.0,SRBench 2021
gplearn,feynman_I_38_12,Feynman,0.001,0.0,10.0,SRBench 2021
gplearn,feynman_I_38_12,Feynman,0.01,0.0,10.0,SRBench 2021
gplearn,feynman_I_38_12,Feynman,0.1,0.0,10.0,SRBench 2021
gplearn,feynman_I_39_1,Feynman,0.0,0.375,8.0,SRBench 2021
gplearn,feynman_I_39_1,Feynman,0.001,0.4,10.0,SRBench 2021
gplearn,feynman_I_39_1,Feynman,0.01,0.3,10.0,SRBench 2021
gplearn,feynman_I_39_1,Feynman,0.1,0.3,10.0,SRBench 2021
gplearn,feynman_I_39_11,Feynman,0.0,0.0,8.0,SRBench 2021
gplearn,feynman_I_39_11,Feynman,0.001,0.0,10.0,SRBench 2021
gplearn,feynman_I_39_11,Feynman,0.01,0.0,10.0,SRBench 2021
gplearn,feynman_I_39_11,Feynman,0.1,0.0,10.0,SRBench 2021
gplearn,feynman_I_39_22,Feynman,0.0,0.5,8.0,SRBench 2021
gplearn,feynman_I_39_22,Feynman,0.001,0.8,10.0,SRBench 2021
gplearn,feynman_I_39_22,Feynman,0.01,0.7,10.0,SRBench 2021
gplearn,feynman_I_39_22,Feynman,0.1,0.7,10.0,SRBench 2021
gplearn,feynman_I_40_1,Feynman,0.0,0.0,8.0,SRBench 2021
gplearn,feynman_I_40_1,Feynman,0.001,0.0,10.0,SRBench 2021
gplearn,feynman_I_40_1,Feynman,0.01,0.0,10.0,SRBench 2021
gplearn,feynman_I_40_1,Feynman,0.1,0.0,10.0,SRBench 2021
gplearn,feynman_I_41_16,Feynman,0.0,0.0,8.0,SRBench 2021
gplearn,feynman_I_41_16,Feynman,0.001,0.0,10.0,SRBench 2021
gplearn,feynman_I_41_16,Feynman,0.01,0.0,10.0,SRBench 2021
gplearn,feynman_I_41_16,Feynman,0.1,0.0,10.0,SRBench 2021
gplearn,feynman_I_43_16,Feynman,0.0,0.75,8.0,SRBench 2021
gplearn,feynman_I_43_16,Feynman,0.001,0.9,10.0,SRBench 2021
gplearn,feynman_I_43_16,Feynman,0.01,0.9,10.0,SRBench 2021
gplearn,feynman_I_43_16,Feynman,0.1,1.0,10.0,SRBench 2021
gplearn,feynman_I_43_31,Feynman,0.0,0.875,8.0,SRBench 2021
gplearn,feynman_I_43_31,Feynman,0.001,1.0,10.0,SRBench 2021
gplearn,feynman_I_43_31,Feynman,0.01,1.0,10.0,SRBench 2021
gplearn,feynman_I_43_31,Feynman,0.1,1.0,10.0,SRBench 2021
gplearn,feynman_I_43_43,Feynman,0.0,0.0,8.0,SRBench 2021
gplearn,feynman_I_43_43,Feynman,0.001,0.0,10.0,SRBench 2021
gplearn,feynman_I_43_43,Feynman,0.01,0.0,10.0,SRBench 2021
gplearn,feynman_I_43_43,Feynman,0.1,0.0,10.0,SRBench 2021
gplearn,feynman_I_44_4,Feynman,0.0,0.0,8.0,SRBench 2021
gplearn,feynman_I_44_4,Feynman,0.001,0.1,10.0,SRBench 2021
gplearn,feynman_I_44_4,Feynman,0.01,0.0,10.0,SRBench 2021
gplearn,feynman_I_44_4,Feynman,0.1,0.0,10.0,SRBench 2021
gplearn,feynman_I_47_23,Feynman,0.0,0.5,8.0,SRBench 2021
gplearn,feynman_I_47_23,Feynman,0.001,0.5,10.0,SRBench 2021
gplearn,feynman_I_47_23,Feynman,0.01,0.5,10.0,SRBench 2021
gplearn,feynman_I_47_23,Feynman,0.1,0.7,10.0,SRBench 2021
gplearn,feynman_I_48_2,Feynman,0.0,0.0,8.0,SRBench 2021
gplearn,feynman_I_48_2,Feynman,0.001,0.0,10.0,SRBench 2021
gplearn,feynman_I_48_2,Feynman,0.01,0.0,10.0,SRBench 2021
gplearn,feynman_I_48_2,Feynman,0.1,0.0,10.0,SRBench 2021
gplearn,feynman_I_50_26,Feynman,0.0,0.0,8.0,SRBench 2021
gplearn,feynman_I_50_26,Feynman,0.001,0.0,10.0,SRBench 2021
gplearn,feynman_I_50_26,Feynman,0.01,0.0,10.0,SRBench 2021
gplearn,feynman_I_50_26,Feynman,0.1,0.0,10.0,SRBench 2021
gplearn,feynman_I_6_2,Feynman,0.0,0.0,8.0,SRBench 2021
gplearn,feynman_I_6_2,Feynman,0.001,0.0,10.0,SRBench 2021
gplearn,feynman_I_6_2,Feynman,0.01,0.0,10.0,SRBench 2021
gplearn,feynman_I_6_2,Feynman,0.1,0.0,10.0,SRBench 2021
gplearn,feynman_I_6_2a,Feynman,0.0,0.0,8.0,SRBench 2021
gplearn,feynman_I_6_2a,Feynman,0.001,0.0,10.0,SRBench 2021
gplearn,feynman_I_6_2a,Feynman,0.01,0.0,10.0,SRBench 2021
gplearn,feynman_I_6_2a,Feynman,0.1,0.0,10.0,SRBench 2021
gplearn,feynman_I_6_2b,Feynman,0.0,0.0,8.0,SRBench 2021
gplearn,feynman_I_6_2b,Feynman,0.001,0.0,10.0,SRBench 2021
gplearn,feynman_I_6_2b,Feynman,0.01,0.0,10.0,SRBench 2021
gplearn,feynman_I_6_2b,Feynman,0.1,0.0,10.0,SRBench 2021
gplearn,feynman_I_8_14,Feynman,0.0,0.0,8.0,SRBench 2021
gplearn,feynman_I_8_14,Feynman,0.001,0.0,10.0,SRBench 2021
gplearn,feynman_I_8_14,Feynman,0.01,0.0,10.0,SRBench 2021
gplearn,feynman_I_8_14,Feynman,0.1,0.0,10.0,SRBench 2021
gplearn,feynman_I_9_18,Feynman,0.0,0.0,8.0,SRBench 2021
gplearn,feynman_I_9_18,Feynman,0.001,0.0,10.0,SRBench 2021
gplearn,feynman_I_9_18,Feynman,0.01,0.0,10.0,SRBench 2021
gplearn,feynman_I_9_18,Feynman,0.1,0.0,10.0,SRBench 2021
gplearn,feynman_test_1,Feynman,0.0,0.0,8.0,SRBench 2021
gplearn,feynman_test_1,Feynman,0.001,0.0,10.0,SRBench 2021
gplearn,feynman_test_1,Feynman,0.01,0.0,10.0,SRBench 2021
gplearn,feynman_test_1,Feynman,0.1,0.0,10.0,SRBench 2021
gplearn,feynman_test_11,Feynman,0.0,0.0,8.0,SRBench 2021
gplearn,feynman_test_11,Feynman,0.001,0.0,10.0,SRBench 2021
gplearn,feynman_test_11,Feynman,0.01,0.0,10.0,SRBench 2021
gplearn,feynman_test_11,Feynman,0.1,0.0,10.0,SRBench 2021
gplearn,feynman_test_12,Feynman,0.0,0.0,8.0,SRBench 2021
gplearn,feynman_test_12,Feynman,0.001,0.0,10.0,SRBench 2021
gplearn,feynman_test_12,Feynman,0.01,0.0,10.0,SRBench 2021
gplearn,feynman_test_12,Feynman,0.1,0.0,10.0,SRBench 2021
gplearn,feynman_test_13,Feynman,0.0,0.0,8.0,SRBench 2021
gplearn,feynman_test_13,Feynman,0.001,0.0,10.0,SRBench 2021
gplearn,feynman_test_13,Feynman,0.01,0.0,10.0,SRBench 2021
gplearn,feynman_test_13,Feynman,0.1,0.0,10.0,SRBench 2021
gplearn,feynman_test_14,Feynman,0.0,0.0,7.0,SRBench 2021
gplearn,feynman_test_14,Feynman,0.001,0.0,9.0,SRBench 2021
gplearn,feynman_test_14,Feynman,0.01,0.0,10.0,SRBench 2021
gplearn,feynman_test_14,Feynman,0.1,0.0,9.0,SRBench 2021
gplearn,feynman_test_15,Feynman,0.0,0.0,8.0,SRBench 2021
gplearn,feynman_test_15,Feynman,0.001,0.0,10.0,SRBench 2021
gplearn,feynman_test_15,Feynman,0.01,0.0,10.0,SRBench 2021
gplearn,feynman_test_15,Feynman,0.1,0.0,10.0,SRBench 2021
gplearn,feynman_test_16,Feynman,0.0,0.0,8.0,SRBench 2021
gplearn,feynman_test_16,Feynman,0.001,0.0,10.0,SRBench 2021
gplearn,feynman_test_16,Feynman,0.01,0.0,10.0,SRBench 2021
gplearn,feynman_test_16,Feynman,0.1,0.0,10.0,SRBench 2021
gplearn,feynman_test_17,Feynman,0.0,0.0,7.0,SRBench 2021
gplearn,feynman_test_17,Feynman,0.001,0.0,5.0,SRBench 2021
gplearn,feynman_test_17,Feynman,0.01,0.0,5.0,SRBench 2021
gplearn,feynman_test_17,Feynman,0.1,0.0,6.0,SRBench 2021
gplearn,feynman_test_18,Feynman,0.0,0.0,8.0,SRBench 2021
gplearn,feynman_test_18,Feynman,0.001,0.0,10.0,SRBench 2021
gplearn,feynman_test_18,Feynman,0.01,0.0,10.0,SRBench 2021
gplearn,feynman_test_18,Feynman,0.1,0.0,10.0,SRBench 2021
gplearn,feynman_test_19,Feynman,0.0,0.0,8.0,SRBench 2021
gplearn,feynman_test_19,Feynman,0.001,0.0,10.0,SRBench 2021
gplearn,feynman_test_19,Feynman,0.01,0.0,10.0,SRBench 2021
gplearn,feynman_test_19,Feynman,0.1,0.0,10.0,SRBench 2021
gplearn,feynman_test_2,Feynman,0.0,0.0,8.0,SRBench 2021
gplearn,feynman_test_2,Feynman,0.001,0.0,10.0,SRBench 2021
gplearn,feynman_test_2,Feynman,0.01,0.0,10.0,SRBench 2021
gplearn,feynman_test_2,Feynman,0.1,0.0,10.0,SRBench 2021
gplearn,feynman_test_20,Feynman,0.0,0.0,8.0,SRBench 2021
gplearn,feynman_test_20,Feynman,0.001,0.0,10.0,SRBench 2021
gplearn,feynman_test_20,Feynman,0.01,0.0,10.0,SRBench 2021
gplearn,feynman_test_20,Feynman,0.1,0.0,10.0,SRBench 2021
gplearn,feynman_test_3,Feynman,0.0,0.0,8.0,SRBench 2021
gplearn,feynman_test_3,Feynman,0.001,0.0,10.0,SRBench 2021
gplearn,feynman_test_3,Feynman,0.01,0.0,10.0,SRBench 2021
gplearn,feynman_test_3,Feynman,0.1,0.0,10.0,SRBench 2021
gplearn,feynman_test_4,Feynman,0.0,0.0,8.0,SRBench 2021
gplearn,feynman_test_4,Feynman,0.001,0.0,10.0,SRBench 2021
gplearn,feynman_test_4,Feynman,0.01,0.0,10.0,SRBench 2021
gplearn,feynman_test_4,Feynman,0.1,0.0,10.0,SRBench 2021
gplearn,feynman_test_5,Feynman,0.0,0.0,8.0,SRBench 2021
gplearn,feynman_test_5,Feynman,0.001,0.0,10.0,SRBench 2021
gplearn,feynman_test_5,Feynman,0.01,0.0,10.0,SRBench 2021
gplearn,feynman_test_5,Feynman,0.1,0.0,10.0,SRBench 2021
gplearn,feynman_test_6,Feynman,0.0,0.0,8.0,SRBench 2021
gplearn,feynman_test_6,Feynman,0.001,0.0,10.0,SRBench 2021
gplearn,feynman_test_6,Feynman,0.01,0.0,10.0,SRBench 2021
gplearn,feynman_test_6,Feynman,0.1,0.0,10.0,SRBench 2021
gplearn,feynman_test_7,Feynman,0.0,0.0,8.0,SRBench 2021
gplearn,feynman_test_7,Feynman,0.001,0.0,10.0,SRBench 2021
gplearn,feynman_test_7,Feynman,0.01,0.0,10.0,SRBench 2021
gplearn,feynman_test_7,Feynman,0.1,0.0,10.0,SRBench 2021
gplearn,feynman_test_8,Feynman,0.0,0.0,8.0,SRBench 2021
gplearn,feynman_test_8,Feynman,0.001,0.0,10.0,SRBench 2021
gplearn,feynman_test_8,Feynman,0.01,0.0,10.0,SRBench 2021
gplearn,feynman_test_8,Feynman,0.1,0.0,10.0,SRBench 2021
gplearn,feynman_test_9,Feynman,0.0,0.0,3.0,SRBench 2021
gplearn,feynman_test_9,Feynman,0.001,0.0,2.0,SRBench 2021
gplearn,feynman_test_9,Feynman,0.1,0.0,2.0,SRBench 2021
gplearn,strogatz_bacres1,Strogatz,0.0,0.0,8.0,SRBench 2021
gplearn,strogatz_bacres1,Strogatz,0.001,0.0,10.0,SRBench 2021
gplearn,strogatz_bacres1,Strogatz,0.01,0.0,10.0,SRBench 2021
gplearn,strogatz_bacres1,Strogatz,0.1,0.0,10.0,SRBench 2021
gplearn,strogatz_bacres2,Strogatz,0.0,0.0,8.0,SRBench 2021
gplearn,strogatz_bacres2,Strogatz,0.001,0.0,10.0,SRBench 2021
gplearn,strogatz_bacres2,Strogatz,0.01,0.0,10.0,SRBench 2021
gplearn,strogatz_bacres2,Strogatz,0.1,0.0,10.0,SRBench 2021
gplearn,strogatz_barmag1,Strogatz,0.0,0.0,8.0,SRBench 2021
gplearn,strogatz_barmag1,Strogatz,0.001,0.0,10.0,SRBench 2021
gplearn,strogatz_barmag1,Strogatz,0.01,0.0,10.0,SRBench 2021
gplearn,strogatz_barmag1,Strogatz,0.1,0.0,10.0,SRBench 2021
gplearn,strogatz_barmag2,Strogatz,0.0,0.0,8.0,SRBench 2021
gplearn,strogatz_barmag2,Strogatz,0.001,0.0,10.0,SRBench 2021
gplearn,strogatz_barmag2,Strogatz,0.01,0.0,10.0,SRBench 2021
gplearn,strogatz_barmag2,Strogatz,0.1,0.0,10.0,SRBench 2021
gplearn,strogatz_glider1,Strogatz,0.0,0.125,8.0,SRBench 2021
gplearn,strogatz_glider1,Strogatz,0.001,0.0,10.0,SRBench 2021
gplearn,strogatz_glider1,Strogatz,0.01,0.1,10.0,SRBench 2021
gplearn,strogatz_glider1,Strogatz,0.1,0.0,10.0,SRBench 2021
gplearn,strogatz_glider2,Strogatz,0.0,0.125,8.0,SRBench 2021
gplearn,strogatz_glider2,Strogatz,0.001,0.3,10.0,SRBench 2021
gplearn,strogatz_glider2,Strogatz,0.01,0.2,10.0,SRBench 2021
gplearn,strogatz_glider2,Strogatz,0.1,0.2,10.0,SRBench 2021
gplearn,strogatz_lv1,Strogatz,0.0,0.0,8.0,SRBench 2021
gplearn,strogatz_lv1,Strogatz,0.001,0.0,10.0,SRBench 2021
gplearn,strogatz_lv1,Strogatz,0.01,0.0,10.0,SRBench 2021
gplearn,strogatz_lv1,Strogatz,0.1,0.0,10.0,SRBench 2021
gplearn,strogatz_lv2,Strogatz,0.0,0.0,8.0,SRBench 2021
gplearn,strogatz_lv2,Strogatz,0.001,0.0,10.0,SRBench 2021
gplearn,strogatz_lv2,Strogatz,0.01,0.0,10.0,SRBench 2021
gplearn,strogatz_lv2,Strogatz,0.1,0.0,10.0,SRBench 2021
gplearn,strogatz_predprey1,Strogatz,0.0,0.0,8.0,SRBench 2021
gplearn,strogatz_predprey1,Strogatz,0.001,0.0,10.0,SRBench 2021
gplearn,strogatz_predprey1,Strogatz,0.01,0.0,10.0,SRBench 2021
gplearn,strogatz_predprey1,Strogatz,0.1,0.0,10.0,SRBench 2021
gplearn,strogatz_predprey2,Strogatz,0.0,0.0,8.0,SRBench 2021
gplearn,strogatz_predprey2,Strogatz,0.001,0.0,10.0,SRBench 2021
gplearn,strogatz_predprey2,Strogatz,0.01,0.0,10.0,SRBench 2021
gplearn,strogatz_predprey2,Strogatz,0.1,0.0,10.0,SRBench 2021
gplearn,strogatz_shearflow1,Strogatz,0.0,0.0,8.0,SRBench 2021
gplearn,strogatz_shearflow1,Strogatz,0.001,0.0,10.0,SRBench 2021
gplearn,strogatz_shearflow1,Strogatz,0.01,0.0,10.0,SRBench 2021
gplearn,strogatz_shearflow1,Strogatz,0.1,0.1,10.0,SRBench 2021
gplearn,strogatz_shearflow2,Strogatz,0.0,0.0,8.0,SRBench 2021
gplearn,strogatz_shearflow2,Strogatz,0.001,0.0,10.0,SRBench 2021
gplearn,strogatz_shearflow2,Strogatz,0.01,0.0,10.0,SRBench 2021
gplearn,strogatz_shearflow2,Strogatz,0.1,0.0,10.0,SRBench 2021
gplearn,strogatz_vdp1,Strogatz,0.0,0.0,8.0,SRBench 2021
gplearn,strogatz_vdp1,Strogatz,0.001,0.0,10.0,SRBench 2021
gplearn,strogatz_vdp1,Strogatz,0.01,0.0,10.0,SRBench 2021
gplearn,strogatz_vdp1,Strogatz,0.1,0.0,10.0,SRBench 2021
gplearn,strogatz_vdp2,Strogatz,0.0,1.0,8.0,SRBench 2021
gplearn,strogatz_vdp2,Strogatz,0.001,1.0,10.0,SRBench 2021
gplearn,strogatz_vdp2,Strogatz,0.01,1.0,10.0,SRBench 2021
gplearn,strogatz_vdp2,Strogatz,0.1,1.0,10.0,SRBench 2021
PySR,feynman_III_10_19,Feynman,0.0,0.0,10.0,Local runs/290227
PySR,feynman_III_10_19,Feynman,0.001,0.0,10.0,Local runs/290227
PySR,feynman_III_10_19,Feynman,0.01,0.0,10.0,Local runs/290227
PySR,feynman_III_10_19,Feynman,0.1,0.0,10.0,Local runs/290227
PySR,feynman_III_12_43,Feynman,0.0,1.0,10.0,Local runs/290227
PySR,feynman_III_12_43,Feynman,0.001,1.0,10.0,Local runs/290227
PySR,feynman_III_12_43,Feynman,0.01,1.0,10.0,Local runs/290227
PySR,feynman_III_12_43,Feynman,0.1,1.0,10.0,Local runs/290227
PySR,feynman_III_13_18,Feynman,0.0,1.0,10.0,Local runs/290227
PySR,feynman_III_13_18,Feynman,0.001,0.9,10.0,Local runs/290227
PySR,feynman_III_13_18,Feynman,0.01,0.8,10.0,Local runs/290227
PySR,feynman_III_13_18,Feynman,0.1,0.7,10.0,Local runs/290227
PySR,feynman_III_14_14,Feynman,0.0,0.4,10.0,Local runs/290227
PySR,feynman_III_14_14,Feynman,0.001,0.4,10.0,Local runs/290227
PySR,feynman_III_14_14,Feynman,0.01,0.2,10.0,Local runs/290227
PySR,feynman_III_14_14,Feynman,0.1,0.2,10.0,Local runs/290227
PySR,feynman_III_15_12,Feynman,0.0,0.8,10.0,Local runs/290227
PySR,feynman_III_15_12,Feynman,0.001,0.6,10.0,Local runs/290227
PySR,feynman_III_15_12,Feynman,0.01,0.8,10.0,Local runs/290227
PySR,feynman_III_15_12,Feynman,0.1,0.9,10.0,Local runs/290227
PySR,feynman_III_15_14,Feynman,0.0,0.6,10.0,Local runs/290227
PySR,feynman_III_15_14,Feynman,0.001,0.9,10.0,Local runs/290227
PySR,feynman_III_15_14,Feynman,0.01,1.0,10.0,Local runs/290227
PySR,feynman_III_15_14,Feynman,0.1,1.0,10.0,Local runs/290227
PySR,feynman_III_15_27,Feynman,0.0,1.0,10.0,Local runs/290227
PySR,feynman_III_15_27,Feynman,0.001,1.0,10.0,Local runs/290227
PySR,feynman_III_15_27,Feynman,0.01,1.0,10.0,Local runs/290227
PySR,feynman_III_15_27,Feynman,0.1,1.0,10.0,Local runs/290227
PySR,feynman_III_17_37,Feynman,0.0,0.9,10.0,Local runs/290227
PySR,feynman_III_17_37,Feynman,0.001,1.0,10.0,Local runs/290227
PySR,feynman_III_17_37,Feynman,0.01,1.0,10.0,Local runs/290227
PySR,feynman_III_17_37,Feynman,0.1,1.0,10.0,Local runs/290227
PySR,feynman_III_19_51,Feynman,0.0,0.5,10.0,Local runs/290227
PySR,feynman_III_19_51,Feynman,0.001,0.3,10.0,Local runs/290227
PySR,feynman_III_19_51,Feynman,0.01,0.6,10.0,Local runs/290227
PySR,feynman_III_19_51,Feynman,0.1,0.0,10.0,Local runs/290227
PySR,feynman_III_21_20,Feynman,0.0,1.0,10.0,Local runs/290227
PySR,feynman_III_21_20,Feynman,0.001,1.0,10.0,Local runs/290227
PySR,feynman_III_21_20,Feynman,0.01,0.4,10.0,Local runs/290227
PySR,feynman_III_21_20,Feynman,0.1,0.0,10.0,Local runs/290227
PySR,feynman_III_4_32,Feynman,0.0,0.0,10.0,Local runs/290227
PySR,feynman_III_4_32,Feynman,0.001,0.0,10.0,Local runs/290227
PySR,feynman_III_4_32,Feynman,0.01,0.0,10.0,Local runs/290227
PySR,feynman_III_4_32,Feynman,0.1,0.0,10.0,Local runs/290227
PySR,feynman_III_4_33,Feynman,0.0,0.0,10.0,Local runs/290227
PySR,feynman_III_4_33,Feynman,0.001,0.0,10.0,Local runs/290227
PySR,feynman_III_4_33,Feynman,0.01,0.0,10.0,Local runs/290227
PySR,feynman_III_4_33,Feynman,0.1,0.0,10.0,Local runs/290227
PySR,feynman_III_7_38,Feynman,0.0,0.9,10.0,Local runs/290227
PySR,feynman_III_7_38,Feynman,0.001,1.0,10.0,Local runs/290227
PySR,feynman_III_7_38,Feynman,0.01,1.0,10.0,Local runs/290227
PySR,feynman_III_7_38,Feynman,0.1,1.0,10.0,Local runs/290227
PySR,feynman_III_8_54,Feynman,0.0,0.0,10.0,Local runs/290227
PySR,feynman_III_8_54,Feynman,0.001,0.0,10.0,Local runs/290227
PySR,feynman_III_8_54,Feynman,0.01,0.0,10.0,Local runs/290227
PySR,feynman_III_8_54,Feynman,0.1,0.0,10.0,Local runs/290227
PySR,feynman_III_9_52,Feynman,0.0,0.0,10.0,Local runs/290227
PySR,feynman_III_9_52,Feynman,0.001,0.0,10.0,Local runs/290227
PySR,feynman_III_9_52,Feynman,0.01,0.0,10.0,Local runs/290227
PySR,feynman_III_9_52,Feynman,0.1,0.0,10.0,Local runs/290227
PySR,feynman_II_10_9,Feynman,0.0,1.0,10.0,Local runs/290227
PySR,feynman_II_10_9,Feynman,0.001,1.0,10.0,Local runs/290227
PySR,feynman_II_10_9,Feynman,0.01,1.0,10.0,Local runs/290227
PySR,feynman_II_10_9,Feynman,0.1,0.5,10.0,Local runs/290227
PySR,feynman_II_11_20,Feynman,0.0,0.8,10.0,Local runs/290227
PySR,feynman_II_11_20,Feynman,0.001,0.9,10.0,Local runs/290227
PySR,feynman_II_11_20,Feynman,0.01,0.8,10.0,Local runs/290227
PySR,feynman_II_11_20,Feynman,0.1,0.9,10.0,Local runs/290227
PySR,feynman_II_11_27,Feynman,0.0,0.2,10.0,Local runs/290227
PySR,feynman_II_11_27,Feynman,0.001,0.0,10.0,Local runs/290227
PySR,feynman_II_11_27,Feynman,0.01,0.1,10.0,Local runs/290227
PySR,feynman_II_11_27,Feynman,0.1,0.0,10.0,Local runs/290227
PySR,feynman_II_11_28,Feynman,0.0,0.0,10.0,Local runs/290227
PySR,feynman_II_11_28,Feynman,0.001,0.0,10.0,Local runs/290227
PySR,feynman_II_11_28,Feynman,0.01,0.0,10.0,Local runs/290227
PySR,feynman_II_11_28,Feynman,0.1,0.0,10.0,Local runs/290227
PySR,feynman_II_11_3,Feynman,0.0,0.8,10.0,Local runs/290227
PySR,feynman_II_11_3,Feynman,0.001,0.3,10.0,Local runs/290227
PySR,feynman_II_11_3,Feynman,0.01,0.5,10.0,Local runs/290227
PySR,feynman_II_11_3,Feynman,0.1,0.4,10.0,Local runs/290227
PySR,feynman_II_13_17,Feynman,0.0,0.9,10.0,Local runs/290227
PySR,feynman_II_13_17,Feynman,0.001,0.8,10.0,Local runs/290227
PySR,feynman_II_13_17,Feynman,0.01,1.0,10.0,Local runs/290227
PySR,feynman_II_13_17,Feynman,0.1,1.0,10.0,Local runs/290227
PySR,feynman_II_13_23,Feynman,0.0,0.0,10.0,Local runs/290227
PySR,feynman_II_13_23,Feynman,0.001,0.0,10.0,Local runs/290227
PySR,feynman_II_13_23,Feynman,0.01,0.0,10.0,Local runs/290227
PySR,feynman_II_13_23,Feynman,0.1,0.0,10.0,Local runs/290227
PySR,feynman_II_13_34,Feynman,0.0,0.0,10.0,Local runs/290227
PySR,feynman_II_13_34,Feynman,0.001,0.0,10.0,Local runs/290227
PySR,feynman_II_13_34,Feynman,0.01,0.0,10.0,Local runs/290227
PySR,feynman_II_13_34,Feynman,0.1,0.0,10.0,Local runs/290227
PySR,feynman_II_15_4,Feynman,0.0,1.0,10.0,Local runs/290227
PySR,feynman_II_15_4,Feynman,0.001,1.0,10.0,Local runs/290227
PySR,feynman_II_15_4,Feynman,0.01,0.8,10.0,Local runs/290227
PySR,feynman_II_15_4,Feynman,0.1,0.3,10.0,Local runs/290227
PySR,feynman_II_15_5,Feynman,0.0,0.9,10.0,Local runs/290227
PySR,feynman_II_15_5,Feynman,0.001,1.0,10.0,Local runs/290227
PySR,feynman_II_15_5,Feynman,0.01,0.8,10.0,Local runs/290227
PySR,feynman_II_15_5,Feynman,0.1,0.3,10.0,Local runs/290227
PySR,feynman_II_21_32,Feynman,0.0,0.2,10.0,Local runs/290227
PySR,feynman_II_21_32,Feynman,0.001,0.0,10.0,Local runs/290227
PySR,feynman_II_21_32,Feynman,0.01,0.2,10.0,Local runs/290227
PySR,feynman_II_21_32,Feynman,0.1,0.3,10.0,Local runs/290227
PySR,feynman_II_24_17,Feynman,0.0,0.0,10.0,Local runs/290227
PySR,feynman_II_24_17,Feynman,0.001,0.0,10.0,Local runs/290227
PySR,feynman_II_24_17,Feynman,0.01,0.0,10.0,Local runs/290227
PySR,feynman_II_24_17,Feynman,0.1,0.0,10.0,Local runs/290227
PySR,feynman_II_27_16,Feynman,0.0,1.0,10.0,Local runs/290227
PySR,feynman_II_27_16,Feynman,0.001,1.0,10.0,Local runs/290227
PySR,feynman_II_27_16,Feynman,0.01,1.0,10.0,Local runs/290227
PySR,feynman_II_27_16,Feynman,0.1,1.0,10.0,Local runs/290227
PySR,feynman_II_27_18,Feynman,0.0,1.0,10.0,Local runs/290227
PySR,feynman_II_27_18,Feynman,0.001,1.0,10.0,Local runs/290227
PySR,feynman_II_27_18,Feynman,0.01,1.0,10.0,Local runs/290227
PySR,feynman_II_27_18,Feynman,0.1,1.0,10.0,Local runs/290227
PySR,feynman_II_2_42,Feynman,0.0,1.0,10.0,Local runs/290227
PySR,feynman_II_2_42,Feynman,0.001,1.0,10.0,Local runs/290227
PySR,feynman_II_2_42,Feynman,0.01,1.0,10.0,Local runs/290227
PySR,feynman_II_2_42,Feynman,0.1,1.0,10.0,Local runs/290227
PySR,feynman_II_34_11,Feynman,0.0,0.8,10.0,Local runs/290227
PySR,feynman_II_34_11,Feynman,0.001,1.0,10.0,Local runs/290227
PySR,feynman_II_34_11,Feynman,0.01,1.0,10.0,Local runs/290227
PySR,feynman_II_34_11,Feynman,0.1,1.0,10.0,Local runs/290227
PySR,feynman_II_34_2,Feynman,0.0,1.0,10.0,Local runs/290227
PySR,feynman_II_34_2,Feynman,0.001,1.0,10.0,Local runs/290227
PySR,feynman_II_34_2,Feynman,0.01,1.0,10.0,Local runs/290227
PySR,feynman_II_34_2,Feynman,0.1,0.9,10.0,Local runs/290227
PySR,feynman_II_34_29a,Feynman,0.0,1.0,10.0,Local runs/290227
PySR,feynman_II_34_29a,Feynman,0.001,1.0,10.0,Local runs/290227
PySR,feynman_II_34_29a,Feynman,0.01,1.0,10.0,Local runs/290227
PySR,feynman_II_34_29a,Feynman,0.1,1.0,10.0,Local runs/290227
PySR,feynman_II_34_29b,Feynman,0.0,0.9,10.0,Local runs/290227
PySR,feynman_II_34_29b,Feynman,0.001,0.8,10.0,Local runs/290227
PySR,feynman_II_34_29b,Feynman,0.01,1.0,10.0,Local runs/290227
PySR,feynman_II_34_29b,Feynman,0.1,1.0,10.0,Local runs/290227
PySR,feynman_II_34_2a,Feynman,0.0,0.7,10.0,Local runs/290227
PySR,feynman_II_34_2a,Feynman,0.001,1.0,10.0,Local runs/290227
PySR,feynman_II_34_2a,Feynman,0.01,1.0,10.0,Local runs/290227
PySR,feynman_II_34_2a,Feynman,0.1,1.0,10.0,Local runs/290227
PySR,feynman_II_35_18,Feynman,0.0,0.0,10.0,Local runs/290227
PySR,feynman_II_35_18,Feynman,0.001,0.0,10.0,Local runs/290227
PySR,feynman_II_35_18,Feynman,0.01,0.0,10.0,Local runs/290227
PySR,feynman_II_35_18,Feynman,0.1,0.0,10.0,Local runs/290227
PySR,feynman_II_35_21,Feynman,0.0,0.0,10.0,Local runs/290227
PySR,feynman_II_35_21,Feynman,0.001,0.0,10.0,Local runs/290227
PySR,feynman_II_35_21,Feynman,0.01,0.0,10.0,Local runs/290227
PySR,feynman_II_35_21,Feynman,0.1,0.0,10.0,Local runs/290227
PySR,feynman_II_36_38,Feynman,0.0,0.6,10.0,Local runs/290227
PySR,feynman_II_36_38,Feynman,0.001,0.3,10.0,Local runs/290227
PySR,feynman_II_36_38,Feynman,0.01,0.3,10.0,Local runs/290227
PySR,feynman_II_36_38,Feynman,0.1,0.7,10.0,Local runs/290227
PySR,feynman_II_37_1,Feynman,0.0,1.0,10.0,Local runs/290227
PySR,feynman_II_37_1,Feynman,0.001,1.0,10.0,Local runs/290227
PySR,feynman_II_37_1,Feynman,0.01,1.0,10.0,Local runs/290227
PySR,feynman_II_37_1,Feynman,0.1,0.8,10.0,Local runs/290227
PySR,feynman_II_38_14,Feynman,0.0,0.9,10.0,Local runs/290227
PySR,feynman_II_38_14,Feynman,0.001,1.0,10.0,Local runs/290227
PySR,feynman_II_38_14,Feynman,0.01,1.0,10.0,Local runs/290227
PySR,feynman_II_38_14,Feynman,0.1,0.4,10.0,Local runs/290227
PySR,feynman_II_38_3,Feynman,0.0,0.8,10.0,Local runs/290227
PySR,feynman_II_38_3,Feynman,0.001,1.0,10.0,Local runs/290227
PySR,feynman_II_38_3,Feynman,0.01,1.0,10.0,Local runs/290227
PySR,feynman_II_38_3,Feynman,0.1,1.0,10.0,Local runs/290227
PySR,feynman_II_3_24,Feynman,0.0,1.0,10.0,Local runs/290227
PySR,feynman_II_3_24,Feynman,0.001,0.9,10.0,Local runs/290227
PySR,feynman_II_3_24,Feynman,0.01,1.0,10.0,Local runs/290227
PySR,feynman_II_3_24,Feynman,0.1,1.0,10.0,Local runs/290227
PySR,feynman_II_4_23,Feynman,0.0,0.9,10.0,Local runs/290227
PySR,feynman_II_4_23,Feynman,0.001,1.0,10.0,Local runs/290227
PySR,feynman_II_4_23,Feynman,0.01,1.0,10.0,Local runs/290227
PySR,feynman_II_4_23,Feynman,0.1,1.0,10.0,Local runs/290227
PySR,feynman_II_6_11,Feynman,0.0,0.8,10.0,Local runs/290227
PySR,feynman_II_6_11,Feynman,0.001,0.5,10.0,Local runs/290227
PySR,feynman_II_6_11,Feynman,0.01,0.8,10.0,Local runs/290227
PySR,feynman_II_6_11,Feynman,0.1,0.6,10.0,Local runs/290227
PySR,feynman_II_6_15a,Feynman,0.0,0.0,10.0,Local runs/290227
PySR,feynman_II_6_15a,Feynman,0.001,0.0,10.0,Local runs/290227
PySR,feynman_II_6_15a,Feynman,0.01,0.0,10.0,Local runs/290227
PySR,feynman_II_6_15a,Feynman,0.1,0.0,10.0,Local runs/290227
PySR,feynman_II_6_15b,Feynman,0.0,0.6,10.0,Local runs/290227
PySR,feynman_II_6_15b,Feynman,0.001,0.5,10.0,Local runs/290227
PySR,feynman_II_6_15b,Feynman,0.01,0.4,10.0,Local runs/290227
PySR,feynman_II_6_15b,Feynman,0.1,0.5,10.0,Local runs/290227
PySR,feynman_II_8_31,Feynman,0.0,1.0,10.0,Local runs/290227
PySR,feynman_II_8_31,Feynman,0.001,1.0,10.0,Local runs/290227
PySR,feynman_II_8_31,Feynman,0.01,1.0,10.0,Local runs/290227
PySR,feynman_II_8_31,Feynman,0.1,1.0,10.0,Local runs/290227
PySR,feynman_II_8_7,Feynman,0.0,0.8,10.0,Local runs/290227
PySR,feynman_II_8_7,Feynman,0.001,1.0,10.0,Local runs/290227
PySR,feynman_II_8_7,Feynman,0.01,1.0,10.0,Local runs/290227
PySR,feynman_II_8_7,Feynman,0.1,1.0,10.0,Local runs/290227
PySR,feynman_I_10_7,Feynman,0.0,0.0,10.0,Local runs/290227
PySR,feynman_I_10_7,Feynman,0.001,0.0,10.0,Local runs/290227
PySR,feynman_I_10_7,Feynman,0.01,0.0,10.0,Local runs/290227
PySR,feynman_I_10_7,Feynman,0.1,0.0,10.0,Local runs/290227
PySR,feynman_I_11_19,Feynman,0.0,0.9,10.0,Local runs/290227
PySR,feynman_I_11_19,Feynman,0.001,0.9,10.0,Local runs/290227
PySR,feynman_I_11_19,Feynman,0.01,0.9,10.0,Local runs/290227
PySR,feynman_I_11_19,Feynman,0.1,0.9,10.0,Local runs/290227
PySR,feynman_I_12_1,Feynman,0.0,0.9,10.0,Local runs/290227
PySR,feynman_I_12_1,Feynman,0.001,1.0,10.0,Local runs/290227
PySR,feynman_I_12_1,Feynman,0.01,1.0,10.0,Local runs/290227
PySR,feynman_I_12_1,Feynman,0.1,1.0,10.0,Local runs/290227
PySR,feynman_I_12_11,Feynman,0.0,0.9,10.0,Local runs/290227
PySR,feynman_I_12_11,Feynman,0.001,1.0,10.0,Local runs/290227
PySR,feynman_I_12_11,Feynman,0.01,1.0,10.0,Local runs/290227
PySR,feynman_I_12_11,Feynman,0.1,1.0,10.0,Local runs/290227
PySR,feynman_I_12_2,Feynman,0.0,0.9,10.0,Local runs/290227
PySR,feynman_I_12_2,Feynman,0.001,1.0,10.0,Local runs/290227
PySR,feynman_I_12_2,Feynman,0.01,0.9,10.0,Local runs/290227
PySR,feynman_I_12_2,Feynman,0.1,1.0,10.0,Local runs/290227
PySR,feynman_I_12_4,Feynman,0.0,0.9,10.0,Local runs/290227
PySR,feynman_I_12_4,Feynman,0.001,0.8,10.0,Local runs/290227
PySR,feynman_I_12_4,Feynman,0.01,1.0,10.0,Local runs/290227
PySR,feynman_I_12_4,Feynman,0.1,1.0,10.0,Local runs/290227
PySR,feynman_I_12_5,Feynman,0.0,0.8,10.0,Local runs/290227
PySR,feynman_I_12_5,Feynman,0.001,1.0,10.0,Local runs/290227
PySR,feynman_I_12_5,Feynman,0.01,1.0,10.0,Local runs/290227
PySR,feynman_I_12_5,Feynman,0.1,1.0,10.0,Local runs/290227
PySR,feynman_I_13_12,Feynman,0.0,0.5,10.0,Local runs/290227
PySR,feynman_I_13_12,Feynman,0.001,0.5,10.0,Local runs/290227
PySR,feynman_I_13_12,Feynman,0.01,0.4,10.0,Local runs/290227
PySR,feynman_I_13_12,Feynman,0.1,0.6,10.0,Local runs/290227
PySR,feynman_I_13_4,Feynman,0.0,0.0,10.0,Local runs/290227
PySR,feynman_I_13_4,Feynman,0.001,0.2,10.0,Local runs/290227
PySR,feynman_I_13_4,Feynman,0.01,0.0,10.0,Local runs/290227
PySR,feynman_I_13_4,Feynman,0.1,0.1,10.0,Local runs/290227
PySR,feynman_I_14_3,Feynman,0.0,1.0,10.0,Local runs/290227
PySR,feynman_I_14_3,Feynman,0.001,1.0,10.0,Local runs/290227
PySR,feynman_I_14_3,Feynman,0.01,1.0,10.0,Local runs/290227
PySR,feynman_I_14_3,Feynman,0.1,1.0,10.0,Local runs/290227
PySR,feynman_I_14_4,Feynman,0.0,1.0,10.0,Local runs/290227
PySR,feynman_I_14_4,Feynman,0.001,1.0,10.0,Local runs/290227
PySR,feynman_I_14_4,Feynman,0.01,1.0,10.0,Local runs/290227
PySR,feynman_I_14_4,Feynman,0.1,1.0,10.0,Local runs/290227
PySR,feynman_I_15_10,Feynman,0.0,0.0,10.0,Local runs/290227
PySR,feynman_I_15_10,Feynman,0.001,0.0,10.0,Local runs/290227
PySR,feynman_I_15_10,Feynman,0.01,0.0,10.0,Local runs/290227
PySR,feynman_I_15_10,Feynman,0.1,0.0,10.0,Local runs/290227
PySR,feynman_I_15_3t,Feynman,0.0,0.0,10.0,Local runs/290227
PySR,feynman_I_15_3t,Feynman,0.001,0.0,10.0,Local runs/290227
PySR,feynman_I_15_3t,Feynman,0.01,0.0,10.0,Local runs/290227
PySR,feynman_I_15_3t,Feynman,0.1,0.0,10.0,Local runs/290227
PySR,feynman_I_15_3x,Feynman,0.0,0.0,10.0,Local runs/290227
PySR,feynman_I_15_3x,Feynman,0.001,0.0,10.0,Local runs/290227
PySR,feynman_I_15_3x,Feynman,0.01,0.0,10.0,Local runs/290227
PySR,feynman_I_15_3x,Feynman,0.1,0.0,10.0,Local runs/290227
PySR,feynman_I_16_6,Feynman,0.0,0.0,10.0,Local runs/290227
PySR,feynman_I_16_6,Feynman,0.001,0.1,10.0,Local runs/290227
PySR,feynman_I_16_6,Feynman,0.01,0.0,10.0,Local runs/290227
PySR,feynman_I_16_6,Feynman,0.1,0.2,10.0,Local runs/290227
PySR,feynman_I_18_12,Feynman,0.0,1.0,10.0,Local runs/290227
PySR,feynman_I_18_12,Feynman,0.001,1.0,10.0,Local runs/290227
PySR,feynman_I_18_12,Feynman,0.01,1.0,10.0,Local runs/290227
PySR,feynman_I_18_12,Feynman,0.1,1.0,10.0,Local runs/290227
PySR,feynman_I_18_14,Feynman,0.0,0.9,10.0,Local runs/290227
PySR,feynman_I_18_14,Feynman,0.001,1.0,10.0,Local runs/290227
PySR,feynman_I_18_14,Feynman,0.01,1.0,10.0,Local runs/290227
PySR,feynman_I_18_14,Feynman,0.1,1.0,10.0,Local runs/290227
PySR,feynman_I_18_4,Feynman,0.0,0.4,10.0,Local runs/290227
PySR,feynman_I_18_4,Feynman,0.001,0.4,10.0,Local runs/290227
PySR,feynman_I_18_4,Feynman,0.01,0.1,10.0,Local runs/290227
PySR,feynman_I_18_4,Feynman,0.1,0.2,10.0,Local runs/290227
PySR,feynman_I_24_6,Feynman,0.0,0.0,10.0,Local runs/290227
PySR,feynman_I_24_6,Feynman,0.001,0.0,10.0,Local runs/290227
PySR,feynman_I_24_6,Feynman,0.01,0.1,10.0,Local runs/290227
PySR,feynman_I_24_6,Feynman,0.1,0.1,10.0,Local runs/290227
PySR,feynman_I_25_13,Feynman,0.0,1.0,10.0,Local runs/290227
PySR,feynman_I_25_13,Feynman,0.001,1.0,10.0,Local runs/290227
PySR,feynman_I_25_13,Feynman,0.01,1.0,10.0,Local runs/290227
PySR,feynman_I_25_13,Feynman,0.1,1.0,10.0,Local runs/290227
PySR,feynman_I_26_2,Feynman,0.0,0.0,10.0,Local runs/290227
PySR,feynman_I_26_2,Feynman,0.001,0.0,10.0,Local runs/290227
PySR,feynman_I_26_2,Feynman,0.01,0.0,10.0,Local runs/290227
PySR,feynman_I_26_2,Feynman,0.1,0.0,10.0,Local runs/290227
PySR,feynman_I_27_6,Feynman,0.0,0.6,10.0,Local runs/290227
PySR,feynman_I_27_6,Feynman,0.001,0.9,10.0,Local runs/290227
PySR,feynman_I_27_6,Feynman,0.01,0.8,10.0,Local runs/290227
PySR,feynman_I_27_6,Feynman,0.1,0.6,10.0,Local runs/290227
PySR,feynman_I_29_16,Feynman,0.0,0.0,10.0,Local runs/290227
PySR,feynman_I_29_16,Feynman,0.001,0.0,10.0,Local runs/290227
PySR,feynman_I_29_16,Feynman,0.01,0.0,10.0,Local runs/290227
PySR,feynman_I_29_16,Feynman,0.1,0.0,10.0,Local runs/290227
PySR,feynman_I_29_4,Feynman,0.0,0.8,10.0,Local runs/290227
PySR,feynman_I_29_4,Feynman,0.001,1.0,10.0,Local runs/290227
PySR,feynman_I_29_4,Feynman,0.01,1.0,10.0,Local runs/290227
PySR,feynman_I_29_4,Feynman,0.1,1.0,10.0,Local runs/290227
PySR,feynman_I_30_3,Feynman,0.0,0.4,10.0,Local runs/290227
PySR,feynman_I_30_3,Feynman,0.001,0.3,10.0,Local runs/290227
PySR,feynman_I_30_3,Feynman,0.01,0.2,10.0,Local runs/290227
PySR,feynman_I_30_3,Feynman,0.1,0.4,10.0,Local runs/290227
PySR,feynman_I_30_5,Feynman,0.0,0.0,10.0,Local runs/290227
PySR,feynman_I_30_5,Feynman,0.001,0.0,10.0,Local runs/290227
PySR,feynman_I_30_5,Feynman,0.01,0.0,10.0,Local runs/290227
PySR,feynman_I_30_5,Feynman,0.1,0.0,10.0,Local runs/290227
PySR,feynman_I_32_17,Feynman,0.0,0.0,10.0,Local runs/290227
PySR,feynman_I_32_17,Feynman,0.001,0.0,10.0,Local runs/290227
PySR,feynman_I_32_17,Feynman,0.01,0.0,10.0,Local runs/290227
PySR,feynman_I_32_17,Feynman,0.1,0.0,10.0,Local runs/290227
PySR,feynman_I_32_5,Feynman,0.0,0.6,10.0,Local runs/290227
PySR,feynman_I_32_5,Feynman,0.001,0.9,10.0,Local runs/290227
PySR,feynman_I_32_5,Feynman,0.01,0.9,10.0,Local runs/290227
PySR,feynman_I_32_5,Feynman,0.1,0.9,10.0,Local runs/290227
PySR,feynman_I_34_1,Feynman,0.0,0.7,10.0,Local runs/290227
PySR,feynman_I_34_1,Feynman,0.001,0.8,10.0,Local runs/290227
PySR,feynman_I_34_1,Feynman,0.01,0.7,10.0,Local runs/290227
PySR,feynman_I_34_1,Feynman,0.1,0.6,10.0,Local runs/290227
PySR,feynman_I_34_14,Feynman,0.0,0.0,10.0,Local runs/290227
PySR,feynman_I_34_14,Feynman,0.001,0.0,10.0,Local runs/290227
PySR,feynman_I_34_14,Feynman,0.01,0.0,10.0,Local runs/290227
PySR,feynman_I_34_14,Feynman,0.1,0.0,10.0,Local runs/290227
PySR,feynman_I_34_27,Feynman,0.0,0.9,10.0,Local runs/290227
PySR,feynman_I_34_27,Feynman,0.001,1.0,10.0,Local runs/290227
PySR,feynman_I_34_27,Feynman,0.01,1.0,10.0,Local runs/290227
PySR,feynman_I_34_27,Feynman,0.1,1.0,10.0,Local runs/290227
PySR,feynman_I_34_8,Feynman,0.0,0.9,10.0,Local runs/290227
PySR,feynman_I_34_8,Feynman,0.001,1.0,10.0,Local runs/290227
PySR,feynman_I_34_8,Feynman,0.01,1.0,10.0,Local runs/290227
PySR,feynman_I_34_8,Feynman,0.1,1.0,10.0,Local runs/290227
PySR,feynman_I_37_4,Feynman,0.0,0.0,10.0,Local runs/290227
PySR,feynman_I_37_4,Feynman,0.001,0.0,10.0,Local runs/290227
PySR,feynman_I_37_4,Feynman,0.01,0.1,10.0,Local runs/290227
PySR,feynman_I_37_4,Feynman,0.1,0.0,10.0,Local runs/290227
PySR,feynman_I_38_12,Feynman,0.0,0.9,10.0,Local runs/290227
PySR,feynman_I_38_12,Feynman,0.001,1.0,10.0,Local runs/290227
PySR,feynman_I_38_12,Feynman,0.01,1.0,10.0,Local runs/290227
PySR,feynman_I_38_12,Feynman,0.1,1.0,10.0,Local runs/290227
PySR,feynman_I_39_1,Feynman,0.0,1.0,10.0,Local runs/290227
PySR,feynman_I_39_1,Feynman,0.001,1.0,10.0,Local runs/290227
PySR,feynman_I_39_1,Feynman,0.01,1.0,10.0,Local runs/290227
PySR,feynman_I_39_1,Feynman,0.1,1.0,10.0,Local runs/290227
PySR,feynman_I_39_11,Feynman,0.0,1.0,10.0,Local runs/290227
PySR,feynman_I_39_11,Feynman,0.001,1.0,10.0,Local runs/290227
PySR,feynman_I_39_11,Feynman,0.01,1.0,10.0,Local runs/290227
PySR,feynman_I_39_11,Feynman,0.1,1.0,10.0,Local runs/290227
PySR,feynman_I_39_22,Feynman,0.0,0.9,10.0,Local runs/290227
PySR,feynman_I_39_22,Feynman,0.001,1.0,10.0,Local runs/290227
PySR,feynman_I_39_22,Feynman,0.01,1.0,10.0,Local runs/290227
PySR,feynman_I_39_22,Feynman,0.1,1.0,10.0,Local runs/290227
PySR,feynman_I_40_1,Feynman,0.0,0.0,10.0,Local runs/290227
PySR,feynman_I_40_1,Feynman,0.001,0.0,10.0,Local runs/290227
PySR,feynman_I_40_1,Feynman,0.01,0.0,10.0,Local runs/290227
PySR,feynman_I_40_1,Feynman,0.1,0.1,10.0,Local runs/290227
PySR,feynman_I_41_16,Feynman,0.0,0.0,10.0,Local runs/290227
PySR,feynman_I_41_16,Feynman,0.001,0.0,10.0,Local runs/290227
PySR,feynman_I_41_16,Feynman,0.01,0.0,10.0,Local runs/290227
PySR,feynman_I_41_16,Feynman,0.1,0.0,10.0,Local runs/290227
PySR,feynman_I_43_16,Feynman,0.0,0.9,10.0,Local runs/290227
PySR,feynman_I_43_16,Feynman,0.001,1.0,10.0,Local runs/290227
PySR,feynman_I_43_16,Feynman,0.01,1.0,10.0,Local runs/290227
PySR,feynman_I_43_16,Feynman,0.1,1.0,10.0,Local runs/290227
PySR,feynman_I_43_31,Feynman,0.0,0.9,10.0,Local runs/290227
PySR,feynman_I_43_31,Feynman,0.001,1.0,10.0,Local runs/290227
PySR,feynman_I_43_31,Feynman,0.01,1.0,10.0,Local runs/290227
PySR,feynman_I_43_31,Feynman,0.1,1.0,10.0,Local runs/290227
PySR,feynman_I_43_43,Feynman,0.0,0.9,10.0,Local runs/290227
PySR,feynman_I_43_43,Feynman,0.001,1.0,10.0,Local runs/290227
PySR,feynman_I_43_43,Feynman,0.01,1.0,10.0,Local runs/290227
PySR,feynman_I_43_43,Feynman,0.1,1.0,10.0,Local runs/290227
PySR,feynman_I_44_4,Feynman,0.0,0.1,10.0,Local runs/290227
PySR,feynman_I_44_4,Feynman,0.001,0.4,10.0,Local runs/290227
PySR,feynman_I_44_4,Feynman,0.01,0.2,10.0,Local runs/290227
PySR,feynman_I_44_4,Feynman,0.1,0.1,10.0,Local runs/290227
PySR,feynman_I_47_23,Feynman,0.0,0.9,10.0,Local runs/290227
PySR,feynman_I_47_23,Feynman,0.001,1.0,10.0,Local runs/290227
PySR,feynman_I_47_23,Feynman,0.01,1.0,10.0,Local runs/290227
PySR,feynman_I_47_23,Feynman,0.1,1.0,10.0,Local runs/290227
PySR,feynman_I_48_2,Feynman,0.0,0.0,10.0,Local runs/290227
PySR,feynman_I_48_2,Feynman,0.001,0.0,10.0,Local runs/290227
PySR,feynman_I_48_2,Feynman,0.01,0.0,10.0,Local runs/290227
PySR,feynman_I_48_2,Feynman,0.1,0.0,10.0,Local runs/290227
PySR,feynman_I_50_26,Feynman,0.0,0.0,10.0,Local runs/290227
PySR,feynman_I_50_26,Feynman,0.001,0.0,10.0,Local runs/290227
PySR,feynman_I_50_26,Feynman,0.01,0.0,10.0,Local runs/290227
PySR,feynman_I_50_26,Feynman,0.1,0.0,10.0,Local runs/290227
PySR,feynman_I_6_2,Feynman,0.0,0.0,10.0,Local runs/290227
PySR,feynman_I_6_2,Feynman,0.001,0.0,10.0,Local runs/290227
PySR,feynman_I_6_2,Feynman,0.01,0.0,10.0,Local runs/290227
PySR,feynman_I_6_2,Feynman,0.1,0.0,10.0,Local runs/290227
PySR,feynman_I_6_2a,Feynman,0.0,0.0,10.0,Local runs/290227
PySR,feynman_I_6_2a,Feynman,0.001,0.1,10.0,Local runs/290227
PySR,feynman_I_6_2a,Feynman,0.01,0.1,10.0,Local runs/290227
PySR,feynman_I_6_2a,Feynman,0.1,0.0,10.0,Local runs/290227
PySR,feynman_I_6_2b,Feynman,0.0,0.0,10.0,Local runs/290227
PySR,feynman_I_6_2b,Feynman,0.001,0.0,10.0,Local runs/290227
PySR,feynman_I_6_2b,Feynman,0.01,0.0,10.0,Local runs/290227
PySR,feynman_I_6_2b,Feynman,0.1,0.0,10.0,Local runs/290227
PySR,feynman_I_8_14,Feynman,0.0,0.0,10.0,Local runs/290227
PySR,feynman_I_8_14,Feynman,0.001,0.1,10.0,Local runs/290227
PySR,feynman_I_8_14,Feynman,0.01,0.2,10.0,Local runs/290227
PySR,feynman_I_8_14,Feynman,0.1,0.2,10.0,Local runs/290227
PySR,feynman_I_9_18,Feynman,0.0,0.0,10.0,Local runs/290227
PySR,feynman_I_9_18,Feynman,0.001,0.0,10.0,Local runs/290227
PySR,feynman_I_9_18,Feynman,0.01,0.0,10.0,Local runs/290227
PySR,feynman_I_9_18,Feynman,0.1,0.0,10.0,Local runs/290227
PySR,feynman_test_1,Feynman,0.0,0.0,10.0,Local runs/290227
PySR,feynman_test_1,Feynman,0.001,0.0,10.0,Local runs/290227
PySR,feynman_test_1,Feynman,0.01,0.0,10.0,Local runs/290227
PySR,feynman_test_1,Feynman,0.1,0.0,10.0,Local runs/290227
PySR,feynman_test_10,Feynman,0.0,0.0,10.0,Local runs/290227
PySR,feynman_test_10,Feynman,0.001,0.0,10.0,Local runs/290227
PySR,feynman_test_10,Feynman,0.01,0.0,10.0,Local runs/290227
PySR,feynman_test_10,Feynman,0.1,0.0,10.0,Local runs/290227
PySR,feynman_test_11,Feynman,0.0,0.0,10.0,Local runs/290227
PySR,feynman_test_11,Feynman,0.001,0.0,10.0,Local runs/290227
PySR,feynman_test_11,Feynman,0.01,0.0,10.0,Local runs/290227
PySR,feynman_test_11,Feynman,0.1,0.0,10.0,Local runs/290227
PySR,feynman_test_12,Feynman,0.0,0.0,10.0,Local runs/290227
PySR,feynman_test_12,Feynman,0.001,0.0,10.0,Local runs/290227
PySR,feynman_test_12,Feynman,0.01,0.0,10.0,Local runs/290227
PySR,feynman_test_12,Feynman,0.1,0.0,10.0,Local runs/290227
PySR,feynman_test_13,Feynman,0.0,0.0,10.0,Local runs/290227
PySR,feynman_test_13,Feynman,0.001,0.0,10.0,Local runs/290227
PySR,feynman_test_13,Feynman,0.01,0.0,10.0,Local runs/290227
PySR,feynman_test_13,Feynman,0.1,0.0,10.0,Local runs/290227
PySR,feynman_test_14,Feynman,0.0,0.0,10.0,Local runs/290227
PySR,feynman_test_14,Feynman,0.001,0.0,10.0,Local runs/290227
PySR,feynman_test_14,Feynman,0.01,0.0,10.0,Local runs/290227
PySR,feynman_test_14,Feynman,0.1,0.0,10.0,Local runs/290227
PySR,feynman_test_15,Feynman,0.0,0.0,10.0,Local runs/290227
PySR,feynman_test_15,Feynman,0.001,0.0,10.0,Local runs/290227
PySR,feynman_test_15,Feynman,0.01,0.0,10.0,Local runs/290227
PySR,feynman_test_15,Feynman,0.1,0.0,10.0,Local runs/290227
PySR,feynman_test_16,Feynman,0.0,0.0,10.0,Local runs/290227
PySR,feynman_test_16,Feynman,0.001,0.0,10.0,Local runs/290227
PySR,feynman_test_16,Feynman,0.01,0.0,10.0,Local runs/290227
PySR,feynman_test_16,Feynman,0.1,0.0,10.0,Local runs/290227
PySR,feynman_test_17,Feynman,0.0,0.0,10.0,Local runs/290227
PySR,feynman_test_17,Feynman,0.001,0.0,10.0,Local runs/290227
PySR,feynman_test_17,Feynman,0.01,0.0,10.0,Local runs/290227
PySR,feynman_test_17,Feynman,0.1,0.0,10.0,Local runs/290227
PySR,feynman_test_18,Feynman,0.0,0.3,10.0,Local runs/290227
PySR,feynman_test_18,Feynman,0.001,0.3,10.0,Local runs/290227
PySR,feynman_test_18,Feynman,0.01,0.2,10.0,Local runs/290227
PySR,feynman_test_18,Feynman,0.1,0.1,10.0,Local runs/290227
PySR,feynman_test_19,Feynman,0.0,0.0,10.0,Local runs/290227
PySR,feynman_test_19,Feynman,0.001,0.0,10.0,Local runs/290227
PySR,feynman_test_19,Feynman,0.01,0.0,10.0,Local runs/290227
PySR,feynman_test_19,Feynman,0.1,0.0,10.0,Local runs/290227
PySR,feynman_test_2,Feynman,0.0,0.0,10.0,Local runs/290227
PySR,feynman_test_2,Feynman,0.001,0.0,10.0,Local runs/290227
PySR,feynman_test_2,Feynman,0.01,0.0,10.0,Local runs/290227
PySR,feynman_test_2,Feynman,0.1,0.0,10.0,Local runs/290227
PySR,feynman_test_20,Feynman,0.0,0.0,10.0,Local runs/290227
PySR,feynman_test_20,Feynman,0.001,0.0,10.0,Local runs/290227
PySR,feynman_test_20,Feynman,0.01,0.0,10.0,Local runs/290227
PySR,feynman_test_20,Feynman,0.1,0.0,10.0,Local runs/290227
PySR,feynman_test_3,Feynman,0.0,0.0,10.0,Local runs/290227
PySR,feynman_test_3,Feynman,0.001,0.0,10.0,Local runs/290227
PySR,feynman_test_3,Feynman,0.01,0.0,10.0,Local runs/290227
PySR,feynman_test_3,Feynman,0.1,0.0,10.0,Local runs/290227
PySR,feynman_test_4,Feynman,0.0,0.0,10.0,Local runs/290227
PySR,feynman_test_4,Feynman,0.001,0.0,10.0,Local runs/290227
PySR,feynman_test_4,Feynman,0.01,0.0,10.0,Local runs/290227
PySR,feynman_test_4,Feynman,0.1,0.0,10.0,Local runs/290227
PySR,feynman_test_5,Feynman,0.0,0.0,10.0,Local runs/290227
PySR,feynman_test_5,Feynman,0.001,0.0,10.0,Local runs/290227
PySR,feynman_test_5,Feynman,0.01,0.0,10.0,Local runs/290227
PySR,feynman_test_5,Feynman,0.1,0.0,10.0,Local runs/290227
PySR,feynman_test_6,Feynman,0.0,0.0,10.0,Local runs/290227
PySR,feynman_test_6,Feynman,0.001,0.0,10.0,Local runs/290227
PySR,feynman_test_6,Feynman,0.01,0.0,10.0,Local runs/290227
PySR,feynman_test_6,Feynman,0.1,0.0,10.0,Local runs/290227
PySR,feynman_test_7,Feynman,0.0,0.0,10.0,Local runs/290227
PySR,feynman_test_7,Feynman,0.001,0.0,10.0,Local runs/290227
PySR,feynman_test_7,Feynman,0.01,0.0,10.0,Local runs/290227
PySR,feynman_test_7,Feynman,0.1,0.0,10.0,Local runs/290227
PySR,feynman_test_8,Feynman,0.0,0.0,10.0,Local runs/290227
PySR,feynman_test_8,Feynman,0.001,0.0,10.0,Local runs/290227
PySR,feynman_test_8,Feynman,0.01,0.1,10.0,Local runs/290227
PySR,feynman_test_8,Feynman,0.1,0.0,10.0,Local runs/290227
PySR,feynman_test_9,Feynman,0.0,0.0,10.0,Local runs/290227
PySR,feynman_test_9,Feynman,0.001,0.0,10.0,Local runs/290227
PySR,feynman_test_9,Feynman,0.01,0.0,10.0,Local runs/290227
PySR,feynman_test_9,Feynman,0.1,0.0,10.0,Local runs/290227
PySR,strogatz_bacres1,Strogatz,0.0,0.0,10.0,Local runs/290227
PySR,strogatz_bacres1,Strogatz,0.001,0.0,10.0,Local runs/290227
PySR,strogatz_bacres1,Strogatz,0.01,0.0,10.0,Local runs/290227
PySR,strogatz_bacres1,Strogatz,0.1,0.0,10.0,Local runs/290227
PySR,strogatz_bacres2,Strogatz,0.0,0.2,10.0,Local runs/290227
PySR,strogatz_bacres2,Strogatz,0.001,0.0,10.0,Local runs/290227
PySR,strogatz_bacres2,Strogatz,0.01,0.0,10.0,Local runs/290227
PySR,strogatz_bacres2,Strogatz,0.1,0.0,10.0,Local runs/290227
PySR,strogatz_barmag1,Strogatz,0.0,0.0,10.0,Local runs/290227
PySR,strogatz_barmag1,Strogatz,0.001,0.2,10.0,Local runs/290227
PySR,strogatz_barmag1,Strogatz,0.01,0.0,10.0,Local runs/290227
PySR,strogatz_barmag1,Strogatz,0.1,0.3,10.0,Local runs/290227
PySR,strogatz_barmag2,Strogatz,0.0,0.3,10.0,Local runs/290227
PySR,strogatz_barmag2,Strogatz,0.001,0.3,10.0,Local runs/290227
PySR,strogatz_barmag2,Strogatz,0.01,0.1,10.0,Local runs/290227
PySR,strogatz_barmag2,Strogatz,0.1,0.3,10.0,Local runs/290227
PySR,strogatz_glider1,Strogatz,0.0,1.0,10.0,Local runs/290227
PySR,strogatz_glider1,Strogatz,0.001,1.0,10.0,Local runs/290227
PySR,strogatz_glider1,Strogatz,0.01,1.0,10.0,Local runs/290227
PySR,strogatz_glider1,Strogatz,0.1,0.8,10.0,Local runs/290227
PySR,strogatz_glider2,Strogatz,0.0,1.0,10.0,Local runs/290227
PySR,strogatz_glider2,Strogatz,0.001,1.0,10.0,Local runs/290227
PySR,strogatz_glider2,Strogatz,0.01,1.0,10.0,Local runs/290227
PySR,strogatz_glider2,Strogatz,0.1,1.0,10.0,Local runs/290227
PySR,strogatz_lv1,Strogatz,0.0,0.8,10.0,Local runs/290227
PySR,strogatz_lv1,Strogatz,0.001,0.9,10.0,Local runs/290227
PySR,strogatz_lv1,Strogatz,0.01,0.8,10.0,Local runs/290227
PySR,strogatz_lv1,Strogatz,0.1,0.2,10.0,Local runs/290227
PySR,strogatz_lv2,Strogatz,0.0,0.9,10.0,Local runs/290227
PySR,strogatz_lv2,Strogatz,0.001,1.0,10.0,Local runs/290227
PySR,strogatz_lv2,Strogatz,0.01,1.0,10.0,Local runs/290227
PySR,strogatz_lv2,Strogatz,0.1,0.8,10.0,Local runs/290227
PySR,strogatz_predprey1,Strogatz,0.0,0.2,10.0,Local runs/290227
PySR,strogatz_predprey1,Strogatz,0.001,0.2,10.0,Local runs/290227
PySR,strogatz_predprey1,Strogatz,0.01,0.1,10.0,Local runs/290227
PySR,strogatz_predprey1,Strogatz,0.1,0.0,10.0,Local runs/290227
PySR,strogatz_predprey2,Strogatz,0.0,0.0,10.0,Local runs/290227
PySR,strogatz_predprey2,Strogatz,0.001,0.0,10.0,Local runs/290227
PySR,strogatz_predprey2,Strogatz,0.01,0.1,10.0,Local runs/290227
PySR,strogatz_predprey2,Strogatz,0.1,0.0,10.0,Local runs/290227
PySR,strogatz_shearflow1,Strogatz,0.0,0.7,10.0,Local runs/290227
PySR,strogatz_shearflow1,Strogatz,0.001,1.0,10.0,Local runs/290227
PySR,strogatz_shearflow1,Strogatz,0.01,1.0,10.0,Local runs/290227
PySR,strogatz_shearflow1,Strogatz,0.1,1.0,10.0,Local runs/290227
PySR,strogatz_shearflow2,Strogatz,0.0,0.9,10.0,Local runs/290227
PySR,strogatz_shearflow2,Strogatz,0.001,1.0,10.0,Local runs/290227
PySR,strogatz_shearflow2,Strogatz,0.01,0.9,10.0,Local runs/290227
PySR,strogatz_shearflow2,Strogatz,0.1,0.6,10.0,Local runs/290227
PySR,strogatz_vdp1,Strogatz,0.0,0.2,10.0,Local runs/290227
PySR,strogatz_vdp1,Strogatz,0.001,0.8,10.0,Local runs/290227
PySR,strogatz_vdp1,Strogatz,0.01,0.2,10.0,Local runs/290227
PySR,strogatz_vdp1,Strogatz,0.1,0.2,10.0,Local runs/290227
PySR,strogatz_vdp2,Strogatz,0.0,1.0,10.0,Local runs/290227
PySR,strogatz_vdp2,Strogatz,0.001,1.0,10.0,Local runs/290227
PySR,strogatz_vdp2,Strogatz,0.01,1.0,10.0,Local runs/290227
PySR,strogatz_vdp2,Strogatz,0.1,1.0,10.0,Local runs/290227
BasicSR,feynman_III_10_19,Feynman,0.0,0.0,10.0,Local runs/150814
BasicSR,feynman_III_10_19,Feynman,0.001,0.0,10.0,Local runs/150814
BasicSR,feynman_III_10_19,Feynman,0.01,0.0,10.0,Local runs/150814
BasicSR,feynman_III_10_19,Feynman,0.1,0.0,10.0,Local runs/150814
BasicSR,feynman_III_12_43,Feynman,0.0,0.8,10.0,Local runs/150814
BasicSR,feynman_III_12_43,Feynman,0.001,0.8,10.0,Local runs/150814
BasicSR,feynman_III_12_43,Feynman,0.01,0.6,10.0,Local runs/150814
BasicSR,feynman_III_12_43,Feynman,0.1,0.3,10.0,Local runs/150814
BasicSR,feynman_III_13_18,Feynman,0.0,0.2,10.0,Local runs/150814
BasicSR,feynman_III_13_18,Feynman,0.001,0.1,10.0,Local runs/150814
BasicSR,feynman_III_13_18,Feynman,0.01,0.1,10.0,Local runs/150814
BasicSR,feynman_III_13_18,Feynman,0.1,0.2,10.0,Local runs/150814
BasicSR,feynman_III_14_14,Feynman,0.0,0.0,10.0,Local runs/150814
BasicSR,feynman_III_14_14,Feynman,0.001,0.0,10.0,Local runs/150814
BasicSR,feynman_III_14_14,Feynman,0.01,0.0,10.0,Local runs/150814
BasicSR,feynman_III_14_14,Feynman,0.1,0.0,10.0,Local runs/150814
BasicSR,feynman_III_15_12,Feynman,0.0,0.3,10.0,Local runs/150814
BasicSR,feynman_III_15_12,Feynman,0.001,0.1,10.0,Local runs/150814
BasicSR,feynman_III_15_12,Feynman,0.01,0.3,10.0,Local runs/150814
BasicSR,feynman_III_15_12,Feynman,0.1,0.1,10.0,Local runs/150814
BasicSR,feynman_III_15_14,Feynman,0.0,0.8,10.0,Local runs/150814
BasicSR,feynman_III_15_14,Feynman,0.001,0.6,10.0,Local runs/150814
BasicSR,feynman_III_15_14,Feynman,0.01,0.7,10.0,Local runs/150814
BasicSR,feynman_III_15_14,Feynman,0.1,0.4,10.0,Local runs/150814
BasicSR,feynman_III_15_27,Feynman,0.0,0.6,10.0,Local runs/150814
BasicSR,feynman_III_15_27,Feynman,0.001,0.8,10.0,Local runs/150814
BasicSR,feynman_III_15_27,Feynman,0.01,0.4,10.0,Local runs/150814
BasicSR,feynman_III_15_27,Feynman,0.1,0.1,10.0,Local runs/150814
BasicSR,feynman_III_17_37,Feynman,0.0,0.1,10.0,Local runs/150814
BasicSR,feynman_III_17_37,Feynman,0.001,0.1,10.0,Local runs/150814
BasicSR,feynman_III_17_37,Feynman,0.01,0.2,10.0,Local runs/150814
BasicSR,feynman_III_17_37,Feynman,0.1,0.1,10.0,Local runs/150814
BasicSR,feynman_III_19_51,Feynman,0.0,0.0,10.0,Local runs/150814
BasicSR,feynman_III_19_51,Feynman,0.001,0.0,10.0,Local runs/150814
BasicSR,feynman_III_19_51,Feynman,0.01,0.0,10.0,Local runs/150814
BasicSR,feynman_III_19_51,Feynman,0.1,0.0,10.0,Local runs/150814
BasicSR,feynman_III_21_20,Feynman,0.0,0.6,10.0,Local runs/150814
BasicSR,feynman_III_21_20,Feynman,0.001,0.5,10.0,Local runs/150814
BasicSR,feynman_III_21_20,Feynman,0.01,0.4,10.0,Local runs/150814
BasicSR,feynman_III_21_20,Feynman,0.1,0.1,10.0,Local runs/150814
BasicSR,feynman_III_4_32,Feynman,0.0,0.0,10.0,Local runs/150814
BasicSR,feynman_III_4_32,Feynman,0.001,0.0,10.0,Local runs/150814
BasicSR,feynman_III_4_32,Feynman,0.01,0.0,10.0,Local runs/150814
BasicSR,feynman_III_4_32,Feynman,0.1,0.0,10.0,Local runs/150814
BasicSR,feynman_III_4_33,Feynman,0.0,0.0,10.0,Local runs/150814
BasicSR,feynman_III_4_33,Feynman,0.001,0.0,10.0,Local runs/150814
BasicSR,feynman_III_4_33,Feynman,0.01,0.0,10.0,Local runs/150814
BasicSR,feynman_III_4_33,Feynman,0.1,0.0,10.0,Local runs/150814
BasicSR,feynman_III_7_38,Feynman,0.0,0.5,10.0,Local runs/150814
BasicSR,feynman_III_7_38,Feynman,0.001,0.4,10.0,Local runs/150814
BasicSR,feynman_III_7_38,Feynman,0.01,0.3,10.0,Local runs/150814
BasicSR,feynman_III_7_38,Feynman,0.1,0.1,10.0,Local runs/150814
BasicSR,feynman_III_8_54,Feynman,0.0,0.0,10.0,Local runs/150814
BasicSR,feynman_III_8_54,Feynman,0.001,0.0,10.0,Local runs/150814
BasicSR,feynman_III_8_54,Feynman,0.01,0.0,10.0,Local runs/150814
BasicSR,feynman_III_8_54,Feynman,0.1,0.0,10.0,Local runs/150814
BasicSR,feynman_III_9_52,Feynman,0.0,0.0,10.0,Local runs/150814
BasicSR,feynman_III_9_52,Feynman,0.001,0.0,10.0,Local runs/150814
BasicSR,feynman_III_9_52,Feynman,0.01,0.0,10.0,Local runs/150814
BasicSR,feynman_III_9_52,Feynman,0.1,0.0,10.0,Local runs/150814
BasicSR,feynman_II_10_9,Feynman,0.0,0.9,10.0,Local runs/150814
BasicSR,feynman_II_10_9,Feynman,0.001,1.0,10.0,Local runs/150814
BasicSR,feynman_II_10_9,Feynman,0.01,0.7,10.0,Local runs/150814
BasicSR,feynman_II_10_9,Feynman,0.1,0.2,10.0,Local runs/150814
BasicSR,feynman_II_11_20,Feynman,0.0,0.0,10.0,Local runs/150814
BasicSR,feynman_II_11_20,Feynman,0.001,0.0,10.0,Local runs/150814
BasicSR,feynman_II_11_20,Feynman,0.01,0.0,10.0,Local runs/150814
BasicSR,feynman_II_11_20,Feynman,0.1,0.0,10.0,Local runs/150814
BasicSR,feynman_II_11_27,Feynman,0.0,0.0,10.0,Local runs/150814
BasicSR,feynman_II_11_27,Feynman,0.001,0.0,10.0,Local runs/150814
BasicSR,feynman_II_11_27,Feynman,0.01,0.0,10.0,Local runs/150814
BasicSR,feynman_II_11_27,Feynman,0.1,0.0,10.0,Local runs/150814
BasicSR,feynman_II_11_28,Feynman,0.0,0.0,10.0,Local runs/150814
BasicSR,feynman_II_11_28,Feynman,0.001,0.0,10.0,Local runs/150814
BasicSR,feynman_II_11_28,Feynman,0.01,0.0,10.0,Local runs/150814
BasicSR,feynman_II_11_28,Feynman,0.1,0.0,10.0,Local runs/150814
BasicSR,feynman_II_11_3,Feynman,0.0,0.0,10.0,Local runs/150814
BasicSR,feynman_II_11_3,Feynman,0.001,0.0,10.0,Local runs/150814
BasicSR,feynman_II_11_3,Feynman,0.01,0.0,10.0,Local runs/150814
BasicSR,feynman_II_11_3,Feynman,0.1,0.0,10.0,Local runs/150814
BasicSR,feynman_II_13_17,Feynman,0.0,0.5,10.0,Local runs/150814
BasicSR,feynman_II_13_17,Feynman,0.001,0.5,10.0,Local runs/150814
BasicSR,feynman_II_13_17,Feynman,0.01,0.7,10.0,Local runs/150814
BasicSR,feynman_II_13_17,Feynman,0.1,0.3,10.0,Local runs/150814
BasicSR,feynman_II_13_23,Feynman,0.0,0.0,10.0,Local runs/150814
BasicSR,feynman_II_13_23,Feynman,0.001,0.0,10.0,Local runs/150814
BasicSR,feynman_II_13_23,Feynman,0.01,0.0,10.0,Local runs/150814
BasicSR,feynman_II_13_23,Feynman,0.1,0.0,10.0,Local runs/150814
BasicSR,feynman_II_13_34,Feynman,0.0,0.0,10.0,Local runs/150814
BasicSR,feynman_II_13_34,Feynman,0.001,0.0,10.0,Local runs/150814
BasicSR,feynman_II_13_34,Feynman,0.01,0.0,10.0,Local runs/150814
BasicSR,feynman_II_13_34,Feynman,0.1,0.0,10.0,Local runs/150814
BasicSR,feynman_II_15_4,Feynman,0.0,0.3,10.0,Local runs/150814
BasicSR,feynman_II_15_4,Feynman,0.001,0.1,10.0,Local runs/150814
BasicSR,feynman_II_15_4,Feynman,0.01,0.5,10.0,Local runs/150814
BasicSR,feynman_II_15_4,Feynman,0.1,0.1,10.0,Local runs/150814
BasicSR,feynman_II_15_5,Feynman,0.0,0.6,10.0,Local runs/150814
BasicSR,feynman_II_15_5,Feynman,0.001,0.4,10.0,Local runs/150814
BasicSR,feynman_II_15_5,Feynman,0.01,0.2,10.0,Local runs/150814
BasicSR,feynman_II_15_5,Feynman,0.1,0.1,10.0,Local runs/150814
BasicSR,feynman_II_21_32,Feynman,0.0,0.0,10.0,Local runs/150814
BasicSR,feynman_II_21_32,Feynman,0.001,0.0,10.0,Local runs/150814
BasicSR,feynman_II_21_32,Feynman,0.01,0.0,10.0,Local runs/150814
BasicSR,feynman_II_21_32,Feynman,0.1,0.0,10.0,Local runs/150814
BasicSR,feynman_II_24_17,Feynman,0.0,0.0,10.0,Local runs/150814
BasicSR,feynman_II_24_17,Feynman,0.001,0.0,10.0,Local runs/150814
BasicSR,feynman_II_24_17,Feynman,0.01,0.0,10.0,Local runs/150814
BasicSR,feynman_II_24_17,Feynman,0.1,0.0,10.0,Local runs/150814
BasicSR,feynman_II_27_16,Feynman,0.0,0.8,10.0,Local runs/150814
BasicSR,feynman_II_27_16,Feynman,0.001,0.8,10.0,Local runs/150814
BasicSR,feynman_II_27_16,Feynman,0.01,0.5,10.0,Local runs/150814
BasicSR,feynman_II_27_16,Feynman,0.1,0.4,10.0,Local runs/150814
BasicSR,feynman_II_27_18,Feynman,0.0,1.0,10.0,Local runs/150814
BasicSR,feynman_II_27_18,Feynman,0.001,0.7,10.0,Local runs/150814
BasicSR,feynman_II_27_18,Feynman,0.01,0.2,10.0,Local runs/150814
BasicSR,feynman_II_27_18,Feynman,0.1,0.0,10.0,Local runs/150814
BasicSR,feynman_II_2_42,Feynman,0.0,0.8,10.0,Local runs/150814
BasicSR,feynman_II_2_42,Feynman,0.001,0.7,10.0,Local runs/150814
BasicSR,feynman_II_2_42,Feynman,0.01,0.6,10.0,Local runs/150814
BasicSR,feynman_II_2_42,Feynman,0.1,0.4,10.0,Local runs/150814
BasicSR,feynman_II_34_11,Feynman,0.0,0.1,10.0,Local runs/150814
BasicSR,feynman_II_34_11,Feynman,0.001,0.4,10.0,Local runs/150814
BasicSR,feynman_II_34_11,Feynman,0.01,0.2,10.0,Local runs/150814
BasicSR,feynman_II_34_11,Feynman,0.1,0.1,10.0,Local runs/150814
BasicSR,feynman_II_34_2,Feynman,0.0,0.3,10.0,Local runs/150814
BasicSR,feynman_II_34_2,Feynman,0.001,0.4,10.0,Local runs/150814
BasicSR,feynman_II_34_2,Feynman,0.01,0.3,10.0,Local runs/150814
BasicSR,feynman_II_34_2,Feynman,0.1,0.1,10.0,Local runs/150814
BasicSR,feynman_II_34_29a,Feynman,0.0,0.9,10.0,Local runs/150814
BasicSR,feynman_II_34_29a,Feynman,0.001,0.8,10.0,Local runs/150814
BasicSR,feynman_II_34_29a,Feynman,0.01,0.3,10.0,Local runs/150814
BasicSR,feynman_II_34_29a,Feynman,0.1,0.6,10.0,Local runs/150814
BasicSR,feynman_II_34_29b,Feynman,0.0,0.0,10.0,Local runs/150814
BasicSR,feynman_II_34_29b,Feynman,0.001,0.0,10.0,Local runs/150814
BasicSR,feynman_II_34_29b,Feynman,0.01,0.0,10.0,Local runs/150814
BasicSR,feynman_II_34_29b,Feynman,0.1,0.0,10.0,Local runs/150814
BasicSR,feynman_II_34_2a,Feynman,0.0,0.6,10.0,Local runs/150814
BasicSR,feynman_II_34_2a,Feynman,0.001,0.8,10.0,Local runs/150814
BasicSR,feynman_II_34_2a,Feynman,0.01,0.6,10.0,Local runs/150814
BasicSR,feynman_II_34_2a,Feynman,0.1,0.3,10.0,Local runs/150814
BasicSR,feynman_II_35_18,Feynman,0.0,0.0,10.0,Local runs/150814
BasicSR,feynman_II_35_18,Feynman,0.001,0.0,10.0,Local runs/150814
BasicSR,feynman_II_35_18,Feynman,0.01,0.0,10.0,Local runs/150814
BasicSR,feynman_II_35_18,Feynman,0.1,0.0,10.0,Local runs/150814
BasicSR,feynman_II_35_21,Feynman,0.0,0.0,10.0,Local runs/150814
BasicSR,feynman_II_35_21,Feynman,0.001,0.0,10.0,Local runs/150814
BasicSR,feynman_II_35_21,Feynman,0.01,0.0,10.0,Local runs/150814
BasicSR,feynman_II_35_21,Feynman,0.1,0.0,10.0,Local runs/150814
BasicSR,feynman_II_36_38,Feynman,0.0,0.0,10.0,Local runs/150814
BasicSR,feynman_II_36_38,Feynman,0.001,0.0,10.0,Local runs/150814
BasicSR,feynman_II_36_38,Feynman,0.01,0.0,10.0,Local runs/150814
BasicSR,feynman_II_36_38,Feynman,0.1,0.0,10.0,Local runs/150814
BasicSR,feynman_II_37_1,Feynman,0.0,0.9,10.0,Local runs/150814
BasicSR,feynman_II_37_1,Feynman,0.001,0.8,10.0,Local runs/150814
BasicSR,feynman_II_37_1,Feynman,0.01,0.6,10.0,Local runs/150814
BasicSR,feynman_II_37_1,Feynman,0.1,0.0,10.0,Local runs/150814
BasicSR,feynman_II_38_14,Feynman,0.0,0.8,10.0,Local runs/150814
BasicSR,feynman_II_38_14,Feynman,0.001,0.9,10.0,Local runs/150814
BasicSR,feynman_II_38_14,Feynman,0.01,1.0,10.0,Local runs/150814
BasicSR,feynman_II_38_14,Feynman,0.1,0.2,10.0,Local runs/150814
BasicSR,feynman_II_38_3,Feynman,0.0,0.7,10.0,Local runs/150814
BasicSR,feynman_II_38_3,Feynman,0.001,0.6,10.0,Local runs/150814
BasicSR,feynman_II_38_3,Feynman,0.01,0.4,10.0,Local runs/150814
BasicSR,feynman_II_38_3,Feynman,0.1,0.3,10.0,Local runs/150814
BasicSR,feynman_II_3_24,Feynman,0.0,1.0,10.0,Local runs/150814
BasicSR,feynman_II_3_24,Feynman,0.001,0.9,10.0,Local runs/150814
BasicSR,feynman_II_3_24,Feynman,0.01,0.8,10.0,Local runs/150814
BasicSR,feynman_II_3_24,Feynman,0.1,0.2,10.0,Local runs/150814
BasicSR,feynman_II_4_23,Feynman,0.0,1.0,10.0,Local runs/150814
BasicSR,feynman_II_4_23,Feynman,0.001,1.0,10.0,Local runs/150814
BasicSR,feynman_II_4_23,Feynman,0.01,0.9,10.0,Local runs/150814
BasicSR,feynman_II_4_23,Feynman,0.1,0.7,10.0,Local runs/150814
BasicSR,feynman_II_6_11,Feynman,0.0,0.5,10.0,Local runs/150814
BasicSR,feynman_II_6_11,Feynman,0.001,0.2,10.0,Local runs/150814
BasicSR,feynman_II_6_11,Feynman,0.01,0.3,10.0,Local runs/150814
BasicSR,feynman_II_6_11,Feynman,0.1,0.0,10.0,Local runs/150814
BasicSR,feynman_II_6_15a,Feynman,0.0,0.0,10.0,Local runs/150814
BasicSR,feynman_II_6_15a,Feynman,0.001,0.0,10.0,Local runs/150814
BasicSR,feynman_II_6_15a,Feynman,0.01,0.0,10.0,Local runs/150814
BasicSR,feynman_II_6_15a,Feynman,0.1,0.0,10.0,Local runs/150814
BasicSR,feynman_II_6_15b,Feynman,0.0,0.1,10.0,Local runs/150814
BasicSR,feynman_II_6_15b,Feynman,0.001,0.0,10.0,Local runs/150814
BasicSR,feynman_II_6_15b,Feynman,0.01,0.2,10.0,Local runs/150814
BasicSR,feynman_II_6_15b,Feynman,0.1,0.0,10.0,Local runs/150814
BasicSR,feynman_II_8_31,Feynman,0.0,0.6,10.0,Local runs/150814
BasicSR,feynman_II_8_31,Feynman,0.001,0.6,10.0,Local runs/150814
BasicSR,feynman_II_8_31,Feynman,0.01,0.6,10.0,Local runs/150814
BasicSR,feynman_II_8_31,Feynman,0.1,0.4,10.0,Local runs/150814
BasicSR,feynman_II_8_7,Feynman,0.0,0.7,10.0,Local runs/150814
BasicSR,feynman_II_8_7,Feynman,0.001,0.7,10.0,Local runs/150814
BasicSR,feynman_II_8_7,Feynman,0.01,0.7,10.0,Local runs/150814
BasicSR,feynman_II_8_7,Feynman,0.1,0.7,10.0,Local runs/150814
BasicSR,feynman_I_10_7,Feynman,0.0,0.0,10.0,Local runs/150814
BasicSR,feynman_I_10_7,Feynman,0.001,0.0,10.0,Local runs/150814
BasicSR,feynman_I_10_7,Feynman,0.01,0.0,10.0,Local runs/150814
BasicSR,feynman_I_10_7,Feynman,0.1,0.0,10.0,Local runs/150814
BasicSR,feynman_I_11_19,Feynman,0.0,0.1,10.0,Local runs/150814
BasicSR,feynman_I_11_19,Feynman,0.001,0.0,10.0,Local runs/150814
BasicSR,feynman_I_11_19,Feynman,0.01,0.1,10.0,Local runs/150814
BasicSR,feynman_I_11_19,Feynman,0.1,0.0,10.0,Local runs/150814
BasicSR,feynman_I_12_1,Feynman,0.0,1.0,10.0,Local runs/150814
BasicSR,feynman_I_12_1,Feynman,0.001,0.5,10.0,Local runs/150814
BasicSR,feynman_I_12_1,Feynman,0.01,0.3,10.0,Local runs/150814
BasicSR,feynman_I_12_1,Feynman,0.1,0.0,10.0,Local runs/150814
BasicSR,feynman_I_12_11,Feynman,0.0,0.0,10.0,Local runs/150814
BasicSR,feynman_I_12_11,Feynman,0.001,0.0,10.0,Local runs/150814
BasicSR,feynman_I_12_11,Feynman,0.01,0.2,10.0,Local runs/150814
BasicSR,feynman_I_12_11,Feynman,0.1,0.1,10.0,Local runs/150814
BasicSR,feynman_I_12_2,Feynman,0.0,0.7,10.0,Local runs/150814
BasicSR,feynman_I_12_2,Feynman,0.001,0.6,10.0,Local runs/150814
BasicSR,feynman_I_12_2,Feynman,0.01,0.4,10.0,Local runs/150814
BasicSR,feynman_I_12_2,Feynman,0.1,0.3,10.0,Local runs/150814
BasicSR,feynman_I_12_4,Feynman,0.0,0.9,10.0,Local runs/150814
BasicSR,feynman_I_12_4,Feynman,0.001,0.8,10.0,Local runs/150814
BasicSR,feynman_I_12_4,Feynman,0.01,0.9,10.0,Local runs/150814
BasicSR,feynman_I_12_4,Feynman,0.1,0.7,10.0,Local runs/150814
BasicSR,feynman_I_12_5,Feynman,0.0,1.0,10.0,Local runs/150814
BasicSR,feynman_I_12_5,Feynman,0.001,0.6,10.0,Local runs/150814
BasicSR,feynman_I_12_5,Feynman,0.01,0.4,10.0,Local runs/150814
BasicSR,feynman_I_12_5,Feynman,0.1,0.0,10.0,Local runs/150814
BasicSR,feynman_I_13_12,Feynman,0.0,0.0,10.0,Local runs/150814
BasicSR,feynman_I_13_12,Feynman,0.001,0.0,10.0,Local runs/150814
BasicSR,feynman_I_13_12,Feynman,0.01,0.2,10.0,Local runs/150814
BasicSR,feynman_I_13_12,Feynman,0.1,0.1,10.0,Local runs/150814
BasicSR,feynman_I_13_4,Feynman,0.0,0.0,10.0,Local runs/150814
BasicSR,feynman_I_13_4,Feynman,0.001,0.0,10.0,Local runs/150814
BasicSR,feynman_I_13_4,Feynman,0.01,0.0,10.0,Local runs/150814
BasicSR,feynman_I_13_4,Feynman,0.1,0.0,10.0,Local runs/150814
BasicSR,feynman_I_14_3,Feynman,0.0,1.0,10.0,Local runs/150814
BasicSR,feynman_I_14_3,Feynman,0.001,0.5,10.0,Local runs/150814
BasicSR,feynman_I_14_3,Feynman,0.01,0.4,10.0,Local runs/150814
BasicSR,feynman_I_14_3,Feynman,0.1,0.0,10.0,Local runs/150814
BasicSR,feynman_I_14_4,Feynman,0.0,0.7,10.0,Local runs/150814
BasicSR,feynman_I_14_4,Feynman,0.001,0.6,10.0,Local runs/150814
BasicSR,feynman_I_14_4,Feynman,0.01,0.6,10.0,Local runs/150814
BasicSR,feynman_I_14_4,Feynman,0.1,0.4,10.0,Local runs/150814
BasicSR,feynman_I_15_10,Feynman,0.0,0.0,10.0,Local runs/150814
BasicSR,feynman_I_15_10,Feynman,0.001,0.0,10.0,Local runs/150814
BasicSR,feynman_I_15_10,Feynman,0.01,0.0,10.0,Local runs/150814
BasicSR,feynman_I_15_10,Feynman,0.1,0.0,10.0,Local runs/150814
BasicSR,feynman_I_15_3t,Feynman,0.0,0.0,10.0,Local runs/150814
BasicSR,feynman_I_15_3t,Feynman,0.001,0.0,10.0,Local runs/150814
BasicSR,feynman_I_15_3t,Feynman,0.01,0.0,10.0,Local runs/150814
BasicSR,feynman_I_15_3t,Feynman,0.1,0.0,10.0,Local runs/150814
BasicSR,feynman_I_15_3x,Feynman,0.0,0.0,10.0,Local runs/150814
BasicSR,feynman_I_15_3x,Feynman,0.001,0.0,10.0,Local runs/150814
BasicSR,feynman_I_15_3x,Feynman,0.01,0.0,10.0,Local runs/150814
BasicSR,feynman_I_15_3x,Feynman,0.1,0.0,10.0,Local runs/150814
BasicSR,feynman_I_16_6,Feynman,0.0,0.0,10.0,Local runs/150814
BasicSR,feynman_I_16_6,Feynman,0.001,0.0,10.0,Local runs/150814
BasicSR,feynman_I_16_6,Feynman,0.01,0.0,10.0,Local runs/150814
BasicSR,feynman_I_16_6,Feynman,0.1,0.0,10.0,Local runs/150814
BasicSR,feynman_I_18_12,Feynman,0.0,0.9,10.0,Local runs/150814
BasicSR,feynman_I_18_12,Feynman,0.001,0.7,10.0,Local runs/150814
BasicSR,feynman_I_18_12,Feynman,0.01,0.6,10.0,Local runs/150814
BasicSR,feynman_I_18_12,Feynman,0.1,0.4,10.0,Local runs/150814
BasicSR,feynman_I_18_14,Feynman,0.0,0.5,10.0,Local runs/150814
BasicSR,feynman_I_18_14,Feynman,0.001,0.3,10.0,Local runs/150814
BasicSR,feynman_I_18_14,Feynman,0.01,0.3,10.0,Local runs/150814
BasicSR,feynman_I_18_14,Feynman,0.1,0.1,10.0,Local runs/150814
BasicSR,feynman_I_18_4,Feynman,0.0,0.0,10.0,Local runs/150814
BasicSR,feynman_I_18_4,Feynman,0.001,0.0,10.0,Local runs/150814
BasicSR,feynman_I_18_4,Feynman,0.01,0.0,10.0,Local runs/150814
BasicSR,feynman_I_18_4,Feynman,0.1,0.0,10.0,Local runs/150814
BasicSR,feynman_I_24_6,Feynman,0.0,0.0,10.0,Local runs/150814
BasicSR,feynman_I_24_6,Feynman,0.001,0.0,10.0,Local runs/150814
BasicSR,feynman_I_24_6,Feynman,0.01,0.0,10.0,Local runs/150814
BasicSR,feynman_I_24_6,Feynman,0.1,0.0,10.0,Local runs/150814
BasicSR,feynman_I_25_13,Feynman,0.0,1.0,10.0,Local runs/150814
BasicSR,feynman_I_25_13,Feynman,0.001,0.8,10.0,Local runs/150814
BasicSR,feynman_I_25_13,Feynman,0.01,0.6,10.0,Local runs/150814
BasicSR,feynman_I_25_13,Feynman,0.1,0.0,10.0,Local runs/150814
BasicSR,feynman_I_26_2,Feynman,0.0,0.0,10.0,Local runs/150814
BasicSR,feynman_I_26_2,Feynman,0.001,0.0,10.0,Local runs/150814
BasicSR,feynman_I_26_2,Feynman,0.01,0.0,10.0,Local runs/150814
BasicSR,feynman_I_26_2,Feynman,0.1,0.0,10.0,Local runs/150814
BasicSR,feynman_I_27_6,Feynman,0.0,0.3,10.0,Local runs/150814
BasicSR,feynman_I_27_6,Feynman,0.001,0.3,10.0,Local runs/150814
BasicSR,feynman_I_27_6,Feynman,0.01,0.2,10.0,Local runs/150814
BasicSR,feynman_I_27_6,Feynman,0.1,0.2,10.0,Local runs/150814
BasicSR,feynman_I_29_16,Feynman,0.0,0.0,10.0,Local runs/150814
BasicSR,feynman_I_29_16,Feynman,0.001,0.0,10.0,Local runs/150814
BasicSR,feynman_I_29_16,Feynman,0.01,0.0,10.0,Local runs/150814
BasicSR,feynman_I_29_16,Feynman,0.1,0.0,10.0,Local runs/150814
BasicSR,feynman_I_29_4,Feynman,0.0,1.0,10.0,Local runs/150814
BasicSR,feynman_I_29_4,Feynman,0.001,0.8,10.0,Local runs/150814
BasicSR,feynman_I_29_4,Feynman,0.01,0.2,10.0,Local runs/150814
BasicSR,feynman_I_29_4,Feynman,0.1,0.0,10.0,Local runs/150814
BasicSR,feynman_I_30_3,Feynman,0.0,0.1,10.0,Local runs/150814
BasicSR,feynman_I_30_3,Feynman,0.001,0.0,10.0,Local runs/150814
BasicSR,feynman_I_30_3,Feynman,0.01,0.0,10.0,Local runs/150814
BasicSR,feynman_I_30_3,Feynman,0.1,0.0,10.0,Local runs/150814
BasicSR,feynman_I_30_5,Feynman,0.0,0.0,10.0,Local runs/150814
BasicSR,feynman_I_30_5,Feynman,0.001,0.0,10.0,Local runs/150814
BasicSR,feynman_I_30_5,Feynman,0.01,0.0,10.0,Local runs/150814
BasicSR,feynman_I_30_5,Feynman,0.1,0.0,10.0,Local runs/150814
BasicSR,feynman_I_32_17,Feynman,0.0,0.0,10.0,Local runs/150814
BasicSR,feynman_I_32_17,Feynman,0.001,0.0,10.0,Local runs/150814
BasicSR,feynman_I_32_17,Feynman,0.01,0.0,10.0,Local runs/150814
BasicSR,feynman_I_32_17,Feynman,0.1,0.0,10.0,Local runs/150814
BasicSR,feynman_I_32_5,Feynman,0.0,0.1,10.0,Local runs/150814
BasicSR,feynman_I_32_5,Feynman,0.001,0.0,10.0,Local runs/150814
BasicSR,feynman_I_32_5,Feynman,0.01,0.0,10.0,Local runs/150814
BasicSR,feynman_I_32_5,Feynman,0.1,0.0,10.0,Local runs/150814
BasicSR,feynman_I_34_1,Feynman,0.0,0.3,10.0,Local runs/150814
BasicSR,feynman_I_34_1,Feynman,0.001,0.4,10.0,Local runs/150814
BasicSR,feynman_I_34_1,Feynman,0.01,0.1,10.0,Local runs/150814
BasicSR,feynman_I_34_1,Feynman,0.1,0.1,10.0,Local runs/150814
BasicSR,feynman_I_34_14,Feynman,0.0,0.0,10.0,Local runs/150814
BasicSR,feynman_I_34_14,Feynman,0.001,0.0,10.0,Local runs/150814
BasicSR,feynman_I_34_14,Feynman,0.01,0.0,10.0,Local runs/150814
BasicSR,feynman_I_34_14,Feynman,0.1,0.0,10.0,Local runs/150814
BasicSR,feynman_I_34_27,Feynman,0.0,1.0,10.0,Local runs/150814
BasicSR,feynman_I_34_27,Feynman,0.001,1.0,10.0,Local runs/150814
BasicSR,feynman_I_34_27,Feynman,0.01,0.7,10.0,Local runs/150814
BasicSR,feynman_I_34_27,Feynman,0.1,0.3,10.0,Local runs/150814
BasicSR,feynman_I_34_8,Feynman,0.0,0.8,10.0,Local runs/150814
BasicSR,feynman_I_34_8,Feynman,0.001,0.7,10.0,Local runs/150814
BasicSR,feynman_I_34_8,Feynman,0.01,0.5,10.0,Local runs/150814
BasicSR,feynman_I_34_8,Feynman,0.1,0.0,10.0,Local runs/150814
BasicSR,feynman_I_37_4,Feynman,0.0,0.0,10.0,Local runs/150814
BasicSR,feynman_I_37_4,Feynman,0.001,0.0,10.0,Local runs/150814
BasicSR,feynman_I_37_4,Feynman,0.01,0.0,10.0,Local runs/150814
BasicSR,feynman_I_37_4,Feynman,0.1,0.0,10.0,Local runs/150814
BasicSR,feynman_I_38_12,Feynman,0.0,0.2,10.0,Local runs/150814
BasicSR,feynman_I_38_12,Feynman,0.001,0.0,10.0,Local runs/150814
BasicSR,feynman_I_38_12,Feynman,0.01,0.3,10.0,Local runs/150814
BasicSR,feynman_I_38_12,Feynman,0.1,0.1,10.0,Local runs/150814
BasicSR,feynman_I_39_1,Feynman,0.0,1.0,10.0,Local runs/150814
BasicSR,feynman_I_39_1,Feynman,0.001,0.9,10.0,Local runs/150814
BasicSR,feynman_I_39_1,Feynman,0.01,0.5,10.0,Local runs/150814
BasicSR,feynman_I_39_1,Feynman,0.1,0.1,10.0,Local runs/150814
BasicSR,feynman_I_39_11,Feynman,0.0,0.8,10.0,Local runs/150814
BasicSR,feynman_I_39_11,Feynman,0.001,0.6,10.0,Local runs/150814
BasicSR,feynman_I_39_11,Feynman,0.01,0.5,10.0,Local runs/150814
BasicSR,feynman_I_39_11,Feynman,0.1,0.3,10.0,Local runs/150814
BasicSR,feynman_I_39_22,Feynman,0.0,1.0,10.0,Local runs/150814
BasicSR,feynman_I_39_22,Feynman,0.001,0.8,10.0,Local runs/150814
BasicSR,feynman_I_39_22,Feynman,0.01,0.5,10.0,Local runs/150814
BasicSR,feynman_I_39_22,Feynman,0.1,0.1,10.0,Local runs/150814
BasicSR,feynman_I_40_1,Feynman,0.0,0.0,10.0,Local runs/150814
BasicSR,feynman_I_40_1,Feynman,0.001,0.0,10.0,Local runs/150814
BasicSR,feynman_I_40_1,Feynman,0.01,0.0,10.0,Local runs/150814
BasicSR,feynman_I_40_1,Feynman,0.1,0.0,10.0,Local runs/150814
BasicSR,feynman_I_41_16,Feynman,0.0,0.0,10.0,Local runs/150814
BasicSR,feynman_I_41_16,Feynman,0.001,0.0,10.0,Local runs/150814
BasicSR,feynman_I_41_16,Feynman,0.01,0.0,10.0,Local runs/150814
BasicSR,feynman_I_41_16,Feynman,0.1,0.0,10.0,Local runs/150814
BasicSR,feynman_I_43_16,Feynman,0.0,0.7,10.0,Local runs/150814
BasicSR,feynman_I_43_16,Feynman,0.001,0.8,10.0,Local runs/150814
BasicSR,feynman_I_43_16,Feynman,0.01,0.6,10.0,Local runs/150814
BasicSR,feynman_I_43_16,Feynman,0.1,0.0,10.0,Local runs/150814
BasicSR,feynman_I_43_31,Feynman,0.0,1.0,10.0,Local runs/150814
BasicSR,feynman_I_43_31,Feynman,0.001,0.7,10.0,Local runs/150814
BasicSR,feynman_I_43_31,Feynman,0.01,0.7,10.0,Local runs/150814
BasicSR,feynman_I_43_31,Feynman,0.1,0.0,10.0,Local runs/150814
BasicSR,feynman_I_43_43,Feynman,0.0,0.5,10.0,Local runs/150814
BasicSR,feynman_I_43_43,Feynman,0.001,0.4,10.0,Local runs/150814
BasicSR,feynman_I_43_43,Feynman,0.01,0.6,10.0,Local runs/150814
BasicSR,feynman_I_43_43,Feynman,0.1,0.1,10.0,Local runs/150814
BasicSR,feynman_I_44_4,Feynman,0.0,0.0,10.0,Local runs/150814
BasicSR,feynman_I_44_4,Feynman,0.001,0.0,10.0,Local runs/150814
BasicSR,feynman_I_44_4,Feynman,0.01,0.0,10.0,Local runs/150814
BasicSR,feynman_I_44_4,Feynman,0.1,0.0,10.0,Local runs/150814
BasicSR,feynman_I_47_23,Feynman,0.0,1.0,10.0,Local runs/150814
BasicSR,feynman_I_47_23,Feynman,0.001,1.0,10.0,Local runs/150814
BasicSR,feynman_I_47_23,Feynman,0.01,0.8,10.0,Local runs/150814
BasicSR,feynman_I_47_23,Feynman,0.1,0.2,10.0,Local runs/150814
BasicSR,feynman_I_48_2,Feynman,0.0,0.0,10.0,Local runs/150814
BasicSR,feynman_I_48_2,Feynman,0.001,0.0,10.0,Local runs/150814
BasicSR,feynman_I_48_2,Feynman,0.01,0.0,10.0,Local runs/150814
BasicSR,feynman_I_48_2,Feynman,0.1,0.0,10.0,Local runs/150814
BasicSR,feynman_I_50_26,Feynman,0.0,0.0,10.0,Local runs/150814
BasicSR,feynman_I_50_26,Feynman,0.001,0.0,10.0,Local runs/150814
BasicSR,feynman_I_50_26,Feynman,0.01,0.0,10.0,Local runs/150814
BasicSR,feynman_I_50_26,Feynman,0.1,0.0,10.0,Local runs/150814
BasicSR,feynman_I_6_2,Feynman,0.0,0.0,10.0,Local runs/150814
BasicSR,feynman_I_6_2,Feynman,0.001,0.0,10.0,Local runs/150814
BasicSR,feynman_I_6_2,Feynman,0.01,0.0,10.0,Local runs/150814
BasicSR,feynman_I_6_2,Feynman,0.1,0.0,10.0,Local runs/150814
BasicSR,feynman_I_6_2a,Feynman,0.0,0.0,10.0,Local runs/150814
BasicSR,feynman_I_6_2a,Feynman,0.001,0.0,10.0,Local runs/150814
BasicSR,feynman_I_6_2a,Feynman,0.01,0.0,10.0,Local runs/150814
BasicSR,feynman_I_6_2a,Feynman,0.1,0.0,10.0,Local runs/150814
BasicSR,feynman_I_6_2b,Feynman,0.0,0.0,10.0,Local runs/150814
BasicSR,feynman_I_6_2b,Feynman,0.001,0.0,10.0,Local runs/150814
BasicSR,feynman_I_6_2b,Feynman,0.01,0.0,10.0,Local runs/150814
BasicSR,feynman_I_6_2b,Feynman,0.1,0.0,10.0,Local runs/150814
BasicSR,feynman_I_8_14,Feynman,0.0,0.0,10.0,Local runs/150814
BasicSR,feynman_I_8_14,Feynman,0.001,0.0,10.0,Local runs/150814
BasicSR,feynman_I_8_14,Feynman,0.01,0.0,10.0,Local runs/150814
BasicSR,feynman_I_8_14,Feynman,0.1,0.0,10.0,Local runs/150814
BasicSR,feynman_I_9_18,Feynman,0.0,0.0,10.0,Local runs/150814
BasicSR,feynman_I_9_18,Feynman,0.001,0.0,10.0,Local runs/150814
BasicSR,feynman_I_9_18,Feynman,0.01,0.0,10.0,Local runs/150814
BasicSR,feynman_I_9_18,Feynman,0.1,0.0,10.0,Local runs/150814
BasicSR,feynman_test_1,Feynman,0.0,0.0,10.0,Local runs/150814
BasicSR,feynman_test_1,Feynman,0.001,0.0,10.0,Local runs/150814
BasicSR,feynman_test_1,Feynman,0.01,0.0,10.0,Local runs/150814
BasicSR,feynman_test_1,Feynman,0.1,0.0,10.0,Local runs/150814
BasicSR,feynman_test_10,Feynman,0.0,0.0,10.0,Local runs/150814
BasicSR,feynman_test_10,Feynman,0.001,0.0,10.0,Local runs/150814
BasicSR,feynman_test_10,Feynman,0.01,0.0,10.0,Local runs/150814
BasicSR,feynman_test_10,Feynman,0.1,0.0,10.0,Local runs/150814
BasicSR,feynman_test_11,Feynman,0.0,0.0,10.0,Local runs/150814
BasicSR,feynman_test_11,Feynman,0.001,0.0,10.0,Local runs/150814
BasicSR,feynman_test_11,Feynman,0.01,0.0,10.0,Local runs/150814
BasicSR,feynman_test_11,Feynman,0.1,0.0,10.0,Local runs/150814
BasicSR,feynman_test_12,Feynman,0.0,0.0,10.0,Local runs/150814
BasicSR,feynman_test_12,Feynman,0.001,0.0,10.0,Local runs/150814
BasicSR,feynman_test_12,Feynman,0.01,0.0,10.0,Local runs/150814
BasicSR,feynman_test_12,Feynman,0.1,0.0,10.0,Local runs/150814
BasicSR,feynman_test_13,Feynman,0.0,0.0,10.0,Local runs/150814
BasicSR,feynman_test_13,Feynman,0.001,0.0,10.0,Local runs/150814
BasicSR,feynman_test_13,Feynman,0.01,0.0,10.0,Local runs/150814
BasicSR,feynman_test_13,Feynman,0.1,0.0,10.0,Local runs/150814
BasicSR,feynman_test_14,Feynman,0.0,0.0,10.0,Local runs/150814
BasicSR,feynman_test_14,Feynman,0.001,0.0,10.0,Local runs/150814
BasicSR,feynman_test_14,Feynman,0.01,0.0,10.0,Local runs/150814
BasicSR,feynman_test_14,Feynman,0.1,0.0,10.0,Local runs/150814
BasicSR,feynman_test_15,Feynman,0.0,0.0,10.0,Local runs/150814
BasicSR,feynman_test_15,Feynman,0.001,0.0,10.0,Local runs/150814
BasicSR,feynman_test_15,Feynman,0.01,0.0,10.0,Local runs/150814
BasicSR,feynman_test_15,Feynman,0.1,0.0,10.0,Local runs/150814
BasicSR,feynman_test_16,Feynman,0.0,0.0,10.0,Local runs/150814
BasicSR,feynman_test_16,Feynman,0.001,0.0,10.0,Local runs/150814
BasicSR,feynman_test_16,Feynman,0.01,0.0,10.0,Local runs/150814
BasicSR,feynman_test_16,Feynman,0.1,0.0,10.0,Local runs/150814
BasicSR,feynman_test_17,Feynman,0.0,0.0,10.0,Local runs/150814
BasicSR,feynman_test_17,Feynman,0.001,0.0,10.0,Local runs/150814
BasicSR,feynman_test_17,Feynman,0.01,0.0,10.0,Local runs/150814
BasicSR,feynman_test_17,Feynman,0.1,0.0,10.0,Local runs/150814
BasicSR,feynman_test_18,Feynman,0.0,0.0,10.0,Local runs/150814
BasicSR,feynman_test_18,Feynman,0.001,0.0,10.0,Local runs/150814
BasicSR,feynman_test_18,Feynman,0.01,0.0,10.0,Local runs/150814
BasicSR,feynman_test_18,Feynman,0.1,0.0,10.0,Local runs/150814
BasicSR,feynman_test_19,Feynman,0.0,0.0,10.0,Local runs/150814
BasicSR,feynman_test_19,Feynman,0.001,0.0,10.0,Local runs/150814
BasicSR,feynman_test_19,Feynman,0.01,0.0,10.0,Local runs/150814
BasicSR,feynman_test_19,Feynman,0.1,0.0,10.0,Local runs/150814
BasicSR,feynman_test_2,Feynman,0.0,0.0,10.0,Local runs/150814
BasicSR,feynman_test_2,Feynman,0.001,0.0,10.0,Local runs/150814
BasicSR,feynman_test_2,Feynman,0.01,0.0,10.0,Local runs/150814
BasicSR,feynman_test_2,Feynman,0.1,0.0,10.0,Local runs/150814
BasicSR,feynman_test_20,Feynman,0.0,0.0,10.0,Local runs/150814
BasicSR,feynman_test_20,Feynman,0.001,0.0,10.0,Local runs/150814
BasicSR,feynman_test_20,Feynman,0.01,0.0,10.0,Local runs/150814
BasicSR,feynman_test_20,Feynman,0.1,0.0,10.0,Local runs/150814
BasicSR,feynman_test_3,Feynman,0.0,0.0,10.0,Local runs/150814
BasicSR,feynman_test_3,Feynman,0.001,0.0,10.0,Local runs/150814
BasicSR,feynman_test_3,Feynman,0.01,0.0,10.0,Local runs/150814
BasicSR,feynman_test_3,Feynman,0.1,0.0,10.0,Local runs/150814
BasicSR,feynman_test_4,Feynman,0.0,0.0,10.0,Local runs/150814
BasicSR,feynman_test_4,Feynman,0.001,0.0,10.0,Local runs/150814
BasicSR,feynman_test_4,Feynman,0.01,0.0,10.0,Local runs/150814
BasicSR,feynman_test_4,Feynman,0.1,0.0,10.0,Local runs/150814
BasicSR,feynman_test_5,Feynman,0.0,0.0,10.0,Local runs/150814
BasicSR,feynman_test_5,Feynman,0.001,0.0,10.0,Local runs/150814
BasicSR,feynman_test_5,Feynman,0.01,0.0,10.0,Local runs/150814
BasicSR,feynman_test_5,Feynman,0.1,0.0,10.0,Local runs/150814
BasicSR,feynman_test_6,Feynman,0.0,0.0,10.0,Local runs/150814
BasicSR,feynman_test_6,Feynman,0.001,0.0,10.0,Local runs/150814
BasicSR,feynman_test_6,Feynman,0.01,0.0,10.0,Local runs/150814
BasicSR,feynman_test_6,Feynman,0.1,0.0,10.0,Local runs/150814
BasicSR,feynman_test_7,Feynman,0.0,0.0,10.0,Local runs/150814
BasicSR,feynman_test_7,Feynman,0.001,0.0,10.0,Local runs/150814
BasicSR,feynman_test_7,Feynman,0.01,0.0,10.0,Local runs/150814
BasicSR,feynman_test_7,Feynman,0.1,0.0,10.0,Local runs/150814
BasicSR,feynman_test_8,Feynman,0.0,0.0,10.0,Local runs/150814
BasicSR,feynman_test_8,Feynman,0.001,0.0,10.0,Local runs/150814
BasicSR,feynman_test_8,Feynman,0.01,0.0,10.0,Local runs/150814
BasicSR,feynman_test_8,Feynman,0.1,0.0,10.0,Local runs/150814
BasicSR,feynman_test_9,Feynman,0.0,0.0,10.0,Local runs/150814
BasicSR,feynman_test_9,Feynman,0.001,0.0,10.0,Local runs/150814
BasicSR,feynman_test_9,Feynman,0.01,0.0,10.0,Local runs/150814
BasicSR,feynman_test_9,Feynman,0.1,0.0,10.0,Local runs/150814
BasicSR,strogatz_bacres1,Strogatz,0.0,0.0,10.0,Local runs/150814
BasicSR,strogatz_bacres1,Strogatz,0.001,0.0,10.0,Local runs/150814
BasicSR,strogatz_bacres1,Strogatz,0.01,0.0,10.0,Local runs/150814
BasicSR,strogatz_bacres1,Strogatz,0.1,0.0,10.0,Local runs/150814
BasicSR,strogatz_bacres2,Strogatz,0.0,0.0,10.0,Local runs/150814
BasicSR,strogatz_bacres2,Strogatz,0.001,0.0,10.0,Local runs/150814
BasicSR,strogatz_bacres2,Strogatz,0.01,0.0,10.0,Local runs/150814
BasicSR,strogatz_bacres2,Strogatz,0.1,0.0,10.0,Local runs/150814
BasicSR,strogatz_barmag1,Strogatz,0.0,0.0,10.0,Local runs/150814
BasicSR,strogatz_barmag1,Strogatz,0.001,0.0,10.0,Local runs/150814
BasicSR,strogatz_barmag1,Strogatz,0.01,0.0,10.0,Local runs/150814
BasicSR,strogatz_barmag1,Strogatz,0.1,0.0,10.0,Local runs/150814
BasicSR,strogatz_barmag2,Strogatz,0.0,0.1,10.0,Local runs/150814
BasicSR,strogatz_barmag2,Strogatz,0.001,0.1,10.0,Local runs/150814
BasicSR,strogatz_barmag2,Strogatz,0.01,0.0,10.0,Local runs/150814
BasicSR,strogatz_barmag2,Strogatz,0.1,0.1,10.0,Local runs/150814
BasicSR,strogatz_glider1,Strogatz,0.0,0.2,10.0,Local runs/150814
BasicSR,strogatz_glider1,Strogatz,0.001,0.3,10.0,Local runs/150814
BasicSR,strogatz_glider1,Strogatz,0.01,0.2,10.0,Local runs/150814
BasicSR,strogatz_glider1,Strogatz,0.1,0.2,10.0,Local runs/150814
BasicSR,strogatz_glider2,Strogatz,0.0,1.0,10.0,Local runs/150814
BasicSR,strogatz_glider2,Strogatz,0.001,0.9,10.0,Local runs/150814
BasicSR,strogatz_glider2,Strogatz,0.01,0.5,10.0,Local runs/150814
BasicSR,strogatz_glider2,Strogatz,0.1,0.0,10.0,Local runs/150814
BasicSR,strogatz_lv1,Strogatz,0.0,0.7,10.0,Local runs/150814
BasicSR,strogatz_lv1,Strogatz,0.001,0.5,10.0,Local runs/150814
BasicSR,strogatz_lv1,Strogatz,0.01,0.4,10.0,Local runs/150814
BasicSR,strogatz_lv1,Strogatz,0.1,0.4,10.0,Local runs/150814
BasicSR,strogatz_lv2,Strogatz,0.0,0.5,10.0,Local runs/150814
BasicSR,strogatz_lv2,Strogatz,0.001,0.7,10.0,Local runs/150814
BasicSR,strogatz_lv2,Strogatz,0.01,0.6,10.0,Local runs/150814
BasicSR,strogatz_lv2,Strogatz,0.1,0.3,10.0,Local runs/150814
BasicSR,strogatz_predprey1,Strogatz,0.0,0.0,10.0,Local runs/150814
BasicSR,strogatz_predprey1,Strogatz,0.001,0.0,10.0,Local runs/150814
BasicSR,strogatz_predprey1,Strogatz,0.01,0.0,10.0,Local runs/150814
BasicSR,strogatz_predprey1,Strogatz,0.1,0.0,10.0,Local runs/150814
BasicSR,strogatz_predprey2,Strogatz,0.0,0.0,10.0,Local runs/150814
BasicSR,strogatz_predprey2,Strogatz,0.001,0.0,10.0,Local runs/150814
BasicSR,strogatz_predprey2,Strogatz,0.01,0.0,10.0,Local runs/150814
BasicSR,strogatz_predprey2,Strogatz,0.1,0.0,10.0,Local runs/150814
BasicSR,strogatz_shearflow1,Strogatz,0.0,0.9,10.0,Local runs/150814
BasicSR,strogatz_shearflow1,Strogatz,0.001,0.9,10.0,Local runs/150814
BasicSR,strogatz_shearflow1,Strogatz,0.01,0.9,10.0,Local runs/150814
BasicSR,strogatz_shearflow1,Strogatz,0.1,0.3,10.0,Local runs/150814
BasicSR,strogatz_shearflow2,Strogatz,0.0,0.0,10.0,Local runs/150814
BasicSR,strogatz_shearflow2,Strogatz,0.001,0.1,10.0,Local runs/150814
BasicSR,strogatz_shearflow2,Strogatz,0.01,0.1,10.0,Local runs/150814
BasicSR,strogatz_shearflow2,Strogatz,0.1,0.0,10.0,Local runs/150814
BasicSR,strogatz_vdp1,Strogatz,0.0,0.1,10.0,Local runs/150814
BasicSR,strogatz_vdp1,Strogatz,0.001,0.0,10.0,Local runs/150814
BasicSR,strogatz_vdp1,Strogatz,0.01,0.0,10.0,Local runs/150814
BasicSR,strogatz_vdp1,Strogatz,0.1,0.1,10.0,Local runs/150814
BasicSR,strogatz_vdp2,Strogatz,0.0,1.0,10.0,Local runs/150814
BasicSR,strogatz_vdp2,Strogatz,0.001,1.0,10.0,Local runs/150814
BasicSR,strogatz_vdp2,Strogatz,0.01,0.9,10.0,Local runs/150814
BasicSR,strogatz_vdp2,Strogatz,0.1,0.1,10.0,Local runs/150814
Evolved BasicSR,feynman_III_10_19,Feynman,0.0,0.0,10.0,Local runs/271625
Evolved BasicSR,feynman_III_10_19,Feynman,0.001,0.0,10.0,Local runs/271625
Evolved BasicSR,feynman_III_10_19,Feynman,0.01,0.0,10.0,Local runs/271625
Evolved BasicSR,feynman_III_10_19,Feynman,0.1,0.0,10.0,Local runs/271625
Evolved BasicSR,feynman_III_12_43,Feynman,0.0,1.0,10.0,Local runs/271625
Evolved BasicSR,feynman_III_12_43,Feynman,0.001,1.0,10.0,Local runs/271625
Evolved BasicSR,feynman_III_12_43,Feynman,0.01,1.0,10.0,Local runs/271625
Evolved BasicSR,feynman_III_12_43,Feynman,0.1,1.0,10.0,Local runs/271625
Evolved BasicSR,feynman_III_13_18,Feynman,0.0,1.0,10.0,Local runs/271625
Evolved BasicSR,feynman_III_13_18,Feynman,0.001,1.0,10.0,Local runs/271625
Evolved BasicSR,feynman_III_13_18,Feynman,0.01,1.0,10.0,Local runs/271625
Evolved BasicSR,feynman_III_13_18,Feynman,0.1,1.0,10.0,Local runs/271625
Evolved BasicSR,feynman_III_14_14,Feynman,0.0,1.0,10.0,Local runs/271625
Evolved BasicSR,feynman_III_14_14,Feynman,0.001,1.0,10.0,Local runs/271625
Evolved BasicSR,feynman_III_14_14,Feynman,0.01,0.9,10.0,Local runs/271625
Evolved BasicSR,feynman_III_14_14,Feynman,0.1,1.0,10.0,Local runs/271625
Evolved BasicSR,feynman_III_15_12,Feynman,0.0,1.0,10.0,Local runs/271625
Evolved BasicSR,feynman_III_15_12,Feynman,0.001,1.0,10.0,Local runs/271625
Evolved BasicSR,feynman_III_15_12,Feynman,0.01,0.9,10.0,Local runs/271625
Evolved BasicSR,feynman_III_15_12,Feynman,0.1,0.7,10.0,Local runs/271625
Evolved BasicSR,feynman_III_15_14,Feynman,0.0,1.0,10.0,Local runs/271625
Evolved BasicSR,feynman_III_15_14,Feynman,0.001,1.0,10.0,Local runs/271625
Evolved BasicSR,feynman_III_15_14,Feynman,0.01,1.0,10.0,Local runs/271625
Evolved BasicSR,feynman_III_15_14,Feynman,0.1,1.0,10.0,Local runs/271625
Evolved BasicSR,feynman_III_15_27,Feynman,0.0,1.0,10.0,Local runs/271625
Evolved BasicSR,feynman_III_15_27,Feynman,0.001,1.0,10.0,Local runs/271625
Evolved BasicSR,feynman_III_15_27,Feynman,0.01,1.0,10.0,Local runs/271625
Evolved BasicSR,feynman_III_15_27,Feynman,0.1,1.0,10.0,Local runs/271625
Evolved BasicSR,feynman_III_17_37,Feynman,0.0,1.0,10.0,Local runs/271625
Evolved BasicSR,feynman_III_17_37,Feynman,0.001,1.0,10.0,Local runs/271625
Evolved BasicSR,feynman_III_17_37,Feynman,0.01,1.0,10.0,Local runs/271625
Evolved BasicSR,feynman_III_17_37,Feynman,0.1,1.0,10.0,Local runs/271625
Evolved BasicSR,feynman_III_19_51,Feynman,0.0,0.8,10.0,Local runs/271625
Evolved BasicSR,feynman_III_19_51,Feynman,0.001,0.5,10.0,Local runs/271625
Evolved BasicSR,feynman_III_19_51,Feynman,0.01,1.0,10.0,Local runs/271625
Evolved BasicSR,feynman_III_19_51,Feynman,0.1,0.4,10.0,Local runs/271625
Evolved BasicSR,feynman_III_21_20,Feynman,0.0,1.0,10.0,Local runs/271625
Evolved BasicSR,feynman_III_21_20,Feynman,0.001,0.9,10.0,Local runs/271625
Evolved BasicSR,feynman_III_21_20,Feynman,0.01,0.5,10.0,Local runs/271625
Evolved BasicSR,feynman_III_21_20,Feynman,0.1,0.2,10.0,Local runs/271625
Evolved BasicSR,feynman_III_4_32,Feynman,0.0,0.0,10.0,Local runs/271625
Evolved BasicSR,feynman_III_4_32,Feynman,0.001,0.0,10.0,Local runs/271625
Evolved BasicSR,feynman_III_4_32,Feynman,0.01,0.0,10.0,Local runs/271625
Evolved BasicSR,feynman_III_4_32,Feynman,0.1,0.0,10.0,Local runs/271625
Evolved BasicSR,feynman_III_4_33,Feynman,0.0,0.0,10.0,Local runs/271625
Evolved BasicSR,feynman_III_4_33,Feynman,0.001,0.0,10.0,Local runs/271625
Evolved BasicSR,feynman_III_4_33,Feynman,0.01,0.0,10.0,Local runs/271625
Evolved BasicSR,feynman_III_4_33,Feynman,0.1,0.0,10.0,Local runs/271625
Evolved BasicSR,feynman_III_7_38,Feynman,0.0,1.0,10.0,Local runs/271625
Evolved BasicSR,feynman_III_7_38,Feynman,0.001,1.0,10.0,Local runs/271625
Evolved BasicSR,feynman_III_7_38,Feynman,0.01,1.0,10.0,Local runs/271625
Evolved BasicSR,feynman_III_7_38,Feynman,0.1,1.0,10.0,Local runs/271625
Evolved BasicSR,feynman_III_8_54,Feynman,0.0,0.0,10.0,Local runs/271625
Evolved BasicSR,feynman_III_8_54,Feynman,0.001,0.0,10.0,Local runs/271625
Evolved BasicSR,feynman_III_8_54,Feynman,0.01,0.0,10.0,Local runs/271625
Evolved BasicSR,feynman_III_8_54,Feynman,0.1,0.0,10.0,Local runs/271625
Evolved BasicSR,feynman_III_9_52,Feynman,0.0,0.0,10.0,Local runs/271625
Evolved BasicSR,feynman_III_9_52,Feynman,0.001,0.0,10.0,Local runs/271625
Evolved BasicSR,feynman_III_9_52,Feynman,0.01,0.0,10.0,Local runs/271625
Evolved BasicSR,feynman_III_9_52,Feynman,0.1,0.0,10.0,Local runs/271625
Evolved BasicSR,feynman_II_10_9,Feynman,0.0,1.0,10.0,Local runs/271625
Evolved BasicSR,feynman_II_10_9,Feynman,0.001,1.0,10.0,Local runs/271625
Evolved BasicSR,feynman_II_10_9,Feynman,0.01,1.0,10.0,Local runs/271625
Evolved BasicSR,feynman_II_10_9,Feynman,0.1,0.7,10.0,Local runs/271625
Evolved BasicSR,feynman_II_11_20,Feynman,0.0,1.0,10.0,Local runs/271625
Evolved BasicSR,feynman_II_11_20,Feynman,0.001,1.0,10.0,Local runs/271625
Evolved BasicSR,feynman_II_11_20,Feynman,0.01,1.0,10.0,Local runs/271625
Evolved BasicSR,feynman_II_11_20,Feynman,0.1,1.0,10.0,Local runs/271625
Evolved BasicSR,feynman_II_11_27,Feynman,0.0,0.0,10.0,Local runs/271625
Evolved BasicSR,feynman_II_11_27,Feynman,0.001,0.0,10.0,Local runs/271625
Evolved BasicSR,feynman_II_11_27,Feynman,0.01,0.0,10.0,Local runs/271625
Evolved BasicSR,feynman_II_11_27,Feynman,0.1,0.1,10.0,Local runs/271625
Evolved BasicSR,feynman_II_11_28,Feynman,0.0,0.0,10.0,Local runs/271625
Evolved BasicSR,feynman_II_11_28,Feynman,0.001,0.0,10.0,Local runs/271625
Evolved BasicSR,feynman_II_11_28,Feynman,0.01,0.0,10.0,Local runs/271625
Evolved BasicSR,feynman_II_11_28,Feynman,0.1,0.0,10.0,Local runs/271625
Evolved BasicSR,feynman_II_11_3,Feynman,0.0,1.0,10.0,Local runs/271625
Evolved BasicSR,feynman_II_11_3,Feynman,0.001,1.0,10.0,Local runs/271625
Evolved BasicSR,feynman_II_11_3,Feynman,0.01,1.0,10.0,Local runs/271625
Evolved BasicSR,feynman_II_11_3,Feynman,0.1,1.0,10.0,Local runs/271625
Evolved BasicSR,feynman_II_13_17,Feynman,0.0,1.0,10.0,Local runs/271625
Evolved BasicSR,feynman_II_13_17,Feynman,0.001,1.0,10.0,Local runs/271625
Evolved BasicSR,feynman_II_13_17,Feynman,0.01,1.0,10.0,Local runs/271625
Evolved BasicSR,feynman_II_13_17,Feynman,0.1,1.0,10.0,Local runs/271625
Evolved BasicSR,feynman_II_13_23,Feynman,0.0,0.0,10.0,Local runs/271625
Evolved BasicSR,feynman_II_13_23,Feynman,0.001,0.0,10.0,Local runs/271625
Evolved BasicSR,feynman_II_13_23,Feynman,0.01,0.0,10.0,Local runs/271625
Evolved BasicSR,feynman_II_13_23,Feynman,0.1,0.0,10.0,Local runs/271625
Evolved BasicSR,feynman_II_13_34,Feynman,0.0,0.0,10.0,Local runs/271625
Evolved BasicSR,feynman_II_13_34,Feynman,0.001,0.0,10.0,Local runs/271625
Evolved BasicSR,feynman_II_13_34,Feynman,0.01,0.0,10.0,Local runs/271625
Evolved BasicSR,feynman_II_13_34,Feynman,0.1,0.0,10.0,Local runs/271625
Evolved BasicSR,feynman_II_15_4,Feynman,0.0,1.0,10.0,Local runs/271625
Evolved BasicSR,feynman_II_15_4,Feynman,0.001,1.0,10.0,Local runs/271625
Evolved BasicSR,feynman_II_15_4,Feynman,0.01,0.8,10.0,Local runs/271625
Evolved BasicSR,feynman_II_15_4,Feynman,0.1,0.7,10.0,Local runs/271625
Evolved BasicSR,feynman_II_15_5,Feynman,0.0,1.0,10.0,Local runs/271625
Evolved BasicSR,feynman_II_15_5,Feynman,0.001,1.0,10.0,Local runs/271625
Evolved BasicSR,feynman_II_15_5,Feynman,0.01,1.0,10.0,Local runs/271625
Evolved BasicSR,feynman_II_15_5,Feynman,0.1,0.6,10.0,Local runs/271625
Evolved BasicSR,feynman_II_21_32,Feynman,0.0,0.3,10.0,Local runs/271625
Evolved BasicSR,feynman_II_21_32,Feynman,0.001,0.6,10.0,Local runs/271625
Evolved BasicSR,feynman_II_21_32,Feynman,0.01,0.2,10.0,Local runs/271625
Evolved BasicSR,feynman_II_21_32,Feynman,0.1,0.4,10.0,Local runs/271625
Evolved BasicSR,feynman_II_24_17,Feynman,0.0,0.0,10.0,Local runs/271625
Evolved BasicSR,feynman_II_24_17,Feynman,0.001,0.0,10.0,Local runs/271625
Evolved BasicSR,feynman_II_24_17,Feynman,0.01,0.0,10.0,Local runs/271625
Evolved BasicSR,feynman_II_24_17,Feynman,0.1,0.0,10.0,Local runs/271625
Evolved BasicSR,feynman_II_27_16,Feynman,0.0,1.0,10.0,Local runs/271625
Evolved BasicSR,feynman_II_27_16,Feynman,0.001,1.0,10.0,Local runs/271625
Evolved BasicSR,feynman_II_27_16,Feynman,0.01,1.0,10.0,Local runs/271625
Evolved BasicSR,feynman_II_27_16,Feynman,0.1,1.0,10.0,Local runs/271625
Evolved BasicSR,feynman_II_27_18,Feynman,0.0,1.0,10.0,Local runs/271625
Evolved BasicSR,feynman_II_27_18,Feynman,0.001,1.0,10.0,Local runs/271625
Evolved BasicSR,feynman_II_27_18,Feynman,0.01,1.0,10.0,Local runs/271625
Evolved BasicSR,feynman_II_27_18,Feynman,0.1,1.0,10.0,Local runs/271625
Evolved BasicSR,feynman_II_2_42,Feynman,0.0,1.0,10.0,Local runs/271625
Evolved BasicSR,feynman_II_2_42,Feynman,0.001,1.0,10.0,Local runs/271625
Evolved BasicSR,feynman_II_2_42,Feynman,0.01,1.0,10.0,Local runs/271625
Evolved BasicSR,feynman_II_2_42,Feynman,0.1,1.0,10.0,Local runs/271625
Evolved BasicSR,feynman_II_34_11,Feynman,0.0,1.0,10.0,Local runs/271625
Evolved BasicSR,feynman_II_34_11,Feynman,0.001,1.0,10.0,Local runs/271625
Evolved BasicSR,feynman_II_34_11,Feynman,0.01,1.0,10.0,Local runs/271625
Evolved BasicSR,feynman_II_34_11,Feynman,0.1,1.0,10.0,Local runs/271625
Evolved BasicSR,feynman_II_34_2,Feynman,0.0,1.0,10.0,Local runs/271625
Evolved BasicSR,feynman_II_34_2,Feynman,0.001,1.0,10.0,Local runs/271625
Evolved BasicSR,feynman_II_34_2,Feynman,0.01,1.0,10.0,Local runs/271625
Evolved BasicSR,feynman_II_34_2,Feynman,0.1,1.0,10.0,Local runs/271625
Evolved BasicSR,feynman_II_34_29a,Feynman,0.0,1.0,10.0,Local runs/271625
Evolved BasicSR,feynman_II_34_29a,Feynman,0.001,1.0,10.0,Local runs/271625
Evolved BasicSR,feynman_II_34_29a,Feynman,0.01,1.0,10.0,Local runs/271625
Evolved BasicSR,feynman_II_34_29a,Feynman,0.1,1.0,10.0,Local runs/271625
Evolved BasicSR,feynman_II_34_29b,Feynman,0.0,1.0,10.0,Local runs/271625
Evolved BasicSR,feynman_II_34_29b,Feynman,0.001,1.0,10.0,Local runs/271625
Evolved BasicSR,feynman_II_34_29b,Feynman,0.01,1.0,10.0,Local runs/271625
Evolved BasicSR,feynman_II_34_29b,Feynman,0.1,1.0,10.0,Local runs/271625
Evolved BasicSR,feynman_II_34_2a,Feynman,0.0,1.0,10.0,Local runs/271625
Evolved BasicSR,feynman_II_34_2a,Feynman,0.001,1.0,10.0,Local runs/271625
Evolved BasicSR,feynman_II_34_2a,Feynman,0.01,1.0,10.0,Local runs/271625
Evolved BasicSR,feynman_II_34_2a,Feynman,0.1,1.0,10.0,Local runs/271625
Evolved BasicSR,feynman_II_35_18,Feynman,0.0,0.0,10.0,Local runs/271625
Evolved BasicSR,feynman_II_35_18,Feynman,0.001,0.0,10.0,Local runs/271625
Evolved BasicSR,feynman_II_35_18,Feynman,0.01,0.0,10.0,Local runs/271625
Evolved BasicSR,feynman_II_35_18,Feynman,0.1,0.0,10.0,Local runs/271625
Evolved BasicSR,feynman_II_35_21,Feynman,0.0,0.0,10.0,Local runs/271625
Evolved BasicSR,feynman_II_35_21,Feynman,0.001,0.0,10.0,Local runs/271625
Evolved BasicSR,feynman_II_35_21,Feynman,0.01,0.0,10.0,Local runs/271625
Evolved BasicSR,feynman_II_35_21,Feynman,0.1,0.0,10.0,Local runs/271625
Evolved BasicSR,feynman_II_36_38,Feynman,0.0,1.0,10.0,Local runs/271625
Evolved BasicSR,feynman_II_36_38,Feynman,0.001,1.0,10.0,Local runs/271625
Evolved BasicSR,feynman_II_36_38,Feynman,0.01,1.0,10.0,Local runs/271625
Evolved BasicSR,feynman_II_36_38,Feynman,0.1,1.0,10.0,Local runs/271625
Evolved BasicSR,feynman_II_37_1,Feynman,0.0,1.0,10.0,Local runs/271625
Evolved BasicSR,feynman_II_37_1,Feynman,0.001,1.0,10.0,Local runs/271625
Evolved BasicSR,feynman_II_37_1,Feynman,0.01,1.0,10.0,Local runs/271625
Evolved BasicSR,feynman_II_37_1,Feynman,0.1,0.9,10.0,Local runs/271625
Evolved BasicSR,feynman_II_38_14,Feynman,0.0,1.0,10.0,Local runs/271625
Evolved BasicSR,feynman_II_38_14,Feynman,0.001,1.0,10.0,Local runs/271625
Evolved BasicSR,feynman_II_38_14,Feynman,0.01,1.0,10.0,Local runs/271625
Evolved BasicSR,feynman_II_38_14,Feynman,0.1,0.4,10.0,Local runs/271625
Evolved BasicSR,feynman_II_38_3,Feynman,0.0,1.0,10.0,Local runs/271625
Evolved BasicSR,feynman_II_38_3,Feynman,0.001,1.0,10.0,Local runs/271625
Evolved BasicSR,feynman_II_38_3,Feynman,0.01,1.0,10.0,Local runs/271625
Evolved BasicSR,feynman_II_38_3,Feynman,0.1,1.0,10.0,Local runs/271625
Evolved BasicSR,feynman_II_3_24,Feynman,0.0,1.0,10.0,Local runs/271625
Evolved BasicSR,feynman_II_3_24,Feynman,0.001,1.0,10.0,Local runs/271625
Evolved BasicSR,feynman_II_3_24,Feynman,0.01,1.0,10.0,Local runs/271625
Evolved BasicSR,feynman_II_3_24,Feynman,0.1,1.0,10.0,Local runs/271625
Evolved BasicSR,feynman_II_4_23,Feynman,0.0,1.0,10.0,Local runs/271625
Evolved BasicSR,feynman_II_4_23,Feynman,0.001,1.0,10.0,Local runs/271625
Evolved BasicSR,feynman_II_4_23,Feynman,0.01,1.0,10.0,Local runs/271625
Evolved BasicSR,feynman_II_4_23,Feynman,0.1,1.0,10.0,Local runs/271625
Evolved BasicSR,feynman_II_6_11,Feynman,0.0,1.0,10.0,Local runs/271625
Evolved BasicSR,feynman_II_6_11,Feynman,0.001,1.0,10.0,Local runs/271625
Evolved BasicSR,feynman_II_6_11,Feynman,0.01,1.0,10.0,Local runs/271625
Evolved BasicSR,feynman_II_6_11,Feynman,0.1,1.0,10.0,Local runs/271625
Evolved BasicSR,feynman_II_6_15a,Feynman,0.0,0.0,10.0,Local runs/271625
Evolved BasicSR,feynman_II_6_15a,Feynman,0.001,0.0,10.0,Local runs/271625
Evolved BasicSR,feynman_II_6_15a,Feynman,0.01,0.0,10.0,Local runs/271625
Evolved BasicSR,feynman_II_6_15a,Feynman,0.1,0.0,10.0,Local runs/271625
Evolved BasicSR,feynman_II_6_15b,Feynman,0.0,0.6,10.0,Local runs/271625
Evolved BasicSR,feynman_II_6_15b,Feynman,0.001,0.9,10.0,Local runs/271625
Evolved BasicSR,feynman_II_6_15b,Feynman,0.01,0.8,10.0,Local runs/271625
Evolved BasicSR,feynman_II_6_15b,Feynman,0.1,0.9,10.0,Local runs/271625
Evolved BasicSR,feynman_II_8_31,Feynman,0.0,1.0,10.0,Local runs/271625
Evolved BasicSR,feynman_II_8_31,Feynman,0.001,1.0,10.0,Local runs/271625
Evolved BasicSR,feynman_II_8_31,Feynman,0.01,1.0,10.0,Local runs/271625
Evolved BasicSR,feynman_II_8_31,Feynman,0.1,1.0,10.0,Local runs/271625
Evolved BasicSR,feynman_II_8_7,Feynman,0.0,1.0,10.0,Local runs/271625
Evolved BasicSR,feynman_II_8_7,Feynman,0.001,1.0,10.0,Local runs/271625
Evolved BasicSR,feynman_II_8_7,Feynman,0.01,1.0,10.0,Local runs/271625
Evolved BasicSR,feynman_II_8_7,Feynman,0.1,1.0,10.0,Local runs/271625
Evolved BasicSR,feynman_I_10_7,Feynman,0.0,0.0,10.0,Local runs/271625
Evolved BasicSR,feynman_I_10_7,Feynman,0.001,0.0,10.0,Local runs/271625
Evolved BasicSR,feynman_I_10_7,Feynman,0.01,0.0,10.0,Local runs/271625
Evolved BasicSR,feynman_I_10_7,Feynman,0.1,0.0,10.0,Local runs/271625
Evolved BasicSR,feynman_I_11_19,Feynman,0.0,1.0,10.0,Local runs/271625
Evolved BasicSR,feynman_I_11_19,Feynman,0.001,1.0,10.0,Local runs/271625
Evolved BasicSR,feynman_I_11_19,Feynman,0.01,1.0,10.0,Local runs/271625
Evolved BasicSR,feynman_I_11_19,Feynman,0.1,1.0,10.0,Local runs/271625
Evolved BasicSR,feynman_I_12_1,Feynman,0.0,1.0,10.0,Local runs/271625
Evolved BasicSR,feynman_I_12_1,Feynman,0.001,1.0,10.0,Local runs/271625
Evolved BasicSR,feynman_I_12_1,Feynman,0.01,1.0,10.0,Local runs/271625
Evolved BasicSR,feynman_I_12_1,Feynman,0.1,1.0,10.0,Local runs/271625
Evolved BasicSR,feynman_I_12_11,Feynman,0.0,1.0,10.0,Local runs/271625
Evolved BasicSR,feynman_I_12_11,Feynman,0.001,1.0,10.0,Local runs/271625
Evolved BasicSR,feynman_I_12_11,Feynman,0.01,1.0,10.0,Local runs/271625
Evolved BasicSR,feynman_I_12_11,Feynman,0.1,1.0,10.0,Local runs/271625
Evolved BasicSR,feynman_I_12_2,Feynman,0.0,1.0,10.0,Local runs/271625
Evolved BasicSR,feynman_I_12_2,Feynman,0.001,1.0,10.0,Local runs/271625
Evolved BasicSR,feynman_I_12_2,Feynman,0.01,1.0,10.0,Local runs/271625
Evolved BasicSR,feynman_I_12_2,Feynman,0.1,1.0,10.0,Local runs/271625
Evolved BasicSR,feynman_I_12_4,Feynman,0.0,1.0,10.0,Local runs/271625
Evolved BasicSR,feynman_I_12_4,Feynman,0.001,1.0,10.0,Local runs/271625
Evolved BasicSR,feynman_I_12_4,Feynman,0.01,1.0,10.0,Local runs/271625
Evolved BasicSR,feynman_I_12_4,Feynman,0.1,1.0,10.0,Local runs/271625
Evolved BasicSR,feynman_I_12_5,Feynman,0.0,1.0,10.0,Local runs/271625
Evolved BasicSR,feynman_I_12_5,Feynman,0.001,1.0,10.0,Local runs/271625
Evolved BasicSR,feynman_I_12_5,Feynman,0.01,1.0,10.0,Local runs/271625
Evolved BasicSR,feynman_I_12_5,Feynman,0.1,1.0,10.0,Local runs/271625
Evolved BasicSR,feynman_I_13_12,Feynman,0.0,1.0,10.0,Local runs/271625
Evolved BasicSR,feynman_I_13_12,Feynman,0.001,1.0,10.0,Local runs/271625
Evolved BasicSR,feynman_I_13_12,Feynman,0.01,1.0,10.0,Local runs/271625
Evolved BasicSR,feynman_I_13_12,Feynman,0.1,1.0,10.0,Local runs/271625
Evolved BasicSR,feynman_I_13_4,Feynman,0.0,0.0,10.0,Local runs/271625
Evolved BasicSR,feynman_I_13_4,Feynman,0.001,0.0,10.0,Local runs/271625
Evolved BasicSR,feynman_I_13_4,Feynman,0.01,0.0,10.0,Local runs/271625
Evolved BasicSR,feynman_I_13_4,Feynman,0.1,0.0,10.0,Local runs/271625
Evolved BasicSR,feynman_I_14_3,Feynman,0.0,1.0,10.0,Local runs/271625
Evolved BasicSR,feynman_I_14_3,Feynman,0.001,1.0,10.0,Local runs/271625
Evolved BasicSR,feynman_I_14_3,Feynman,0.01,1.0,10.0,Local runs/271625
Evolved BasicSR,feynman_I_14_3,Feynman,0.1,1.0,10.0,Local runs/271625
Evolved BasicSR,feynman_I_14_4,Feynman,0.0,1.0,10.0,Local runs/271625
Evolved BasicSR,feynman_I_14_4,Feynman,0.001,1.0,10.0,Local runs/271625
Evolved BasicSR,feynman_I_14_4,Feynman,0.01,1.0,10.0,Local runs/271625
Evolved BasicSR,feynman_I_14_4,Feynman,0.1,1.0,10.0,Local runs/271625
Evolved BasicSR,feynman_I_15_10,Feynman,0.0,0.0,10.0,Local runs/271625
Evolved BasicSR,feynman_I_15_10,Feynman,0.001,0.0,10.0,Local runs/271625
Evolved BasicSR,feynman_I_15_10,Feynman,0.01,0.0,10.0,Local runs/271625
Evolved BasicSR,feynman_I_15_10,Feynman,0.1,0.0,10.0,Local runs/271625
Evolved BasicSR,feynman_I_15_3t,Feynman,0.0,0.0,10.0,Local runs/271625
Evolved BasicSR,feynman_I_15_3t,Feynman,0.001,0.0,10.0,Local runs/271625
Evolved BasicSR,feynman_I_15_3t,Feynman,0.01,0.0,10.0,Local runs/271625
Evolved BasicSR,feynman_I_15_3t,Feynman,0.1,0.0,10.0,Local runs/271625
Evolved BasicSR,feynman_I_15_3x,Feynman,0.0,0.0,10.0,Local runs/271625
Evolved BasicSR,feynman_I_15_3x,Feynman,0.001,0.0,10.0,Local runs/271625
Evolved BasicSR,feynman_I_15_3x,Feynman,0.01,0.0,10.0,Local runs/271625
Evolved BasicSR,feynman_I_15_3x,Feynman,0.1,0.0,10.0,Local runs/271625
Evolved BasicSR,feynman_I_16_6,Feynman,0.0,0.0,10.0,Local runs/271625
Evolved BasicSR,feynman_I_16_6,Feynman,0.001,0.0,10.0,Local runs/271625
Evolved BasicSR,feynman_I_16_6,Feynman,0.01,0.0,10.0,Local runs/271625
Evolved BasicSR,feynman_I_16_6,Feynman,0.1,0.0,10.0,Local runs/271625
Evolved BasicSR,feynman_I_18_12,Feynman,0.0,1.0,10.0,Local runs/271625
Evolved BasicSR,feynman_I_18_12,Feynman,0.001,1.0,10.0,Local runs/271625
Evolved BasicSR,feynman_I_18_12,Feynman,0.01,1.0,10.0,Local runs/271625
Evolved BasicSR,feynman_I_18_12,Feynman,0.1,1.0,10.0,Local runs/271625
Evolved BasicSR,feynman_I_18_14,Feynman,0.0,1.0,10.0,Local runs/271625
Evolved BasicSR,feynman_I_18_14,Feynman,0.001,1.0,10.0,Local runs/271625
Evolved BasicSR,feynman_I_18_14,Feynman,0.01,1.0,10.0,Local runs/271625
Evolved BasicSR,feynman_I_18_14,Feynman,0.1,1.0,10.0,Local runs/271625
Evolved BasicSR,feynman_I_18_4,Feynman,0.0,0.3,10.0,Local runs/271625
Evolved BasicSR,feynman_I_18_4,Feynman,0.001,0.1,10.0,Local runs/271625
Evolved BasicSR,feynman_I_18_4,Feynman,0.01,0.2,10.0,Local runs/271625
Evolved BasicSR,feynman_I_18_4,Feynman,0.1,0.1,10.0,Local runs/271625
Evolved BasicSR,feynman_I_24_6,Feynman,0.0,0.1,10.0,Local runs/271625
Evolved BasicSR,feynman_I_24_6,Feynman,0.001,0.3,10.0,Local runs/271625
Evolved BasicSR,feynman_I_24_6,Feynman,0.01,0.2,10.0,Local runs/271625
Evolved BasicSR,feynman_I_24_6,Feynman,0.1,0.0,10.0,Local runs/271625
Evolved BasicSR,feynman_I_25_13,Feynman,0.0,1.0,10.0,Local runs/271625
Evolved BasicSR,feynman_I_25_13,Feynman,0.001,1.0,10.0,Local runs/271625
Evolved BasicSR,feynman_I_25_13,Feynman,0.01,1.0,10.0,Local runs/271625
Evolved BasicSR,feynman_I_25_13,Feynman,0.1,1.0,10.0,Local runs/271625
Evolved BasicSR,feynman_I_26_2,Feynman,0.0,0.0,10.0,Local runs/271625
Evolved BasicSR,feynman_I_26_2,Feynman,0.001,0.0,10.0,Local runs/271625
Evolved BasicSR,feynman_I_26_2,Feynman,0.01,0.0,10.0,Local runs/271625
Evolved BasicSR,feynman_I_26_2,Feynman,0.1,0.0,10.0,Local runs/271625
Evolved BasicSR,feynman_I_27_6,Feynman,0.0,1.0,10.0,Local runs/271625
Evolved BasicSR,feynman_I_27_6,Feynman,0.001,1.0,10.0,Local runs/271625
Evolved BasicSR,feynman_I_27_6,Feynman,0.01,1.0,10.0,Local runs/271625
Evolved BasicSR,feynman_I_27_6,Feynman,0.1,1.0,10.0,Local runs/271625
Evolved BasicSR,feynman_I_29_16,Feynman,0.0,0.0,10.0,Local runs/271625
Evolved BasicSR,feynman_I_29_16,Feynman,0.001,0.0,10.0,Local runs/271625
Evolved BasicSR,feynman_I_29_16,Feynman,0.01,0.0,10.0,Local runs/271625
Evolved BasicSR,feynman_I_29_16,Feynman,0.1,0.0,10.0,Local runs/271625
Evolved BasicSR,feynman_I_29_4,Feynman,0.0,1.0,10.0,Local runs/271625
Evolved BasicSR,feynman_I_29_4,Feynman,0.001,1.0,10.0,Local runs/271625
Evolved BasicSR,feynman_I_29_4,Feynman,0.01,1.0,10.0,Local runs/271625
Evolved BasicSR,feynman_I_29_4,Feynman,0.1,1.0,10.0,Local runs/271625
Evolved BasicSR,feynman_I_30_3,Feynman,0.0,0.7,10.0,Local runs/271625
Evolved BasicSR,feynman_I_30_3,Feynman,0.001,0.4,10.0,Local runs/271625
Evolved BasicSR,feynman_I_30_3,Feynman,0.01,0.8,10.0,Local runs/271625
Evolved BasicSR,feynman_I_30_3,Feynman,0.1,0.2,10.0,Local runs/271625
Evolved BasicSR,feynman_I_30_5,Feynman,0.0,0.0,10.0,Local runs/271625
Evolved BasicSR,feynman_I_30_5,Feynman,0.001,0.0,10.0,Local runs/271625
Evolved BasicSR,feynman_I_30_5,Feynman,0.01,0.0,10.0,Local runs/271625
Evolved BasicSR,feynman_I_30_5,Feynman,0.1,0.0,10.0,Local runs/271625
Evolved BasicSR,feynman_I_32_17,Feynman,0.0,0.0,10.0,Local runs/271625
Evolved BasicSR,feynman_I_32_17,Feynman,0.001,0.0,10.0,Local runs/271625
Evolved BasicSR,feynman_I_32_17,Feynman,0.01,0.0,10.0,Local runs/271625
Evolved BasicSR,feynman_I_32_17,Feynman,0.1,0.0,10.0,Local runs/271625
Evolved BasicSR,feynman_I_32_5,Feynman,0.0,0.8,10.0,Local runs/271625
Evolved BasicSR,feynman_I_32_5,Feynman,0.001,0.7,10.0,Local runs/271625
Evolved BasicSR,feynman_I_32_5,Feynman,0.01,0.9,10.0,Local runs/271625
Evolved BasicSR,feynman_I_32_5,Feynman,0.1,0.6,10.0,Local runs/271625
Evolved BasicSR,feynman_I_34_1,Feynman,0.0,1.0,10.0,Local runs/271625
Evolved BasicSR,feynman_I_34_1,Feynman,0.001,1.0,10.0,Local runs/271625
Evolved BasicSR,feynman_I_34_1,Feynman,0.01,1.0,10.0,Local runs/271625
Evolved BasicSR,feynman_I_34_1,Feynman,0.1,0.7,10.0,Local runs/271625
Evolved BasicSR,feynman_I_34_14,Feynman,0.0,0.0,10.0,Local runs/271625
Evolved BasicSR,feynman_I_34_14,Feynman,0.001,0.0,10.0,Local runs/271625
Evolved BasicSR,feynman_I_34_14,Feynman,0.01,0.0,10.0,Local runs/271625
Evolved BasicSR,feynman_I_34_14,Feynman,0.1,0.0,10.0,Local runs/271625
Evolved BasicSR,feynman_I_34_27,Feynman,0.0,1.0,10.0,Local runs/271625
Evolved BasicSR,feynman_I_34_27,Feynman,0.001,1.0,10.0,Local runs/271625
Evolved BasicSR,feynman_I_34_27,Feynman,0.01,1.0,10.0,Local runs/271625
Evolved BasicSR,feynman_I_34_27,Feynman,0.1,1.0,10.0,Local runs/271625
Evolved BasicSR,feynman_I_34_8,Feynman,0.0,1.0,10.0,Local runs/271625
Evolved BasicSR,feynman_I_34_8,Feynman,0.001,1.0,10.0,Local runs/271625
Evolved BasicSR,feynman_I_34_8,Feynman,0.01,1.0,10.0,Local runs/271625
Evolved BasicSR,feynman_I_34_8,Feynman,0.1,1.0,10.0,Local runs/271625
Evolved BasicSR,feynman_I_37_4,Feynman,0.0,0.0,10.0,Local runs/271625
Evolved BasicSR,feynman_I_37_4,Feynman,0.001,0.0,10.0,Local runs/271625
Evolved BasicSR,feynman_I_37_4,Feynman,0.01,0.0,10.0,Local runs/271625
Evolved BasicSR,feynman_I_37_4,Feynman,0.1,0.0,10.0,Local runs/271625
Evolved BasicSR,feynman_I_38_12,Feynman,0.0,1.0,10.0,Local runs/271625
Evolved BasicSR,feynman_I_38_12,Feynman,0.001,1.0,10.0,Local runs/271625
Evolved BasicSR,feynman_I_38_12,Feynman,0.01,1.0,10.0,Local runs/271625
Evolved BasicSR,feynman_I_38_12,Feynman,0.1,1.0,10.0,Local runs/271625
Evolved BasicSR,feynman_I_39_1,Feynman,0.0,1.0,10.0,Local runs/271625
Evolved BasicSR,feynman_I_39_1,Feynman,0.001,1.0,10.0,Local runs/271625
Evolved BasicSR,feynman_I_39_1,Feynman,0.01,1.0,10.0,Local runs/271625
Evolved BasicSR,feynman_I_39_1,Feynman,0.1,1.0,10.0,Local runs/271625
Evolved BasicSR,feynman_I_39_11,Feynman,0.0,1.0,10.0,Local runs/271625
Evolved BasicSR,feynman_I_39_11,Feynman,0.001,1.0,10.0,Local runs/271625
Evolved BasicSR,feynman_I_39_11,Feynman,0.01,1.0,10.0,Local runs/271625
Evolved BasicSR,feynman_I_39_11,Feynman,0.1,1.0,10.0,Local runs/271625
Evolved BasicSR,feynman_I_39_22,Feynman,0.0,1.0,10.0,Local runs/271625
Evolved BasicSR,feynman_I_39_22,Feynman,0.001,1.0,10.0,Local runs/271625
Evolved BasicSR,feynman_I_39_22,Feynman,0.01,1.0,10.0,Local runs/271625
Evolved BasicSR,feynman_I_39_22,Feynman,0.1,1.0,10.0,Local runs/271625
Evolved BasicSR,feynman_I_40_1,Feynman,0.0,0.0,10.0,Local runs/271625
Evolved BasicSR,feynman_I_40_1,Feynman,0.001,0.0,10.0,Local runs/271625
Evolved BasicSR,feynman_I_40_1,Feynman,0.01,0.0,10.0,Local runs/271625
Evolved BasicSR,feynman_I_40_1,Feynman,0.1,0.0,10.0,Local runs/271625
Evolved BasicSR,feynman_I_41_16,Feynman,0.0,0.0,10.0,Local runs/271625
Evolved BasicSR,feynman_I_41_16,Feynman,0.001,0.0,10.0,Local runs/271625
Evolved BasicSR,feynman_I_41_16,Feynman,0.01,0.0,10.0,Local runs/271625
Evolved BasicSR,feynman_I_41_16,Feynman,0.1,0.0,10.0,Local runs/271625
Evolved BasicSR,feynman_I_43_16,Feynman,0.0,1.0,10.0,Local runs/271625
Evolved BasicSR,feynman_I_43_16,Feynman,0.001,1.0,10.0,Local runs/271625
Evolved BasicSR,feynman_I_43_16,Feynman,0.01,1.0,10.0,Local runs/271625
Evolved BasicSR,feynman_I_43_16,Feynman,0.1,1.0,10.0,Local runs/271625
Evolved BasicSR,feynman_I_43_31,Feynman,0.0,1.0,10.0,Local runs/271625
Evolved BasicSR,feynman_I_43_31,Feynman,0.001,1.0,10.0,Local runs/271625
Evolved BasicSR,feynman_I_43_31,Feynman,0.01,1.0,10.0,Local runs/271625
Evolved BasicSR,feynman_I_43_31,Feynman,0.1,1.0,10.0,Local runs/271625
Evolved BasicSR,feynman_I_43_43,Feynman,0.0,1.0,10.0,Local runs/271625
Evolved BasicSR,feynman_I_43_43,Feynman,0.001,1.0,10.0,Local runs/271625
Evolved BasicSR,feynman_I_43_43,Feynman,0.01,1.0,10.0,Local runs/271625
Evolved BasicSR,feynman_I_43_43,Feynman,0.1,1.0,10.0,Local runs/271625
Evolved BasicSR,feynman_I_44_4,Feynman,0.0,1.0,10.0,Local runs/271625
Evolved BasicSR,feynman_I_44_4,Feynman,0.001,1.0,10.0,Local runs/271625
Evolved BasicSR,feynman_I_44_4,Feynman,0.01,1.0,10.0,Local runs/271625
Evolved BasicSR,feynman_I_44_4,Feynman,0.1,1.0,10.0,Local runs/271625
Evolved BasicSR,feynman_I_47_23,Feynman,0.0,1.0,10.0,Local runs/271625
Evolved BasicSR,feynman_I_47_23,Feynman,0.001,1.0,10.0,Local runs/271625
Evolved BasicSR,feynman_I_47_23,Feynman,0.01,1.0,10.0,Local runs/271625
Evolved BasicSR,feynman_I_47_23,Feynman,0.1,1.0,10.0,Local runs/271625
Evolved BasicSR,feynman_I_48_2,Feynman,0.0,0.0,10.0,Local runs/271625
Evolved BasicSR,feynman_I_48_2,Feynman,0.001,0.0,10.0,Local runs/271625
Evolved BasicSR,feynman_I_48_2,Feynman,0.01,0.0,10.0,Local runs/271625
Evolved BasicSR,feynman_I_48_2,Feynman,0.1,0.0,10.0,Local runs/271625
Evolved BasicSR,feynman_I_50_26,Feynman,0.0,0.0,10.0,Local runs/271625
Evolved BasicSR,feynman_I_50_26,Feynman,0.001,0.0,10.0,Local runs/271625
Evolved BasicSR,feynman_I_50_26,Feynman,0.01,0.0,10.0,Local runs/271625
Evolved BasicSR,feynman_I_50_26,Feynman,0.1,0.0,10.0,Local runs/271625
Evolved BasicSR,feynman_I_6_2,Feynman,0.0,0.0,10.0,Local runs/271625
Evolved BasicSR,feynman_I_6_2,Feynman,0.001,0.0,10.0,Local runs/271625
Evolved BasicSR,feynman_I_6_2,Feynman,0.01,0.0,10.0,Local runs/271625
Evolved BasicSR,feynman_I_6_2,Feynman,0.1,0.0,10.0,Local runs/271625
Evolved BasicSR,feynman_I_6_2a,Feynman,0.0,0.0,10.0,Local runs/271625
Evolved BasicSR,feynman_I_6_2a,Feynman,0.001,0.0,10.0,Local runs/271625
Evolved BasicSR,feynman_I_6_2a,Feynman,0.01,0.1,10.0,Local runs/271625
Evolved BasicSR,feynman_I_6_2a,Feynman,0.1,0.0,10.0,Local runs/271625
Evolved BasicSR,feynman_I_6_2b,Feynman,0.0,0.0,10.0,Local runs/271625
Evolved BasicSR,feynman_I_6_2b,Feynman,0.001,0.0,10.0,Local runs/271625
Evolved BasicSR,feynman_I_6_2b,Feynman,0.01,0.0,10.0,Local runs/271625
Evolved BasicSR,feynman_I_6_2b,Feynman,0.1,0.0,10.0,Local runs/271625
Evolved BasicSR,feynman_I_8_14,Feynman,0.0,0.9,10.0,Local runs/271625
Evolved BasicSR,feynman_I_8_14,Feynman,0.001,0.7,10.0,Local runs/271625
Evolved BasicSR,feynman_I_8_14,Feynman,0.01,0.8,10.0,Local runs/271625
Evolved BasicSR,feynman_I_8_14,Feynman,0.1,0.8,10.0,Local runs/271625
Evolved BasicSR,feynman_I_9_18,Feynman,0.0,0.0,10.0,Local runs/271625
Evolved BasicSR,feynman_I_9_18,Feynman,0.001,0.0,10.0,Local runs/271625
Evolved BasicSR,feynman_I_9_18,Feynman,0.01,0.0,10.0,Local runs/271625
Evolved BasicSR,feynman_I_9_18,Feynman,0.1,0.0,10.0,Local runs/271625
Evolved BasicSR,feynman_test_1,Feynman,0.0,0.0,10.0,Local runs/271625
Evolved BasicSR,feynman_test_1,Feynman,0.001,0.0,10.0,Local runs/271625
Evolved BasicSR,feynman_test_1,Feynman,0.01,0.0,10.0,Local runs/271625
Evolved BasicSR,feynman_test_1,Feynman,0.1,0.0,10.0,Local runs/271625
Evolved BasicSR,feynman_test_10,Feynman,0.0,0.0,10.0,Local runs/271625
Evolved BasicSR,feynman_test_10,Feynman,0.001,0.0,10.0,Local runs/271625
Evolved BasicSR,feynman_test_10,Feynman,0.01,0.0,10.0,Local runs/271625
Evolved BasicSR,feynman_test_10,Feynman,0.1,0.0,10.0,Local runs/271625
Evolved BasicSR,feynman_test_11,Feynman,0.0,0.0,10.0,Local runs/271625
Evolved BasicSR,feynman_test_11,Feynman,0.001,0.0,10.0,Local runs/271625
Evolved BasicSR,feynman_test_11,Feynman,0.01,0.0,10.0,Local runs/271625
Evolved BasicSR,feynman_test_11,Feynman,0.1,0.0,10.0,Local runs/271625
Evolved BasicSR,feynman_test_12,Feynman,0.0,0.0,10.0,Local runs/271625
Evolved BasicSR,feynman_test_12,Feynman,0.001,0.0,10.0,Local runs/271625
Evolved BasicSR,feynman_test_12,Feynman,0.01,0.0,10.0,Local runs/271625
Evolved BasicSR,feynman_test_12,Feynman,0.1,0.0,10.0,Local runs/271625
Evolved BasicSR,feynman_test_13,Feynman,0.0,0.0,10.0,Local runs/271625
Evolved BasicSR,feynman_test_13,Feynman,0.001,0.0,10.0,Local runs/271625
Evolved BasicSR,feynman_test_13,Feynman,0.01,0.0,10.0,Local runs/271625
Evolved BasicSR,feynman_test_13,Feynman,0.1,0.0,10.0,Local runs/271625
Evolved BasicSR,feynman_test_14,Feynman,0.0,0.0,10.0,Local runs/271625
Evolved BasicSR,feynman_test_14,Feynman,0.001,0.0,10.0,Local runs/271625
Evolved BasicSR,feynman_test_14,Feynman,0.01,0.0,10.0,Local runs/271625
Evolved BasicSR,feynman_test_14,Feynman,0.1,0.0,10.0,Local runs/271625
Evolved BasicSR,feynman_test_15,Feynman,0.0,0.0,10.0,Local runs/271625
Evolved BasicSR,feynman_test_15,Feynman,0.001,0.0,10.0,Local runs/271625
Evolved BasicSR,feynman_test_15,Feynman,0.01,0.0,10.0,Local runs/271625
Evolved BasicSR,feynman_test_15,Feynman,0.1,0.0,10.0,Local runs/271625
Evolved BasicSR,feynman_test_16,Feynman,0.0,0.0,10.0,Local runs/271625
Evolved BasicSR,feynman_test_16,Feynman,0.001,0.0,10.0,Local runs/271625
Evolved BasicSR,feynman_test_16,Feynman,0.01,0.0,10.0,Local runs/271625
Evolved BasicSR,feynman_test_16,Feynman,0.1,0.0,10.0,Local runs/271625
Evolved BasicSR,feynman_test_17,Feynman,0.0,0.0,10.0,Local runs/271625
Evolved BasicSR,feynman_test_17,Feynman,0.001,0.0,10.0,Local runs/271625
Evolved BasicSR,feynman_test_17,Feynman,0.01,0.0,10.0,Local runs/271625
Evolved BasicSR,feynman_test_17,Feynman,0.1,0.0,10.0,Local runs/271625
Evolved BasicSR,feynman_test_18,Feynman,0.0,0.3,10.0,Local runs/271625
Evolved BasicSR,feynman_test_18,Feynman,0.001,0.2,10.0,Local runs/271625
Evolved BasicSR,feynman_test_18,Feynman,0.01,0.1,10.0,Local runs/271625
Evolved BasicSR,feynman_test_18,Feynman,0.1,0.1,10.0,Local runs/271625
Evolved BasicSR,feynman_test_19,Feynman,0.0,0.0,10.0,Local runs/271625
Evolved BasicSR,feynman_test_19,Feynman,0.001,0.0,10.0,Local runs/271625
Evolved BasicSR,feynman_test_19,Feynman,0.01,0.0,10.0,Local runs/271625
Evolved BasicSR,feynman_test_19,Feynman,0.1,0.0,10.0,Local runs/271625
Evolved BasicSR,feynman_test_2,Feynman,0.0,0.0,10.0,Local runs/271625
Evolved BasicSR,feynman_test_2,Feynman,0.001,0.0,10.0,Local runs/271625
Evolved BasicSR,feynman_test_2,Feynman,0.01,0.0,10.0,Local runs/271625
Evolved BasicSR,feynman_test_2,Feynman,0.1,0.0,10.0,Local runs/271625
Evolved BasicSR,feynman_test_20,Feynman,0.0,0.0,10.0,Local runs/271625
Evolved BasicSR,feynman_test_20,Feynman,0.001,0.0,10.0,Local runs/271625
Evolved BasicSR,feynman_test_20,Feynman,0.01,0.0,10.0,Local runs/271625
Evolved BasicSR,feynman_test_20,Feynman,0.1,0.0,10.0,Local runs/271625
Evolved BasicSR,feynman_test_3,Feynman,0.0,0.0,10.0,Local runs/271625
Evolved BasicSR,feynman_test_3,Feynman,0.001,0.0,10.0,Local runs/271625
Evolved BasicSR,feynman_test_3,Feynman,0.01,0.0,10.0,Local runs/271625
Evolved BasicSR,feynman_test_3,Feynman,0.1,0.0,10.0,Local runs/271625
Evolved BasicSR,feynman_test_4,Feynman,0.0,0.0,10.0,Local runs/271625
Evolved BasicSR,feynman_test_4,Feynman,0.001,0.0,10.0,Local runs/271625
Evolved BasicSR,feynman_test_4,Feynman,0.01,0.0,10.0,Local runs/271625
Evolved BasicSR,feynman_test_4,Feynman,0.1,0.0,10.0,Local runs/271625
Evolved BasicSR,feynman_test_5,Feynman,0.0,0.0,10.0,Local runs/271625
Evolved BasicSR,feynman_test_5,Feynman,0.001,0.0,10.0,Local runs/271625
Evolved BasicSR,feynman_test_5,Feynman,0.01,0.0,10.0,Local runs/271625
Evolved BasicSR,feynman_test_5,Feynman,0.1,0.0,10.0,Local runs/271625
Evolved BasicSR,feynman_test_6,Feynman,0.0,0.0,10.0,Local runs/271625
Evolved BasicSR,feynman_test_6,Feynman,0.001,0.0,10.0,Local runs/271625
Evolved BasicSR,feynman_test_6,Feynman,0.01,0.0,10.0,Local runs/271625
Evolved BasicSR,feynman_test_6,Feynman,0.1,0.0,10.0,Local runs/271625
Evolved BasicSR,feynman_test_7,Feynman,0.0,0.0,10.0,Local runs/271625
Evolved BasicSR,feynman_test_7,Feynman,0.001,0.0,10.0,Local runs/271625
Evolved BasicSR,feynman_test_7,Feynman,0.01,0.0,10.0,Local runs/271625
Evolved BasicSR,feynman_test_7,Feynman,0.1,0.0,10.0,Local runs/271625
Evolved BasicSR,feynman_test_8,Feynman,0.0,0.0,10.0,Local runs/271625
Evolved BasicSR,feynman_test_8,Feynman,0.001,0.0,10.0,Local runs/271625
Evolved BasicSR,feynman_test_8,Feynman,0.01,0.0,10.0,Local runs/271625
Evolved BasicSR,feynman_test_8,Feynman,0.1,0.0,10.0,Local runs/271625
Evolved BasicSR,feynman_test_9,Feynman,0.0,0.1,10.0,Local runs/271625
Evolved BasicSR,feynman_test_9,Feynman,0.001,0.1,10.0,Local runs/271625
Evolved BasicSR,feynman_test_9,Feynman,0.01,0.0,10.0,Local runs/271625
Evolved BasicSR,feynman_test_9,Feynman,0.1,0.0,10.0,Local runs/271625
Evolved BasicSR,strogatz_bacres1,Strogatz,0.0,0.0,10.0,Local runs/271625
Evolved BasicSR,strogatz_bacres1,Strogatz,0.001,0.0,10.0,Local runs/271625
Evolved BasicSR,strogatz_bacres1,Strogatz,0.01,0.0,10.0,Local runs/271625
Evolved BasicSR,strogatz_bacres1,Strogatz,0.1,0.0,10.0,Local runs/271625
Evolved BasicSR,strogatz_bacres2,Strogatz,0.0,0.0,10.0,Local runs/271625
Evolved BasicSR,strogatz_bacres2,Strogatz,0.001,0.0,10.0,Local runs/271625
Evolved BasicSR,strogatz_bacres2,Strogatz,0.01,0.0,10.0,Local runs/271625
Evolved BasicSR,strogatz_bacres2,Strogatz,0.1,0.0,10.0,Local runs/271625
Evolved BasicSR,strogatz_barmag1,Strogatz,0.0,0.3,10.0,Local runs/271625
Evolved BasicSR,strogatz_barmag1,Strogatz,0.001,0.3,10.0,Local runs/271625
Evolved BasicSR,strogatz_barmag1,Strogatz,0.01,0.1,10.0,Local runs/271625
Evolved BasicSR,strogatz_barmag1,Strogatz,0.1,0.1,10.0,Local runs/271625
Evolved BasicSR,strogatz_barmag2,Strogatz,0.0,1.0,10.0,Local runs/271625
Evolved BasicSR,strogatz_barmag2,Strogatz,0.001,1.0,10.0,Local runs/271625
Evolved BasicSR,strogatz_barmag2,Strogatz,0.01,0.9,10.0,Local runs/271625
Evolved BasicSR,strogatz_barmag2,Strogatz,0.1,1.0,10.0,Local runs/271625
Evolved BasicSR,strogatz_glider1,Strogatz,0.0,1.0,10.0,Local runs/271625
Evolved BasicSR,strogatz_glider1,Strogatz,0.001,1.0,10.0,Local runs/271625
Evolved BasicSR,strogatz_glider1,Strogatz,0.01,0.9,10.0,Local runs/271625
Evolved BasicSR,strogatz_glider1,Strogatz,0.1,0.7,10.0,Local runs/271625
Evolved BasicSR,strogatz_glider2,Strogatz,0.0,1.0,10.0,Local runs/271625
Evolved BasicSR,strogatz_glider2,Strogatz,0.001,1.0,10.0,Local runs/271625
Evolved BasicSR,strogatz_glider2,Strogatz,0.01,1.0,10.0,Local runs/271625
Evolved BasicSR,strogatz_glider2,Strogatz,0.1,1.0,10.0,Local runs/271625
Evolved BasicSR,strogatz_lv1,Strogatz,0.0,0.0,10.0,Local runs/271625
Evolved BasicSR,strogatz_lv1,Strogatz,0.001,0.1,10.0,Local runs/271625
Evolved BasicSR,strogatz_lv1,Strogatz,0.01,0.0,10.0,Local runs/271625
Evolved BasicSR,strogatz_lv1,Strogatz,0.1,0.0,10.0,Local runs/271625
Evolved BasicSR,strogatz_lv2,Strogatz,0.0,0.5,10.0,Local runs/271625
Evolved BasicSR,strogatz_lv2,Strogatz,0.001,0.5,10.0,Local runs/271625
Evolved BasicSR,strogatz_lv2,Strogatz,0.01,0.7,10.0,Local runs/271625
Evolved BasicSR,strogatz_lv2,Strogatz,0.1,0.3,10.0,Local runs/271625
Evolved BasicSR,strogatz_predprey1,Strogatz,0.0,0.0,10.0,Local runs/271625
Evolved BasicSR,strogatz_predprey1,Strogatz,0.001,0.0,10.0,Local runs/271625
Evolved BasicSR,strogatz_predprey1,Strogatz,0.01,0.0,10.0,Local runs/271625
Evolved BasicSR,strogatz_predprey1,Strogatz,0.1,0.0,10.0,Local runs/271625
Evolved BasicSR,strogatz_predprey2,Strogatz,0.0,0.0,10.0,Local runs/271625
Evolved BasicSR,strogatz_predprey2,Strogatz,0.001,0.0,10.0,Local runs/271625
Evolved BasicSR,strogatz_predprey2,Strogatz,0.01,0.0,10.0,Local runs/271625
Evolved BasicSR,strogatz_predprey2,Strogatz,0.1,0.0,10.0,Local runs/271625
Evolved BasicSR,strogatz_shearflow1,Strogatz,0.0,1.0,10.0,Local runs/271625
Evolved BasicSR,strogatz_shearflow1,Strogatz,0.001,1.0,10.0,Local runs/271625
Evolved BasicSR,strogatz_shearflow1,Strogatz,0.01,1.0,10.0,Local runs/271625
Evolved BasicSR,strogatz_shearflow1,Strogatz,0.1,0.9,10.0,Local runs/271625
Evolved BasicSR,strogatz_shearflow2,Strogatz,0.0,1.0,10.0,Local runs/271625
Evolved BasicSR,strogatz_shearflow2,Strogatz,0.001,1.0,10.0,Local runs/271625
Evolved BasicSR,strogatz_shearflow2,Strogatz,0.01,1.0,10.0,Local runs/271625
Evolved BasicSR,strogatz_shearflow2,Strogatz,0.1,0.7,10.0,Local runs/271625
Evolved BasicSR,strogatz_vdp1,Strogatz,0.0,0.3,10.0,Local runs/271625
Evolved BasicSR,strogatz_vdp1,Strogatz,0.001,0.2,10.0,Local runs/271625
Evolved BasicSR,strogatz_vdp1,Strogatz,0.01,0.3,10.0,Local runs/271625
Evolved BasicSR,strogatz_vdp1,Strogatz,0.1,0.0,10.0,Local runs/271625
Evolved BasicSR,strogatz_vdp2,Strogatz,0.0,1.0,10.0,Local runs/271625
Evolved BasicSR,strogatz_vdp2,Strogatz,0.001,1.0,10.0,Local runs/271625
Evolved BasicSR,strogatz_vdp2,Strogatz,0.01,1.0,10.0,Local runs/271625
Evolved BasicSR,strogatz_vdp2,Strogatz,0.1,1.0,10.0,Local runs/271625
Evolved PySR,feynman_III_10_19,Feynman,0.0,0.0,10.0,Local runs/973699
Evolved PySR,feynman_III_10_19,Feynman,0.001,0.0,10.0,Local runs/973699
Evolved PySR,feynman_III_10_19,Feynman,0.01,0.0,10.0,Local runs/973699
Evolved PySR,feynman_III_10_19,Feynman,0.1,0.0,10.0,Local runs/973699
Evolved PySR,feynman_III_12_43,Feynman,0.0,1.0,10.0,Local runs/973699
Evolved PySR,feynman_III_12_43,Feynman,0.001,1.0,10.0,Local runs/973699
Evolved PySR,feynman_III_12_43,Feynman,0.01,1.0,10.0,Local runs/973699
Evolved PySR,feynman_III_12_43,Feynman,0.1,1.0,10.0,Local runs/973699
Evolved PySR,feynman_III_13_18,Feynman,0.0,1.0,10.0,Local runs/973699
Evolved PySR,feynman_III_13_18,Feynman,0.001,1.0,10.0,Local runs/973699
Evolved PySR,feynman_III_13_18,Feynman,0.01,1.0,10.0,Local runs/973699
Evolved PySR,feynman_III_13_18,Feynman,0.1,1.0,10.0,Local runs/973699
Evolved PySR,feynman_III_14_14,Feynman,0.0,1.0,10.0,Local runs/973699
Evolved PySR,feynman_III_14_14,Feynman,0.001,1.0,10.0,Local runs/973699
Evolved PySR,feynman_III_14_14,Feynman,0.01,1.0,10.0,Local runs/973699
Evolved PySR,feynman_III_14_14,Feynman,0.1,0.6,10.0,Local runs/973699
Evolved PySR,feynman_III_15_12,Feynman,0.0,1.0,10.0,Local runs/973699
Evolved PySR,feynman_III_15_12,Feynman,0.001,1.0,10.0,Local runs/973699
Evolved PySR,feynman_III_15_12,Feynman,0.01,1.0,10.0,Local runs/973699
Evolved PySR,feynman_III_15_12,Feynman,0.1,0.9,10.0,Local runs/973699
Evolved PySR,feynman_III_15_14,Feynman,0.0,1.0,10.0,Local runs/973699
Evolved PySR,feynman_III_15_14,Feynman,0.001,1.0,10.0,Local runs/973699
Evolved PySR,feynman_III_15_14,Feynman,0.01,1.0,10.0,Local runs/973699
Evolved PySR,feynman_III_15_14,Feynman,0.1,1.0,10.0,Local runs/973699
Evolved PySR,feynman_III_15_27,Feynman,0.0,1.0,10.0,Local runs/973699
Evolved PySR,feynman_III_15_27,Feynman,0.001,1.0,10.0,Local runs/973699
Evolved PySR,feynman_III_15_27,Feynman,0.01,1.0,10.0,Local runs/973699
Evolved PySR,feynman_III_15_27,Feynman,0.1,1.0,10.0,Local runs/973699
Evolved PySR,feynman_III_17_37,Feynman,0.0,1.0,10.0,Local runs/973699
Evolved PySR,feynman_III_17_37,Feynman,0.001,1.0,10.0,Local runs/973699
Evolved PySR,feynman_III_17_37,Feynman,0.01,1.0,10.0,Local runs/973699
Evolved PySR,feynman_III_17_37,Feynman,0.1,0.8,10.0,Local runs/973699
Evolved PySR,feynman_III_19_51,Feynman,0.0,1.0,10.0,Local runs/973699
Evolved PySR,feynman_III_19_51,Feynman,0.001,1.0,10.0,Local runs/973699
Evolved PySR,feynman_III_19_51,Feynman,0.01,1.0,10.0,Local runs/973699
Evolved PySR,feynman_III_19_51,Feynman,0.1,1.0,10.0,Local runs/973699
Evolved PySR,feynman_III_21_20,Feynman,0.0,1.0,10.0,Local runs/973699
Evolved PySR,feynman_III_21_20,Feynman,0.001,0.6,10.0,Local runs/973699
Evolved PySR,feynman_III_21_20,Feynman,0.01,0.2,10.0,Local runs/973699
Evolved PySR,feynman_III_21_20,Feynman,0.1,0.0,10.0,Local runs/973699
Evolved PySR,feynman_III_4_32,Feynman,0.0,0.0,10.0,Local runs/973699
Evolved PySR,feynman_III_4_32,Feynman,0.001,0.0,10.0,Local runs/973699
Evolved PySR,feynman_III_4_32,Feynman,0.01,0.0,10.0,Local runs/973699
Evolved PySR,feynman_III_4_32,Feynman,0.1,0.0,10.0,Local runs/973699
Evolved PySR,feynman_III_4_33,Feynman,0.0,0.0,10.0,Local runs/973699
Evolved PySR,feynman_III_4_33,Feynman,0.001,0.0,10.0,Local runs/973699
Evolved PySR,feynman_III_4_33,Feynman,0.01,0.0,10.0,Local runs/973699
Evolved PySR,feynman_III_4_33,Feynman,0.1,0.0,10.0,Local runs/973699
Evolved PySR,feynman_III_7_38,Feynman,0.0,1.0,10.0,Local runs/973699
Evolved PySR,feynman_III_7_38,Feynman,0.001,1.0,10.0,Local runs/973699
Evolved PySR,feynman_III_7_38,Feynman,0.01,1.0,10.0,Local runs/973699
Evolved PySR,feynman_III_7_38,Feynman,0.1,1.0,10.0,Local runs/973699
Evolved PySR,feynman_III_8_54,Feynman,0.0,0.0,10.0,Local runs/973699
Evolved PySR,feynman_III_8_54,Feynman,0.001,0.0,10.0,Local runs/973699
Evolved PySR,feynman_III_8_54,Feynman,0.01,0.0,10.0,Local runs/973699
Evolved PySR,feynman_III_8_54,Feynman,0.1,0.0,10.0,Local runs/973699
Evolved PySR,feynman_III_9_52,Feynman,0.0,0.0,10.0,Local runs/973699
Evolved PySR,feynman_III_9_52,Feynman,0.001,0.0,10.0,Local runs/973699
Evolved PySR,feynman_III_9_52,Feynman,0.01,0.0,10.0,Local runs/973699
Evolved PySR,feynman_III_9_52,Feynman,0.1,0.0,10.0,Local runs/973699
Evolved PySR,feynman_II_10_9,Feynman,0.0,1.0,10.0,Local runs/973699
Evolved PySR,feynman_II_10_9,Feynman,0.001,1.0,10.0,Local runs/973699
Evolved PySR,feynman_II_10_9,Feynman,0.01,1.0,10.0,Local runs/973699
Evolved PySR,feynman_II_10_9,Feynman,0.1,0.1,10.0,Local runs/973699
Evolved PySR,feynman_II_11_20,Feynman,0.0,1.0,10.0,Local runs/973699
Evolved PySR,feynman_II_11_20,Feynman,0.001,1.0,10.0,Local runs/973699
Evolved PySR,feynman_II_11_20,Feynman,0.01,1.0,10.0,Local runs/973699
Evolved PySR,feynman_II_11_20,Feynman,0.1,1.0,10.0,Local runs/973699
Evolved PySR,feynman_II_11_27,Feynman,0.0,0.6,10.0,Local runs/973699
Evolved PySR,feynman_II_11_27,Feynman,0.001,0.7,10.0,Local runs/973699
Evolved PySR,feynman_II_11_27,Feynman,0.01,0.4,10.0,Local runs/973699
Evolved PySR,feynman_II_11_27,Feynman,0.1,0.0,10.0,Local runs/973699
Evolved PySR,feynman_II_11_28,Feynman,0.0,0.6,10.0,Local runs/973699
Evolved PySR,feynman_II_11_28,Feynman,0.001,0.1,10.0,Local runs/973699
Evolved PySR,feynman_II_11_28,Feynman,0.01,0.0,10.0,Local runs/973699
Evolved PySR,feynman_II_11_28,Feynman,0.1,0.0,10.0,Local runs/973699
Evolved PySR,feynman_II_11_3,Feynman,0.0,1.0,10.0,Local runs/973699
Evolved PySR,feynman_II_11_3,Feynman,0.001,1.0,10.0,Local runs/973699
Evolved PySR,feynman_II_11_3,Feynman,0.01,0.9,10.0,Local runs/973699
Evolved PySR,feynman_II_11_3,Feynman,0.1,0.8,10.0,Local runs/973699
Evolved PySR,feynman_II_13_17,Feynman,0.0,1.0,10.0,Local runs/973699
Evolved PySR,feynman_II_13_17,Feynman,0.001,1.0,10.0,Local runs/973699
Evolved PySR,feynman_II_13_17,Feynman,0.01,1.0,10.0,Local runs/973699
Evolved PySR,feynman_II_13_17,Feynman,0.1,1.0,10.0,Local runs/973699
Evolved PySR,feynman_II_13_23,Feynman,0.0,0.0,10.0,Local runs/973699
Evolved PySR,feynman_II_13_23,Feynman,0.001,0.0,10.0,Local runs/973699
Evolved PySR,feynman_II_13_23,Feynman,0.01,0.0,10.0,Local runs/973699
Evolved PySR,feynman_II_13_23,Feynman,0.1,0.0,10.0,Local runs/973699
Evolved PySR,feynman_II_13_34,Feynman,0.0,0.1,10.0,Local runs/973699
Evolved PySR,feynman_II_13_34,Feynman,0.001,0.0,10.0,Local runs/973699
Evolved PySR,feynman_II_13_34,Feynman,0.01,0.0,10.0,Local runs/973699
Evolved PySR,feynman_II_13_34,Feynman,0.1,0.0,10.0,Local runs/973699
Evolved PySR,feynman_II_15_4,Feynman,0.0,1.0,10.0,Local runs/973699
Evolved PySR,feynman_II_15_4,Feynman,0.001,0.9,10.0,Local runs/973699
Evolved PySR,feynman_II_15_4,Feynman,0.01,0.1,10.0,Local runs/973699
Evolved PySR,feynman_II_15_4,Feynman,0.1,0.0,10.0,Local runs/973699
Evolved PySR,feynman_II_15_5,Feynman,0.0,1.0,10.0,Local runs/973699
Evolved PySR,feynman_II_15_5,Feynman,0.001,0.9,10.0,Local runs/973699
Evolved PySR,feynman_II_15_5,Feynman,0.01,0.3,10.0,Local runs/973699
Evolved PySR,feynman_II_15_5,Feynman,0.1,0.0,10.0,Local runs/973699
Evolved PySR,feynman_II_21_32,Feynman,0.0,0.8,10.0,Local runs/973699
Evolved PySR,feynman_II_21_32,Feynman,0.001,1.0,10.0,Local runs/973699
Evolved PySR,feynman_II_21_32,Feynman,0.01,1.0,10.0,Local runs/973699
Evolved PySR,feynman_II_21_32,Feynman,0.1,0.7,10.0,Local runs/973699
Evolved PySR,feynman_II_24_17,Feynman,0.0,0.0,10.0,Local runs/973699
Evolved PySR,feynman_II_24_17,Feynman,0.001,0.0,10.0,Local runs/973699
Evolved PySR,feynman_II_24_17,Feynman,0.01,0.0,10.0,Local runs/973699
Evolved PySR,feynman_II_24_17,Feynman,0.1,0.0,10.0,Local runs/973699
Evolved PySR,feynman_II_27_16,Feynman,0.0,1.0,10.0,Local runs/973699
Evolved PySR,feynman_II_27_16,Feynman,0.001,1.0,10.0,Local runs/973699
Evolved PySR,feynman_II_27_16,Feynman,0.01,1.0,10.0,Local runs/973699
Evolved PySR,feynman_II_27_16,Feynman,0.1,1.0,10.0,Local runs/973699
Evolved PySR,feynman_II_27_18,Feynman,0.0,1.0,10.0,Local runs/973699
Evolved PySR,feynman_II_27_18,Feynman,0.001,1.0,10.0,Local runs/973699
Evolved PySR,feynman_II_27_18,Feynman,0.01,1.0,10.0,Local runs/973699
Evolved PySR,feynman_II_27_18,Feynman,0.1,1.0,10.0,Local runs/973699
Evolved PySR,feynman_II_2_42,Feynman,0.0,1.0,10.0,Local runs/973699
Evolved PySR,feynman_II_2_42,Feynman,0.001,1.0,10.0,Local runs/973699
Evolved PySR,feynman_II_2_42,Feynman,0.01,1.0,10.0,Local runs/973699
Evolved PySR,feynman_II_2_42,Feynman,0.1,1.0,10.0,Local runs/973699
Evolved PySR,feynman_II_34_11,Feynman,0.0,1.0,10.0,Local runs/973699
Evolved PySR,feynman_II_34_11,Feynman,0.001,1.0,10.0,Local runs/973699
Evolved PySR,feynman_II_34_11,Feynman,0.01,1.0,10.0,Local runs/973699
Evolved PySR,feynman_II_34_11,Feynman,0.1,1.0,10.0,Local runs/973699
Evolved PySR,feynman_II_34_2,Feynman,0.0,1.0,10.0,Local runs/973699
Evolved PySR,feynman_II_34_2,Feynman,0.001,1.0,10.0,Local runs/973699
Evolved PySR,feynman_II_34_2,Feynman,0.01,1.0,10.0,Local runs/973699
Evolved PySR,feynman_II_34_2,Feynman,0.1,1.0,10.0,Local runs/973699
Evolved PySR,feynman_II_34_29a,Feynman,0.0,1.0,10.0,Local runs/973699
Evolved PySR,feynman_II_34_29a,Feynman,0.001,1.0,10.0,Local runs/973699
Evolved PySR,feynman_II_34_29a,Feynman,0.01,1.0,10.0,Local runs/973699
Evolved PySR,feynman_II_34_29a,Feynman,0.1,1.0,10.0,Local runs/973699
Evolved PySR,feynman_II_34_29b,Feynman,0.0,1.0,10.0,Local runs/973699
Evolved PySR,feynman_II_34_29b,Feynman,0.001,1.0,10.0,Local runs/973699
Evolved PySR,feynman_II_34_29b,Feynman,0.01,1.0,10.0,Local runs/973699
Evolved PySR,feynman_II_34_29b,Feynman,0.1,1.0,10.0,Local runs/973699
Evolved PySR,feynman_II_34_2a,Feynman,0.0,1.0,10.0,Local runs/973699
Evolved PySR,feynman_II_34_2a,Feynman,0.001,1.0,10.0,Local runs/973699
Evolved PySR,feynman_II_34_2a,Feynman,0.01,1.0,10.0,Local runs/973699
Evolved PySR,feynman_II_34_2a,Feynman,0.1,1.0,10.0,Local runs/973699
Evolved PySR,feynman_II_35_18,Feynman,0.0,0.1,10.0,Local runs/973699
Evolved PySR,feynman_II_35_18,Feynman,0.001,0.0,10.0,Local runs/973699
Evolved PySR,feynman_II_35_18,Feynman,0.01,0.0,10.0,Local runs/973699
Evolved PySR,feynman_II_35_18,Feynman,0.1,0.0,10.0,Local runs/973699
Evolved PySR,feynman_II_35_21,Feynman,0.0,0.0,10.0,Local runs/973699
Evolved PySR,feynman_II_35_21,Feynman,0.001,0.0,10.0,Local runs/973699
Evolved PySR,feynman_II_35_21,Feynman,0.01,0.0,10.0,Local runs/973699
Evolved PySR,feynman_II_35_21,Feynman,0.1,0.0,10.0,Local runs/973699
Evolved PySR,feynman_II_36_38,Feynman,0.0,0.7,10.0,Local runs/973699
Evolved PySR,feynman_II_36_38,Feynman,0.001,0.9,10.0,Local runs/973699
Evolved PySR,feynman_II_36_38,Feynman,0.01,0.9,10.0,Local runs/973699
Evolved PySR,feynman_II_36_38,Feynman,0.1,0.7,10.0,Local runs/973699
Evolved PySR,feynman_II_37_1,Feynman,0.0,1.0,10.0,Local runs/973699
Evolved PySR,feynman_II_37_1,Feynman,0.001,1.0,10.0,Local runs/973699
Evolved PySR,feynman_II_37_1,Feynman,0.01,1.0,10.0,Local runs/973699
Evolved PySR,feynman_II_37_1,Feynman,0.1,0.1,10.0,Local runs/973699
Evolved PySR,feynman_II_38_14,Feynman,0.0,1.0,10.0,Local runs/973699
Evolved PySR,feynman_II_38_14,Feynman,0.001,1.0,10.0,Local runs/973699
Evolved PySR,feynman_II_38_14,Feynman,0.01,1.0,10.0,Local runs/973699
Evolved PySR,feynman_II_38_14,Feynman,0.1,0.2,10.0,Local runs/973699
Evolved PySR,feynman_II_38_3,Feynman,0.0,1.0,10.0,Local runs/973699
Evolved PySR,feynman_II_38_3,Feynman,0.001,1.0,10.0,Local runs/973699
Evolved PySR,feynman_II_38_3,Feynman,0.01,1.0,10.0,Local runs/973699
Evolved PySR,feynman_II_38_3,Feynman,0.1,1.0,10.0,Local runs/973699
Evolved PySR,feynman_II_3_24,Feynman,0.0,1.0,10.0,Local runs/973699
Evolved PySR,feynman_II_3_24,Feynman,0.001,1.0,10.0,Local runs/973699
Evolved PySR,feynman_II_3_24,Feynman,0.01,1.0,10.0,Local runs/973699
Evolved PySR,feynman_II_3_24,Feynman,0.1,1.0,10.0,Local runs/973699
Evolved PySR,feynman_II_4_23,Feynman,0.0,1.0,10.0,Local runs/973699
Evolved PySR,feynman_II_4_23,Feynman,0.001,1.0,10.0,Local runs/973699
Evolved PySR,feynman_II_4_23,Feynman,0.01,1.0,10.0,Local runs/973699
Evolved PySR,feynman_II_4_23,Feynman,0.1,1.0,10.0,Local runs/973699
Evolved PySR,feynman_II_6_11,Feynman,0.0,1.0,10.0,Local runs/973699
Evolved PySR,feynman_II_6_11,Feynman,0.001,1.0,10.0,Local runs/973699
Evolved PySR,feynman_II_6_11,Feynman,0.01,1.0,10.0,Local runs/973699
Evolved PySR,feynman_II_6_11,Feynman,0.1,1.0,10.0,Local runs/973699
Evolved PySR,feynman_II_6_15a,Feynman,0.0,0.0,10.0,Local runs/973699
Evolved PySR,feynman_II_6_15a,Feynman,0.001,0.1,10.0,Local runs/973699
Evolved PySR,feynman_II_6_15a,Feynman,0.01,0.0,10.0,Local runs/973699
Evolved PySR,feynman_II_6_15a,Feynman,0.1,0.0,10.0,Local runs/973699
Evolved PySR,feynman_II_6_15b,Feynman,0.0,1.0,10.0,Local runs/973699
Evolved PySR,feynman_II_6_15b,Feynman,0.001,1.0,10.0,Local runs/973699
Evolved PySR,feynman_II_6_15b,Feynman,0.01,0.7,10.0,Local runs/973699
Evolved PySR,feynman_II_6_15b,Feynman,0.1,0.7,10.0,Local runs/973699
Evolved PySR,feynman_II_8_31,Feynman,0.0,1.0,10.0,Local runs/973699
Evolved PySR,feynman_II_8_31,Feynman,0.001,1.0,10.0,Local runs/973699
Evolved PySR,feynman_II_8_31,Feynman,0.01,1.0,10.0,Local runs/973699
Evolved PySR,feynman_II_8_31,Feynman,0.1,1.0,10.0,Local runs/973699
Evolved PySR,feynman_II_8_7,Feynman,0.0,1.0,10.0,Local runs/973699
Evolved PySR,feynman_II_8_7,Feynman,0.001,1.0,10.0,Local runs/973699
Evolved PySR,feynman_II_8_7,Feynman,0.01,1.0,10.0,Local runs/973699
Evolved PySR,feynman_II_8_7,Feynman,0.1,1.0,10.0,Local runs/973699
Evolved PySR,feynman_I_10_7,Feynman,0.0,0.0,10.0,Local runs/973699
Evolved PySR,feynman_I_10_7,Feynman,0.001,0.0,10.0,Local runs/973699
Evolved PySR,feynman_I_10_7,Feynman,0.01,0.0,10.0,Local runs/973699
Evolved PySR,feynman_I_10_7,Feynman,0.1,0.0,10.0,Local runs/973699
Evolved PySR,feynman_I_11_19,Feynman,0.0,1.0,10.0,Local runs/973699
Evolved PySR,feynman_I_11_19,Feynman,0.001,1.0,10.0,Local runs/973699
Evolved PySR,feynman_I_11_19,Feynman,0.01,1.0,10.0,Local runs/973699
Evolved PySR,feynman_I_11_19,Feynman,0.1,0.9,10.0,Local runs/973699
Evolved PySR,feynman_I_12_1,Feynman,0.0,1.0,10.0,Local runs/973699
Evolved PySR,feynman_I_12_1,Feynman,0.001,1.0,10.0,Local runs/973699
Evolved PySR,feynman_I_12_1,Feynman,0.01,1.0,10.0,Local runs/973699
Evolved PySR,feynman_I_12_1,Feynman,0.1,1.0,10.0,Local runs/973699
Evolved PySR,feynman_I_12_11,Feynman,0.0,1.0,10.0,Local runs/973699
Evolved PySR,feynman_I_12_11,Feynman,0.001,1.0,10.0,Local runs/973699
Evolved PySR,feynman_I_12_11,Feynman,0.01,1.0,10.0,Local runs/973699
Evolved PySR,feynman_I_12_11,Feynman,0.1,1.0,10.0,Local runs/973699
Evolved PySR,feynman_I_12_2,Feynman,0.0,1.0,10.0,Local runs/973699
Evolved PySR,feynman_I_12_2,Feynman,0.001,1.0,10.0,Local runs/973699
Evolved PySR,feynman_I_12_2,Feynman,0.01,1.0,10.0,Local runs/973699
Evolved PySR,feynman_I_12_2,Feynman,0.1,1.0,10.0,Local runs/973699
Evolved PySR,feynman_I_12_4,Feynman,0.0,1.0,10.0,Local runs/973699
Evolved PySR,feynman_I_12_4,Feynman,0.001,1.0,10.0,Local runs/973699
Evolved PySR,feynman_I_12_4,Feynman,0.01,1.0,10.0,Local runs/973699
Evolved PySR,feynman_I_12_4,Feynman,0.1,1.0,10.0,Local runs/973699
Evolved PySR,feynman_I_12_5,Feynman,0.0,1.0,10.0,Local runs/973699
Evolved PySR,feynman_I_12_5,Feynman,0.001,1.0,10.0,Local runs/973699
Evolved PySR,feynman_I_12_5,Feynman,0.01,1.0,10.0,Local runs/973699
Evolved PySR,feynman_I_12_5,Feynman,0.1,1.0,10.0,Local runs/973699
Evolved PySR,feynman_I_13_12,Feynman,0.0,1.0,10.0,Local runs/973699
Evolved PySR,feynman_I_13_12,Feynman,0.001,0.8,10.0,Local runs/973699
Evolved PySR,feynman_I_13_12,Feynman,0.01,1.0,10.0,Local runs/973699
Evolved PySR,feynman_I_13_12,Feynman,0.1,1.0,10.0,Local runs/973699
Evolved PySR,feynman_I_13_4,Feynman,0.0,0.7,10.0,Local runs/973699
Evolved PySR,feynman_I_13_4,Feynman,0.001,0.5,10.0,Local runs/973699
Evolved PySR,feynman_I_13_4,Feynman,0.01,0.5,10.0,Local runs/973699
Evolved PySR,feynman_I_13_4,Feynman,0.1,0.6,10.0,Local runs/973699
Evolved PySR,feynman_I_14_3,Feynman,0.0,1.0,10.0,Local runs/973699
Evolved PySR,feynman_I_14_3,Feynman,0.001,1.0,10.0,Local runs/973699
Evolved PySR,feynman_I_14_3,Feynman,0.01,1.0,10.0,Local runs/973699
Evolved PySR,feynman_I_14_3,Feynman,0.1,1.0,10.0,Local runs/973699
Evolved PySR,feynman_I_14_4,Feynman,0.0,1.0,10.0,Local runs/973699
Evolved PySR,feynman_I_14_4,Feynman,0.001,1.0,10.0,Local runs/973699
Evolved PySR,feynman_I_14_4,Feynman,0.01,1.0,10.0,Local runs/973699
Evolved PySR,feynman_I_14_4,Feynman,0.1,1.0,10.0,Local runs/973699
Evolved PySR,feynman_I_15_10,Feynman,0.0,0.0,10.0,Local runs/973699
Evolved PySR,feynman_I_15_10,Feynman,0.001,0.0,10.0,Local runs/973699
Evolved PySR,feynman_I_15_10,Feynman,0.01,0.0,10.0,Local runs/973699
Evolved PySR,feynman_I_15_10,Feynman,0.1,0.0,10.0,Local runs/973699
Evolved PySR,feynman_I_15_3t,Feynman,0.0,0.0,10.0,Local runs/973699
Evolved PySR,feynman_I_15_3t,Feynman,0.001,0.0,10.0,Local runs/973699
Evolved PySR,feynman_I_15_3t,Feynman,0.01,0.0,10.0,Local runs/973699
Evolved PySR,feynman_I_15_3t,Feynman,0.1,0.0,10.0,Local runs/973699
Evolved PySR,feynman_I_15_3x,Feynman,0.0,0.0,10.0,Local runs/973699
Evolved PySR,feynman_I_15_3x,Feynman,0.001,0.0,10.0,Local runs/973699
Evolved PySR,feynman_I_15_3x,Feynman,0.01,0.0,10.0,Local runs/973699
Evolved PySR,feynman_I_15_3x,Feynman,0.1,0.0,10.0,Local runs/973699
Evolved PySR,feynman_I_16_6,Feynman,0.0,0.0,10.0,Local runs/973699
Evolved PySR,feynman_I_16_6,Feynman,0.001,0.0,10.0,Local runs/973699
Evolved PySR,feynman_I_16_6,Feynman,0.01,0.0,10.0,Local runs/973699
Evolved PySR,feynman_I_16_6,Feynman,0.1,0.2,10.0,Local runs/973699
Evolved PySR,feynman_I_18_12,Feynman,0.0,1.0,10.0,Local runs/973699
Evolved PySR,feynman_I_18_12,Feynman,0.001,1.0,10.0,Local runs/973699
Evolved PySR,feynman_I_18_12,Feynman,0.01,1.0,10.0,Local runs/973699
Evolved PySR,feynman_I_18_12,Feynman,0.1,1.0,10.0,Local runs/973699
Evolved PySR,feynman_I_18_14,Feynman,0.0,1.0,10.0,Local runs/973699
Evolved PySR,feynman_I_18_14,Feynman,0.001,1.0,10.0,Local runs/973699
Evolved PySR,feynman_I_18_14,Feynman,0.01,1.0,10.0,Local runs/973699
Evolved PySR,feynman_I_18_14,Feynman,0.1,1.0,10.0,Local runs/973699
Evolved PySR,feynman_I_18_4,Feynman,0.0,0.6,10.0,Local runs/973699
Evolved PySR,feynman_I_18_4,Feynman,0.001,0.1,10.0,Local runs/973699
Evolved PySR,feynman_I_18_4,Feynman,0.01,0.2,10.0,Local runs/973699
Evolved PySR,feynman_I_18_4,Feynman,0.1,0.0,10.0,Local runs/973699
Evolved PySR,feynman_I_24_6,Feynman,0.0,0.9,10.0,Local runs/973699
Evolved PySR,feynman_I_24_6,Feynman,0.001,1.0,10.0,Local runs/973699
Evolved PySR,feynman_I_24_6,Feynman,0.01,0.9,10.0,Local runs/973699
Evolved PySR,feynman_I_24_6,Feynman,0.1,0.7,10.0,Local runs/973699
Evolved PySR,feynman_I_25_13,Feynman,0.0,1.0,10.0,Local runs/973699
Evolved PySR,feynman_I_25_13,Feynman,0.001,1.0,10.0,Local runs/973699
Evolved PySR,feynman_I_25_13,Feynman,0.01,1.0,10.0,Local runs/973699
Evolved PySR,feynman_I_25_13,Feynman,0.1,1.0,10.0,Local runs/973699
Evolved PySR,feynman_I_26_2,Feynman,0.0,0.0,10.0,Local runs/973699
Evolved PySR,feynman_I_26_2,Feynman,0.001,0.0,10.0,Local runs/973699
Evolved PySR,feynman_I_26_2,Feynman,0.01,0.0,10.0,Local runs/973699
Evolved PySR,feynman_I_26_2,Feynman,0.1,0.0,10.0,Local runs/973699
Evolved PySR,feynman_I_27_6,Feynman,0.0,1.0,10.0,Local runs/973699
Evolved PySR,feynman_I_27_6,Feynman,0.001,1.0,10.0,Local runs/973699
Evolved PySR,feynman_I_27_6,Feynman,0.01,1.0,10.0,Local runs/973699
Evolved PySR,feynman_I_27_6,Feynman,0.1,1.0,10.0,Local runs/973699
Evolved PySR,feynman_I_29_16,Feynman,0.0,0.0,10.0,Local runs/973699
Evolved PySR,feynman_I_29_16,Feynman,0.001,0.0,10.0,Local runs/973699
Evolved PySR,feynman_I_29_16,Feynman,0.01,0.0,10.0,Local runs/973699
Evolved PySR,feynman_I_29_16,Feynman,0.1,0.0,10.0,Local runs/973699
Evolved PySR,feynman_I_29_4,Feynman,0.0,1.0,10.0,Local runs/973699
Evolved PySR,feynman_I_29_4,Feynman,0.001,1.0,10.0,Local runs/973699
Evolved PySR,feynman_I_29_4,Feynman,0.01,1.0,10.0,Local runs/973699
Evolved PySR,feynman_I_29_4,Feynman,0.1,1.0,10.0,Local runs/973699
Evolved PySR,feynman_I_30_3,Feynman,0.0,0.7,10.0,Local runs/973699
Evolved PySR,feynman_I_30_3,Feynman,0.001,0.7,10.0,Local runs/973699
Evolved PySR,feynman_I_30_3,Feynman,0.01,0.9,10.0,Local runs/973699
Evolved PySR,feynman_I_30_3,Feynman,0.1,0.5,10.0,Local runs/973699
Evolved PySR,feynman_I_30_5,Feynman,0.0,0.0,10.0,Local runs/973699
Evolved PySR,feynman_I_30_5,Feynman,0.001,0.0,10.0,Local runs/973699
Evolved PySR,feynman_I_30_5,Feynman,0.01,0.0,10.0,Local runs/973699
Evolved PySR,feynman_I_30_5,Feynman,0.1,0.0,10.0,Local runs/973699
Evolved PySR,feynman_I_32_17,Feynman,0.0,0.7,10.0,Local runs/973699
Evolved PySR,feynman_I_32_17,Feynman,0.001,0.4,10.0,Local runs/973699
Evolved PySR,feynman_I_32_17,Feynman,0.01,0.1,10.0,Local runs/973699
Evolved PySR,feynman_I_32_17,Feynman,0.1,0.3,10.0,Local runs/973699
Evolved PySR,feynman_I_32_5,Feynman,0.0,1.0,10.0,Local runs/973699
Evolved PySR,feynman_I_32_5,Feynman,0.001,1.0,10.0,Local runs/973699
Evolved PySR,feynman_I_32_5,Feynman,0.01,1.0,10.0,Local runs/973699
Evolved PySR,feynman_I_32_5,Feynman,0.1,1.0,10.0,Local runs/973699
Evolved PySR,feynman_I_34_1,Feynman,0.0,1.0,10.0,Local runs/973699
Evolved PySR,feynman_I_34_1,Feynman,0.001,1.0,10.0,Local runs/973699
Evolved PySR,feynman_I_34_1,Feynman,0.01,0.9,10.0,Local runs/973699
Evolved PySR,feynman_I_34_1,Feynman,0.1,0.7,10.0,Local runs/973699
Evolved PySR,feynman_I_34_14,Feynman,0.0,0.0,10.0,Local runs/973699
Evolved PySR,feynman_I_34_14,Feynman,0.001,0.0,10.0,Local runs/973699
Evolved PySR,feynman_I_34_14,Feynman,0.01,0.0,10.0,Local runs/973699
Evolved PySR,feynman_I_34_14,Feynman,0.1,0.0,10.0,Local runs/973699
Evolved PySR,feynman_I_34_27,Feynman,0.0,1.0,10.0,Local runs/973699
Evolved PySR,feynman_I_34_27,Feynman,0.001,1.0,10.0,Local runs/973699
Evolved PySR,feynman_I_34_27,Feynman,0.01,1.0,10.0,Local runs/973699
Evolved PySR,feynman_I_34_27,Feynman,0.1,1.0,10.0,Local runs/973699
Evolved PySR,feynman_I_34_8,Feynman,0.0,1.0,10.0,Local runs/973699
Evolved PySR,feynman_I_34_8,Feynman,0.001,1.0,10.0,Local runs/973699
Evolved PySR,feynman_I_34_8,Feynman,0.01,1.0,10.0,Local runs/973699
Evolved PySR,feynman_I_34_8,Feynman,0.1,1.0,10.0,Local runs/973699
Evolved PySR,feynman_I_37_4,Feynman,0.0,0.1,10.0,Local runs/973699
Evolved PySR,feynman_I_37_4,Feynman,0.001,0.0,10.0,Local runs/973699
Evolved PySR,feynman_I_37_4,Feynman,0.01,0.0,10.0,Local runs/973699
Evolved PySR,feynman_I_37_4,Feynman,0.1,0.0,10.0,Local runs/973699
Evolved PySR,feynman_I_38_12,Feynman,0.0,1.0,10.0,Local runs/973699
Evolved PySR,feynman_I_38_12,Feynman,0.001,1.0,10.0,Local runs/973699
Evolved PySR,feynman_I_38_12,Feynman,0.01,1.0,10.0,Local runs/973699
Evolved PySR,feynman_I_38_12,Feynman,0.1,1.0,10.0,Local runs/973699
Evolved PySR,feynman_I_39_1,Feynman,0.0,1.0,10.0,Local runs/973699
Evolved PySR,feynman_I_39_1,Feynman,0.001,1.0,10.0,Local runs/973699
Evolved PySR,feynman_I_39_1,Feynman,0.01,1.0,10.0,Local runs/973699
Evolved PySR,feynman_I_39_1,Feynman,0.1,1.0,10.0,Local runs/973699
Evolved PySR,feynman_I_39_11,Feynman,0.0,1.0,10.0,Local runs/973699
Evolved PySR,feynman_I_39_11,Feynman,0.001,1.0,10.0,Local runs/973699
Evolved PySR,feynman_I_39_11,Feynman,0.01,1.0,10.0,Local runs/973699
Evolved PySR,feynman_I_39_11,Feynman,0.1,0.5,10.0,Local runs/973699
Evolved PySR,feynman_I_39_22,Feynman,0.0,1.0,10.0,Local runs/973699
Evolved PySR,feynman_I_39_22,Feynman,0.001,1.0,10.0,Local runs/973699
Evolved PySR,feynman_I_39_22,Feynman,0.01,1.0,10.0,Local runs/973699
Evolved PySR,feynman_I_39_22,Feynman,0.1,1.0,10.0,Local runs/973699
Evolved PySR,feynman_I_40_1,Feynman,0.0,0.0,10.0,Local runs/973699
Evolved PySR,feynman_I_40_1,Feynman,0.001,0.1,10.0,Local runs/973699
Evolved PySR,feynman_I_40_1,Feynman,0.01,0.2,10.0,Local runs/973699
Evolved PySR,feynman_I_40_1,Feynman,0.1,0.0,10.0,Local runs/973699
Evolved PySR,feynman_I_41_16,Feynman,0.0,0.0,10.0,Local runs/973699
Evolved PySR,feynman_I_41_16,Feynman,0.001,0.0,10.0,Local runs/973699
Evolved PySR,feynman_I_41_16,Feynman,0.01,0.0,10.0,Local runs/973699
Evolved PySR,feynman_I_41_16,Feynman,0.1,0.0,10.0,Local runs/973699
Evolved PySR,feynman_I_43_16,Feynman,0.0,1.0,10.0,Local runs/973699
Evolved PySR,feynman_I_43_16,Feynman,0.001,1.0,10.0,Local runs/973699
Evolved PySR,feynman_I_43_16,Feynman,0.01,1.0,10.0,Local runs/973699
Evolved PySR,feynman_I_43_16,Feynman,0.1,1.0,10.0,Local runs/973699
Evolved PySR,feynman_I_43_31,Feynman,0.0,1.0,10.0,Local runs/973699
Evolved PySR,feynman_I_43_31,Feynman,0.001,1.0,10.0,Local runs/973699
Evolved PySR,feynman_I_43_31,Feynman,0.01,1.0,10.0,Local runs/973699
Evolved PySR,feynman_I_43_31,Feynman,0.1,1.0,10.0,Local runs/973699
Evolved PySR,feynman_I_43_43,Feynman,0.0,1.0,10.0,Local runs/973699
Evolved PySR,feynman_I_43_43,Feynman,0.001,1.0,10.0,Local runs/973699
Evolved PySR,feynman_I_43_43,Feynman,0.01,1.0,10.0,Local runs/973699
Evolved PySR,feynman_I_43_43,Feynman,0.1,0.6,10.0,Local runs/973699
Evolved PySR,feynman_I_44_4,Feynman,0.0,1.0,10.0,Local runs/973699
Evolved PySR,feynman_I_44_4,Feynman,0.001,1.0,10.0,Local runs/973699
Evolved PySR,feynman_I_44_4,Feynman,0.01,1.0,10.0,Local runs/973699
Evolved PySR,feynman_I_44_4,Feynman,0.1,1.0,10.0,Local runs/973699
Evolved PySR,feynman_I_47_23,Feynman,0.0,1.0,10.0,Local runs/973699
Evolved PySR,feynman_I_47_23,Feynman,0.001,1.0,10.0,Local runs/973699
Evolved PySR,feynman_I_47_23,Feynman,0.01,1.0,10.0,Local runs/973699
Evolved PySR,feynman_I_47_23,Feynman,0.1,1.0,10.0,Local runs/973699
Evolved PySR,feynman_I_48_2,Feynman,0.0,0.0,10.0,Local runs/973699
Evolved PySR,feynman_I_48_2,Feynman,0.001,0.0,10.0,Local runs/973699
Evolved PySR,feynman_I_48_2,Feynman,0.01,0.0,10.0,Local runs/973699
Evolved PySR,feynman_I_48_2,Feynman,0.1,0.0,10.0,Local runs/973699
Evolved PySR,feynman_I_50_26,Feynman,0.0,0.0,10.0,Local runs/973699
Evolved PySR,feynman_I_50_26,Feynman,0.001,0.0,10.0,Local runs/973699
Evolved PySR,feynman_I_50_26,Feynman,0.01,0.0,10.0,Local runs/973699
Evolved PySR,feynman_I_50_26,Feynman,0.1,0.0,10.0,Local runs/973699
Evolved PySR,feynman_I_6_2,Feynman,0.0,0.0,10.0,Local runs/973699
Evolved PySR,feynman_I_6_2,Feynman,0.001,0.1,10.0,Local runs/973699
Evolved PySR,feynman_I_6_2,Feynman,0.01,0.0,10.0,Local runs/973699
Evolved PySR,feynman_I_6_2,Feynman,0.1,0.0,10.0,Local runs/973699
Evolved PySR,feynman_I_6_2a,Feynman,0.0,0.2,10.0,Local runs/973699
Evolved PySR,feynman_I_6_2a,Feynman,0.001,0.5,10.0,Local runs/973699
Evolved PySR,feynman_I_6_2a,Feynman,0.01,0.1,10.0,Local runs/973699
Evolved PySR,feynman_I_6_2a,Feynman,0.1,0.0,10.0,Local runs/973699
Evolved PySR,feynman_I_6_2b,Feynman,0.0,0.0,10.0,Local runs/973699
Evolved PySR,feynman_I_6_2b,Feynman,0.001,0.0,10.0,Local runs/973699
Evolved PySR,feynman_I_6_2b,Feynman,0.01,0.0,10.0,Local runs/973699
Evolved PySR,feynman_I_6_2b,Feynman,0.1,0.0,10.0,Local runs/973699
Evolved PySR,feynman_I_8_14,Feynman,0.0,0.9,10.0,Local runs/973699
Evolved PySR,feynman_I_8_14,Feynman,0.001,1.0,10.0,Local runs/973699
Evolved PySR,feynman_I_8_14,Feynman,0.01,1.0,10.0,Local runs/973699
Evolved PySR,feynman_I_8_14,Feynman,0.1,1.0,10.0,Local runs/973699
Evolved PySR,feynman_I_9_18,Feynman,0.0,0.0,10.0,Local runs/973699
Evolved PySR,feynman_I_9_18,Feynman,0.001,0.0,10.0,Local runs/973699
Evolved PySR,feynman_I_9_18,Feynman,0.01,0.0,10.0,Local runs/973699
Evolved PySR,feynman_I_9_18,Feynman,0.1,0.0,10.0,Local runs/973699
Evolved PySR,feynman_test_1,Feynman,0.0,0.1,10.0,Local runs/973699
Evolved PySR,feynman_test_1,Feynman,0.001,0.1,10.0,Local runs/973699
Evolved PySR,feynman_test_1,Feynman,0.01,0.1,10.0,Local runs/973699
Evolved PySR,feynman_test_1,Feynman,0.1,0.0,10.0,Local runs/973699
Evolved PySR,feynman_test_10,Feynman,0.0,0.0,10.0,Local runs/973699
Evolved PySR,feynman_test_10,Feynman,0.001,0.0,10.0,Local runs/973699
Evolved PySR,feynman_test_10,Feynman,0.01,0.0,10.0,Local runs/973699
Evolved PySR,feynman_test_10,Feynman,0.1,0.0,10.0,Local runs/973699
Evolved PySR,feynman_test_11,Feynman,0.0,0.0,10.0,Local runs/973699
Evolved PySR,feynman_test_11,Feynman,0.001,0.0,10.0,Local runs/973699
Evolved PySR,feynman_test_11,Feynman,0.01,0.0,10.0,Local runs/973699
Evolved PySR,feynman_test_11,Feynman,0.1,0.0,10.0,Local runs/973699
Evolved PySR,feynman_test_12,Feynman,0.0,0.0,10.0,Local runs/973699
Evolved PySR,feynman_test_12,Feynman,0.001,0.0,10.0,Local runs/973699
Evolved PySR,feynman_test_12,Feynman,0.01,0.0,10.0,Local runs/973699
Evolved PySR,feynman_test_12,Feynman,0.1,0.0,10.0,Local runs/973699
Evolved PySR,feynman_test_13,Feynman,0.0,0.0,10.0,Local runs/973699
Evolved PySR,feynman_test_13,Feynman,0.001,0.0,10.0,Local runs/973699
Evolved PySR,feynman_test_13,Feynman,0.01,0.0,10.0,Local runs/973699
Evolved PySR,feynman_test_13,Feynman,0.1,0.0,10.0,Local runs/973699
Evolved PySR,feynman_test_14,Feynman,0.0,0.0,10.0,Local runs/973699
Evolved PySR,feynman_test_14,Feynman,0.001,0.0,10.0,Local runs/973699
Evolved PySR,feynman_test_14,Feynman,0.01,0.0,10.0,Local runs/973699
Evolved PySR,feynman_test_14,Feynman,0.1,0.0,10.0,Local runs/973699
Evolved PySR,feynman_test_15,Feynman,0.0,0.0,10.0,Local runs/973699
Evolved PySR,feynman_test_15,Feynman,0.001,0.0,10.0,Local runs/973699
Evolved PySR,feynman_test_15,Feynman,0.01,0.0,10.0,Local runs/973699
Evolved PySR,feynman_test_15,Feynman,0.1,0.0,10.0,Local runs/973699
Evolved PySR,feynman_test_16,Feynman,0.0,0.0,10.0,Local runs/973699
Evolved PySR,feynman_test_16,Feynman,0.001,0.0,10.0,Local runs/973699
Evolved PySR,feynman_test_16,Feynman,0.01,0.0,10.0,Local runs/973699
Evolved PySR,feynman_test_16,Feynman,0.1,0.0,10.0,Local runs/973699
Evolved PySR,feynman_test_17,Feynman,0.0,0.6,10.0,Local runs/973699
Evolved PySR,feynman_test_17,Feynman,0.001,0.5,10.0,Local runs/973699
Evolved PySR,feynman_test_17,Feynman,0.01,0.0,10.0,Local runs/973699
Evolved PySR,feynman_test_17,Feynman,0.1,0.0,10.0,Local runs/973699
Evolved PySR,feynman_test_18,Feynman,0.0,0.8,10.0,Local runs/973699
Evolved PySR,feynman_test_18,Feynman,0.001,0.9,10.0,Local runs/973699
Evolved PySR,feynman_test_18,Feynman,0.01,0.5,10.0,Local runs/973699
Evolved PySR,feynman_test_18,Feynman,0.1,0.7,10.0,Local runs/973699
Evolved PySR,feynman_test_19,Feynman,0.0,0.0,10.0,Local runs/973699
Evolved PySR,feynman_test_19,Feynman,0.001,0.0,10.0,Local runs/973699
Evolved PySR,feynman_test_19,Feynman,0.01,0.0,10.0,Local runs/973699
Evolved PySR,feynman_test_19,Feynman,0.1,0.0,10.0,Local runs/973699
Evolved PySR,feynman_test_2,Feynman,0.0,0.0,10.0,Local runs/973699
Evolved PySR,feynman_test_2,Feynman,0.001,0.0,10.0,Local runs/973699
Evolved PySR,feynman_test_2,Feynman,0.01,0.0,10.0,Local runs/973699
Evolved PySR,feynman_test_2,Feynman,0.1,0.0,10.0,Local runs/973699
Evolved PySR,feynman_test_20,Feynman,0.0,0.0,10.0,Local runs/973699
Evolved PySR,feynman_test_20,Feynman,0.001,0.0,10.0,Local runs/973699
Evolved PySR,feynman_test_20,Feynman,0.01,0.0,10.0,Local runs/973699
Evolved PySR,feynman_test_20,Feynman,0.1,0.0,10.0,Local runs/973699
Evolved PySR,feynman_test_3,Feynman,0.0,0.1,10.0,Local runs/973699
Evolved PySR,feynman_test_3,Feynman,0.001,0.0,10.0,Local runs/973699
Evolved PySR,feynman_test_3,Feynman,0.01,0.0,10.0,Local runs/973699
Evolved PySR,feynman_test_3,Feynman,0.1,0.0,10.0,Local runs/973699
Evolved PySR,feynman_test_4,Feynman,0.0,0.0,10.0,Local runs/973699
Evolved PySR,feynman_test_4,Feynman,0.001,0.0,10.0,Local runs/973699
Evolved PySR,feynman_test_4,Feynman,0.01,0.0,10.0,Local runs/973699
Evolved PySR,feynman_test_4,Feynman,0.1,0.0,10.0,Local runs/973699
Evolved PySR,feynman_test_5,Feynman,0.0,0.2,10.0,Local runs/973699
Evolved PySR,feynman_test_5,Feynman,0.001,0.3,10.0,Local runs/973699
Evolved PySR,feynman_test_5,Feynman,0.01,0.1,10.0,Local runs/973699
Evolved PySR,feynman_test_5,Feynman,0.1,0.1,10.0,Local runs/973699
Evolved PySR,feynman_test_6,Feynman,0.0,0.0,10.0,Local runs/973699
Evolved PySR,feynman_test_6,Feynman,0.001,0.0,10.0,Local runs/973699
Evolved PySR,feynman_test_6,Feynman,0.01,0.0,10.0,Local runs/973699
Evolved PySR,feynman_test_6,Feynman,0.1,0.0,10.0,Local runs/973699
Evolved PySR,feynman_test_7,Feynman,0.0,0.0,10.0,Local runs/973699
Evolved PySR,feynman_test_7,Feynman,0.001,0.0,10.0,Local runs/973699
Evolved PySR,feynman_test_7,Feynman,0.01,0.0,10.0,Local runs/973699
Evolved PySR,feynman_test_7,Feynman,0.1,0.0,10.0,Local runs/973699
Evolved PySR,feynman_test_8,Feynman,0.0,0.0,10.0,Local runs/973699
Evolved PySR,feynman_test_8,Feynman,0.001,0.0,10.0,Local runs/973699
Evolved PySR,feynman_test_8,Feynman,0.01,0.0,10.0,Local runs/973699
Evolved PySR,feynman_test_8,Feynman,0.1,0.0,10.0,Local runs/973699
Evolved PySR,feynman_test_9,Feynman,0.0,0.3,10.0,Local runs/973699
Evolved PySR,feynman_test_9,Feynman,0.001,0.2,10.0,Local runs/973699
Evolved PySR,feynman_test_9,Feynman,0.01,0.1,10.0,Local runs/973699
Evolved PySR,feynman_test_9,Feynman,0.1,0.1,10.0,Local runs/973699
Evolved PySR,strogatz_bacres1,Strogatz,0.0,0.1,10.0,Local runs/973699
Evolved PySR,strogatz_bacres1,Strogatz,0.001,0.0,10.0,Local runs/973699
Evolved PySR,strogatz_bacres1,Strogatz,0.01,0.0,10.0,Local runs/973699
Evolved PySR,strogatz_bacres1,Strogatz,0.1,0.0,10.0,Local runs/973699
Evolved PySR,strogatz_bacres2,Strogatz,0.0,0.6,10.0,Local runs/973699
Evolved PySR,strogatz_bacres2,Strogatz,0.001,0.1,10.0,Local runs/973699
Evolved PySR,strogatz_bacres2,Strogatz,0.01,0.0,10.0,Local runs/973699
Evolved PySR,strogatz_bacres2,Strogatz,0.1,0.0,10.0,Local runs/973699
Evolved PySR,strogatz_barmag1,Strogatz,0.0,0.6,10.0,Local runs/973699
Evolved PySR,strogatz_barmag1,Strogatz,0.001,0.4,10.0,Local runs/973699
Evolved PySR,strogatz_barmag1,Strogatz,0.01,0.7,10.0,Local runs/973699
Evolved PySR,strogatz_barmag1,Strogatz,0.1,0.1,10.0,Local runs/973699
Evolved PySR,strogatz_barmag2,Strogatz,0.0,0.7,10.0,Local runs/973699
Evolved PySR,strogatz_barmag2,Strogatz,0.001,0.8,10.0,Local runs/973699
Evolved PySR,strogatz_barmag2,Strogatz,0.01,0.6,10.0,Local runs/973699
Evolved PySR,strogatz_barmag2,Strogatz,0.1,0.2,10.0,Local runs/973699
Evolved PySR,strogatz_glider1,Strogatz,0.0,1.0,10.0,Local runs/973699
Evolved PySR,strogatz_glider1,Strogatz,0.001,1.0,10.0,Local runs/973699
Evolved PySR,strogatz_glider1,Strogatz,0.01,1.0,10.0,Local runs/973699
Evolved PySR,strogatz_glider1,Strogatz,0.1,0.7,10.0,Local runs/973699
Evolved PySR,strogatz_glider2,Strogatz,0.0,1.0,10.0,Local runs/973699
Evolved PySR,strogatz_glider2,Strogatz,0.001,1.0,10.0,Local runs/973699
Evolved PySR,strogatz_glider2,Strogatz,0.01,1.0,10.0,Local runs/973699
Evolved PySR,strogatz_glider2,Strogatz,0.1,1.0,10.0,Local runs/973699
Evolved PySR,strogatz_lv1,Strogatz,0.0,0.7,10.0,Local runs/973699
Evolved PySR,strogatz_lv1,Strogatz,0.001,0.7,10.0,Local runs/973699
Evolved PySR,strogatz_lv1,Strogatz,0.01,0.5,10.0,Local runs/973699
Evolved PySR,strogatz_lv1,Strogatz,0.1,0.0,10.0,Local runs/973699
Evolved PySR,strogatz_lv2,Strogatz,0.0,1.0,10.0,Local runs/973699
Evolved PySR,strogatz_lv2,Strogatz,0.001,1.0,10.0,Local runs/973699
Evolved PySR,strogatz_lv2,Strogatz,0.01,0.8,10.0,Local runs/973699
Evolved PySR,strogatz_lv2,Strogatz,0.1,0.8,10.0,Local runs/973699
Evolved PySR,strogatz_predprey1,Strogatz,0.0,0.0,10.0,Local runs/973699
Evolved PySR,strogatz_predprey1,Strogatz,0.001,0.0,10.0,Local runs/973699
Evolved PySR,strogatz_predprey1,Strogatz,0.01,0.0,10.0,Local runs/973699
Evolved PySR,strogatz_predprey1,Strogatz,0.1,0.0,10.0,Local runs/973699
Evolved PySR,strogatz_predprey2,Strogatz,0.0,0.1,10.0,Local runs/973699
Evolved PySR,strogatz_predprey2,Strogatz,0.001,0.0,10.0,Local runs/973699
Evolved PySR,strogatz_predprey2,Strogatz,0.01,0.0,10.0,Local runs/973699
Evolved PySR,strogatz_predprey2,Strogatz,0.1,0.0,10.0,Local runs/973699
Evolved PySR,strogatz_shearflow1,Strogatz,0.0,0.9,10.0,Local runs/973699
Evolved PySR,strogatz_shearflow1,Strogatz,0.001,1.0,10.0,Local runs/973699
Evolved PySR,strogatz_shearflow1,Strogatz,0.01,0.9,10.0,Local runs/973699
Evolved PySR,strogatz_shearflow1,Strogatz,0.1,1.0,10.0,Local runs/973699
Evolved PySR,strogatz_shearflow2,Strogatz,0.0,1.0,10.0,Local runs/973699
Evolved PySR,strogatz_shearflow2,Strogatz,0.001,0.9,10.0,Local runs/973699
Evolved PySR,strogatz_shearflow2,Strogatz,0.01,1.0,10.0,Local runs/973699
Evolved PySR,strogatz_shearflow2,Strogatz,0.1,0.5,10.0,Local runs/973699
Evolved PySR,strogatz_vdp1,Strogatz,0.0,0.6,10.0,Local runs/973699
Evolved PySR,strogatz_vdp1,Strogatz,0.001,0.8,10.0,Local runs/973699
Evolved PySR,strogatz_vdp1,Strogatz,0.01,0.8,10.0,Local runs/973699
Evolved PySR,strogatz_vdp1,Strogatz,0.1,0.3,10.0,Local runs/973699
Evolved PySR,strogatz_vdp2,Strogatz,0.0,1.0,10.0,Local runs/973699
Evolved PySR,strogatz_vdp2,Strogatz,0.001,1.0,10.0,Local runs/973699
Evolved PySR,strogatz_vdp2,Strogatz,0.01,1.0,10.0,Local runs/973699
Evolved PySR,strogatz_vdp2,Strogatz,0.1,1.0,10.0,Local runs/973699
MDLformer,feynman_III_10_19,Feynman,0.0,0.3,10.0,SR4MDL author release
MDLformer,feynman_III_10_19,Feynman,0.001,0.1,10.0,SR4MDL author release
MDLformer,feynman_III_10_19,Feynman,0.01,0.1,10.0,SR4MDL author release
MDLformer,feynman_III_10_19,Feynman,0.1,0.0,10.0,SR4MDL author release
MDLformer,feynman_III_12_43,Feynman,0.0,1.0,10.0,SR4MDL author release
MDLformer,feynman_III_12_43,Feynman,0.001,1.0,10.0,SR4MDL author release
MDLformer,feynman_III_12_43,Feynman,0.01,1.0,10.0,SR4MDL author release
MDLformer,feynman_III_12_43,Feynman,0.1,1.0,10.0,SR4MDL author release
MDLformer,feynman_III_13_18,Feynman,0.0,0.6,10.0,SR4MDL author release
MDLformer,feynman_III_13_18,Feynman,0.001,0.3,10.0,SR4MDL author release
MDLformer,feynman_III_13_18,Feynman,0.01,0.1,10.0,SR4MDL author release
MDLformer,feynman_III_13_18,Feynman,0.1,0.2,10.0,SR4MDL author release
MDLformer,feynman_III_14_14,Feynman,0.0,0.2,10.0,SR4MDL author release
MDLformer,feynman_III_14_14,Feynman,0.001,0.2,10.0,SR4MDL author release
MDLformer,feynman_III_14_14,Feynman,0.01,0.0,10.0,SR4MDL author release
MDLformer,feynman_III_14_14,Feynman,0.1,0.1,10.0,SR4MDL author release
MDLformer,feynman_III_15_12,Feynman,0.0,0.7,10.0,SR4MDL author release
MDLformer,feynman_III_15_12,Feynman,0.001,0.7,10.0,SR4MDL author release
MDLformer,feynman_III_15_12,Feynman,0.01,0.9,10.0,SR4MDL author release
MDLformer,feynman_III_15_12,Feynman,0.1,1.0,10.0,SR4MDL author release
MDLformer,feynman_III_15_14,Feynman,0.0,0.6,10.0,SR4MDL author release
MDLformer,feynman_III_15_14,Feynman,0.001,0.5,10.0,SR4MDL author release
MDLformer,feynman_III_15_14,Feynman,0.01,0.5,10.0,SR4MDL author release
MDLformer,feynman_III_15_14,Feynman,0.1,0.6,10.0,SR4MDL author release
MDLformer,feynman_III_15_27,Feynman,0.0,1.0,10.0,SR4MDL author release
MDLformer,feynman_III_15_27,Feynman,0.001,0.9,10.0,SR4MDL author release
MDLformer,feynman_III_15_27,Feynman,0.01,0.9,10.0,SR4MDL author release
MDLformer,feynman_III_15_27,Feynman,0.1,1.0,10.0,SR4MDL author release
MDLformer,feynman_III_17_37,Feynman,0.0,1.0,10.0,SR4MDL author release
MDLformer,feynman_III_17_37,Feynman,0.001,1.0,10.0,SR4MDL author release
MDLformer,feynman_III_17_37,Feynman,0.01,1.0,10.0,SR4MDL author release
MDLformer,feynman_III_17_37,Feynman,0.1,0.9,10.0,SR4MDL author release
MDLformer,feynman_III_19_51,Feynman,0.0,0.0,10.0,SR4MDL author release
MDLformer,feynman_III_19_51,Feynman,0.001,0.3,10.0,SR4MDL author release
MDLformer,feynman_III_19_51,Feynman,0.01,0.1,10.0,SR4MDL author release
MDLformer,feynman_III_19_51,Feynman,0.1,0.0,10.0,SR4MDL author release
MDLformer,feynman_III_21_20,Feynman,0.0,0.6,10.0,SR4MDL author release
MDLformer,feynman_III_21_20,Feynman,0.001,1.0,10.0,SR4MDL author release
MDLformer,feynman_III_21_20,Feynman,0.01,0.8,10.0,SR4MDL author release
MDLformer,feynman_III_21_20,Feynman,0.1,1.0,10.0,SR4MDL author release
MDLformer,feynman_III_4_32,Feynman,0.0,0.2,10.0,SR4MDL author release
MDLformer,feynman_III_4_32,Feynman,0.001,0.2,10.0,SR4MDL author release
MDLformer,feynman_III_4_32,Feynman,0.01,0.2,10.0,SR4MDL author release
MDLformer,feynman_III_4_32,Feynman,0.1,0.0,10.0,SR4MDL author release
MDLformer,feynman_III_4_33,Feynman,0.0,0.0,10.0,SR4MDL author release
MDLformer,feynman_III_4_33,Feynman,0.001,0.0,10.0,SR4MDL author release
MDLformer,feynman_III_4_33,Feynman,0.01,0.0,10.0,SR4MDL author release
MDLformer,feynman_III_4_33,Feynman,0.1,0.0,10.0,SR4MDL author release
MDLformer,feynman_III_7_38,Feynman,0.0,1.0,10.0,SR4MDL author release
MDLformer,feynman_III_7_38,Feynman,0.001,0.8,10.0,SR4MDL author release
MDLformer,feynman_III_7_38,Feynman,0.01,0.7,10.0,SR4MDL author release
MDLformer,feynman_III_7_38,Feynman,0.1,1.0,10.0,SR4MDL author release
MDLformer,feynman_III_8_54,Feynman,0.0,0.4,10.0,SR4MDL author release
MDLformer,feynman_III_8_54,Feynman,0.001,0.2,10.0,SR4MDL author release
MDLformer,feynman_III_8_54,Feynman,0.01,0.0,9.0,SR4MDL author release
MDLformer,feynman_III_8_54,Feynman,0.1,0.0,8.0,SR4MDL author release
MDLformer,feynman_III_9_52,Feynman,0.0,0.0,10.0,SR4MDL author release
MDLformer,feynman_III_9_52,Feynman,0.001,0.0,10.0,SR4MDL author release
MDLformer,feynman_III_9_52,Feynman,0.01,0.0,10.0,SR4MDL author release
MDLformer,feynman_III_9_52,Feynman,0.1,0.2,10.0,SR4MDL author release
MDLformer,feynman_II_10_9,Feynman,0.0,0.1,10.0,SR4MDL author release
MDLformer,feynman_II_10_9,Feynman,0.001,0.2,10.0,SR4MDL author release
MDLformer,feynman_II_10_9,Feynman,0.01,0.1,10.0,SR4MDL author release
MDLformer,feynman_II_10_9,Feynman,0.1,0.0,10.0,SR4MDL author release
MDLformer,feynman_II_11_20,Feynman,0.0,0.5,10.0,SR4MDL author release
MDLformer,feynman_II_11_20,Feynman,0.001,0.2,10.0,SR4MDL author release
MDLformer,feynman_II_11_20,Feynman,0.01,0.4,10.0,SR4MDL author release
MDLformer,feynman_II_11_20,Feynman,0.1,0.2,10.0,SR4MDL author release
MDLformer,feynman_II_11_27,Feynman,0.0,0.4,10.0,SR4MDL author release
MDLformer,feynman_II_11_27,Feynman,0.001,0.5,10.0,SR4MDL author release
MDLformer,feynman_II_11_27,Feynman,0.01,0.2,10.0,SR4MDL author release
MDLformer,feynman_II_11_27,Feynman,0.1,0.0,10.0,SR4MDL author release
MDLformer,feynman_II_11_28,Feynman,0.0,0.0,10.0,SR4MDL author release
MDLformer,feynman_II_11_28,Feynman,0.001,0.1,10.0,SR4MDL author release
MDLformer,feynman_II_11_28,Feynman,0.01,0.0,10.0,SR4MDL author release
MDLformer,feynman_II_11_28,Feynman,0.1,0.0,10.0,SR4MDL author release
MDLformer,feynman_II_11_3,Feynman,0.0,0.2,10.0,SR4MDL author release
MDLformer,feynman_II_11_3,Feynman,0.001,0.2,10.0,SR4MDL author release
MDLformer,feynman_II_11_3,Feynman,0.01,0.2,10.0,SR4MDL author release
MDLformer,feynman_II_11_3,Feynman,0.1,0.0,10.0,SR4MDL author release
MDLformer,feynman_II_13_17,Feynman,0.0,0.4,10.0,SR4MDL author release
MDLformer,feynman_II_13_17,Feynman,0.001,0.4,10.0,SR4MDL author release
MDLformer,feynman_II_13_17,Feynman,0.01,0.4444444444444444,9.0,SR4MDL author release
MDLformer,feynman_II_13_17,Feynman,0.1,0.1,10.0,SR4MDL author release
MDLformer,feynman_II_13_23,Feynman,0.0,0.4,10.0,SR4MDL author release
MDLformer,feynman_II_13_23,Feynman,0.001,0.5,10.0,SR4MDL author release
MDLformer,feynman_II_13_23,Feynman,0.01,0.4,10.0,SR4MDL author release
MDLformer,feynman_II_13_23,Feynman,0.1,0.0,10.0,SR4MDL author release
MDLformer,feynman_II_13_34,Feynman,0.0,0.4,10.0,SR4MDL author release
MDLformer,feynman_II_13_34,Feynman,0.001,0.4,10.0,SR4MDL author release
MDLformer,feynman_II_13_34,Feynman,0.01,0.5,10.0,SR4MDL author release
MDLformer,feynman_II_13_34,Feynman,0.1,0.1,10.0,SR4MDL author release
MDLformer,feynman_II_15_4,Feynman,0.0,0.5,10.0,SR4MDL author release
MDLformer,feynman_II_15_4,Feynman,0.001,0.7,10.0,SR4MDL author release
MDLformer,feynman_II_15_4,Feynman,0.01,0.8,10.0,SR4MDL author release
MDLformer,feynman_II_15_4,Feynman,0.1,0.9,10.0,SR4MDL author release
MDLformer,feynman_II_15_5,Feynman,0.0,0.6,10.0,SR4MDL author release
MDLformer,feynman_II_15_5,Feynman,0.001,1.0,10.0,SR4MDL author release
MDLformer,feynman_II_15_5,Feynman,0.01,1.0,10.0,SR4MDL author release
MDLformer,feynman_II_15_5,Feynman,0.1,1.0,10.0,SR4MDL author release
MDLformer,feynman_II_21_32,Feynman,0.0,0.4,10.0,SR4MDL author release
MDLformer,feynman_II_21_32,Feynman,0.001,0.3,10.0,SR4MDL author release
MDLformer,feynman_II_21_32,Feynman,0.01,0.2,10.0,SR4MDL author release
MDLformer,feynman_II_21_32,Feynman,0.1,0.1,10.0,SR4MDL author release
MDLformer,feynman_II_24_17,Feynman,0.0,0.7,10.0,SR4MDL author release
MDLformer,feynman_II_24_17,Feynman,0.001,0.3,10.0,SR4MDL author release
MDLformer,feynman_II_24_17,Feynman,0.01,0.6,10.0,SR4MDL author release
MDLformer,feynman_II_24_17,Feynman,0.1,0.3333333333333333,9.0,SR4MDL author release
MDLformer,feynman_II_27_16,Feynman,0.0,1.0,10.0,SR4MDL author release
MDLformer,feynman_II_27_16,Feynman,0.001,0.9,10.0,SR4MDL author release
MDLformer,feynman_II_27_16,Feynman,0.01,0.9,10.0,SR4MDL author release
MDLformer,feynman_II_27_16,Feynman,0.1,1.0,10.0,SR4MDL author release
MDLformer,feynman_II_27_18,Feynman,0.0,1.0,10.0,SR4MDL author release
MDLformer,feynman_II_27_18,Feynman,0.001,1.0,10.0,SR4MDL author release
MDLformer,feynman_II_27_18,Feynman,0.01,0.8,10.0,SR4MDL author release
MDLformer,feynman_II_27_18,Feynman,0.1,0.9,10.0,SR4MDL author release
MDLformer,feynman_II_2_42,Feynman,0.0,0.1,10.0,SR4MDL author release
MDLformer,feynman_II_2_42,Feynman,0.001,0.4,10.0,SR4MDL author release
MDLformer,feynman_II_2_42,Feynman,0.01,0.2,10.0,SR4MDL author release
MDLformer,feynman_II_2_42,Feynman,0.1,0.1,10.0,SR4MDL author release
MDLformer,feynman_II_34_11,Feynman,0.0,1.0,10.0,SR4MDL author release
MDLformer,feynman_II_34_11,Feynman,0.001,0.9,10.0,SR4MDL author release
MDLformer,feynman_II_34_11,Feynman,0.01,0.7,10.0,SR4MDL author release
MDLformer,feynman_II_34_11,Feynman,0.1,1.0,10.0,SR4MDL author release
MDLformer,feynman_II_34_2,Feynman,0.0,1.0,10.0,SR4MDL author release
MDLformer,feynman_II_34_2,Feynman,0.001,1.0,10.0,SR4MDL author release
MDLformer,feynman_II_34_2,Feynman,0.01,0.7,10.0,SR4MDL author release
MDLformer,feynman_II_34_2,Feynman,0.1,1.0,10.0,SR4MDL author release
MDLformer,feynman_II_34_29a,Feynman,0.0,1.0,10.0,SR4MDL author release
MDLformer,feynman_II_34_29a,Feynman,0.001,0.7,10.0,SR4MDL author release
MDLformer,feynman_II_34_29a,Feynman,0.01,0.7,10.0,SR4MDL author release
MDLformer,feynman_II_34_29a,Feynman,0.1,1.0,10.0,SR4MDL author release
MDLformer,feynman_II_34_29b,Feynman,0.0,0.5,10.0,SR4MDL author release
MDLformer,feynman_II_34_29b,Feynman,0.001,0.5,10.0,SR4MDL author release
MDLformer,feynman_II_34_29b,Feynman,0.01,0.4,10.0,SR4MDL author release
MDLformer,feynman_II_34_29b,Feynman,0.1,0.2,10.0,SR4MDL author release
MDLformer,feynman_II_34_2a,Feynman,0.0,1.0,10.0,SR4MDL author release
MDLformer,feynman_II_34_2a,Feynman,0.001,1.0,10.0,SR4MDL author release
MDLformer,feynman_II_34_2a,Feynman,0.01,1.0,10.0,SR4MDL author release
MDLformer,feynman_II_34_2a,Feynman,0.1,1.0,10.0,SR4MDL author release
MDLformer,feynman_II_35_18,Feynman,0.0,0.3,10.0,SR4MDL author release
MDLformer,feynman_II_35_18,Feynman,0.001,0.3,10.0,SR4MDL author release
MDLformer,feynman_II_35_18,Feynman,0.01,0.3,10.0,SR4MDL author release
MDLformer,feynman_II_35_18,Feynman,0.1,0.0,10.0,SR4MDL author release
MDLformer,feynman_II_35_21,Feynman,0.0,0.4,10.0,SR4MDL author release
MDLformer,feynman_II_35_21,Feynman,0.001,0.5,10.0,SR4MDL author release
MDLformer,feynman_II_35_21,Feynman,0.01,0.4,10.0,SR4MDL author release
MDLformer,feynman_II_35_21,Feynman,0.1,0.0,10.0,SR4MDL author release
MDLformer,feynman_II_36_38,Feynman,0.0,0.2,10.0,SR4MDL author release
MDLformer,feynman_II_36_38,Feynman,0.001,0.3,10.0,SR4MDL author release
MDLformer,feynman_II_36_38,Feynman,0.01,0.3,10.0,SR4MDL author release
MDLformer,feynman_II_36_38,Feynman,0.1,0.1,10.0,SR4MDL author release
MDLformer,feynman_II_37_1,Feynman,0.0,0.3,10.0,SR4MDL author release
MDLformer,feynman_II_37_1,Feynman,0.001,0.6,10.0,SR4MDL author release
MDLformer,feynman_II_37_1,Feynman,0.01,0.3,10.0,SR4MDL author release
MDLformer,feynman_II_37_1,Feynman,0.1,0.3,10.0,SR4MDL author release
MDLformer,feynman_II_38_14,Feynman,0.0,0.2,10.0,SR4MDL author release
MDLformer,feynman_II_38_14,Feynman,0.001,0.2,10.0,SR4MDL author release
MDLformer,feynman_II_38_14,Feynman,0.01,0.4,10.0,SR4MDL author release
MDLformer,feynman_II_38_14,Feynman,0.1,0.1,10.0,SR4MDL author release
MDLformer,feynman_II_38_3,Feynman,0.0,1.0,10.0,SR4MDL author release
MDLformer,feynman_II_38_3,Feynman,0.001,1.0,10.0,SR4MDL author release
MDLformer,feynman_II_38_3,Feynman,0.01,1.0,10.0,SR4MDL author release
MDLformer,feynman_II_38_3,Feynman,0.1,1.0,10.0,SR4MDL author release
MDLformer,feynman_II_3_24,Feynman,0.0,1.0,10.0,SR4MDL author release
MDLformer,feynman_II_3_24,Feynman,0.001,0.7,10.0,SR4MDL author release
MDLformer,feynman_II_3_24,Feynman,0.01,0.9,10.0,SR4MDL author release
MDLformer,feynman_II_3_24,Feynman,0.1,1.0,10.0,SR4MDL author release
MDLformer,feynman_II_4_23,Feynman,0.0,1.0,10.0,SR4MDL author release
MDLformer,feynman_II_4_23,Feynman,0.001,1.0,10.0,SR4MDL author release
MDLformer,feynman_II_4_23,Feynman,0.01,0.7,10.0,SR4MDL author release
MDLformer,feynman_II_4_23,Feynman,0.1,1.0,10.0,SR4MDL author release
MDLformer,feynman_II_6_11,Feynman,0.0,0.3,10.0,SR4MDL author release
MDLformer,feynman_II_6_11,Feynman,0.001,0.2,10.0,SR4MDL author release
MDLformer,feynman_II_6_11,Feynman,0.01,0.3,10.0,SR4MDL author release
MDLformer,feynman_II_6_11,Feynman,0.1,0.0,10.0,SR4MDL author release
MDLformer,feynman_II_6_15a,Feynman,0.0,0.1,10.0,SR4MDL author release
MDLformer,feynman_II_6_15a,Feynman,0.001,0.2,10.0,SR4MDL author release
MDLformer,feynman_II_6_15a,Feynman,0.01,0.3,10.0,SR4MDL author release
MDLformer,feynman_II_6_15a,Feynman,0.1,0.0,10.0,SR4MDL author release
MDLformer,feynman_II_6_15b,Feynman,0.0,0.2,10.0,SR4MDL author release
MDLformer,feynman_II_6_15b,Feynman,0.001,0.5,10.0,SR4MDL author release
MDLformer,feynman_II_6_15b,Feynman,0.01,0.5,10.0,SR4MDL author release
MDLformer,feynman_II_6_15b,Feynman,0.1,0.1,10.0,SR4MDL author release
MDLformer,feynman_II_8_31,Feynman,0.0,1.0,10.0,SR4MDL author release
MDLformer,feynman_II_8_31,Feynman,0.001,0.9,10.0,SR4MDL author release
MDLformer,feynman_II_8_31,Feynman,0.01,0.9,10.0,SR4MDL author release
MDLformer,feynman_II_8_31,Feynman,0.1,0.9,10.0,SR4MDL author release
MDLformer,feynman_II_8_7,Feynman,0.0,1.0,10.0,SR4MDL author release
MDLformer,feynman_II_8_7,Feynman,0.001,0.9,10.0,SR4MDL author release
MDLformer,feynman_II_8_7,Feynman,0.01,0.8,10.0,SR4MDL author release
MDLformer,feynman_II_8_7,Feynman,0.1,1.0,10.0,SR4MDL author release
MDLformer,feynman_I_10_7,Feynman,0.0,0.4,10.0,SR4MDL author release
MDLformer,feynman_I_10_7,Feynman,0.001,0.4,10.0,SR4MDL author release
MDLformer,feynman_I_10_7,Feynman,0.01,0.3,10.0,SR4MDL author release
MDLformer,feynman_I_10_7,Feynman,0.1,0.0,10.0,SR4MDL author release
MDLformer,feynman_I_11_19,Feynman,0.0,0.5,10.0,SR4MDL author release
MDLformer,feynman_I_11_19,Feynman,0.001,0.4,10.0,SR4MDL author release
MDLformer,feynman_I_11_19,Feynman,0.01,0.4,10.0,SR4MDL author release
MDLformer,feynman_I_11_19,Feynman,0.1,0.1,10.0,SR4MDL author release
MDLformer,feynman_I_12_1,Feynman,0.0,1.0,10.0,SR4MDL author release
MDLformer,feynman_I_12_1,Feynman,0.001,1.0,10.0,SR4MDL author release
MDLformer,feynman_I_12_1,Feynman,0.01,1.0,10.0,SR4MDL author release
MDLformer,feynman_I_12_1,Feynman,0.1,1.0,10.0,SR4MDL author release
MDLformer,feynman_I_12_11,Feynman,0.0,0.0,10.0,SR4MDL author release
MDLformer,feynman_I_12_11,Feynman,0.001,0.0,10.0,SR4MDL author release
MDLformer,feynman_I_12_11,Feynman,0.01,0.0,10.0,SR4MDL author release
MDLformer,feynman_I_12_11,Feynman,0.1,0.0,10.0,SR4MDL author release
MDLformer,feynman_I_12_2,Feynman,0.0,0.6,10.0,SR4MDL author release
MDLformer,feynman_I_12_2,Feynman,0.001,0.3,10.0,SR4MDL author release
MDLformer,feynman_I_12_2,Feynman,0.01,0.3,10.0,SR4MDL author release
MDLformer,feynman_I_12_2,Feynman,0.1,0.2,10.0,SR4MDL author release
MDLformer,feynman_I_12_4,Feynman,0.0,0.8,10.0,SR4MDL author release
MDLformer,feynman_I_12_4,Feynman,0.001,0.7,10.0,SR4MDL author release
MDLformer,feynman_I_12_4,Feynman,0.01,0.5,10.0,SR4MDL author release
MDLformer,feynman_I_12_4,Feynman,0.1,0.9,10.0,SR4MDL author release
MDLformer,feynman_I_12_5,Feynman,0.0,1.0,10.0,SR4MDL author release
MDLformer,feynman_I_12_5,Feynman,0.001,0.9,10.0,SR4MDL author release
MDLformer,feynman_I_12_5,Feynman,0.01,1.0,10.0,SR4MDL author release
MDLformer,feynman_I_12_5,Feynman,0.1,1.0,10.0,SR4MDL author release
MDLformer,feynman_I_13_12,Feynman,0.0,0.2,10.0,SR4MDL author release
MDLformer,feynman_I_13_12,Feynman,0.001,0.4,10.0,SR4MDL author release
MDLformer,feynman_I_13_12,Feynman,0.01,0.3,10.0,SR4MDL author release
MDLformer,feynman_I_13_12,Feynman,0.1,0.0,10.0,SR4MDL author release
MDLformer,feynman_I_13_4,Feynman,0.0,0.3,10.0,SR4MDL author release
MDLformer,feynman_I_13_4,Feynman,0.001,0.3,10.0,SR4MDL author release
MDLformer,feynman_I_13_4,Feynman,0.01,0.3,10.0,SR4MDL author release
MDLformer,feynman_I_13_4,Feynman,0.1,0.0,10.0,SR4MDL author release
MDLformer,feynman_I_14_3,Feynman,0.0,1.0,10.0,SR4MDL author release
MDLformer,feynman_I_14_3,Feynman,0.001,0.9,10.0,SR4MDL author release
MDLformer,feynman_I_14_3,Feynman,0.01,0.9,10.0,SR4MDL author release
MDLformer,feynman_I_14_3,Feynman,0.1,1.0,10.0,SR4MDL author release
MDLformer,feynman_I_14_4,Feynman,0.0,1.0,10.0,SR4MDL author release
MDLformer,feynman_I_14_4,Feynman,0.001,1.0,10.0,SR4MDL author release
MDLformer,feynman_I_14_4,Feynman,0.01,1.0,10.0,SR4MDL author release
MDLformer,feynman_I_14_4,Feynman,0.1,0.9,10.0,SR4MDL author release
MDLformer,feynman_I_15_10,Feynman,0.0,0.4,10.0,SR4MDL author release
MDLformer,feynman_I_15_10,Feynman,0.001,0.4,10.0,SR4MDL author release
MDLformer,feynman_I_15_10,Feynman,0.01,0.4,10.0,SR4MDL author release
MDLformer,feynman_I_15_10,Feynman,0.1,0.0,10.0,SR4MDL author release
MDLformer,feynman_I_15_3t,Feynman,0.0,0.0,10.0,SR4MDL author release
MDLformer,feynman_I_15_3t,Feynman,0.001,0.0,10.0,SR4MDL author release
MDLformer,feynman_I_15_3t,Feynman,0.01,0.0,10.0,SR4MDL author release
MDLformer,feynman_I_15_3t,Feynman,0.1,0.0,10.0,SR4MDL author release
MDLformer,feynman_I_15_3x,Feynman,0.0,0.0,10.0,SR4MDL author release
MDLformer,feynman_I_15_3x,Feynman,0.001,0.0,10.0,SR4MDL author release
MDLformer,feynman_I_15_3x,Feynman,0.01,0.0,10.0,SR4MDL author release
MDLformer,feynman_I_15_3x,Feynman,0.1,0.0,10.0,SR4MDL author release
MDLformer,feynman_I_16_6,Feynman,0.0,0.1,10.0,SR4MDL author release
MDLformer,feynman_I_16_6,Feynman,0.001,0.2,10.0,SR4MDL author release
MDLformer,feynman_I_16_6,Feynman,0.01,0.1,10.0,SR4MDL author release
MDLformer,feynman_I_16_6,Feynman,0.1,0.1,10.0,SR4MDL author release
MDLformer,feynman_I_18_12,Feynman,0.0,1.0,10.0,SR4MDL author release
MDLformer,feynman_I_18_12,Feynman,0.001,0.8,10.0,SR4MDL author release
MDLformer,feynman_I_18_12,Feynman,0.01,0.8,10.0,SR4MDL author release
MDLformer,feynman_I_18_12,Feynman,0.1,1.0,10.0,SR4MDL author release
MDLformer,feynman_I_18_14,Feynman,0.0,0.1,10.0,SR4MDL author release
MDLformer,feynman_I_18_14,Feynman,0.001,0.5,10.0,SR4MDL author release
MDLformer,feynman_I_18_14,Feynman,0.01,0.2,10.0,SR4MDL author release
MDLformer,feynman_I_18_14,Feynman,0.1,0.0,10.0,SR4MDL author release
MDLformer,feynman_I_18_4,Feynman,0.0,0.0,10.0,SR4MDL author release
MDLformer,feynman_I_18_4,Feynman,0.001,0.0,10.0,SR4MDL author release
MDLformer,feynman_I_18_4,Feynman,0.01,0.0,10.0,SR4MDL author release
MDLformer,feynman_I_18_4,Feynman,0.1,0.1,10.0,SR4MDL author release
MDLformer,feynman_I_24_6,Feynman,0.0,0.1,10.0,SR4MDL author release
MDLformer,feynman_I_24_6,Feynman,0.001,0.2,10.0,SR4MDL author release
MDLformer,feynman_I_24_6,Feynman,0.01,0.2,10.0,SR4MDL author release
MDLformer,feynman_I_24_6,Feynman,0.1,0.0,10.0,SR4MDL author release
MDLformer,feynman_I_25_13,Feynman,0.0,1.0,10.0,SR4MDL author release
MDLformer,feynman_I_25_13,Feynman,0.001,1.0,10.0,SR4MDL author release
MDLformer,feynman_I_25_13,Feynman,0.01,0.9,10.0,SR4MDL author release
MDLformer,feynman_I_25_13,Feynman,0.1,1.0,10.0,SR4MDL author release
MDLformer,feynman_I_26_2,Feynman,0.0,0.0,10.0,SR4MDL author release
MDLformer,feynman_I_26_2,Feynman,0.001,0.1,10.0,SR4MDL author release
MDLformer,feynman_I_26_2,Feynman,0.01,0.0,10.0,SR4MDL author release
MDLformer,feynman_I_26_2,Feynman,0.1,0.0,10.0,SR4MDL author release
MDLformer,feynman_I_27_6,Feynman,0.0,0.5,10.0,SR4MDL author release
MDLformer,feynman_I_27_6,Feynman,0.001,0.6,10.0,SR4MDL author release
MDLformer,feynman_I_27_6,Feynman,0.01,0.4,10.0,SR4MDL author release
MDLformer,feynman_I_27_6,Feynman,0.1,0.0,10.0,SR4MDL author release
MDLformer,feynman_I_29_16,Feynman,0.0,0.0,10.0,SR4MDL author release
MDLformer,feynman_I_29_16,Feynman,0.001,0.0,10.0,SR4MDL author release
MDLformer,feynman_I_29_16,Feynman,0.01,0.0,10.0,SR4MDL author release
MDLformer,feynman_I_29_16,Feynman,0.1,0.0,10.0,SR4MDL author release
MDLformer,feynman_I_29_4,Feynman,0.0,1.0,10.0,SR4MDL author release
MDLformer,feynman_I_29_4,Feynman,0.001,1.0,10.0,SR4MDL author release
MDLformer,feynman_I_29_4,Feynman,0.01,1.0,10.0,SR4MDL author release
MDLformer,feynman_I_29_4,Feynman,0.1,1.0,10.0,SR4MDL author release
MDLformer,feynman_I_30_3,Feynman,0.0,0.2,10.0,SR4MDL author release
MDLformer,feynman_I_30_3,Feynman,0.001,0.3,10.0,SR4MDL author release
MDLformer,feynman_I_30_3,Feynman,0.01,0.1,10.0,SR4MDL author release
MDLformer,feynman_I_30_3,Feynman,0.1,0.0,10.0,SR4MDL author release
MDLformer,feynman_I_30_5,Feynman,0.0,0.1,10.0,SR4MDL author release
MDLformer,feynman_I_30_5,Feynman,0.001,0.1,10.0,SR4MDL author release
MDLformer,feynman_I_30_5,Feynman,0.01,0.1,10.0,SR4MDL author release
MDLformer,feynman_I_30_5,Feynman,0.1,0.0,10.0,SR4MDL author release
MDLformer,feynman_I_32_17,Feynman,0.0,0.2,10.0,SR4MDL author release
MDLformer,feynman_I_32_17,Feynman,0.001,0.4,10.0,SR4MDL author release
MDLformer,feynman_I_32_17,Feynman,0.01,0.3,10.0,SR4MDL author release
MDLformer,feynman_I_32_17,Feynman,0.1,0.0,10.0,SR4MDL author release
MDLformer,feynman_I_32_5,Feynman,0.0,0.1,10.0,SR4MDL author release
MDLformer,feynman_I_32_5,Feynman,0.001,0.1111111111111111,9.0,SR4MDL author release
MDLformer,feynman_I_32_5,Feynman,0.01,0.0,10.0,SR4MDL author release
MDLformer,feynman_I_32_5,Feynman,0.1,0.0,10.0,SR4MDL author release
MDLformer,feynman_I_34_1,Feynman,0.0,0.3,10.0,SR4MDL author release
MDLformer,feynman_I_34_1,Feynman,0.001,0.7,10.0,SR4MDL author release
MDLformer,feynman_I_34_1,Feynman,0.01,0.6,10.0,SR4MDL author release
MDLformer,feynman_I_34_1,Feynman,0.1,0.0,10.0,SR4MDL author release
MDLformer,feynman_I_34_14,Feynman,0.0,0.4,10.0,SR4MDL author release
MDLformer,feynman_I_34_14,Feynman,0.001,0.2,10.0,SR4MDL author release
MDLformer,feynman_I_34_14,Feynman,0.01,0.1,10.0,SR4MDL author release
MDLformer,feynman_I_34_14,Feynman,0.1,0.0,10.0,SR4MDL author release
MDLformer,feynman_I_34_27,Feynman,0.0,1.0,10.0,SR4MDL author release
MDLformer,feynman_I_34_27,Feynman,0.001,1.0,10.0,SR4MDL author release
MDLformer,feynman_I_34_27,Feynman,0.01,1.0,10.0,SR4MDL author release
MDLformer,feynman_I_34_27,Feynman,0.1,1.0,10.0,SR4MDL author release
MDLformer,feynman_I_34_8,Feynman,0.0,1.0,10.0,SR4MDL author release
MDLformer,feynman_I_34_8,Feynman,0.001,0.8,10.0,SR4MDL author release
MDLformer,feynman_I_34_8,Feynman,0.01,0.8,10.0,SR4MDL author release
MDLformer,feynman_I_34_8,Feynman,0.1,1.0,10.0,SR4MDL author release
MDLformer,feynman_I_37_4,Feynman,0.0,0.0,10.0,SR4MDL author release
MDLformer,feynman_I_37_4,Feynman,0.001,0.0,10.0,SR4MDL author release
MDLformer,feynman_I_37_4,Feynman,0.01,0.0,10.0,SR4MDL author release
MDLformer,feynman_I_37_4,Feynman,0.1,0.0,10.0,SR4MDL author release
MDLformer,feynman_I_38_12,Feynman,0.0,0.4,10.0,SR4MDL author release
MDLformer,feynman_I_38_12,Feynman,0.001,0.1,10.0,SR4MDL author release
MDLformer,feynman_I_38_12,Feynman,0.01,0.0,10.0,SR4MDL author release
MDLformer,feynman_I_38_12,Feynman,0.1,0.0,10.0,SR4MDL author release
MDLformer,feynman_I_39_1,Feynman,0.0,1.0,10.0,SR4MDL author release
MDLformer,feynman_I_39_1,Feynman,0.001,0.9,10.0,SR4MDL author release
MDLformer,feynman_I_39_1,Feynman,0.01,1.0,10.0,SR4MDL author release
MDLformer,feynman_I_39_1,Feynman,0.1,1.0,10.0,SR4MDL author release
MDLformer,feynman_I_39_11,Feynman,0.0,0.2,10.0,SR4MDL author release
MDLformer,feynman_I_39_11,Feynman,0.001,0.2,10.0,SR4MDL author release
MDLformer,feynman_I_39_11,Feynman,0.01,0.1,10.0,SR4MDL author release
MDLformer,feynman_I_39_11,Feynman,0.1,0.0,10.0,SR4MDL author release
MDLformer,feynman_I_39_22,Feynman,0.0,1.0,10.0,SR4MDL author release
MDLformer,feynman_I_39_22,Feynman,0.001,0.9,10.0,SR4MDL author release
MDLformer,feynman_I_39_22,Feynman,0.01,0.7,10.0,SR4MDL author release
MDLformer,feynman_I_39_22,Feynman,0.1,1.0,10.0,SR4MDL author release
MDLformer,feynman_I_40_1,Feynman,0.0,0.4,10.0,SR4MDL author release
MDLformer,feynman_I_40_1,Feynman,0.001,0.4444444444444444,9.0,SR4MDL author release
MDLformer,feynman_I_40_1,Feynman,0.01,0.2,10.0,SR4MDL author release
MDLformer,feynman_I_40_1,Feynman,0.1,0.0,10.0,SR4MDL author release
MDLformer,feynman_I_41_16,Feynman,0.0,0.2,10.0,SR4MDL author release
MDLformer,feynman_I_41_16,Feynman,0.001,0.1,10.0,SR4MDL author release
MDLformer,feynman_I_41_16,Feynman,0.01,0.4,10.0,SR4MDL author release
MDLformer,feynman_I_41_16,Feynman,0.1,0.0,10.0,SR4MDL author release
MDLformer,feynman_I_43_16,Feynman,0.0,1.0,10.0,SR4MDL author release
MDLformer,feynman_I_43_16,Feynman,0.001,1.0,10.0,SR4MDL author release
MDLformer,feynman_I_43_16,Feynman,0.01,0.8,10.0,SR4MDL author release
MDLformer,feynman_I_43_16,Feynman,0.1,1.0,10.0,SR4MDL author release
MDLformer,feynman_I_43_31,Feynman,0.0,1.0,10.0,SR4MDL author release
MDLformer,feynman_I_43_31,Feynman,0.001,1.0,10.0,SR4MDL author release
MDLformer,feynman_I_43_31,Feynman,0.01,0.9,10.0,SR4MDL author release
MDLformer,feynman_I_43_31,Feynman,0.1,1.0,10.0,SR4MDL author release
MDLformer,feynman_I_43_43,Feynman,0.0,0.5,10.0,SR4MDL author release
MDLformer,feynman_I_43_43,Feynman,0.001,0.3,10.0,SR4MDL author release
MDLformer,feynman_I_43_43,Feynman,0.01,0.2,10.0,SR4MDL author release
MDLformer,feynman_I_43_43,Feynman,0.1,0.0,10.0,SR4MDL author release
MDLformer,feynman_I_44_4,Feynman,0.0,0.2,10.0,SR4MDL author release
MDLformer,feynman_I_44_4,Feynman,0.001,0.4,10.0,SR4MDL author release
MDLformer,feynman_I_44_4,Feynman,0.01,0.3,10.0,SR4MDL author release
MDLformer,feynman_I_44_4,Feynman,0.1,0.0,10.0,SR4MDL author release
MDLformer,feynman_I_47_23,Feynman,0.0,0.2,10.0,SR4MDL author release
MDLformer,feynman_I_47_23,Feynman,0.001,0.2,10.0,SR4MDL author release
MDLformer,feynman_I_47_23,Feynman,0.01,0.2,10.0,SR4MDL author release
MDLformer,feynman_I_47_23,Feynman,0.1,0.0,10.0,SR4MDL author release
MDLformer,feynman_I_48_2,Feynman,0.0,0.2,10.0,SR4MDL author release
MDLformer,feynman_I_48_2,Feynman,0.001,0.2,10.0,SR4MDL author release
MDLformer,feynman_I_48_2,Feynman,0.01,0.2,10.0,SR4MDL author release
MDLformer,feynman_I_48_2,Feynman,0.1,0.0,10.0,SR4MDL author release
MDLformer,feynman_I_50_26,Feynman,0.0,0.0,10.0,SR4MDL author release
MDLformer,feynman_I_50_26,Feynman,0.001,0.0,10.0,SR4MDL author release
MDLformer,feynman_I_50_26,Feynman,0.01,0.0,10.0,SR4MDL author release
MDLformer,feynman_I_50_26,Feynman,0.1,0.0,10.0,SR4MDL author release
MDLformer,feynman_I_6_2,Feynman,0.0,0.1,10.0,SR4MDL author release
MDLformer,feynman_I_6_2,Feynman,0.001,0.1111111111111111,9.0,SR4MDL author release
MDLformer,feynman_I_6_2,Feynman,0.01,0.1,10.0,SR4MDL author release
MDLformer,feynman_I_6_2,Feynman,0.1,0.1,10.0,SR4MDL author release
MDLformer,feynman_I_6_2a,Feynman,0.0,0.0,10.0,SR4MDL author release
MDLformer,feynman_I_6_2a,Feynman,0.001,0.0,10.0,SR4MDL author release
MDLformer,feynman_I_6_2a,Feynman,0.01,0.0,10.0,SR4MDL author release
MDLformer,feynman_I_6_2a,Feynman,0.1,0.0,10.0,SR4MDL author release
MDLformer,feynman_I_6_2b,Feynman,0.0,0.3,10.0,SR4MDL author release
MDLformer,feynman_I_6_2b,Feynman,0.001,0.2,10.0,SR4MDL author release
MDLformer,feynman_I_6_2b,Feynman,0.01,0.1,10.0,SR4MDL author release
MDLformer,feynman_I_6_2b,Feynman,0.1,0.0,10.0,SR4MDL author release
MDLformer,feynman_I_8_14,Feynman,0.0,0.0,10.0,SR4MDL author release
MDLformer,feynman_I_8_14,Feynman,0.001,0.0,10.0,SR4MDL author release
MDLformer,feynman_I_8_14,Feynman,0.01,0.0,10.0,SR4MDL author release
MDLformer,feynman_I_8_14,Feynman,0.1,0.0,10.0,SR4MDL author release
MDLformer,feynman_I_9_18,Feynman,0.0,0.2,10.0,SR4MDL author release
MDLformer,feynman_I_9_18,Feynman,0.001,0.3,10.0,SR4MDL author release
MDLformer,feynman_I_9_18,Feynman,0.01,0.3,10.0,SR4MDL author release
MDLformer,feynman_I_9_18,Feynman,0.1,0.1111111111111111,9.0,SR4MDL author release
MDLformer,feynman_test_1,Feynman,0.0,0.1,10.0,SR4MDL author release
MDLformer,feynman_test_1,Feynman,0.001,0.0,10.0,SR4MDL author release
MDLformer,feynman_test_1,Feynman,0.01,0.2,10.0,SR4MDL author release
MDLformer,feynman_test_1,Feynman,0.1,0.1,10.0,SR4MDL author release
MDLformer,feynman_test_10,Feynman,0.0,0.0,10.0,SR4MDL author release
MDLformer,feynman_test_10,Feynman,0.001,0.0,10.0,SR4MDL author release
MDLformer,feynman_test_10,Feynman,0.01,0.0,10.0,SR4MDL author release
MDLformer,feynman_test_10,Feynman,0.1,0.0,10.0,SR4MDL author release
MDLformer,feynman_test_11,Feynman,0.0,0.5,10.0,SR4MDL author release
MDLformer,feynman_test_11,Feynman,0.001,0.3,10.0,SR4MDL author release
MDLformer,feynman_test_11,Feynman,0.01,0.4,10.0,SR4MDL author release
MDLformer,feynman_test_11,Feynman,0.1,0.0,10.0,SR4MDL author release
MDLformer,feynman_test_12,Feynman,0.0,0.3,10.0,SR4MDL author release
MDLformer,feynman_test_12,Feynman,0.001,0.4,10.0,SR4MDL author release
MDLformer,feynman_test_12,Feynman,0.01,0.4,10.0,SR4MDL author release
MDLformer,feynman_test_12,Feynman,0.1,0.0,10.0,SR4MDL author release
MDLformer,feynman_test_13,Feynman,0.0,0.1,10.0,SR4MDL author release
MDLformer,feynman_test_13,Feynman,0.001,0.3,10.0,SR4MDL author release
MDLformer,feynman_test_13,Feynman,0.01,0.4,10.0,SR4MDL author release
MDLformer,feynman_test_13,Feynman,0.1,0.1,10.0,SR4MDL author release
MDLformer,feynman_test_14,Feynman,0.0,0.3,10.0,SR4MDL author release
MDLformer,feynman_test_14,Feynman,0.001,0.2222222222222222,9.0,SR4MDL author release
MDLformer,feynman_test_14,Feynman,0.01,0.2,10.0,SR4MDL author release
MDLformer,feynman_test_14,Feynman,0.1,0.3,10.0,SR4MDL author release
MDLformer,feynman_test_15,Feynman,0.0,0.1,10.0,SR4MDL author release
MDLformer,feynman_test_15,Feynman,0.001,0.3,10.0,SR4MDL author release
MDLformer,feynman_test_15,Feynman,0.01,0.3,10.0,SR4MDL author release
MDLformer,feynman_test_15,Feynman,0.1,0.0,10.0,SR4MDL author release
MDLformer,feynman_test_16,Feynman,0.0,0.1,10.0,SR4MDL author release
MDLformer,feynman_test_16,Feynman,0.001,0.1,10.0,SR4MDL author release
MDLformer,feynman_test_16,Feynman,0.01,0.0,10.0,SR4MDL author release
MDLformer,feynman_test_16,Feynman,0.1,0.0,10.0,SR4MDL author release
MDLformer,feynman_test_17,Feynman,0.0,0.3,10.0,SR4MDL author release
MDLformer,feynman_test_17,Feynman,0.001,0.2,10.0,SR4MDL author release
MDLformer,feynman_test_17,Feynman,0.01,0.1,10.0,SR4MDL author release
MDLformer,feynman_test_17,Feynman,0.1,0.0,10.0,SR4MDL author release
MDLformer,feynman_test_18,Feynman,0.0,0.2,10.0,SR4MDL author release
MDLformer,feynman_test_18,Feynman,0.001,0.3,10.0,SR4MDL author release
MDLformer,feynman_test_18,Feynman,0.01,0.2,10.0,SR4MDL author release
MDLformer,feynman_test_18,Feynman,0.1,0.1,10.0,SR4MDL author release
MDLformer,feynman_test_19,Feynman,0.0,0.3,10.0,SR4MDL author release
MDLformer,feynman_test_19,Feynman,0.001,0.1,10.0,SR4MDL author release
MDLformer,feynman_test_19,Feynman,0.01,0.2222222222222222,9.0,SR4MDL author release
MDLformer,feynman_test_19,Feynman,0.1,0.0,10.0,SR4MDL author release
MDLformer,feynman_test_2,Feynman,0.0,0.0,10.0,SR4MDL author release
MDLformer,feynman_test_2,Feynman,0.001,0.0,10.0,SR4MDL author release
MDLformer,feynman_test_2,Feynman,0.01,0.0,10.0,SR4MDL author release
MDLformer,feynman_test_2,Feynman,0.1,0.0,10.0,SR4MDL author release
MDLformer,feynman_test_20,Feynman,0.0,0.1,10.0,SR4MDL author release
MDLformer,feynman_test_20,Feynman,0.001,0.3,10.0,SR4MDL author release
MDLformer,feynman_test_20,Feynman,0.01,0.3,10.0,SR4MDL author release
MDLformer,feynman_test_20,Feynman,0.1,0.0,10.0,SR4MDL author release
MDLformer,feynman_test_3,Feynman,0.0,0.2,10.0,SR4MDL author release
MDLformer,feynman_test_3,Feynman,0.001,0.1,10.0,SR4MDL author release
MDLformer,feynman_test_3,Feynman,0.01,0.1,10.0,SR4MDL author release
MDLformer,feynman_test_3,Feynman,0.1,0.0,10.0,SR4MDL author release
MDLformer,feynman_test_4,Feynman,0.0,0.3,10.0,SR4MDL author release
MDLformer,feynman_test_4,Feynman,0.001,0.4,10.0,SR4MDL author release
MDLformer,feynman_test_4,Feynman,0.01,0.2,10.0,SR4MDL author release
MDLformer,feynman_test_4,Feynman,0.1,0.1111111111111111,9.0,SR4MDL author release
MDLformer,feynman_test_5,Feynman,0.0,0.4,10.0,SR4MDL author release
MDLformer,feynman_test_5,Feynman,0.001,0.3,10.0,SR4MDL author release
MDLformer,feynman_test_5,Feynman,0.01,0.3,10.0,SR4MDL author release
MDLformer,feynman_test_5,Feynman,0.1,0.2,10.0,SR4MDL author release
MDLformer,feynman_test_6,Feynman,0.0,0.3333333333333333,9.0,SR4MDL author release
MDLformer,feynman_test_6,Feynman,0.001,0.3,10.0,SR4MDL author release
MDLformer,feynman_test_6,Feynman,0.01,0.2,10.0,SR4MDL author release
MDLformer,feynman_test_6,Feynman,0.1,0.0,10.0,SR4MDL author release
MDLformer,feynman_test_7,Feynman,0.0,0.4,10.0,SR4MDL author release
MDLformer,feynman_test_7,Feynman,0.001,0.2,10.0,SR4MDL author release
MDLformer,feynman_test_7,Feynman,0.01,0.1,10.0,SR4MDL author release
MDLformer,feynman_test_7,Feynman,0.1,0.2,10.0,SR4MDL author release
MDLformer,feynman_test_8,Feynman,0.0,0.2,10.0,SR4MDL author release
MDLformer,feynman_test_8,Feynman,0.001,0.2,10.0,SR4MDL author release
MDLformer,feynman_test_8,Feynman,0.01,0.1,10.0,SR4MDL author release
MDLformer,feynman_test_8,Feynman,0.1,0.0,10.0,SR4MDL author release
MDLformer,feynman_test_9,Feynman,0.0,0.3,10.0,SR4MDL author release
MDLformer,feynman_test_9,Feynman,0.001,0.0,10.0,SR4MDL author release
MDLformer,feynman_test_9,Feynman,0.01,0.1,10.0,SR4MDL author release
MDLformer,feynman_test_9,Feynman,0.1,0.0,10.0,SR4MDL author release
MDLformer,strogatz_bacres1,Strogatz,0.0,0.0,10.0,SR4MDL author release
MDLformer,strogatz_bacres1,Strogatz,0.001,0.0,10.0,SR4MDL author release
MDLformer,strogatz_bacres1,Strogatz,0.01,0.0,10.0,SR4MDL author release
MDLformer,strogatz_bacres1,Strogatz,0.1,0.0,10.0,SR4MDL author release
MDLformer,strogatz_bacres2,Strogatz,0.0,0.0,10.0,SR4MDL author release
MDLformer,strogatz_bacres2,Strogatz,0.001,0.0,10.0,SR4MDL author release
MDLformer,strogatz_bacres2,Strogatz,0.01,0.0,10.0,SR4MDL author release
MDLformer,strogatz_bacres2,Strogatz,0.1,0.0,10.0,SR4MDL author release
MDLformer,strogatz_barmag1,Strogatz,0.0,0.9,10.0,SR4MDL author release
MDLformer,strogatz_barmag1,Strogatz,0.001,0.9,10.0,SR4MDL author release
MDLformer,strogatz_barmag1,Strogatz,0.01,0.8,10.0,SR4MDL author release
MDLformer,strogatz_barmag1,Strogatz,0.1,0.8,10.0,SR4MDL author release
MDLformer,strogatz_barmag2,Strogatz,0.0,1.0,10.0,SR4MDL author release
MDLformer,strogatz_barmag2,Strogatz,0.001,1.0,10.0,SR4MDL author release
MDLformer,strogatz_barmag2,Strogatz,0.01,1.0,10.0,SR4MDL author release
MDLformer,strogatz_barmag2,Strogatz,0.1,1.0,10.0,SR4MDL author release
MDLformer,strogatz_glider1,Strogatz,0.0,1.0,10.0,SR4MDL author release
MDLformer,strogatz_glider1,Strogatz,0.001,1.0,10.0,SR4MDL author release
MDLformer,strogatz_glider1,Strogatz,0.01,1.0,10.0,SR4MDL author release
MDLformer,strogatz_glider1,Strogatz,0.1,0.8,10.0,SR4MDL author release
MDLformer,strogatz_glider2,Strogatz,0.0,1.0,10.0,SR4MDL author release
MDLformer,strogatz_glider2,Strogatz,0.001,1.0,10.0,SR4MDL author release
MDLformer,strogatz_glider2,Strogatz,0.01,1.0,10.0,SR4MDL author release
MDLformer,strogatz_glider2,Strogatz,0.1,0.9,10.0,SR4MDL author release
MDLformer,strogatz_lv1,Strogatz,0.0,1.0,10.0,SR4MDL author release
MDLformer,strogatz_lv1,Strogatz,0.001,1.0,10.0,SR4MDL author release
MDLformer,strogatz_lv1,Strogatz,0.01,1.0,10.0,SR4MDL author release
MDLformer,strogatz_lv1,Strogatz,0.1,0.7,10.0,SR4MDL author release
MDLformer,strogatz_lv2,Strogatz,0.0,1.0,10.0,SR4MDL author release
MDLformer,strogatz_lv2,Strogatz,0.001,1.0,10.0,SR4MDL author release
MDLformer,strogatz_lv2,Strogatz,0.01,0.9,10.0,SR4MDL author release
MDLformer,strogatz_lv2,Strogatz,0.1,0.8,10.0,SR4MDL author release
MDLformer,strogatz_predprey1,Strogatz,0.0,0.8,10.0,SR4MDL author release
MDLformer,strogatz_predprey1,Strogatz,0.001,0.9,10.0,SR4MDL author release
MDLformer,strogatz_predprey1,Strogatz,0.01,0.7,10.0,SR4MDL author release
MDLformer,strogatz_predprey1,Strogatz,0.1,0.3,10.0,SR4MDL author release
MDLformer,strogatz_predprey2,Strogatz,0.0,0.8,10.0,SR4MDL author release
MDLformer,strogatz_predprey2,Strogatz,0.001,0.9,10.0,SR4MDL author release
MDLformer,strogatz_predprey2,Strogatz,0.01,0.5,10.0,SR4MDL author release
MDLformer,strogatz_predprey2,Strogatz,0.1,0.9,10.0,SR4MDL author release
MDLformer,strogatz_shearflow1,Strogatz,0.0,0.3,10.0,SR4MDL author release
MDLformer,strogatz_shearflow1,Strogatz,0.001,0.4,10.0,SR4MDL author release
MDLformer,strogatz_shearflow1,Strogatz,0.01,0.1,10.0,SR4MDL author release
MDLformer,strogatz_shearflow1,Strogatz,0.1,0.2,10.0,SR4MDL author release
MDLformer,strogatz_shearflow2,Strogatz,0.0,0.2,10.0,SR4MDL author release
MDLformer,strogatz_shearflow2,Strogatz,0.001,0.4,10.0,SR4MDL author release
MDLformer,strogatz_shearflow2,Strogatz,0.01,0.6,10.0,SR4MDL author release
MDLformer,strogatz_shearflow2,Strogatz,0.1,0.5,10.0,SR4MDL author release
MDLformer,strogatz_vdp1,Strogatz,0.0,1.0,10.0,SR4MDL author release
MDLformer,strogatz_vdp1,Strogatz,0.001,0.9,10.0,SR4MDL author release
MDLformer,strogatz_vdp1,Strogatz,0.01,1.0,10.0,SR4MDL author release
MDLformer,strogatz_vdp1,Strogatz,0.1,0.5,10.0,SR4MDL author release
MDLformer,strogatz_vdp2,Strogatz,0.0,1.0,10.0,SR4MDL author release
MDLformer,strogatz_vdp2,Strogatz,0.001,1.0,10.0,SR4MDL author release
MDLformer,strogatz_vdp2,Strogatz,0.01,1.0,10.0,SR4MDL author release
MDLformer,strogatz_vdp2,Strogatz,0.1,1.0,10.0,SR4MDL author release
