generation,fitness,mode,edited_operator,operator_name,status,color_operator,score_source,score_snapshot_generation,bundle,original_fitness,score_log_line
0,0.44,baseline,,baseline,not_recorded_ancestor,,population_reevaluation_log,1,add_constant_offset | age_regularized_survival | tournament_selection | mse_loss,0.5166666666666667,491
0,0.46,explore,selection,pareto_dominance_niched_tournament_init_2,not_recorded_ancestor,,population_reevaluation_log,1,add_constant_offset | age_regularized_survival | pareto_dominance_niched_tournament_init_2 | mse_loss,0.48333333333333334,492
0,0.395,explore,survival,pareto_niche_crowding_survival_init_3,not_recorded_ancestor,,population_reevaluation_log,1,add_constant_offset | pareto_niche_crowding_survival_init_3 | tournament_selection | mse_loss,0.43333333333333335,496
0,0.44,explore,survival,pareto_crowded_age_survival_init_4,not_recorded_ancestor,,population_reevaluation_log,1,add_constant_offset | pareto_crowded_age_survival_init_4 | tournament_selection | mse_loss,0.4833333333333334,493
0,0.375,explore,survival,pareto_niche_regularized_survival_init_5,not_recorded_ancestor,,population_reevaluation_log,1,add_constant_offset | pareto_niche_regularized_survival_init_5 | tournament_selection | mse_loss,0.4166666666666667,497
0,0.38,explore,mutation,residual_correlation_insertion_mutation_init_6,not_recorded_ancestor,,population_reevaluation_log,1,residual_correlation_insertion_mutation_init_6 | age_regularized_survival | tournament_selection | mse_loss,0.3333333333333333,498
0,0.435,explore,mutation,residual_guided_linear_graft_init_7,not_recorded_ancestor,,population_reevaluation_log,1,residual_guided_linear_graft_init_7 | age_regularized_survival | tournament_selection | mse_loss,0.45,495
0,0.585,explore,loss,affine_continuation_loss_init_8,operator_origin,loss,independent_train_reevaluation_log,0,add_constant_offset | age_regularized_survival | tournament_selection | affine_continuation_loss_init_8,0.5499999999999999,557
0,0.515,explore,mutation,algebraic_refactor_mutation_init_0,not_recorded_ancestor,,population_reevaluation_log,1,algebraic_refactor_mutation_init_0 | age_regularized_survival | tournament_selection | mse_loss,0.5166666666666667,490
0,0.465,explore,mutation,symmetric_motif_graft_init_1,not_recorded_ancestor,,population_reevaluation_log,1,symmetric_motif_graft_init_1 | age_regularized_survival | tournament_selection | mse_loss,0.48333333333333334,494
1,0.44,explore,loss,dynamic_range_pseudohuber_loss_gen1_0,not_recorded_ancestor,,population_reevaluation_log,2,add_constant_offset | pareto_crowded_age_survival_init_4 | tournament_selection | dynamic_range_pseudohuber_loss_gen1_0,0.4666666666666666,727
1,0.51,simplify,selection,simple_parsimony_tournament_gen1_1,not_recorded_ancestor,,population_reevaluation_log,2,add_constant_offset | age_regularized_survival | simple_parsimony_tournament_gen1_1 | mse_loss,0.4833333333333332,726
1,0.435,explore,mutation,fit_greedy_correction_factor_gen1_2,not_recorded_ancestor,,population_reevaluation_log,2,fit_greedy_correction_factor_gen1_2 | age_regularized_survival | tournament_selection | mse_loss,0.5,723
1,0.3666666666666667,explore,survival,pareto_niche_crowded_aging_survival_gen1_3,not_recorded_ancestor,,offspring,1,add_constant_offset | pareto_niche_crowded_aging_survival_gen1_3 | tournament_selection | mse_loss,0.3666666666666667,
1,0.45,crossover,loss,affine_shape_mse_loss_gen1_4,not_recorded_ancestor,,offspring,1,algebraic_refactor_mutation_init_0 | age_regularized_survival | tournament_selection | affine_shape_mse_loss_gen1_4,0.45,
1,0.49,refine,selection,pareto_epsilon_tournament_selection_gen1_5,not_recorded_ancestor,,population_reevaluation_log,2,symmetric_motif_graft_init_1 | age_regularized_survival | pareto_epsilon_tournament_selection_gen1_5 | mse_loss,0.4833333333333333,724
1,0.5,simplify,survival,elite_protected_age_survival_gen1_6,not_recorded_ancestor,,population_reevaluation_log,2,add_constant_offset | elite_protected_age_survival_gen1_6 | tournament_selection | affine_continuation_loss_init_8,0.4833333333333333,725
1,0.375,crossover,survival,pareto_age_clone_niche_survival_gen1_7,not_recorded_ancestor,,population_reevaluation_log,2,algebraic_refactor_mutation_init_0 | pareto_age_clone_niche_survival_gen1_7 | tournament_selection | mse_loss,0.4,728
1,0.4499999999999999,simplify,selection,simple_parsimony_tournament_gen1_8,not_recorded_ancestor,,offspring,1,add_constant_offset | age_regularized_survival | simple_parsimony_tournament_gen1_8 | mse_loss,0.4499999999999999,
1,0.49,refine,mutation,algebraic_refactor_mutation_init_1_gen1_9,not_recorded_ancestor,,population_reevaluation_log,2,algebraic_refactor_mutation_init_1_gen1_9 | age_regularized_survival | tournament_selection | mse_loss,0.4666666666666666,729
2,0.4833333333333333,explore,loss,scale_adaptive_cauchy_loss_gen2_0,not_recorded_ancestor,,offspring,2,add_constant_offset | elite_protected_age_survival_gen1_6 | tournament_selection | scale_adaptive_cauchy_loss_gen2_0,0.4833333333333333,
2,0.38333333333333336,crossover,survival,adaptive_front_contribution_clone_niche_survival_gen2_1,not_recorded_ancestor,,offspring,2,symmetric_motif_graft_init_1 | adaptive_front_contribution_clone_niche_survival_gen2_1 | pareto_epsilon_tournament_selection_gen1_5 | mse_loss,0.38333333333333336,
2,0.485,simplify,selection,parsimony_epsilon_tournament_selection_gen2_2,not_recorded_ancestor,,population_reevaluation_log,3,symmetric_motif_graft_init_1 | age_regularized_survival | parsimony_epsilon_tournament_selection_gen2_2 | mse_loss,0.4999999999999999,1073
2,0.53,simplify,loss,dynamic_range_pseudohuber_loss_gen1_1_gen2_3,not_recorded_ancestor,,population_reevaluation_log,3,add_constant_offset | pareto_crowded_age_survival_init_4 | tournament_selection | dynamic_range_pseudohuber_loss_gen1_1_gen2_3,0.4833333333333333,1075
2,0.55,explore,selection,lineage_guarded_pareto_breakthrough_selection_gen2_4,not_recorded_ancestor,,population_reevaluation_log,3,algebraic_refactor_mutation_init_1_gen1_9 | age_regularized_survival | lineage_guarded_pareto_breakthrough_selection_gen2_4 | mse_loss,0.55,1072
2,0.5,refine,mutation,adaptive_constant_offset_gen2_5,not_recorded_ancestor,,independent_train_reevaluation_log,2,adaptive_constant_offset_gen2_5 | elite_protected_age_survival_gen1_6 | tournament_selection | affine_continuation_loss_init_8,0.5666666666666667,1136
2,0.4833333333333333,crossover,loss,adaptive_scale_pseudohuber_mse_loss_gen2_6,not_recorded_ancestor,,offspring,2,algebraic_refactor_mutation_init_0 | age_regularized_survival | tournament_selection | adaptive_scale_pseudohuber_mse_loss_gen2_6,0.4833333333333333,
2,0.505,explore,survival,niche_protected_age_survival_gen2_7,not_recorded_ancestor,,population_reevaluation_log,3,add_constant_offset | niche_protected_age_survival_gen2_7 | tournament_selection | affine_continuation_loss_init_8,0.4833333333333333,1074
2,0.2,simplify,selection,streamlined_parsimony_tournament_gen2_8,not_recorded_ancestor,,offspring,2,add_constant_offset | elite_protected_age_survival_gen1_6 | streamlined_parsimony_tournament_gen2_8 | affine_continuation_loss_init_8,0.2,
2,0.29999999999999993,explore,mutation,residual_guided_linear_insertion_gen2_9,not_recorded_ancestor,,offspring,2,residual_guided_linear_insertion_gen2_9 | age_regularized_survival | tournament_selection | mse_loss,0.29999999999999993,
3,0.38333333333333336,explore,survival,pareto_niche_lineage_survival_gen3_0,not_recorded_ancestor,,offspring,3,adaptive_constant_offset_gen2_5 | pareto_niche_lineage_survival_gen3_0 | tournament_selection | affine_continuation_loss_init_8,0.38333333333333336,
3,0.405,explore,survival,niche_crowding_survival_gen3_1,not_recorded_ancestor,,population_reevaluation_log,4,algebraic_refactor_mutation_init_0 | niche_crowding_survival_gen3_1 | tournament_selection | mse_loss,0.3833333333333333,1410
3,0.525,crossover,selection,balanced_rank_tournament_selection_gen3_2,not_recorded_ancestor,,independent_train_reevaluation_log,3,add_constant_offset | age_regularized_survival | balanced_rank_tournament_selection_gen3_2 | affine_continuation_loss_init_8,0.5833333333333333,1467
3,0.585,refine,loss,shape_guided_log_nmse_loss_gen3_3,not_recorded_ancestor,,population_reevaluation_log,4,algebraic_refactor_mutation_init_1_gen1_9 | age_regularized_survival | lineage_guarded_pareto_breakthrough_selection_gen2_4 | shape_guided_log_nmse_loss_gen3_3,0.5833333333333333,1409
3,0.4833333333333334,refine,loss,mse_safe_loss_gen3_4,not_recorded_ancestor,,offspring,3,algebraic_refactor_mutation_init_0 | age_regularized_survival | tournament_selection | mse_safe_loss_gen3_4,0.4833333333333334,
3,0.4833333333333333,crossover,survival,pareto_niche_age_regularized_survival_gen3_5,not_recorded_ancestor,,offspring,3,symmetric_motif_graft_init_1 | pareto_niche_age_regularized_survival_gen3_5 | parsimony_epsilon_tournament_selection_gen2_2 | mse_loss,0.4833333333333333,
3,0.5499999999999999,refine,mutation,algebraic_canonicalizing_refactor_mutation_gen3_6,not_recorded_ancestor,,offspring,3,algebraic_canonicalizing_refactor_mutation_gen3_6 | age_regularized_survival | tournament_selection | mse_loss,0.5499999999999999,
3,0.5333333333333333,explore,selection,marginal_information_bridge_selection_gen3_7,not_recorded_ancestor,,offspring,3,algebraic_refactor_mutation_init_0 | age_regularized_survival | marginal_information_bridge_selection_gen3_7 | mse_loss,0.5333333333333333,
3,0.5499999999999999,explore,mutation,residual_matching_pursuit_boost_gen3_8,not_recorded_ancestor,,offspring,3,residual_matching_pursuit_boost_gen3_8 | elite_protected_age_survival_gen1_6 | tournament_selection | affine_continuation_loss_init_8,0.5499999999999999,
3,0.55,refine,loss,affine_tail_continuation_loss_gen3_9,not_recorded_ancestor,,population_reevaluation_log,4,add_constant_offset | age_regularized_survival | tournament_selection | affine_tail_continuation_loss_gen3_9,0.5833333333333333,1408
4,0.36666666666666664,explore,survival,diversity_preserving_niche_survival_gen4_0,not_recorded_ancestor,,offspring,4,add_constant_offset | diversity_preserving_niche_survival_gen4_0 | balanced_rank_tournament_selection_gen3_2 | affine_continuation_loss_init_8,0.36666666666666664,
4,0.5166666666666667,explore,selection,pareto_niche_tournament_selection_gen4_1,not_recorded_ancestor,,offspring,4,algebraic_refactor_mutation_init_1_gen1_9 | age_regularized_survival | pareto_niche_tournament_selection_gen4_1 | shape_guided_log_nmse_loss_gen3_3,0.5166666666666667,
4,0.57,refine,loss,relative_aware_shape_log_nmse_loss_gen4_1_gen4_2,not_recorded_ancestor,,population_reevaluation_log,5,algebraic_refactor_mutation_init_1_gen1_9 | age_regularized_survival | lineage_guarded_pareto_breakthrough_selection_gen2_4 | relative_aware_shape_log_nmse_loss_gen4_1_gen4_2,0.55,1704
4,0.485,explore,mutation,fit_rational_pole_mutation_gen4_3,not_recorded_ancestor,,population_reevaluation_log,5,fit_rational_pole_mutation_gen4_3 | age_regularized_survival | tournament_selection | affine_tail_continuation_loss_gen3_9,0.5,1702
4,0.55,refine,selection,pareto_niche_tournament_selection_gen4_4,not_recorded_ancestor,,offspring,4,add_constant_offset | age_regularized_survival | pareto_niche_tournament_selection_gen4_4 | affine_tail_continuation_loss_gen3_9,0.55,
4,0.4666666666666666,explore,survival,pareto_crowding_age_survival_gen4_5,not_recorded_ancestor,,offspring,4,add_constant_offset | pareto_crowding_age_survival_gen4_5 | tournament_selection | affine_continuation_loss_init_8,0.4666666666666666,
4,0.4833333333333333,crossover,selection,adaptive_pareto_breakthrough_rank_tournament_selection_gen4_6,not_recorded_ancestor,,offspring,4,algebraic_refactor_mutation_init_1_gen1_9 | age_regularized_survival | adaptive_pareto_breakthrough_rank_tournament_selection_gen4_6 | mse_loss,0.4833333333333333,
4,0.4833333333333334,refine,survival,leased_sparse_pareto_age_survival_gen4_7,not_recorded_ancestor,,offspring,4,add_constant_offset | leased_sparse_pareto_age_survival_gen4_7 | tournament_selection | affine_continuation_loss_init_8,0.4833333333333334,
4,0.395,explore,loss,reset_structure_penalized_mse_gen4_8,not_recorded_ancestor,,population_reevaluation_log,5,add_constant_offset | age_regularized_survival | balanced_rank_tournament_selection_gen3_2 | reset_structure_penalized_mse_gen4_8,0.45,1703
4,0.64,explore,mutation,symmetric_motif_duplication_gen4_9,operator_origin,mutation,independent_train_reevaluation_log,4,symmetric_motif_duplication_gen4_9 | age_regularized_survival | tournament_selection | affine_continuation_loss_init_8,0.6666666666666666,2009
5,0.5166666666666666,simplify,survival,streamlined_age_fitness_survival_gen5_0,not_recorded_ancestor,,offspring,5,add_constant_offset | streamlined_age_fitness_survival_gen5_0 | tournament_selection | affine_tail_continuation_loss_gen3_9,0.5166666666666666,
5,0.11666666666666665,simplify,loss,mean_abs_loss_gen5_1,not_recorded_ancestor,,offspring,5,algebraic_refactor_mutation_init_1_gen1_9 | age_regularized_survival | lineage_guarded_pareto_breakthrough_selection_gen2_4 | mean_abs_loss_gen5_1,0.11666666666666665,
5,0.65,crossover,loss,directed_shape_relative_log_nmse_loss_gen5_2,not_recorded_ancestor,,offspring,5,symmetric_motif_duplication_gen4_9 | age_regularized_survival | tournament_selection | directed_shape_relative_log_nmse_loss_gen5_2,0.65,
5,0.54,refine,selection,pareto_breakthrough_elitist_tournament_gen3_gen5_3,not_recorded_ancestor,,population_reevaluation_log,6,algebraic_refactor_mutation_init_1_gen1_9 | age_regularized_survival | pareto_breakthrough_elitist_tournament_gen3_gen5_3 | mse_loss,0.5666666666666667,1948
5,0.5666666666666667,simplify,survival,elite_guarded_age_survival_gen5_4,not_recorded_ancestor,,offspring,5,algebraic_refactor_mutation_init_1_gen1_9 | elite_guarded_age_survival_gen5_4 | lineage_guarded_pareto_breakthrough_selection_gen2_4 | shape_guided_log_nmse_loss_gen3_3,0.5666666666666667,
5,0.4,explore,loss,residual_independence_loss_gen5_5,not_recorded_ancestor,,offspring,5,algebraic_refactor_mutation_init_1_gen1_9 | age_regularized_survival | lineage_guarded_pareto_breakthrough_selection_gen2_4 | residual_independence_loss_gen5_5,0.4,
5,0.4166666666666667,explore,mutation,residual_correlation_boost_mutation_gen5_6,not_recorded_ancestor,,offspring,5,residual_correlation_boost_mutation_gen5_6 | age_regularized_survival | lineage_guarded_pareto_breakthrough_selection_gen2_4 | mse_loss,0.4166666666666667,
5,0.35,explore,selection,pareto_lineage_niche_selection_gen5_7,not_recorded_ancestor,,offspring,5,add_constant_offset | age_regularized_survival | pareto_lineage_niche_selection_gen5_7 | affine_continuation_loss_init_8,0.35,
5,0.5166666666666667,simplify,mutation,simplified_constant_offset_gen5_8,not_recorded_ancestor,,offspring,5,simplified_constant_offset_gen5_8 | age_regularized_survival | tournament_selection | affine_continuation_loss_init_8,0.5166666666666667,
5,0.575,simplify,mutation,add_constant_offset_simple_gen5_9,not_recorded_ancestor,,population_reevaluation_log,6,add_constant_offset_simple_gen5_9 | age_regularized_survival | tournament_selection | affine_tail_continuation_loss_gen3_9,0.6166666666666666,1947
6,0.5666666666666667,explore,selection,pareto_knee_niche_selection_gen6_0,not_recorded_ancestor,,offspring,6,add_constant_offset | age_regularized_survival | pareto_knee_niche_selection_gen6_0 | affine_tail_continuation_loss_gen3_9,0.5666666666666667,
6,0.565,explore,survival,crowded_niche_pareto_survival_gen6_1,not_recorded_ancestor,,independent_train_reevaluation_log,6,algebraic_refactor_mutation_init_1_gen1_9 | crowded_niche_pareto_survival_gen6_1 | lineage_guarded_pareto_breakthrough_selection_gen2_4 | shape_guided_log_nmse_loss_gen3_3,0.6,2290
6,0.525,refine,loss,affine_continuation_dof_loss_v9_gen6_2,not_recorded_ancestor,,population_reevaluation_log,7,adaptive_constant_offset_gen2_5 | elite_protected_age_survival_gen1_6 | tournament_selection | affine_continuation_dof_loss_v9_gen6_2,0.6,2229
6,0.4833333333333333,explore,loss,range_balanced_bias_anchored_pseudohuber_loss_gen6_3,not_recorded_ancestor,,offspring,6,algebraic_refactor_mutation_init_1_gen1_9 | age_regularized_survival | pareto_breakthrough_elitist_tournament_gen3_gen5_3 | range_balanced_bias_anchored_pseudohuber_loss_gen6_3,0.4833333333333333,
6,0.4333333333333333,explore,loss,dual_space_geometric_loss_gen6_4,not_recorded_ancestor,,offspring,6,algebraic_refactor_mutation_init_1_gen1_9 | age_regularized_survival | lineage_guarded_pareto_breakthrough_selection_gen2_4 | dual_space_geometric_loss_gen6_4,0.4333333333333333,
6,0.4333333333333333,refine,mutation,add_fitted_constant_offset_gen6_5,not_recorded_ancestor,,offspring,6,add_fitted_constant_offset_gen6_5 | age_regularized_survival | tournament_selection | affine_tail_continuation_loss_gen3_9,0.4333333333333333,
6,0.5666666666666667,refine,selection,lineage_guarded_pareto_breakthrough_selection_gen3_gen6_6,not_recorded_ancestor,,offspring,6,algebraic_refactor_mutation_init_1_gen1_9 | age_regularized_survival | lineage_guarded_pareto_breakthrough_selection_gen3_gen6_6 | shape_guided_log_nmse_loss_gen3_3,0.5666666666666667,
6,0.18333333333333332,simplify,survival,positional_age_survival_gen6_7,not_recorded_ancestor,,offspring,6,add_constant_offset_simple_gen5_9 | positional_age_survival_gen6_7 | tournament_selection | affine_tail_continuation_loss_gen3_9,0.18333333333333332,
6,0.55,simplify,survival,elite_protected_age_survival_gen6_8,not_recorded_ancestor,,offspring,6,algebraic_refactor_mutation_init_1_gen1_9 | elite_protected_age_survival_gen6_8 | lineage_guarded_pareto_breakthrough_selection_gen2_4 | relative_aware_shape_log_nmse_loss_gen4_1_gen4_2,0.55,
6,0.5499999999999999,explore,mutation,residual_correlation_boost_gen6_9,not_recorded_ancestor,,offspring,6,residual_correlation_boost_gen6_9 | age_regularized_survival | tournament_selection | affine_continuation_loss_init_8,0.5499999999999999,
7,0.5166666666666666,simplify,loss,simple_affine_continuation_loss_gen7_0,not_recorded_ancestor,,offspring,7,adaptive_constant_offset_gen2_5 | elite_protected_age_survival_gen1_6 | tournament_selection | simple_affine_continuation_loss_gen7_0,0.5166666666666666,
7,0.56,simplify,mutation,add_constant_offset_simple_gen7_1,not_recorded_ancestor,,population_reevaluation_log,8,add_constant_offset_simple_gen7_1 | age_regularized_survival | tournament_selection | affine_tail_continuation_loss_gen3_9,0.5833333333333333,2537
7,0.5166666666666666,refine,selection,dual_pressure_tournament_selection_gen7_2,not_recorded_ancestor,,offspring,7,adaptive_constant_offset_gen2_5 | elite_protected_age_survival_gen1_6 | dual_pressure_tournament_selection_gen7_2 | affine_continuation_dof_loss_v9_gen6_2,0.5166666666666666,
7,0.3833333333333333,explore,survival,pareto_niche_crowding_survival_gen7_3,not_recorded_ancestor,,offspring,7,algebraic_refactor_mutation_init_1_gen1_9 | pareto_niche_crowding_survival_gen7_3 | lineage_guarded_pareto_breakthrough_selection_gen2_4 | shape_guided_log_nmse_loss_gen3_3,0.3833333333333333,
7,0.625,crossover,mutation,motif_aware_algebraic_refactor_mutation_gen7_4,not_recorded_ancestor,,independent_train_reevaluation_log,7,motif_aware_algebraic_refactor_mutation_gen7_4 | age_regularized_survival | lineage_guarded_pareto_breakthrough_selection_gen2_4 | shape_guided_log_nmse_loss_gen3_3,0.7,2598
7,0.5333333333333333,crossover,selection,adaptive_pareto_breakthrough_rank_tournament_selection_gen7_5,not_recorded_ancestor,,offspring,7,algebraic_refactor_mutation_init_1_gen1_9 | crowded_niche_pareto_survival_gen6_1 | adaptive_pareto_breakthrough_rank_tournament_selection_gen7_5 | shape_guided_log_nmse_loss_gen3_3,0.5333333333333333,
7,0.5,simplify,loss,corr_guided_log_nmse_loss_gen7_6,not_recorded_ancestor,,offspring,7,algebraic_refactor_mutation_init_1_gen1_9 | age_regularized_survival | lineage_guarded_pareto_breakthrough_selection_gen2_4 | corr_guided_log_nmse_loss_gen7_6,0.5,
7,0.46,explore,survival,pareto_niche_genealogy_survival_gen7_7,not_recorded_ancestor,,population_reevaluation_log,8,add_constant_offset | pareto_niche_genealogy_survival_gen7_7 | tournament_selection | affine_continuation_loss_init_8,0.4333333333333333,2536
7,0.57,simplify,selection,pareto_breakthrough_selection_simplified_gen7_8,not_recorded_ancestor,,population_reevaluation_log,8,algebraic_refactor_mutation_init_1_gen1_9 | age_regularized_survival | pareto_breakthrough_selection_simplified_gen7_8 | relative_aware_shape_log_nmse_loss_gen4_1_gen4_2,0.6166666666666666,2534
7,0.56,simplify,loss,fixed_affine_scaffold_loss_gen7_9,not_recorded_ancestor,,population_reevaluation_log,8,add_constant_offset | age_regularized_survival | tournament_selection | fixed_affine_scaffold_loss_gen7_9,0.5833333333333333,2535
8,0.5833333333333333,simplify,loss,relative_aware_shape_log_nmse_loss_simplified_gen8_0,not_recorded_ancestor,,offspring,8,algebraic_refactor_mutation_init_1_gen1_9 | age_regularized_survival | pareto_breakthrough_selection_simplified_gen7_8 | relative_aware_shape_log_nmse_loss_simplified_gen8_0,0.5833333333333333,
8,0.795,refine,loss,affine_angular_profile_loss_2pass_gen8_1,operator_origin,loss,independent_train_reevaluation_log,8,symmetric_motif_duplication_gen4_9 | age_regularized_survival | tournament_selection | affine_angular_profile_loss_2pass_gen8_1,0.7666666666666666,2908
8,0.4666666666666667,explore,survival,epsilon_pareto_clone_purge_survival_gen8_2,not_recorded_ancestor,,offspring,8,symmetric_motif_duplication_gen4_9 | epsilon_pareto_clone_purge_survival_gen8_2 | tournament_selection | affine_continuation_loss_init_8,0.4666666666666667,
8,0.575,crossover,loss,adaptive_shape_continuation_nmse_loss_gen8_3,not_recorded_ancestor,,population_reevaluation_log,9,algebraic_refactor_mutation_init_1_gen1_9 | age_regularized_survival | lineage_guarded_pareto_breakthrough_selection_gen2_4 | adaptive_shape_continuation_nmse_loss_gen8_3,0.6,2847
8,0.6,crossover,mutation,symmetry_motif_with_algebraic_canonicalization_gen8_4,not_recorded_ancestor,,population_reevaluation_log,9,symmetry_motif_with_algebraic_canonicalization_gen8_4 | age_regularized_survival | lineage_guarded_pareto_breakthrough_selection_gen2_4 | shape_guided_log_nmse_loss_gen3_3,0.6166666666666666,2843
8,0.575,explore,mutation,data_guided_residual_pursuit_gen8_5,not_recorded_ancestor,,population_reevaluation_log,9,data_guided_residual_pursuit_gen8_5 | age_regularized_survival | tournament_selection | affine_tail_continuation_loss_gen3_9,0.6166666666666666,2846
8,0.585,refine,selection,pareto_frontier_slope_selection_gen8_6,not_recorded_ancestor,,population_reevaluation_log,9,algebraic_refactor_mutation_init_1_gen1_9 | age_regularized_survival | pareto_frontier_slope_selection_gen8_6 | relative_aware_shape_log_nmse_loss_gen4_1_gen4_2,0.65,2845
8,0.5833333333333333,simplify,selection,deterministic_adaptive_tournament_selection_gen8_7,not_recorded_ancestor,,offspring,8,add_constant_offset_simple_gen7_1 | age_regularized_survival | deterministic_adaptive_tournament_selection_gen8_7 | affine_tail_continuation_loss_gen3_9,0.5833333333333333,
8,0.31666666666666665,crossover,mutation,fit_offset_wrap_mutation_gen8_8,not_recorded_ancestor,,offspring,8,fit_offset_wrap_mutation_gen8_8 | age_regularized_survival | tournament_selection | affine_tail_continuation_loss_gen3_9,0.31666666666666665,
8,0.56,simplify,survival,streamlined_age_survival_gen8_9,not_recorded_ancestor,,population_reevaluation_log,9,add_constant_offset_simple_gen7_1 | streamlined_age_survival_gen8_9 | tournament_selection | affine_tail_continuation_loss_gen3_9,0.55,2844
9,0.4333333333333333,explore,loss,relative_scale_invariant_loss_gen9_0,not_recorded_ancestor,,offspring,9,data_guided_residual_pursuit_gen8_5 | age_regularized_survival | tournament_selection | relative_scale_invariant_loss_gen9_0,0.4333333333333333,
9,0.5,explore,mutation,residual_basis_graft_mutation_gen9_1,not_recorded_ancestor,,offspring,9,residual_basis_graft_mutation_gen9_1 | crowded_niche_pareto_survival_gen6_1 | lineage_guarded_pareto_breakthrough_selection_gen2_4 | shape_guided_log_nmse_loss_gen3_3,0.5,
9,0.55,crossover,survival,age_and_quality_regularized_survival_gen9_2,not_recorded_ancestor,,offspring,9,data_guided_residual_pursuit_gen8_5 | age_and_quality_regularized_survival_gen9_2 | tournament_selection | affine_tail_continuation_loss_gen3_9,0.55,
9,0.765,crossover,survival,age_and_cost_regularized_survival_gen9_3,ancestor,,independent_train_reevaluation_log,9,symmetric_motif_duplication_gen4_9 | age_and_cost_regularized_survival_gen9_3 | tournament_selection | affine_angular_profile_loss_2pass_gen8_1,0.7999999999999999,3198
9,0.5166666666666666,crossover,loss,tail_aware_bounded_shape_continuation_loss_gen9_4,not_recorded_ancestor,,offspring,9,algebraic_refactor_mutation_init_1_gen1_9 | age_regularized_survival | lineage_guarded_pareto_breakthrough_selection_gen2_4 | tail_aware_bounded_shape_continuation_loss_gen9_4,0.5166666666666666,
9,0.5666666666666667,refine,survival,pareto_guarded_age_survival_gen9_5,not_recorded_ancestor,,offspring,9,algebraic_refactor_mutation_init_1_gen1_9 | pareto_guarded_age_survival_gen9_5 | pareto_frontier_slope_selection_gen8_6 | relative_aware_shape_log_nmse_loss_gen4_1_gen4_2,0.5666666666666667,
9,0.765,simplify,mutation,symmetric_motif_duplication_gen9_6,operator_origin,mutation,population_reevaluation_log,10,symmetric_motif_duplication_gen9_6 | age_regularized_survival | tournament_selection | affine_angular_profile_loss_2pass_gen8_1,0.7833333333333333,3136
9,0.625,crossover,selection,adaptive_pareto_efficiency_rank_tournament_selection_gen9_7,not_recorded_ancestor,,population_reevaluation_log,10,symmetry_motif_with_algebraic_canonicalization_gen8_4 | age_regularized_survival | adaptive_pareto_efficiency_rank_tournament_selection_gen9_7 | shape_guided_log_nmse_loss_gen3_3,0.6166666666666666,3138
9,0.715,explore,mutation,residual_guided_basis_augmentation_gen9_8,not_recorded_ancestor,,population_reevaluation_log,10,residual_guided_basis_augmentation_gen9_8 | age_regularized_survival | tournament_selection | affine_angular_profile_loss_2pass_gen8_1,0.7333333333333333,3137
9,0.5166666666666666,crossover,selection,lineage_guarded_frontier_bridge_selection_gen9_9,not_recorded_ancestor,,offspring,9,algebraic_refactor_mutation_init_1_gen1_9 | age_regularized_survival | lineage_guarded_frontier_bridge_selection_gen9_9 | shape_guided_log_nmse_loss_gen3_3,0.5166666666666666,
10,0.715,simplify,selection,simplified_tournament_selection_gen10_0,not_recorded_ancestor,,population_reevaluation_log,11,residual_guided_basis_augmentation_gen9_8 | age_regularized_survival | simplified_tournament_selection_gen10_0 | affine_angular_profile_loss_2pass_gen8_1,0.75,3448
10,0.765,simplify,survival,tournament_age_survival_gen10_1,not_recorded_ancestor,,population_reevaluation_log,11,symmetric_motif_duplication_gen9_6 | tournament_age_survival_gen10_1 | tournament_selection | affine_angular_profile_loss_2pass_gen8_1,0.8,3447
10,0.75,crossover,mutation,symmetric_motif_offset_coupling_gen10_2,not_recorded_ancestor,,population_reevaluation_log,11,symmetric_motif_offset_coupling_gen10_2 | age_regularized_survival | tournament_selection | affine_angular_profile_loss_2pass_gen8_1,0.7666666666666666,3449
10,0.7166666666666666,simplify,survival,elite_protected_age_survival_gen10_3,not_recorded_ancestor,,offspring,10,symmetric_motif_duplication_gen9_6 | elite_protected_age_survival_gen10_3 | tournament_selection | affine_angular_profile_loss_2pass_gen8_1,0.7166666666666666,
10,0.73,explore,selection,crowding_suppressed_niche_tournament_gen10_4,operator_origin,selection,population_reevaluation_log,11,symmetric_motif_duplication_gen9_6 | age_regularized_survival | crowding_suppressed_niche_tournament_gen10_4 | affine_angular_profile_loss_2pass_gen8_1,0.7666666666666666,3450
10,0.5333333333333333,simplify,loss,affine_shape_loss_single_pass_gen8_2_gen10_5,not_recorded_ancestor,,offspring,10,symmetric_motif_duplication_gen9_6 | age_regularized_survival | tournament_selection | affine_shape_loss_single_pass_gen8_2_gen10_5,0.5333333333333333,
10,0.73,crossover,selection,rank_normalized_lineage_pareto_breakthrough_selection_gen10_6,not_recorded_ancestor,,population_reevaluation_log,11,symmetric_motif_duplication_gen9_6 | age_regularized_survival | rank_normalized_lineage_pareto_breakthrough_selection_gen10_6 | affine_angular_profile_loss_2pass_gen8_1,0.7666666666666666,3451
10,0.76,simplify,loss,affine_shape_nrmse_loss_simplified_gen10_7,not_recorded_ancestor,,independent_train_reevaluation_log,10,symmetric_motif_duplication_gen4_9 | age_regularized_survival | tournament_selection | affine_shape_nrmse_loss_simplified_gen10_7,0.8333333333333333,3512
10,0.4666666666666666,crossover,survival,pareto_age_regularized_survival_gen10_8,not_recorded_ancestor,,offspring,10,algebraic_refactor_mutation_init_1_gen1_9 | pareto_age_regularized_survival_gen10_8 | lineage_guarded_pareto_breakthrough_selection_gen2_4 | shape_guided_log_nmse_loss_gen3_3,0.4666666666666666,
11,0.4333333333333333,explore,loss,adaptive_huber_loss_gen11_0,not_recorded_ancestor,,offspring,11,symmetric_motif_duplication_gen9_6 | tournament_age_survival_gen10_1 | tournament_selection | adaptive_huber_loss_gen11_0,0.4333333333333333,
11,0.7166666666666666,simplify,survival,age_regularized_elite_survival_gen11_1,not_recorded_ancestor,,offspring,11,symmetric_motif_duplication_gen9_6 | age_regularized_elite_survival_gen11_1 | tournament_selection | affine_angular_profile_loss_2pass_gen8_1,0.7166666666666666,
11,0.745,simplify,survival,age_tournament_survival_gen11_2,ancestor,,independent_train_reevaluation_log,11,symmetric_motif_duplication_gen9_6 | age_tournament_survival_gen11_2 | crowding_suppressed_niche_tournament_gen10_4 | affine_angular_profile_loss_2pass_gen8_1,0.8166666666666667,3794
11,0.7333333333333333,simplify,mutation,local_motif_duplication_gen11_3,not_recorded_ancestor,,offspring,11,local_motif_duplication_gen11_3 | age_regularized_survival | rank_normalized_lineage_pareto_breakthrough_selection_gen10_6 | affine_angular_profile_loss_2pass_gen8_1,0.7333333333333333,
11,0.76,explore,selection,pareto_rank_youth_niche_tournament_gen11_4,not_recorded_ancestor,,population_reevaluation_log,12,symmetric_motif_duplication_gen9_6 | age_regularized_survival | pareto_rank_youth_niche_tournament_gen11_4 | affine_angular_profile_loss_2pass_gen8_1,0.7666666666666666,3732
11,0.75,refine,loss,affine_angular_profile_loss_2pass_gen8_2_gen11_5,not_recorded_ancestor,,offspring,11,symmetric_motif_duplication_gen4_9 | age_and_cost_regularized_survival_gen9_3 | tournament_selection | affine_angular_profile_loss_2pass_gen8_2_gen11_5,0.75,
11,0.65,simplify,loss,affine_angular_profile_loss_simplified_gen11_6,not_recorded_ancestor,,offspring,11,symmetric_motif_duplication_gen9_6 | age_regularized_survival | crowding_suppressed_niche_tournament_gen10_4 | affine_angular_profile_loss_simplified_gen11_6,0.65,
11,0.6666666666666666,refine,selection,diversity_aware_tournament_selection_gen11_7,not_recorded_ancestor,,offspring,11,symmetric_motif_duplication_gen9_6 | age_regularized_survival | diversity_aware_tournament_selection_gen11_7 | affine_angular_profile_loss_2pass_gen8_1,0.6666666666666666,
11,0.7166666666666666,crossover,mutation,residual_guided_motif_duplication_gen11_8,not_recorded_ancestor,,offspring,11,residual_guided_motif_duplication_gen11_8 | age_regularized_survival | tournament_selection | affine_angular_profile_loss_2pass_gen8_1,0.7166666666666666,
11,0.8,refine,mutation,symmetric_motif_duplication_gen10_1_gen11_9,operator_origin,mutation,population_reevaluation_log,12,symmetric_motif_duplication_gen10_1_gen11_9 | age_regularized_survival | crowding_suppressed_niche_tournament_gen10_4 | affine_angular_profile_loss_2pass_gen8_1,0.7833333333333333,3733
12,0.765,explore,survival,pareto_crowding_age_survival_gen12_0,not_recorded_ancestor,,population_reevaluation_log,13,symmetric_motif_duplication_gen4_9 | pareto_crowding_age_survival_gen12_0 | tournament_selection | affine_shape_nrmse_loss_simplified_gen10_7,0.7833333333333333,4038
12,0.55,crossover,selection,tempered_pareto_tournament_selection_gen12_1,not_recorded_ancestor,,offspring,12,symmetric_motif_duplication_gen10_1_gen11_9 | age_regularized_survival | tempered_pareto_tournament_selection_gen12_1 | affine_angular_profile_loss_2pass_gen8_1,0.55,
12,0.7166666666666666,explore,mutation,residual_guided_boosting_graft_gen12_2,not_recorded_ancestor,,offspring,12,residual_guided_boosting_graft_gen12_2 | age_tournament_survival_gen11_2 | crowding_suppressed_niche_tournament_gen10_4 | affine_angular_profile_loss_2pass_gen8_1,0.7166666666666666,
12,0.7166666666666666,simplify,mutation,symmetric_motif_doubling_gen12_3,not_recorded_ancestor,,offspring,12,symmetric_motif_doubling_gen12_3 | age_regularized_survival | pareto_rank_youth_niche_tournament_gen11_4 | affine_angular_profile_loss_2pass_gen8_1,0.7166666666666666,
12,0.7666666666666666,crossover,loss,scale_aware_centered_affine_profile_loss_gen12_4,not_recorded_ancestor,,offspring,12,symmetric_motif_duplication_gen10_1_gen11_9 | age_regularized_survival | crowding_suppressed_niche_tournament_gen10_4 | scale_aware_centered_affine_profile_loss_gen12_4,0.7666666666666666,
12,0.795,crossover,loss,affine_shape_relative_uniformity_loss_gen12_5,ancestor,,independent_train_reevaluation_log,19,symmetric_motif_duplication_gen9_6 | age_tournament_survival_gen11_2 | crowding_suppressed_niche_tournament_gen10_4 | affine_shape_relative_uniformity_loss_gen12_5,0.8166666666666667,5812
12,0.75,crossover,loss,affine_profile_nrmse_calibration_loss_gen12_6,not_recorded_ancestor,,population_reevaluation_log,13,symmetric_motif_duplication_gen4_9 | age_regularized_survival | tournament_selection | affine_profile_nrmse_calibration_loss_gen12_6,0.7833333333333333,4039
12,0.7333333333333333,crossover,selection,pareto_rarity_tournament_selection_gen12_7,not_recorded_ancestor,,offspring,12,symmetric_motif_duplication_gen9_6 | age_regularized_survival | pareto_rarity_tournament_selection_gen12_7 | affine_angular_profile_loss_2pass_gen8_1,0.7333333333333333,
12,0.76,explore,survival,pareto_crowding_redundancy_survival_gen12_8,ancestor,,population_reevaluation_log,13,symmetric_motif_duplication_gen4_9 | pareto_crowding_redundancy_survival_gen12_8 | tournament_selection | affine_angular_profile_loss_2pass_gen8_1,0.7833333333333333,4040
12,0.7166666666666666,crossover,mutation,symmetric_motif_duplication_hybrid_gen12_9,not_recorded_ancestor,,offspring,12,symmetric_motif_duplication_hybrid_gen12_9 | age_regularized_survival | tournament_selection | affine_angular_profile_loss_2pass_gen8_1,0.7166666666666666,
13,0.775,refine,loss,affine_log_shape_uniformity_loss_gen13_gen13_0,not_recorded_ancestor,,population_reevaluation_log,14,symmetric_motif_duplication_gen9_6 | age_tournament_survival_gen11_2 | crowding_suppressed_niche_tournament_gen10_4 | affine_log_shape_uniformity_loss_gen13_gen13_0,0.7333333333333333,4349
13,0.76,refine,survival,quality_aware_pareto_niche_survival_gen13_1_gen13_1,ancestor,,independent_train_reevaluation_log,13,symmetric_motif_duplication_gen4_9 | quality_aware_pareto_niche_survival_gen13_1_gen13_1 | tournament_selection | affine_angular_profile_loss_2pass_gen8_1,0.8166666666666667,4410
13,0.7666666666666666,explore,selection,pareto_age_density_tournament_gen13_2,not_recorded_ancestor,,offspring,13,symmetric_motif_duplication_gen4_9 | age_regularized_survival | pareto_age_density_tournament_gen13_2 | affine_profile_nrmse_calibration_loss_gen12_6,0.7666666666666666,
13,0.72,explore,selection,pareto_crowding_novelty_tournament_gen13_3,not_recorded_ancestor,,population_reevaluation_log,14,symmetric_motif_duplication_gen9_6 | age_tournament_survival_gen11_2 | pareto_crowding_novelty_tournament_gen13_3 | affine_angular_profile_loss_2pass_gen8_1,0.75,4348
13,0.7166666666666666,refine,mutation,symmetric_motif_duplication_gen10_1_gen13_4,not_recorded_ancestor,,offspring,13,symmetric_motif_duplication_gen10_1_gen13_4 | age_tournament_survival_gen11_2 | crowding_suppressed_niche_tournament_gen10_4 | affine_angular_profile_loss_2pass_gen8_1,0.7166666666666666,
13,0.0,crossover,survival,age_and_cost_regularized_survival_gen13_5,not_recorded_ancestor,,offspring,13,symmetric_motif_duplication_gen9_6 | age_and_cost_regularized_survival_gen13_5 | crowding_suppressed_niche_tournament_gen10_4 | affine_shape_relative_uniformity_loss_gen12_5,0.0,
13,0.55,explore,loss,soft_relative_affine_shape_loss_gen13_6,not_recorded_ancestor,,offspring,13,symmetric_motif_duplication_gen4_9 | age_regularized_survival | tournament_selection | soft_relative_affine_shape_loss_gen13_6,0.55,
13,0.75,refine,mutation,motif_symmetry_duplication_gen5_gen13_7,not_recorded_ancestor,,offspring,13,motif_symmetry_duplication_gen5_gen13_7 | age_regularized_survival | tournament_selection | affine_profile_nrmse_calibration_loss_gen12_6,0.75,
13,0.7666666666666666,crossover,mutation,motif_symmetry_envelope_mutation_gen13_8,not_recorded_ancestor,,offspring,13,motif_symmetry_envelope_mutation_gen13_8 | age_regularized_survival | tournament_selection | affine_shape_nrmse_loss_simplified_gen10_7,0.7666666666666666,
13,0.765,crossover,survival,age_sampled_survival_with_staleness_guard_gen13_9,ancestor,,population_reevaluation_log,14,symmetric_motif_duplication_gen4_9 | age_sampled_survival_with_staleness_guard_gen13_9 | tournament_selection | affine_angular_profile_loss_2pass_gen8_1,0.7833333333333333,4347
14,0.8,simplify,loss,affine_shape_rmse_loss_simple_gen14_0,not_recorded_ancestor,,population_reevaluation_log,15,symmetric_motif_duplication_gen10_1_gen11_9 | age_regularized_survival | crowding_suppressed_niche_tournament_gen10_4 | affine_shape_rmse_loss_simple_gen14_0,0.8166666666666667,4620
14,0.75,refine,loss,affine_angular_profile_loss_fast_linear_gen8_2_gen14_1,not_recorded_ancestor,,offspring,14,symmetric_motif_duplication_gen10_1_gen11_9 | age_regularized_survival | crowding_suppressed_niche_tournament_gen10_4 | affine_angular_profile_loss_fast_linear_gen8_2_gen14_1,0.75,
14,0.7666666666666666,refine,selection,pareto_eps_crowding_youth_tournament_gen12_gen14_2,not_recorded_ancestor,,offspring,14,symmetric_motif_duplication_gen9_6 | age_regularized_survival | pareto_eps_crowding_youth_tournament_gen12_gen14_2 | affine_angular_profile_loss_2pass_gen8_1,0.7666666666666666,
14,0.775,simplify,selection,simple_tournament_selection_gen14_3,not_recorded_ancestor,,population_reevaluation_log,15,symmetric_motif_duplication_gen4_9 | quality_aware_pareto_niche_survival_gen13_1_gen13_1 | simple_tournament_selection_gen14_3 | affine_angular_profile_loss_2pass_gen8_1,0.7833333333333333,4621
14,0.7666666666666666,refine,survival,age_diversity_tournament_survival_gen12_gen14_4,not_recorded_ancestor,,offspring,14,symmetric_motif_duplication_gen9_6 | age_diversity_tournament_survival_gen12_gen14_4 | crowding_suppressed_niche_tournament_gen10_4 | affine_angular_profile_loss_2pass_gen8_1,0.7666666666666666,
14,0.7333333333333333,simplify,loss,affine_shape_loss_simple_gen14_5,not_recorded_ancestor,,offspring,14,symmetric_motif_duplication_gen4_9 | age_sampled_survival_with_staleness_guard_gen13_9 | tournament_selection | affine_shape_loss_simple_gen14_5,0.7333333333333333,
14,0.785,crossover,survival,stale_guarded_niche_tournament_survival_gen14_6,ancestor,,population_reevaluation_log,15,symmetric_motif_duplication_gen9_6 | stale_guarded_niche_tournament_survival_gen14_6 | crowding_suppressed_niche_tournament_gen10_4 | affine_shape_relative_uniformity_loss_gen12_5,0.7833333333333333,4622
14,0.7666666666666666,simplify,mutation,inplace_symmetric_duplication_gen14_7,not_recorded_ancestor,,offspring,14,inplace_symmetric_duplication_gen14_7 | age_tournament_survival_gen11_2 | crowding_suppressed_niche_tournament_gen10_4 | affine_shape_relative_uniformity_loss_gen12_5,0.7666666666666666,
14,0.77,crossover,mutation,symmetry_aware_motif_coupling_gen14_8,not_recorded_ancestor,,independent_train_reevaluation_log,14,symmetry_aware_motif_coupling_gen14_8 | age_tournament_survival_gen11_2 | crowding_suppressed_niche_tournament_gen10_4 | affine_shape_relative_uniformity_loss_gen12_5,0.8333333333333333,4683
14,0.7166666666666666,explore,mutation,hoist_prune_mutation_gen14_9,not_recorded_ancestor,,offspring,14,hoist_prune_mutation_gen14_9 | age_regularized_survival | pareto_rank_youth_niche_tournament_gen11_4 | affine_angular_profile_loss_2pass_gen8_1,0.7166666666666666,
15,0.7,crossover,loss,affine_shape_bounded_relative_tail_loss_gen15_0,not_recorded_ancestor,,offspring,15,symmetric_motif_duplication_gen9_6 | age_tournament_survival_gen11_2 | crowding_suppressed_niche_tournament_gen10_4 | affine_shape_bounded_relative_tail_loss_gen15_0,0.7,
15,0.76,explore,mutation,mutate_algebraic_motif_gen15_1,not_recorded_ancestor,,population_reevaluation_log,16,mutate_algebraic_motif_gen15_1 | age_regularized_survival | crowding_suppressed_niche_tournament_gen10_4 | affine_shape_rmse_loss_simple_gen14_0,0.7833333333333333,4832
15,0.6666666666666666,simplify,loss,streamlined_affine_shape_loss_gen15_2,not_recorded_ancestor,,offspring,15,symmetric_motif_duplication_gen10_1_gen11_9 | age_regularized_survival | crowding_suppressed_niche_tournament_gen10_4 | streamlined_affine_shape_loss_gen15_2,0.6666666666666666,
15,0.765,refine,loss,affine_shape_relative_tailquantile_loss_gen13_gen15_3,not_recorded_ancestor,,population_reevaluation_log,16,symmetry_aware_motif_coupling_gen14_8 | age_tournament_survival_gen11_2 | crowding_suppressed_niche_tournament_gen10_4 | affine_shape_relative_tailquantile_loss_gen13_gen15_3,0.7833333333333333,4833
15,0.7,crossover,survival,age_anchored_niche_survival_gen15_4,not_recorded_ancestor,,offspring,15,symmetric_motif_duplication_gen4_9 | age_anchored_niche_survival_gen15_4 | simple_tournament_selection_gen14_3 | affine_angular_profile_loss_2pass_gen8_1,0.7,
15,0.7,crossover,mutation,motif_duplication_graft_encapsulate_gen15_5,not_recorded_ancestor,,offspring,15,motif_duplication_graft_encapsulate_gen15_5 | quality_aware_pareto_niche_survival_gen13_1_gen13_1 | tournament_selection | affine_angular_profile_loss_2pass_gen8_1,0.7,
15,0.78,simplify,survival,sparse_pareto_niche_survival_gen15_6,not_recorded_ancestor,,population_reevaluation_log,16,symmetric_motif_duplication_gen4_9 | sparse_pareto_niche_survival_gen15_6 | simple_tournament_selection_gen14_3 | affine_angular_profile_loss_2pass_gen8_1,0.7833333333333333,4834
15,0.55,explore,selection,pareto_aspiration_lineage_selection_gen15_7,not_recorded_ancestor,,offspring,15,symmetry_aware_motif_coupling_gen14_8 | age_tournament_survival_gen11_2 | pareto_aspiration_lineage_selection_gen15_7 | affine_shape_relative_uniformity_loss_gen12_5,0.55,
15,0.765,refine,selection,context_aware_crowding_niche_tournament_gen15_8,not_recorded_ancestor,,population_reevaluation_log,16,symmetric_motif_duplication_gen10_1_gen11_9 | age_regularized_survival | context_aware_crowding_niche_tournament_gen15_8 | affine_angular_profile_loss_2pass_gen8_1,0.7833333333333333,4835
15,0.6666666666666666,refine,selection,pareto_adaptive_tournament_selection_gen15_9,not_recorded_ancestor,,offspring,15,symmetric_motif_duplication_gen4_9 | quality_aware_pareto_niche_survival_gen13_1_gen13_1 | pareto_adaptive_tournament_selection_gen15_9 | affine_angular_profile_loss_2pass_gen8_1,0.6666666666666666,
16,0.75,simplify,mutation,motif_coupling_slim_gen16_0,not_recorded_ancestor,,offspring,16,motif_coupling_slim_gen16_0 | age_tournament_survival_gen11_2 | crowding_suppressed_niche_tournament_gen10_4 | affine_shape_relative_tailquantile_loss_gen13_gen15_3,0.75,
16,0.785,refine,survival,pareto_guarded_age_regularized_survival_gen16_1,not_recorded_ancestor,,population_reevaluation_log,17,symmetric_motif_duplication_gen10_1_gen11_9 | pareto_guarded_age_regularized_survival_gen16_1 | crowding_suppressed_niche_tournament_gen10_4 | affine_shape_rmse_loss_simple_gen14_0,0.8,5053
16,0.765,simplify,mutation,duplicate_motif_with_optional_shift_gen16_2,not_recorded_ancestor,,population_reevaluation_log,17,duplicate_motif_with_optional_shift_gen16_2 | quality_aware_pareto_niche_survival_gen13_1_gen13_1 | tournament_selection | affine_angular_profile_loss_2pass_gen8_1,0.8,5052
16,0.75,explore,survival,crowded_age_survival_gen16_3,not_recorded_ancestor,,offspring,16,symmetric_motif_duplication_gen9_6 | crowded_age_survival_gen16_3 | crowding_suppressed_niche_tournament_gen10_4 | affine_shape_relative_uniformity_loss_gen12_5,0.75,
16,0.785,simplify,selection,crowding_suppressed_rare_niche_tournament_gen16_4,operator_origin,selection,population_reevaluation_log,17,symmetric_motif_duplication_gen9_6 | stale_guarded_niche_tournament_survival_gen14_6 | crowding_suppressed_rare_niche_tournament_gen16_4 | affine_shape_relative_uniformity_loss_gen12_5,0.8,5054
16,0.76,simplify,mutation,motif_duplication_shift1_gen16_5,not_recorded_ancestor,,population_reevaluation_log,17,motif_duplication_shift1_gen16_5 | age_tournament_survival_gen11_2 | crowding_suppressed_niche_tournament_gen10_4 | affine_shape_relative_uniformity_loss_gen12_5,0.8,5055
16,0.7833333333333333,crossover,loss,affine_shape_softtail_relative_loss_gen16_6,not_recorded_ancestor,,offspring,16,symmetric_motif_duplication_gen10_1_gen11_9 | age_regularized_survival | crowding_suppressed_niche_tournament_gen10_4 | affine_shape_softtail_relative_loss_gen16_6,0.7833333333333333,
16,0.7333333333333333,crossover,survival,age_window_quality_parsimony_survival_gen16_7,not_recorded_ancestor,,offspring,16,symmetric_motif_duplication_gen9_6 | age_window_quality_parsimony_survival_gen16_7 | crowding_suppressed_niche_tournament_gen10_4 | affine_shape_relative_uniformity_loss_gen12_5,0.7333333333333333,
16,0.7833333333333333,simplify,selection,clone_suppressed_niche_tournament_gen16_8,not_recorded_ancestor,,offspring,16,symmetric_motif_duplication_gen9_6 | stale_guarded_niche_tournament_survival_gen14_6 | clone_suppressed_niche_tournament_gen16_8 | affine_shape_relative_uniformity_loss_gen12_5,0.7833333333333333,
16,0.8,refine,loss,affine_dual_metric_shape_loss_gen13_gen16_9,not_recorded_ancestor,,offspring,16,symmetric_motif_duplication_gen9_6 | stale_guarded_niche_tournament_survival_gen14_6 | crowding_suppressed_niche_tournament_gen10_4 | affine_dual_metric_shape_loss_gen13_gen16_9,0.8,
17,0.0,simplify,survival,stale_guarded_niche_tournament_survival_simplified_gen17_0,not_recorded_ancestor,,offspring,17,symmetric_motif_duplication_gen9_6 | stale_guarded_niche_tournament_survival_simplified_gen17_0 | crowding_suppressed_rare_niche_tournament_gen16_4 | affine_shape_relative_uniformity_loss_gen12_5,0.0,
17,0.7666666666666666,crossover,loss,stable_gated_affine_profile_loss_gen17_1,not_recorded_ancestor,,offspring,17,symmetric_motif_duplication_gen10_1_gen11_9 | pareto_guarded_age_regularized_survival_gen16_1 | crowding_suppressed_niche_tournament_gen10_4 | stable_gated_affine_profile_loss_gen17_1,0.7666666666666666,
17,0.7333333333333333,explore,selection,pareto_niche_tournament_selection_gen17_2,not_recorded_ancestor,,offspring,17,symmetric_motif_duplication_gen9_6 | age_tournament_survival_gen11_2 | pareto_niche_tournament_selection_gen17_2 | affine_shape_relative_uniformity_loss_gen12_5,0.7333333333333333,
17,0.7666666666666666,simplify,survival,age_tournament_survival_gen17_3,not_recorded_ancestor,,offspring,17,symmetric_motif_duplication_gen10_1_gen11_9 | age_tournament_survival_gen17_3 | crowding_suppressed_niche_tournament_gen10_4 | affine_angular_profile_loss_2pass_gen8_1,0.7666666666666666,
17,0.74,refine,mutation,symmetric_motif_duplication_gen11_9_gen12_4_gen17_4,not_recorded_ancestor,,population_reevaluation_log,18,symmetric_motif_duplication_gen11_9_gen12_4_gen17_4 | pareto_guarded_age_regularized_survival_gen16_1 | crowding_suppressed_niche_tournament_gen10_4 | affine_shape_rmse_loss_simple_gen14_0,0.7499999999999999,5301
17,0.7833333333333333,simplify,mutation,symmetric_motif_duplication_gen9_7_gen17_5,not_recorded_ancestor,,offspring,17,symmetric_motif_duplication_gen9_7_gen17_5 | age_tournament_survival_gen11_2 | crowding_suppressed_niche_tournament_gen10_4 | affine_shape_relative_uniformity_loss_gen12_5,0.7833333333333333,
17,0.75,simplify,selection,crowding_suppressed_niche_tournament_simple_gen17_6,not_recorded_ancestor,,offspring,17,symmetric_motif_duplication_gen10_1_gen11_9 | age_regularized_survival | crowding_suppressed_niche_tournament_simple_gen17_6 | affine_shape_rmse_loss_simple_gen14_0,0.75,
17,0.75,refine,selection,crowding_suppressed_niche_tournament_gen11_gen17_7,not_recorded_ancestor,,independent_train_reevaluation_log,17,symmetric_motif_duplication_gen9_6 | age_tournament_survival_gen11_2 | crowding_suppressed_niche_tournament_gen11_gen17_7 | affine_shape_relative_uniformity_loss_gen12_5,0.85,5361
17,0.5166666666666666,explore,loss,tail_weighted_mse_loss_gen17_8,not_recorded_ancestor,,offspring,17,motif_duplication_shift1_gen16_5 | age_tournament_survival_gen11_2 | crowding_suppressed_niche_tournament_gen10_4 | tail_weighted_mse_loss_gen17_8,0.5166666666666666,
17,0.4166666666666667,explore,loss,adaptive_huber_loss_gen17_9,not_recorded_ancestor,,offspring,17,symmetric_motif_duplication_gen10_1_gen11_9 | age_regularized_survival | crowding_suppressed_niche_tournament_gen10_4 | adaptive_huber_loss_gen17_9,0.4166666666666667,
18,0.75,crossover,survival,hybrid_age_tournament_survival_gen18_0,not_recorded_ancestor,,offspring,18,symmetric_motif_duplication_gen10_1_gen11_9 | hybrid_age_tournament_survival_gen18_0 | crowding_suppressed_niche_tournament_gen10_4 | affine_angular_profile_loss_2pass_gen8_1,0.75,
18,0.7833333333333333,explore,survival,complexity_niche_crowding_survival_gen18_1,not_recorded_ancestor,,offspring,18,symmetric_motif_duplication_gen10_1_gen11_9 | complexity_niche_crowding_survival_gen18_1 | crowding_suppressed_niche_tournament_gen10_4 | affine_shape_rmse_loss_simple_gen14_0,0.7833333333333333,
18,0.77,simplify,loss,centered_affine_profile_loss_gen18_2,not_recorded_ancestor,,independent_train_reevaluation_log,18,symmetric_motif_duplication_gen10_1_gen11_9 | age_regularized_survival | crowding_suppressed_niche_tournament_gen10_4 | centered_affine_profile_loss_gen18_2,0.8166666666666667,5618
18,0.7666666666666666,refine,mutation,motif_duplication_symmetry_gen10_gen18_3,not_recorded_ancestor,,offspring,18,motif_duplication_symmetry_gen10_gen18_3 | age_tournament_survival_gen11_2 | crowding_suppressed_niche_tournament_gen10_4 | affine_shape_relative_uniformity_loss_gen12_5,0.7666666666666666,
18,0.765,crossover,selection,novelty_weighted_quality_gated_niche_tournament_gen18_4,operator_origin,selection,population_reevaluation_log,19,symmetric_motif_duplication_gen10_1_gen11_9 | age_regularized_survival | novelty_weighted_quality_gated_niche_tournament_gen18_4 | affine_angular_profile_loss_2pass_gen8_1,0.8,5562
18,0.5333333333333333,simplify,loss,affine_shape_calibration_loss_simplified_gen18_5,not_recorded_ancestor,,offspring,18,symmetric_motif_duplication_gen10_1_gen11_9 | age_regularized_survival | crowding_suppressed_niche_tournament_gen10_4 | affine_shape_calibration_loss_simplified_gen18_5,0.5333333333333333,
18,0.7333333333333333,crossover,mutation,residual_guided_symmetric_motif_duplication_gen18_6,not_recorded_ancestor,,offspring,18,residual_guided_symmetric_motif_duplication_gen18_6 | age_regularized_survival | crowding_suppressed_niche_tournament_gen10_4 | affine_shape_rmse_loss_simple_gen14_0,0.7333333333333333,
18,0.8,explore,selection,adaptive_pareto_niche_selection_gen18_7,not_recorded_ancestor,,population_reevaluation_log,19,symmetric_motif_duplication_gen9_6 | age_tournament_survival_gen11_2 | adaptive_pareto_niche_selection_gen18_7 | affine_shape_relative_uniformity_loss_gen12_5,0.8166666666666667,5561
18,0.7166666666666666,explore,selection,elbow_lineage_pareto_selection_gen18_8,not_recorded_ancestor,,offspring,18,symmetric_motif_duplication_gen10_1_gen11_9 | age_regularized_survival | elbow_lineage_pareto_selection_gen18_8 | affine_shape_rmse_loss_simple_gen14_0,0.7166666666666666,
18,0.75,simplify,loss,streamlined_affine_shape_rmse_loss_gen18_9,not_recorded_ancestor,,offspring,18,symmetric_motif_duplication_gen10_1_gen11_9 | pareto_guarded_age_regularized_survival_gen16_1 | crowding_suppressed_niche_tournament_gen10_4 | streamlined_affine_shape_rmse_loss_gen18_9,0.75,
19,0.745,crossover,survival,age_and_cost_regularized_survival_gen19_0,operator_origin,survival,population_reevaluation_log,20,symmetric_motif_duplication_gen10_1_gen11_9 | age_and_cost_regularized_survival_gen19_0 | novelty_weighted_quality_gated_niche_tournament_gen18_4 | affine_angular_profile_loss_2pass_gen8_1,0.7833333333333333,5755
19,0.7166666666666666,refine,loss,signed_centered_profile_calibrated_loss_gen19_1,not_recorded_ancestor,,offspring,19,symmetric_motif_duplication_gen10_1_gen11_9 | age_regularized_survival | crowding_suppressed_niche_tournament_gen10_4 | signed_centered_profile_calibrated_loss_gen19_1,0.7166666666666666,
19,0.6833333333333333,explore,loss,algebraic_fidelity_loss_gen19_2,not_recorded_ancestor,,offspring,19,symmetric_motif_duplication_gen10_1_gen11_9 | age_regularized_survival | novelty_weighted_quality_gated_niche_tournament_gen18_4 | algebraic_fidelity_loss_gen19_2,0.6833333333333333,
19,0.6166666666666666,explore,survival,crowded_clone_purge_survival_gen19_3,not_recorded_ancestor,,offspring,19,symmetric_motif_duplication_gen10_1_gen11_9 | crowded_clone_purge_survival_gen19_3 | novelty_weighted_quality_gated_niche_tournament_gen18_4 | affine_angular_profile_loss_2pass_gen8_1,0.6166666666666666,
19,0.7,refine,loss,saturated_profile_correlation_loss_gen19_1_gen19_4,not_recorded_ancestor,,offspring,19,symmetric_motif_duplication_gen10_1_gen11_9 | age_regularized_survival | crowding_suppressed_niche_tournament_gen10_4 | saturated_profile_correlation_loss_gen19_1_gen19_4,0.7,
19,0.74,simplify,survival,elite_protected_oldest_survival_gen19_5,not_recorded_ancestor,,population_reevaluation_log,20,symmetric_motif_duplication_gen10_1_gen11_9 | elite_protected_oldest_survival_gen19_5 | crowding_suppressed_niche_tournament_gen10_4 | affine_shape_rmse_loss_simple_gen14_0,0.7666666666666666,5756
19,0.75,simplify,mutation,paired_motif_duplication_gen19_6,not_recorded_ancestor,,offspring,19,paired_motif_duplication_gen19_6 | age_tournament_survival_gen11_2 | adaptive_pareto_niche_selection_gen18_7 | affine_shape_relative_uniformity_loss_gen12_5,0.75,
19,0.7833333333333333,crossover,selection,pareto_crowding_rare_niche_tournament_selection_gen19_7,not_recorded_ancestor,,offspring,19,symmetric_motif_duplication_gen9_6 | age_tournament_survival_gen11_2 | pareto_crowding_rare_niche_tournament_selection_gen19_7 | affine_shape_relative_uniformity_loss_gen12_5,0.7833333333333333,
19,0.75,refine,selection,pareto_lineage_decongested_niche_tournament_gen19_8,not_recorded_ancestor,,offspring,19,symmetry_aware_motif_coupling_gen14_8 | age_tournament_survival_gen11_2 | pareto_lineage_decongested_niche_tournament_gen19_8 | affine_shape_relative_tailquantile_loss_gen13_gen15_3,0.75,
19,0.75,crossover,mutation,symmetry_motif_recombination_gen15_1_gen19_9,not_recorded_ancestor,,offspring,19,symmetry_motif_recombination_gen15_1_gen19_9 | age_tournament_survival_gen11_2 | crowding_suppressed_niche_tournament_gen10_4 | affine_shape_relative_uniformity_loss_gen12_5,0.75,
20,0.7833333333333333,refine,selection,quality_gated_band_crowding_tournament_gen20_0,not_recorded_ancestor,,offspring,20,mutate_algebraic_motif_gen15_1 | age_regularized_survival | quality_gated_band_crowding_tournament_gen20_0 | affine_shape_rmse_loss_simple_gen14_0,0.7833333333333333,
20,0.75,simplify,survival,age_tournament_survival_gen11_3_gen20_1,not_recorded_ancestor,,offspring,20,symmetric_motif_duplication_gen9_6 | age_tournament_survival_gen11_3_gen20_1 | adaptive_pareto_niche_selection_gen18_7 | affine_shape_relative_uniformity_loss_gen12_5,0.75,
20,0.8,crossover,survival,age_diversity_survival_hybrid_gen20_2,not_recorded_ancestor,,population_reevaluation_log,21,symmetric_motif_duplication_gen9_6 | age_diversity_survival_hybrid_gen20_2 | crowding_suppressed_niche_tournament_gen10_4 | affine_shape_relative_uniformity_loss_gen12_5,0.8333333333333333,6001
20,0.7333333333333333,crossover,selection,pareto_aware_crowding_niche_tournament_gen20_3,not_recorded_ancestor,,offspring,20,symmetric_motif_duplication_gen10_1_gen11_9 | age_regularized_survival | pareto_aware_crowding_niche_tournament_gen20_3 | affine_angular_profile_loss_2pass_gen8_1,0.7333333333333333,
20,0.765,simplify,selection,simple_tournament_selection_gen20_4,not_recorded_ancestor,,population_reevaluation_log,21,symmetric_motif_duplication_gen4_9 | quality_aware_pareto_niche_survival_gen13_1_gen13_1 | simple_tournament_selection_gen20_4 | affine_angular_profile_loss_2pass_gen8_1,0.7833333333333333,6002
20,0.795,crossover,mutation,motif_duplication_with_rational_coupling_gen12_gen20_5,operator_origin,mutation,independent_train_reevaluation_log,24,motif_duplication_with_rational_coupling_gen12_gen20_5 | age_and_cost_regularized_survival_gen19_0 | novelty_weighted_quality_gated_niche_tournament_gen18_4 | affine_angular_profile_loss_2pass_gen8_1,0.85,6960
20,0.6833333333333333,simplify,loss,streamlined_affine_shape_loss_gen20_6,not_recorded_ancestor,,offspring,20,symmetric_motif_duplication_gen10_1_gen11_9 | age_and_cost_regularized_survival_gen19_0 | novelty_weighted_quality_gated_niche_tournament_gen18_4 | streamlined_affine_shape_loss_gen20_6,0.6833333333333333,
20,0.6166666666666666,explore,loss,adaptive_multiscale_cauchy_loss_gen20_7,not_recorded_ancestor,,offspring,20,symmetric_motif_duplication_gen10_1_gen11_9 | age_regularized_survival | crowding_suppressed_niche_tournament_gen10_4 | adaptive_multiscale_cauchy_loss_gen20_7,0.6166666666666666,
20,0.75,simplify,mutation,symmetric_motif_duplication_simplified_gen20_8,not_recorded_ancestor,,offspring,20,symmetric_motif_duplication_simplified_gen20_8 | age_and_cost_regularized_survival_gen19_0 | novelty_weighted_quality_gated_niche_tournament_gen18_4 | affine_angular_profile_loss_2pass_gen8_1,0.75,
20,0.6833333333333333,explore,survival,complexity_niche_clone_purge_survival_gen20_9,not_recorded_ancestor,,offspring,20,symmetric_motif_duplication_gen4_9 | complexity_niche_clone_purge_survival_gen20_9 | tournament_selection | affine_angular_profile_loss_2pass_gen8_1,0.6833333333333333,
21,0.77,crossover,loss,affine_shape_relative_calibration_loss_gen15_gen21_0,not_recorded_ancestor,,population_reevaluation_log,22,symmetric_motif_duplication_gen9_6 | age_tournament_survival_gen11_2 | crowding_suppressed_niche_tournament_gen10_4 | affine_shape_relative_calibration_loss_gen15_gen21_0,0.8166666666666667,6192
21,0.7666666666666666,simplify,mutation,motif_duplication_rational_coupling_simple_gen21_1,not_recorded_ancestor,,offspring,21,motif_duplication_rational_coupling_simple_gen21_1 | age_and_cost_regularized_survival_gen19_0 | novelty_weighted_quality_gated_niche_tournament_gen18_4 | affine_angular_profile_loss_2pass_gen8_1,0.7666666666666666,
21,0.75,crossover,loss,tail_balanced_affine_angular_profile_loss_gen21_2,not_recorded_ancestor,,offspring,21,symmetric_motif_duplication_gen4_9 | quality_aware_pareto_niche_survival_gen13_1_gen13_1 | tournament_selection | tail_balanced_affine_angular_profile_loss_gen21_2,0.75,
21,0.7666666666666666,refine,selection,pareto_seeded_crowding_niche_tournament_gen11_1_gen21_3,not_recorded_ancestor,,offspring,21,symmetric_motif_duplication_gen10_1_gen11_9 | age_regularized_survival | pareto_seeded_crowding_niche_tournament_gen11_1_gen21_3 | affine_angular_profile_loss_2pass_gen8_1,0.7666666666666666,
21,0.795,simplify,mutation,homologous_motif_duplication_gen10_1_gen21_4,not_recorded_ancestor,,population_reevaluation_log,22,homologous_motif_duplication_gen10_1_gen21_4 | age_tournament_survival_gen11_2 | adaptive_pareto_niche_selection_gen18_7 | affine_shape_relative_uniformity_loss_gen12_5,0.8166666666666667,6193
21,0.55,explore,loss,multiview_asinh_pseudohuber_loss_gen21_5,not_recorded_ancestor,,offspring,21,symmetric_motif_duplication_gen9_6 | age_tournament_survival_gen11_2 | crowding_suppressed_niche_tournament_gen10_4 | multiview_asinh_pseudohuber_loss_gen21_5,0.55,
21,0.7833333333333333,refine,survival,age_quality_lineage_survival_gen21_6,not_recorded_ancestor,,offspring,21,symmetric_motif_duplication_gen9_6 | age_quality_lineage_survival_gen21_6 | crowding_suppressed_niche_tournament_gen10_4 | affine_shape_relative_uniformity_loss_gen12_5,0.7833333333333333,
21,0.6666666666666666,refine,survival,age_complexity_tournament_survival_gen12_gen21_7,not_recorded_ancestor,,offspring,21,symmetric_motif_duplication_gen9_6 | age_complexity_tournament_survival_gen12_gen21_7 | adaptive_pareto_niche_selection_gen18_7 | affine_shape_relative_uniformity_loss_gen12_5,0.6666666666666666,
21,0.75,simplify,selection,clone_suppressed_niche_tournament_gen21_8,not_recorded_ancestor,,offspring,21,symmetric_motif_duplication_gen10_1_gen11_9 | age_regularized_survival | clone_suppressed_niche_tournament_gen21_8 | affine_angular_profile_loss_2pass_gen8_1,0.75,
21,0.7833333333333333,explore,mutation,homologous_scaffold_mutation_gen21_9,not_recorded_ancestor,,offspring,21,homologous_scaffold_mutation_gen21_9 | age_tournament_survival_gen11_2 | crowding_suppressed_niche_tournament_gen10_4 | affine_shape_relative_uniformity_loss_gen12_5,0.7833333333333333,
22,0.7333333333333333,crossover,loss,affine_shape_stratified_softtail_loss_gen22_0,not_recorded_ancestor,,offspring,22,homologous_motif_duplication_gen10_1_gen21_4 | age_tournament_survival_gen11_2 | adaptive_pareto_niche_selection_gen18_7 | affine_shape_stratified_softtail_loss_gen22_0,0.7333333333333333,
22,0.7833333333333333,crossover,loss,stable_affine_shape_rmse_loss_gen22_1,not_recorded_ancestor,,offspring,22,motif_duplication_with_rational_coupling_gen12_gen20_5 | age_and_cost_regularized_survival_gen19_0 | novelty_weighted_quality_gated_niche_tournament_gen18_4 | stable_affine_shape_rmse_loss_gen22_1,0.7833333333333333,
22,0.765,crossover,selection,diversity_lineage_pareto_niche_tournament_gen22_2,not_recorded_ancestor,,population_reevaluation_log,23,symmetric_motif_duplication_gen9_6 | age_diversity_survival_hybrid_gen20_2 | diversity_lineage_pareto_niche_tournament_gen22_2 | affine_shape_relative_uniformity_loss_gen12_5,0.7666666666666667,6433
22,0.775,refine,mutation,symmetric_motif_duplication_gen9_7_gen22_3,not_recorded_ancestor,,population_reevaluation_log,23,symmetric_motif_duplication_gen9_7_gen22_3 | age_tournament_survival_gen11_2 | crowding_suppressed_niche_tournament_gen10_4 | affine_shape_relative_uniformity_loss_gen12_5,0.8,6432
22,0.7833333333333333,crossover,selection,pareto_niche_declone_selection_gen22_4,not_recorded_ancestor,,offspring,22,symmetric_motif_duplication_gen9_6 | age_tournament_survival_gen11_2 | pareto_niche_declone_selection_gen22_4 | affine_shape_relative_uniformity_loss_gen12_5,0.7833333333333333,
22,0.6499999999999999,explore,mutation,residual_correlation_injection_gen22_5,not_recorded_ancestor,,offspring,22,residual_correlation_injection_gen22_5 | age_tournament_survival_gen11_2 | adaptive_pareto_niche_selection_gen18_7 | affine_shape_relative_uniformity_loss_gen12_5,0.6499999999999999,
22,0.5333333333333333,explore,loss,structure_shaped_mse_gen22_6,not_recorded_ancestor,,offspring,22,symmetric_motif_duplication_gen9_6 | age_tournament_survival_gen11_2 | crowding_suppressed_niche_tournament_gen10_4 | structure_shaped_mse_gen22_6,0.5333333333333333,
22,0.8,simplify,selection,clone_suppressed_niche_tournament_simple_gen22_7,not_recorded_ancestor,,offspring,22,symmetric_motif_duplication_gen9_6 | age_tournament_survival_gen11_2 | clone_suppressed_niche_tournament_simple_gen22_7 | affine_shape_relative_calibration_loss_gen15_gen21_0,0.8,
22,0.775,refine,survival,pareto_protective_age_regularized_survival_gen22_8,not_recorded_ancestor,,population_reevaluation_log,23,symmetric_motif_duplication_gen10_1_gen11_9 | pareto_protective_age_regularized_survival_gen22_8 | crowding_suppressed_niche_tournament_gen10_4 | affine_angular_profile_loss_2pass_gen8_1,0.8166666666666667,6431
22,0.7166666666666666,crossover,survival,age_dominant_quality_protected_survival_gen22_9,not_recorded_ancestor,,offspring,22,symmetric_motif_duplication_gen9_6 | age_dominant_quality_protected_survival_gen22_9 | crowding_suppressed_niche_tournament_gen10_4 | affine_shape_relative_calibration_loss_gen15_gen21_0,0.7166666666666666,
23,0.78,crossover,selection,crowding_and_lineage_aware_quality_gated_niche_tournament_gen23_0,not_recorded_ancestor,,population_reevaluation_log,24,symmetric_motif_duplication_gen10_1_gen11_9 | age_regularized_survival | crowding_and_lineage_aware_quality_gated_niche_tournament_gen23_0 | affine_shape_rmse_loss_simple_gen14_0,0.8,6692
23,0.7,explore,mutation,algebraic_factor_distribute_mutation_gen23_1,not_recorded_ancestor,,offspring,23,algebraic_factor_distribute_mutation_gen23_1 | age_tournament_survival_gen11_2 | crowding_suppressed_niche_tournament_gen10_4 | affine_shape_relative_uniformity_loss_gen12_5,0.7,
23,0.7833333333333333,crossover,survival,pareto_crowding_age_regularized_survival_gen23_gen23_2,not_recorded_ancestor,,offspring,23,symmetric_motif_duplication_gen9_6 | pareto_crowding_age_regularized_survival_gen23_gen23_2 | crowding_suppressed_niche_tournament_gen10_4 | affine_shape_relative_uniformity_loss_gen12_5,0.7833333333333333,
23,0.79,crossover,survival,age_diversity_survival_pareto_shield_gen23_3,not_recorded_ancestor,,independent_train_reevaluation_log,23,motif_duplication_with_rational_coupling_gen12_gen20_5 | age_diversity_survival_pareto_shield_gen23_3 | novelty_weighted_quality_gated_niche_tournament_gen18_4 | affine_angular_profile_loss_2pass_gen8_1,0.8333333333333333,6752
23,0.7666666666666666,explore,selection,pareto_niche_lineage_selection_gen23_4,not_recorded_ancestor,,offspring,23,symmetric_motif_duplication_gen9_6 | age_tournament_survival_gen11_2 | pareto_niche_lineage_selection_gen23_4 | affine_shape_relative_uniformity_loss_gen12_5,0.7666666666666666,
23,0.7666666666666666,refine,survival,pareto_age_cost_survival_gen23_5,not_recorded_ancestor,,offspring,23,symmetric_motif_duplication_gen9_6 | pareto_age_cost_survival_gen23_5 | crowding_suppressed_niche_tournament_gen10_4 | affine_shape_relative_uniformity_loss_gen12_5,0.7666666666666666,
23,0.7833333333333333,refine,mutation,symmetric_motif_duplication_gen9_7_gen23_6,not_recorded_ancestor,,offspring,23,symmetric_motif_duplication_gen9_7_gen23_6 | age_diversity_survival_hybrid_gen20_2 | crowding_suppressed_niche_tournament_gen10_4 | affine_shape_relative_uniformity_loss_gen12_5,0.7833333333333333,
23,0.6499999999999999,simplify,loss,simplified_affine_profile_loss_gen23_7,not_recorded_ancestor,,offspring,23,symmetric_motif_duplication_gen10_1_gen11_9 | pareto_protective_age_regularized_survival_gen22_8 | crowding_suppressed_niche_tournament_gen10_4 | simplified_affine_profile_loss_gen23_7,0.6499999999999999,
23,0.4666666666666666,explore,loss,shape_tempered_mse_gen23_8,not_recorded_ancestor,,offspring,23,symmetric_motif_duplication_gen9_6 | age_diversity_survival_hybrid_gen20_2 | diversity_lineage_pareto_niche_tournament_gen22_2 | shape_tempered_mse_gen23_8,0.4666666666666666,
23,0.5499999999999999,explore,loss,residual_orthogonality_loss_gen23_9,not_recorded_ancestor,,offspring,23,symmetric_motif_duplication_gen10_1_gen11_9 | age_regularized_survival | crowding_suppressed_niche_tournament_gen10_4 | residual_orthogonality_loss_gen23_9,0.5499999999999999,
24,0.75,explore,survival,pareto_niche_age_survival_gen24_0,not_recorded_ancestor,,offspring,24,symmetric_motif_duplication_gen10_1_gen11_9 | pareto_niche_age_survival_gen24_0 | crowding_suppressed_niche_tournament_gen10_4 | affine_shape_rmse_loss_simple_gen14_0,0.75,
24,0.8,simplify,survival,age_diversity_survival_pareto_shield_gen23_4_gen24_1,not_recorded_ancestor,,offspring,24,motif_duplication_with_rational_coupling_gen12_gen20_5 | age_diversity_survival_pareto_shield_gen23_4_gen24_1 | novelty_weighted_quality_gated_niche_tournament_gen18_4 | affine_angular_profile_loss_2pass_gen8_1,0.8,
24,0.77,simplify,mutation,motif_duplication_rational_coupling_simple_gen24_2,not_recorded_ancestor,,population_reevaluation_log,25,motif_duplication_rational_coupling_simple_gen24_2 | age_diversity_survival_pareto_shield_gen23_3 | novelty_weighted_quality_gated_niche_tournament_gen18_4 | affine_angular_profile_loss_2pass_gen8_1,0.7833333333333333,6901
24,0.7833333333333333,simplify,selection,clone_suppressed_niche_tournament_gen24_3,not_recorded_ancestor,,offspring,24,symmetric_motif_duplication_gen9_6 | age_tournament_survival_gen11_2 | clone_suppressed_niche_tournament_gen24_3 | affine_shape_relative_uniformity_loss_gen12_5,0.7833333333333333,
24,0.6166666666666667,explore,loss,affine_guided_multiscale_loss_gen24_4,not_recorded_ancestor,,offspring,24,symmetric_motif_duplication_gen4_9 | quality_aware_pareto_niche_survival_gen13_1_gen13_1 | tournament_selection | affine_guided_multiscale_loss_gen24_4,0.6166666666666667,
24,0.7166666666666666,explore,selection,pareto_progress_niche_selection_gen24_5,not_recorded_ancestor,,offspring,24,symmetric_motif_duplication_gen4_9 | quality_aware_pareto_niche_survival_gen13_1_gen13_1 | pareto_progress_niche_selection_gen24_5 | affine_angular_profile_loss_2pass_gen8_1,0.7166666666666666,
24,0.8,crossover,mutation,motif_coupling_with_normalization_gen23_1_gen24_6,not_recorded_ancestor,,population_reevaluation_log,25,motif_coupling_with_normalization_gen23_1_gen24_6 | age_diversity_survival_hybrid_gen20_2 | crowding_suppressed_niche_tournament_gen10_4 | affine_shape_relative_uniformity_loss_gen12_5,0.8166666666666667,6902
24,0.65,simplify,loss,simplified_affine_relative_loss_gen24_7,not_recorded_ancestor,,offspring,24,symmetric_motif_duplication_gen9_6 | age_tournament_survival_gen11_2 | crowding_suppressed_niche_tournament_gen10_4 | simplified_affine_relative_loss_gen24_7,0.65,
24,0.75,explore,survival,pareto_crowding_age_survival_gen24_8,not_recorded_ancestor,,offspring,24,symmetric_motif_duplication_gen10_1_gen11_9 | pareto_crowding_age_survival_gen24_8 | crowding_suppressed_niche_tournament_gen10_4 | affine_angular_profile_loss_2pass_gen8_1,0.75,
24,0.26666666666666666,refine,loss,affine_shape_logcalib_loss_gen9_gen24_9,not_recorded_ancestor,,offspring,24,motif_duplication_with_rational_coupling_gen12_gen20_5 | age_and_cost_regularized_survival_gen19_0 | novelty_weighted_quality_gated_niche_tournament_gen18_4 | affine_shape_logcalib_loss_gen9_gen24_9,0.26666666666666666,
25,0.82,explore,survival,adaptive_pareto_niche_survival_gen25_0,not_recorded_ancestor,,population_reevaluation_log,26,motif_duplication_rational_coupling_simple_gen24_2 | adaptive_pareto_niche_survival_gen25_0 | novelty_weighted_quality_gated_niche_tournament_gen18_4 | affine_angular_profile_loss_2pass_gen8_1,0.8333333333333333,7112
25,0.7666666666666666,simplify,loss,affine_shape_calibration_loss_simple_gen25_1,not_recorded_ancestor,,offspring,25,motif_duplication_rational_coupling_simple_gen24_2 | age_diversity_survival_pareto_shield_gen23_3 | novelty_weighted_quality_gated_niche_tournament_gen18_4 | affine_shape_calibration_loss_simple_gen25_1,0.7666666666666666,
25,0.76,simplify,mutation,simplified_symmetric_motif_duplication_gen25_2,not_recorded_ancestor,,population_reevaluation_log,26,simplified_symmetric_motif_duplication_gen25_2 | age_regularized_survival | crowding_suppressed_niche_tournament_gen10_4 | affine_angular_profile_loss_2pass_gen8_1,0.8,7110
25,0.7666666666666666,refine,loss,affine_angular_profile_loss_2pass_gen9_1_gen25_3,not_recorded_ancestor,,offspring,25,motif_duplication_with_rational_coupling_gen12_gen20_5 | age_and_cost_regularized_survival_gen19_0 | novelty_weighted_quality_gated_niche_tournament_gen18_4 | affine_angular_profile_loss_2pass_gen9_1_gen25_3,0.7666666666666666,
25,0.8,refine,mutation,motif_duplication_with_modulated_rational_coupling_gen12_gen20_6_gen25_4,not_recorded_ancestor,,offspring,25,motif_duplication_with_modulated_rational_coupling_gen12_gen20_6_gen25_4 | age_and_cost_regularized_survival_gen19_0 | novelty_weighted_quality_gated_niche_tournament_gen18_4 | affine_angular_profile_loss_2pass_gen8_1,0.8,
25,0.7833333333333333,explore,selection,pareto_niche_lineage_tournament_gen25_5,not_recorded_ancestor,,offspring,25,motif_duplication_rational_coupling_simple_gen24_2 | age_diversity_survival_pareto_shield_gen23_3 | pareto_niche_lineage_tournament_gen25_5 | affine_angular_profile_loss_2pass_gen8_1,0.7833333333333333,
25,0.75,simplify,selection,clone_suppressed_quality_niche_tournament_gen25_6,not_recorded_ancestor,,offspring,25,motif_duplication_rational_coupling_simple_gen24_2 | age_diversity_survival_pareto_shield_gen23_3 | clone_suppressed_quality_niche_tournament_gen25_6 | affine_angular_profile_loss_2pass_gen8_1,0.75,
25,0.8,simplify,survival,sampled_age_survival_seeded_gen25_7,not_recorded_ancestor,,offspring,25,symmetric_motif_duplication_gen9_6 | sampled_age_survival_seeded_gen25_7 | crowding_suppressed_niche_tournament_gen10_4 | affine_shape_relative_uniformity_loss_gen12_5,0.8,
25,0.76,explore,survival,pareto_niche_crowding_survival_gen25_8,not_recorded_ancestor,,population_reevaluation_log,26,motif_duplication_with_rational_coupling_gen12_gen20_5 | pareto_niche_crowding_survival_gen25_8 | novelty_weighted_quality_gated_niche_tournament_gen18_4 | affine_angular_profile_loss_2pass_gen8_1,0.7166666666666666,7111
25,0.7333333333333333,crossover,loss,robust_affine_relative_shape_loss_gen25_9,not_recorded_ancestor,,offspring,25,motif_coupling_with_normalization_gen23_1_gen24_6 | age_diversity_survival_hybrid_gen20_2 | crowding_suppressed_niche_tournament_gen10_4 | robust_affine_relative_shape_loss_gen25_9,0.7333333333333333,
26,0.795,simplify,survival,age_diversity_survival_pareto_shield_simple_gen26_0,not_recorded_ancestor,,independent_train_reevaluation_log,26,motif_duplication_with_rational_coupling_gen12_gen20_5 | age_diversity_survival_pareto_shield_simple_gen26_0 | novelty_weighted_quality_gated_niche_tournament_gen18_4 | affine_angular_profile_loss_2pass_gen8_1,0.8333333333333333,7632
26,0.75,simplify,mutation,motif_duplication_symmetric_coupling_gen26_1,not_recorded_ancestor,,offspring,26,motif_duplication_symmetric_coupling_gen26_1 | adaptive_pareto_niche_survival_gen25_0 | novelty_weighted_quality_gated_niche_tournament_gen18_4 | affine_angular_profile_loss_2pass_gen8_1,0.75,
26,0.7666666666666666,refine,selection,pareto_gateway_crowding_niche_tournament_gen19_gen26_2,not_recorded_ancestor,,offspring,26,motif_duplication_with_rational_coupling_gen12_gen20_5 | age_diversity_survival_pareto_shield_gen23_3 | pareto_gateway_crowding_niche_tournament_gen19_gen26_2 | affine_angular_profile_loss_2pass_gen8_1,0.7666666666666666,
26,0.81,simplify,survival,oldest_cohort_cost_survival_gen26_3,not_recorded_ancestor,,population_reevaluation_log,27,motif_duplication_with_rational_coupling_gen12_gen20_5 | oldest_cohort_cost_survival_gen26_3 | novelty_weighted_quality_gated_niche_tournament_gen18_4 | affine_angular_profile_loss_2pass_gen8_1,0.8166666666666667,7575
26,0.4833333333333333,explore,loss,soft_relative_tail_tempered_loss_gen26_4,not_recorded_ancestor,,offspring,26,motif_duplication_rational_coupling_simple_gen24_2 | adaptive_pareto_niche_survival_gen25_0 | novelty_weighted_quality_gated_niche_tournament_gen18_4 | soft_relative_tail_tempered_loss_gen26_4,0.4833333333333333,
26,0.79,crossover,selection,plateau_aware_gap_seeking_niche_tournament_gen26_5,not_recorded_ancestor,,population_reevaluation_log,27,symmetric_motif_duplication_gen9_7_gen22_3 | age_tournament_survival_gen11_2 | plateau_aware_gap_seeking_niche_tournament_gen26_5 | affine_shape_relative_uniformity_loss_gen12_5,0.8166666666666667,7576
26,0.8166666666666667,crossover,survival,pareto_quality_niche_survival_combined_gen26_6,not_recorded_ancestor,,offspring,26,motif_duplication_with_rational_coupling_gen12_gen20_5 | pareto_quality_niche_survival_combined_gen26_6 | novelty_weighted_quality_gated_niche_tournament_gen18_4 | affine_angular_profile_loss_2pass_gen8_1,0.8166666666666667,
26,0.55,explore,loss,trend_normalized_squared_error_gen26_7,not_recorded_ancestor,,offspring,26,symmetric_motif_duplication_gen10_1_gen11_9 | age_regularized_survival | crowding_suppressed_niche_tournament_gen10_4 | trend_normalized_squared_error_gen26_7,0.55,
26,0.75,simplify,selection,compact_clone_aware_tournament_gen26_8,not_recorded_ancestor,,offspring,26,symmetric_motif_duplication_gen10_1_gen11_9 | age_regularized_survival | compact_clone_aware_tournament_gen26_8 | affine_shape_rmse_loss_simple_gen14_0,0.75,
26,0.75,simplify,mutation,symmetric_motif_duplication_simple_gen26_9,not_recorded_ancestor,,offspring,26,symmetric_motif_duplication_simple_gen26_9 | age_regularized_survival | crowding_suppressed_niche_tournament_gen10_4 | affine_angular_profile_loss_2pass_gen8_1,0.75,
27,0.74,explore,survival,lineage_frontier_crowding_survival_gen27_0,not_recorded_ancestor,,population_reevaluation_log,28,motif_duplication_with_rational_coupling_gen12_gen20_5 | lineage_frontier_crowding_survival_gen27_0 | novelty_weighted_quality_gated_niche_tournament_gen18_4 | affine_angular_profile_loss_2pass_gen8_1,0.7,7810
27,0.75,explore,selection,structural_niche_annealed_tournament_gen27_1,not_recorded_ancestor,,offspring,27,motif_duplication_with_rational_coupling_gen12_gen20_5 | age_diversity_survival_pareto_shield_gen23_3 | structural_niche_annealed_tournament_gen27_1 | affine_angular_profile_loss_2pass_gen8_1,0.75,
27,0.6,refine,loss,affine_shape_rmse_loss_logtie_gen15_0_gen27_2,not_recorded_ancestor,,offspring,27,symmetric_motif_duplication_gen10_1_gen11_9 | age_regularized_survival | crowding_suppressed_niche_tournament_gen10_4 | affine_shape_rmse_loss_logtie_gen15_0_gen27_2,0.6,
27,0.7,crossover,mutation,normalized_motif_duplication_gen27_3,not_recorded_ancestor,,offspring,27,normalized_motif_duplication_gen27_3 | oldest_cohort_cost_survival_gen26_3 | novelty_weighted_quality_gated_niche_tournament_gen18_4 | affine_angular_profile_loss_2pass_gen8_1,0.7,
27,0.8,crossover,selection,pareto_plateau_gap_novelty_tournament_gen27_4,not_recorded_ancestor,,offspring,27,motif_duplication_with_rational_coupling_gen12_gen20_5 | oldest_cohort_cost_survival_gen26_3 | pareto_plateau_gap_novelty_tournament_gen27_4 | affine_angular_profile_loss_2pass_gen8_1,0.8,
27,0.7833333333333333,simplify,survival,binary_age_tournament_survival_gen27_5,not_recorded_ancestor,,offspring,27,symmetric_motif_duplication_gen9_7_gen22_3 | binary_age_tournament_survival_gen27_5 | plateau_aware_gap_seeking_niche_tournament_gen26_5 | affine_shape_relative_uniformity_loss_gen12_5,0.7833333333333333,
27,0.525,explore,loss,split_stability_loss_gen27_6,not_recorded_ancestor,,population_reevaluation_log,28,motif_duplication_with_rational_coupling_gen12_gen20_5 | age_and_cost_regularized_survival_gen19_0 | novelty_weighted_quality_gated_niche_tournament_gen18_4 | split_stability_loss_gen27_6,0.5999999999999999,7811
27,0.7833333333333333,crossover,survival,shielded_age_cost_survival_gen24_gen27_7,not_recorded_ancestor,,offspring,27,motif_duplication_rational_coupling_simple_gen24_2 | shielded_age_cost_survival_gen24_gen27_7 | novelty_weighted_quality_gated_niche_tournament_gen18_4 | affine_angular_profile_loss_2pass_gen8_1,0.7833333333333333,
27,0.7166666666666666,refine,loss,affine_shape_normalized_relative_loss_gen13_1_gen27_8,not_recorded_ancestor,,offspring,27,symmetric_motif_duplication_gen9_7_gen22_3 | age_tournament_survival_gen11_2 | plateau_aware_gap_seeking_niche_tournament_gen26_5 | affine_shape_normalized_relative_loss_gen13_1_gen27_8,0.7166666666666666,
27,0.825,simplify,mutation,motif_duplication_simple_rational_gen27_9,operator_origin,mutation,population_reevaluation_log,28,motif_duplication_simple_rational_gen27_9 | age_and_cost_regularized_survival_gen19_0 | novelty_weighted_quality_gated_niche_tournament_gen18_4 | affine_angular_profile_loss_2pass_gen8_1,0.8,7809
28,0.7666666666666666,simplify,loss,affine_angular_profile_loss_2pass_gen8_1_simplified_gen28_0,not_recorded_ancestor,,offspring,28,motif_duplication_with_rational_coupling_gen12_gen20_5 | lineage_frontier_crowding_survival_gen27_0 | novelty_weighted_quality_gated_niche_tournament_gen18_4 | affine_angular_profile_loss_2pass_gen8_1_simplified_gen28_0,0.7666666666666666,
28,0.8,refine,survival,age_capped_pareto_cohort_survival_gen27_1_gen28_1,not_recorded_ancestor,,offspring,28,motif_duplication_with_rational_coupling_gen12_gen20_5 | age_capped_pareto_cohort_survival_gen27_1_gen28_1 | novelty_weighted_quality_gated_niche_tournament_gen18_4 | affine_angular_profile_loss_2pass_gen8_1,0.8,
28,0.805,crossover,loss,robust_affine_angular_profile_loss_gen28_2,not_recorded_ancestor,,population_reevaluation_log,29,motif_duplication_rational_coupling_simple_gen24_2 | adaptive_pareto_niche_survival_gen25_0 | novelty_weighted_quality_gated_niche_tournament_gen18_4 | robust_affine_angular_profile_loss_gen28_2,0.8333333333333333,8101
28,0.825,refine,mutation,motif_duplication_residual_guided_coupling_gen25_gen28_3,not_recorded_ancestor,,independent_train_reevaluation_log,28,motif_duplication_residual_guided_coupling_gen25_gen28_3 | adaptive_pareto_niche_survival_gen25_0 | novelty_weighted_quality_gated_niche_tournament_gen18_4 | affine_angular_profile_loss_2pass_gen8_1,0.8666666666666666,8161
28,0.75,simplify,survival,frontier_density_survival_gen27_1_gen28_4,not_recorded_ancestor,,offspring,28,motif_duplication_with_rational_coupling_gen12_gen20_5 | frontier_density_survival_gen27_1_gen28_4 | novelty_weighted_quality_gated_niche_tournament_gen18_4 | affine_angular_profile_loss_2pass_gen8_1,0.75,
28,0.6833333333333333,refine,selection,novelty_weighted_quality_gated_niche_tournament_gen19_gen28_5,not_recorded_ancestor,,offspring,28,motif_duplication_simple_rational_gen27_9 | age_and_cost_regularized_survival_gen19_0 | novelty_weighted_quality_gated_niche_tournament_gen19_gen28_5 | affine_angular_profile_loss_2pass_gen8_1,0.6833333333333333,
28,0.7666666666666666,explore,selection,pareto_frontier_tournament_selection_gen28_6,not_recorded_ancestor,,offspring,28,motif_duplication_with_rational_coupling_gen12_gen20_5 | oldest_cohort_cost_survival_gen26_3 | pareto_frontier_tournament_selection_gen28_6 | affine_angular_profile_loss_2pass_gen8_1,0.7666666666666666,
28,0.8,crossover,selection,novelty_weighted_quality_gated_niche_tournament_stagnation_adaptive_gen28_7,not_recorded_ancestor,,offspring,28,motif_duplication_with_rational_coupling_gen12_gen20_5 | age_and_cost_regularized_survival_gen19_0 | novelty_weighted_quality_gated_niche_tournament_stagnation_adaptive_gen28_7 | affine_angular_profile_loss_2pass_gen8_1,0.8,
28,0.825,simplify,survival,age_and_cost_regularized_survival_simple_gen28_8,operator_origin,survival,population_reevaluation_log,29,motif_duplication_simple_rational_gen27_9 | age_and_cost_regularized_survival_simple_gen28_8 | novelty_weighted_quality_gated_niche_tournament_gen18_4 | affine_angular_profile_loss_2pass_gen8_1,0.8666666666666666,8100
28,0.7833333333333333,crossover,mutation,motif_duplication_with_envelope_coupling_gen28_9,not_recorded_ancestor,,offspring,28,motif_duplication_with_envelope_coupling_gen28_9 | oldest_cohort_cost_survival_gen26_3 | novelty_weighted_quality_gated_niche_tournament_gen18_4 | affine_angular_profile_loss_2pass_gen8_1,0.7833333333333333,
29,0.7833333333333333,refine,mutation,motif_duplication_adaptive_coupling_gen29_0,not_recorded_ancestor,,offspring,29,motif_duplication_adaptive_coupling_gen29_0 | adaptive_pareto_niche_survival_gen25_0 | novelty_weighted_quality_gated_niche_tournament_gen18_4 | affine_angular_profile_loss_2pass_gen8_1,0.7833333333333333,
29,0.805,refine,selection,structure_verified_occupancy_balanced_niche_tournament_gen29_1,not_recorded_ancestor,,population_reevaluation_log,30,motif_duplication_rational_coupling_simple_gen24_2 | adaptive_pareto_niche_survival_gen25_0 | structure_verified_occupancy_balanced_niche_tournament_gen29_1 | robust_affine_angular_profile_loss_gen28_2,0.8166666666666667,8397
29,0.7666666666666666,explore,mutation,newton_constant_step_gen29_2,not_recorded_ancestor,,offspring,29,newton_constant_step_gen29_2 | adaptive_pareto_niche_survival_gen25_0 | novelty_weighted_quality_gated_niche_tournament_gen18_4 | affine_angular_profile_loss_2pass_gen8_1,0.7666666666666666,
29,0.8,refine,mutation,motif_duplication_rational_coupling_lorentz_gen25_gen29_3,not_recorded_ancestor,,offspring,29,motif_duplication_rational_coupling_lorentz_gen25_gen29_3 | adaptive_pareto_niche_survival_gen25_0 | novelty_weighted_quality_gated_niche_tournament_gen18_4 | robust_affine_angular_profile_loss_gen28_2,0.8,
29,0.75,crossover,survival,pareto_shielded_sampled_age_survival_gen27_0_gen29_4,not_recorded_ancestor,,offspring,29,motif_duplication_rational_coupling_simple_gen24_2 | pareto_shielded_sampled_age_survival_gen27_0_gen29_4 | novelty_weighted_quality_gated_niche_tournament_gen18_4 | robust_affine_angular_profile_loss_gen28_2,0.75,
29,0.0,crossover,selection,structural_signature_quality_gated_niche_tournament_gen29_5,not_recorded_ancestor,,offspring,29,motif_duplication_with_rational_coupling_gen12_gen20_5 | age_and_cost_regularized_survival_gen19_0 | structural_signature_quality_gated_niche_tournament_gen29_5 | affine_angular_profile_loss_2pass_gen8_1,0.0,
29,0.795,simplify,loss,affine_shape_loss_simple_gen29_6,not_recorded_ancestor,,independent_train_reevaluation_log,29,motif_duplication_rational_coupling_simple_gen24_2 | adaptive_pareto_niche_survival_gen25_0 | novelty_weighted_quality_gated_niche_tournament_gen18_4 | affine_shape_loss_simple_gen29_6,0.85,8459
29,0.75,refine,loss,standardized_angular_shape_calibration_loss_gen29_7,not_recorded_ancestor,,offspring,29,motif_duplication_rational_coupling_simple_gen24_2 | adaptive_pareto_niche_survival_gen25_0 | novelty_weighted_quality_gated_niche_tournament_gen18_4 | standardized_angular_shape_calibration_loss_gen29_7,0.75,
29,0.68,simplify,loss,affine_shape_correlation_loss_gen29_8,not_recorded_ancestor,,population_reevaluation_log,30,motif_duplication_with_rational_coupling_gen12_gen20_5 | age_and_cost_regularized_survival_gen19_0 | novelty_weighted_quality_gated_niche_tournament_gen18_4 | affine_shape_correlation_loss_gen29_8,0.7,8398
29,0.825,crossover,survival,pareto_niche_age_cost_survival_gen30_0_gen29_9,not_recorded_ancestor,,population_reevaluation_log,30,motif_duplication_simple_rational_gen27_9 | pareto_niche_age_cost_survival_gen30_0_gen29_9 | novelty_weighted_quality_gated_niche_tournament_gen18_4 | affine_angular_profile_loss_2pass_gen8_1,0.8166666666666667,8399
30,0.76,refine,selection,novelty_weighted_quality_gated_niche_tournament_gen19_gen30_0,not_recorded_ancestor,,independent_train_reevaluation_log,30,motif_duplication_rational_coupling_simple_gen24_2 | adaptive_pareto_niche_survival_gen25_0 | novelty_weighted_quality_gated_niche_tournament_gen19_gen30_0 | affine_angular_profile_loss_2pass_gen8_1,0.8333333333333333,8735
30,0.795,refine,loss,affine_tailaware_profile_loss_2pass_gen9_1_gen30_1,not_recorded_ancestor,,population_reevaluation_log,31,motif_duplication_with_rational_coupling_gen12_gen20_5 | age_and_cost_regularized_survival_gen19_0 | novelty_weighted_quality_gated_niche_tournament_gen18_4 | affine_tailaware_profile_loss_2pass_gen9_1_gen30_1,0.8333333333333333,8679
30,0.8,refine,survival,adaptive_pareto_niche_survival_gen25_1_gen30_2,not_recorded_ancestor,,offspring,30,motif_duplication_rational_coupling_simple_gen24_2 | adaptive_pareto_niche_survival_gen25_1_gen30_2 | novelty_weighted_quality_gated_niche_tournament_gen18_4 | affine_shape_loss_simple_gen29_6,0.8,
30,0.815,crossover,loss,adaptive_affine_shape_precision_loss_gen30_3,not_recorded_ancestor,,population_reevaluation_log,31,motif_duplication_rational_coupling_simple_gen24_2 | adaptive_pareto_niche_survival_gen25_0 | novelty_weighted_quality_gated_niche_tournament_gen18_4 | adaptive_affine_shape_precision_loss_gen30_3,0.8333333333333333,8680
30,0.7,refine,survival,marginal_pareto_lease_niche_survival_gen30_4,not_recorded_ancestor,,offspring,30,motif_duplication_rational_coupling_simple_gen24_2 | marginal_pareto_lease_niche_survival_gen30_4 | novelty_weighted_quality_gated_niche_tournament_gen18_4 | affine_shape_loss_simple_gen29_6,0.7,
30,0.805,simplify,loss,streamlined_affine_angular_loss_gen30_5,not_recorded_ancestor,,population_reevaluation_log,31,motif_duplication_rational_coupling_simple_gen24_2 | adaptive_pareto_niche_survival_gen25_0 | novelty_weighted_quality_gated_niche_tournament_gen18_4 | streamlined_affine_angular_loss_gen30_5,0.8,8678
30,0.8166666666666667,explore,selection,pareto_niched_epsilon_lexicase_selection_gen30_6,not_recorded_ancestor,,offspring,30,motif_duplication_with_rational_coupling_gen12_gen20_5 | age_diversity_survival_pareto_shield_simple_gen26_0 | pareto_niched_epsilon_lexicase_selection_gen30_6 | affine_angular_profile_loss_2pass_gen8_1,0.8166666666666667,
30,0.8,refine,mutation,motif_duplication_multitemplate_gen28_gen30_7,not_recorded_ancestor,,offspring,30,motif_duplication_multitemplate_gen28_gen30_7 | age_and_cost_regularized_survival_simple_gen28_8 | novelty_weighted_quality_gated_niche_tournament_gen18_4 | affine_angular_profile_loss_2pass_gen8_1,0.8,
30,0.75,crossover,survival,age_dominant_cost_tiebreak_survival_gen30_8,not_recorded_ancestor,,offspring,30,motif_duplication_rational_coupling_simple_gen24_2 | age_dominant_cost_tiebreak_survival_gen30_8 | novelty_weighted_quality_gated_niche_tournament_gen18_4 | affine_shape_loss_simple_gen29_6,0.75,
30,0.016666666666666666,explore,mutation,inject_residual_matched_atom_gen30_9,not_recorded_ancestor,,offspring,30,inject_residual_matched_atom_gen30_9 | adaptive_pareto_niche_survival_gen25_0 | novelty_weighted_quality_gated_niche_tournament_gen18_4 | affine_shape_loss_simple_gen29_6,0.016666666666666666,
31,0.7666666666666666,simplify,survival,age_and_cost_regularized_survival_simple_gen28_9_gen31_0,not_recorded_ancestor,,offspring,31,motif_duplication_simple_rational_gen27_9 | age_and_cost_regularized_survival_simple_gen28_9_gen31_0 | novelty_weighted_quality_gated_niche_tournament_gen18_4 | affine_angular_profile_loss_2pass_gen8_1,0.7666666666666666,
31,0.7166666666666666,simplify,loss,affine_shape_raw_tiebreak_loss_gen31_1,not_recorded_ancestor,,offspring,31,motif_duplication_simple_rational_gen27_9 | age_and_cost_regularized_survival_simple_gen28_8 | novelty_weighted_quality_gated_niche_tournament_gen18_4 | affine_shape_raw_tiebreak_loss_gen31_1,0.7166666666666666,
31,0.805,simplify,mutation,motif_duplication_rational_lean_gen31_2,not_recorded_ancestor,,population_reevaluation_log,32,motif_duplication_rational_lean_gen31_2 | pareto_niche_age_cost_survival_gen30_0_gen29_9 | novelty_weighted_quality_gated_niche_tournament_gen18_4 | affine_angular_profile_loss_2pass_gen8_1,0.8166666666666667,8948
31,0.79,simplify,survival,oldest_cohort_worst_cost_survival_gen31_3,not_recorded_ancestor,,population_reevaluation_log,32,motif_duplication_with_rational_coupling_gen12_gen20_5 | oldest_cohort_worst_cost_survival_gen31_3 | novelty_weighted_quality_gated_niche_tournament_gen18_4 | affine_tailaware_profile_loss_2pass_gen9_1_gen30_1,0.8166666666666667,8949
31,0.7166666666666666,simplify,selection,clone_suppressed_quality_niche_tournament_gen31_4,not_recorded_ancestor,,offspring,31,motif_duplication_with_rational_coupling_gen12_gen20_5 | age_diversity_survival_pareto_shield_simple_gen26_0 | clone_suppressed_quality_niche_tournament_gen31_4 | affine_angular_profile_loss_2pass_gen8_1,0.7166666666666666,
31,0.77,simplify,mutation,motif_duplication_rational_coupling_simpler_gen31_5,not_recorded_ancestor,,independent_train_reevaluation_log,31,motif_duplication_rational_coupling_simpler_gen31_5 | adaptive_pareto_niche_survival_gen25_0 | novelty_weighted_quality_gated_niche_tournament_gen18_4 | adaptive_affine_shape_precision_loss_gen30_3,0.8333333333333333,9009
31,0.6666666666666666,simplify,loss,affine_correlation_calibration_loss_gen31_6,not_recorded_ancestor,,offspring,31,motif_duplication_rational_coupling_simple_gen24_2 | adaptive_pareto_niche_survival_gen25_0 | novelty_weighted_quality_gated_niche_tournament_gen19_gen30_0 | affine_correlation_calibration_loss_gen31_6,0.6666666666666666,
31,0.76,simplify,selection,crowding_suppressed_niche_tournament_gen10_4_simple_gen31_7,not_recorded_ancestor,,population_reevaluation_log,32,symmetric_motif_duplication_gen10_1_gen11_9 | age_regularized_survival | crowding_suppressed_niche_tournament_gen10_4_simple_gen31_7 | affine_shape_rmse_loss_simple_gen14_0,0.7833333333333333,8950
31,0.4333333333333334,simplify,loss,affine_shape_rmse_loss_onepass_gen31_8,not_recorded_ancestor,,offspring,31,symmetric_motif_duplication_gen10_1_gen11_9 | age_regularized_survival | crowding_suppressed_niche_tournament_gen10_4 | affine_shape_rmse_loss_onepass_gen31_8,0.4333333333333334,
31,0.7666666666666666,simplify,mutation,motif_duplication_rational_coupling_simple_gen24_3_gen31_9,not_recorded_ancestor,,offspring,31,motif_duplication_rational_coupling_simple_gen24_3_gen31_9 | adaptive_pareto_niche_survival_gen25_0 | novelty_weighted_quality_gated_niche_tournament_gen19_gen30_0 | affine_angular_profile_loss_2pass_gen8_1,0.7666666666666666,
32,0.7666666666666666,simplify,selection,clone_suppressed_niche_tournament_gen32_0,not_recorded_ancestor,,offspring,32,motif_duplication_rational_coupling_simple_gen24_2 | adaptive_pareto_niche_survival_gen25_0 | clone_suppressed_niche_tournament_gen32_0 | affine_angular_profile_loss_2pass_gen8_1,0.7666666666666666,
32,0.7833333333333333,simplify,mutation,motif_duplication_simple_rational_gen27_10_gen32_1,not_recorded_ancestor,,offspring,32,motif_duplication_simple_rational_gen27_10_gen32_1 | age_and_cost_regularized_survival_simple_gen28_8 | novelty_weighted_quality_gated_niche_tournament_gen18_4 | affine_angular_profile_loss_2pass_gen8_1,0.7833333333333333,
32,0.82,simplify,loss,affine_shape_rmse_loss_simple_gen32_2,not_recorded_ancestor,,population_reevaluation_log,33,motif_duplication_with_rational_coupling_gen12_gen20_5 | age_diversity_survival_pareto_shield_simple_gen26_0 | novelty_weighted_quality_gated_niche_tournament_gen18_4 | affine_shape_rmse_loss_simple_gen32_2,0.8166666666666667,9209
32,0.7,simplify,selection,clone_suppressed_niche_tournament_simple_gen32_3,not_recorded_ancestor,,offspring,32,motif_duplication_rational_coupling_simple_gen24_2 | adaptive_pareto_niche_survival_gen25_0 | clone_suppressed_niche_tournament_simple_gen32_3 | affine_angular_profile_loss_2pass_gen8_1,0.7,
32,0.75,simplify,loss,simple_affine_shape_calibration_loss_gen32_4,not_recorded_ancestor,,offspring,32,motif_duplication_rational_coupling_simpler_gen31_5 | adaptive_pareto_niche_survival_gen25_0 | novelty_weighted_quality_gated_niche_tournament_gen18_4 | simple_affine_shape_calibration_loss_gen32_4,0.75,
32,0.835,simplify,survival,two_oldest_cost_biased_survival_gen32_5,not_recorded_ancestor,,independent_train_reevaluation_log,32,motif_duplication_simple_rational_gen27_9 | two_oldest_cost_biased_survival_gen32_5 | novelty_weighted_quality_gated_niche_tournament_gen18_4 | affine_angular_profile_loss_2pass_gen8_1,0.85,9269
32,0.7666666666666666,simplify,mutation,focused_inplace_motif_duplication_gen32_6,not_recorded_ancestor,,offspring,32,focused_inplace_motif_duplication_gen32_6 | oldest_cohort_worst_cost_survival_gen31_3 | novelty_weighted_quality_gated_niche_tournament_gen18_4 | affine_tailaware_profile_loss_2pass_gen9_1_gen30_1,0.7666666666666666,
32,0.7833333333333333,simplify,survival,oldest_pair_worst_cost_survival_gen32_7,not_recorded_ancestor,,offspring,32,motif_duplication_with_rational_coupling_gen12_gen20_5 | oldest_pair_worst_cost_survival_gen32_7 | novelty_weighted_quality_gated_niche_tournament_gen18_4 | affine_tailaware_profile_loss_2pass_gen9_1_gen30_1,0.7833333333333333,
32,0.83,simplify,mutation,simple_self_saturation_duplication_gen32_8,not_recorded_ancestor,,population_reevaluation_log,33,simple_self_saturation_duplication_gen32_8 | adaptive_pareto_niche_survival_gen25_0 | novelty_weighted_quality_gated_niche_tournament_gen18_4 | adaptive_affine_shape_precision_loss_gen30_3,0.8,9210
32,0.8,simplify,survival,pareto_age_survival_simplified_gen32_9,not_recorded_ancestor,,offspring,32,motif_duplication_rational_coupling_simpler_gen31_5 | pareto_age_survival_simplified_gen32_9 | novelty_weighted_quality_gated_niche_tournament_gen18_4 | adaptive_affine_shape_precision_loss_gen30_3,0.8,
33,0.815,simplify,loss,streamlined_affine_profile_loss_gen33_0,not_recorded_ancestor,,population_reevaluation_log,34,motif_duplication_with_rational_coupling_gen12_gen20_5 | age_diversity_survival_pareto_shield_simple_gen26_0 | novelty_weighted_quality_gated_niche_tournament_gen18_4 | streamlined_affine_profile_loss_gen33_0,0.8333333333333333,9451
33,0.8,simplify,mutation,motif_duplication_rational_lean_gen33_1,not_recorded_ancestor,,offspring,33,motif_duplication_rational_lean_gen33_1 | two_oldest_cost_biased_survival_gen32_5 | novelty_weighted_quality_gated_niche_tournament_gen18_4 | affine_angular_profile_loss_2pass_gen8_1,0.8,
33,0.7166666666666666,simplify,selection,streamlined_diversity_niche_tournament_gen33_2,not_recorded_ancestor,,offspring,33,motif_duplication_simple_rational_gen27_9 | two_oldest_cost_biased_survival_gen32_5 | streamlined_diversity_niche_tournament_gen33_2 | affine_angular_profile_loss_2pass_gen8_1,0.7166666666666666,
33,0.75,simplify,selection,clone_suppressed_niche_tournament_gen33_3,not_recorded_ancestor,,offspring,33,motif_duplication_simple_rational_gen27_9 | age_and_cost_regularized_survival_gen19_0 | clone_suppressed_niche_tournament_gen33_3 | affine_angular_profile_loss_2pass_gen8_1,0.75,
33,0.8166666666666667,simplify,survival,age_diversity_survival_pareto_shield_simple_gen26_1_gen33_4,not_recorded_ancestor,,offspring,33,motif_duplication_with_rational_coupling_gen12_gen20_5 | age_diversity_survival_pareto_shield_simple_gen26_1_gen33_4 | novelty_weighted_quality_gated_niche_tournament_gen18_4 | affine_shape_rmse_loss_simple_gen32_2,0.8166666666666667,
33,0.7333333333333333,simplify,mutation,motif_duplication_accumulator_gen33_5,not_recorded_ancestor,,offspring,33,motif_duplication_accumulator_gen33_5 | age_and_cost_regularized_survival_gen19_0 | novelty_weighted_quality_gated_niche_tournament_gen18_4 | affine_angular_profile_loss_2pass_gen8_1,0.7333333333333333,
33,0.7833333333333333,simplify,mutation,streamlined_motif_duplication_gen33_6,not_recorded_ancestor,,offspring,33,streamlined_motif_duplication_gen33_6 | age_diversity_survival_pareto_shield_simple_gen26_0 | novelty_weighted_quality_gated_niche_tournament_gen18_4 | affine_angular_profile_loss_2pass_gen8_1,0.7833333333333333,
33,0.8,simplify,survival,age_cost_cohort_survival_gen33_7,not_recorded_ancestor,,offspring,33,motif_duplication_simple_rational_gen27_9 | age_cost_cohort_survival_gen33_7 | novelty_weighted_quality_gated_niche_tournament_gen18_4 | affine_angular_profile_loss_2pass_gen8_1,0.8,
33,0.775,simplify,survival,elite_protected_age_survival_gen33_8,not_recorded_ancestor,,independent_train_reevaluation_log,33,motif_duplication_simple_rational_gen27_9 | elite_protected_age_survival_gen33_8 | novelty_weighted_quality_gated_niche_tournament_gen18_4 | affine_angular_profile_loss_2pass_gen8_1,0.8333333333333333,9510
33,0.8,simplify,loss,scaled_affine_correlation_loss_gen33_9,not_recorded_ancestor,,offspring,33,motif_duplication_simple_rational_gen27_9 | pareto_niche_age_cost_survival_gen30_0_gen29_9 | novelty_weighted_quality_gated_niche_tournament_gen18_4 | scaled_affine_correlation_loss_gen33_9,0.8,
34,0.75,simplify,mutation,motif_duplication_rational_lean_gen34_0,not_recorded_ancestor,,offspring,34,motif_duplication_rational_lean_gen34_0 | elite_protected_age_survival_gen33_8 | novelty_weighted_quality_gated_niche_tournament_gen18_4 | affine_angular_profile_loss_2pass_gen8_1,0.75,
34,0.7666666666666666,simplify,mutation,streamlined_motif_duplication_gen34_1,not_recorded_ancestor,,offspring,34,streamlined_motif_duplication_gen34_1 | elite_protected_age_survival_gen33_8 | novelty_weighted_quality_gated_niche_tournament_gen18_4 | affine_angular_profile_loss_2pass_gen8_1,0.7666666666666666,
34,0.7666666666666667,simplify,mutation,duplicate_motif_product_or_rational_gen34_2,not_recorded_ancestor,,offspring,34,duplicate_motif_product_or_rational_gen34_2 | elite_protected_age_survival_gen33_8 | novelty_weighted_quality_gated_niche_tournament_gen18_4 | affine_angular_profile_loss_2pass_gen8_1,0.7666666666666667,
34,0.8,simplify,survival,elite_exempt_age_survival_gen34_3,not_recorded_ancestor,,offspring,34,motif_duplication_simple_rational_gen27_9 | elite_exempt_age_survival_gen34_3 | novelty_weighted_quality_gated_niche_tournament_gen18_4 | affine_angular_profile_loss_2pass_gen8_1,0.8,
34,0.82,simplify,selection,clone_gated_niche_tournament_gen19_gen34_4,not_recorded_ancestor,,population_reevaluation_log,35,simple_self_saturation_duplication_gen32_8 | adaptive_pareto_niche_survival_gen25_0 | clone_gated_niche_tournament_gen19_gen34_4 | adaptive_affine_shape_precision_loss_gen30_3,0.8666666666666666,9701
34,0.8,simplify,survival,elite_exempt_age_survival_gen34_5,not_recorded_ancestor,,offspring,34,motif_duplication_simple_rational_gen27_9 | elite_exempt_age_survival_gen34_5 | novelty_weighted_quality_gated_niche_tournament_gen18_4 | affine_angular_profile_loss_2pass_gen8_1,0.8,
34,0.805,simplify,selection,clone_suppressed_quality_niche_tournament_gen34_6,not_recorded_ancestor,,independent_train_reevaluation_log,34,simple_self_saturation_duplication_gen32_8 | adaptive_pareto_niche_survival_gen25_0 | clone_suppressed_quality_niche_tournament_gen34_6 | adaptive_affine_shape_precision_loss_gen30_3,0.8666666666666666,9950
34,0.825,simplify,loss,simplified_affine_profile_loss_gen34_7,operator_origin,loss,population_reevaluation_log,35,motif_duplication_simple_rational_gen27_9 | age_and_cost_regularized_survival_simple_gen28_8 | novelty_weighted_quality_gated_niche_tournament_gen18_4 | simplified_affine_profile_loss_gen34_7,0.8166666666666667,9703
34,0.785,simplify,survival,oldest_dominated_survival_gen34_8,not_recorded_ancestor,,independent_train_reevaluation_log,36,simple_self_saturation_duplication_gen32_8 | oldest_dominated_survival_gen34_8 | novelty_weighted_quality_gated_niche_tournament_gen18_4 | adaptive_affine_shape_precision_loss_gen30_3,0.85,10154
34,0.7833333333333333,simplify,loss,streamlined_affine_shape_calibration_loss_gen34_9,not_recorded_ancestor,,offspring,34,simple_self_saturation_duplication_gen32_8 | adaptive_pareto_niche_survival_gen25_0 | novelty_weighted_quality_gated_niche_tournament_gen18_4 | streamlined_affine_shape_calibration_loss_gen34_9,0.7833333333333333,
35,0.7499999999999999,simplify,loss,affine_shape_correlation_loss_simple_gen35_0,not_recorded_ancestor,,offspring,35,simple_self_saturation_duplication_gen32_8 | oldest_dominated_survival_gen34_8 | novelty_weighted_quality_gated_niche_tournament_gen18_4 | affine_shape_correlation_loss_simple_gen35_0,0.7499999999999999,
35,0.6499999999999999,simplify,loss,affine_shape_r2_loss_onepass_gen35_1,not_recorded_ancestor,,offspring,35,motif_duplication_with_rational_coupling_gen12_gen20_5 | age_diversity_survival_pareto_shield_simple_gen26_0 | novelty_weighted_quality_gated_niche_tournament_gen18_4 | affine_shape_r2_loss_onepass_gen35_1,0.6499999999999999,
35,0.8,simplify,survival,oldest_strictly_dominated_survival_gen35_2,not_recorded_ancestor,,offspring,35,simple_self_saturation_duplication_gen32_8 | oldest_strictly_dominated_survival_gen35_2 | novelty_weighted_quality_gated_niche_tournament_gen18_4 | adaptive_affine_shape_precision_loss_gen30_3,0.8,
35,0.6833333333333333,simplify,loss,affine_shape_correlation_loss_gen35_3,not_recorded_ancestor,,offspring,35,simple_self_saturation_duplication_gen32_8 | adaptive_pareto_niche_survival_gen25_0 | clone_suppressed_quality_niche_tournament_gen34_6 | affine_shape_correlation_loss_gen35_3,0.6833333333333333,
35,0.7833333333333333,simplify,mutation,motif_duplication_streamlined_gen35_4,not_recorded_ancestor,,offspring,35,motif_duplication_streamlined_gen35_4 | age_and_cost_regularized_survival_simple_gen28_8 | novelty_weighted_quality_gated_niche_tournament_gen18_4 | simplified_affine_profile_loss_gen34_7,0.7833333333333333,
35,0.8,simplify,selection,simplified_crowded_niche_tournament_gen35_5,not_recorded_ancestor,,offspring,35,simple_self_saturation_duplication_gen32_8 | adaptive_pareto_niche_survival_gen25_0 | simplified_crowded_niche_tournament_gen35_5 | adaptive_affine_shape_precision_loss_gen30_3,0.8,
35,0.8166666666666667,simplify,survival,oldest_cohort_worst_cost_survival_gen35_6,not_recorded_ancestor,,offspring,35,motif_duplication_simple_rational_gen27_9 | oldest_cohort_worst_cost_survival_gen35_6 | novelty_weighted_quality_gated_niche_tournament_gen18_4 | affine_angular_profile_loss_2pass_gen8_1,0.8166666666666667,
35,0.75,simplify,mutation,leaf_self_saturation_duplication_gen35_7,not_recorded_ancestor,,offspring,35,leaf_self_saturation_duplication_gen35_7 | adaptive_pareto_niche_survival_gen25_0 | clone_suppressed_quality_niche_tournament_gen34_6 | adaptive_affine_shape_precision_loss_gen30_3,0.75,
35,0.8166666666666667,simplify,survival,pareto_age_survival_simplified_gen35_8,not_recorded_ancestor,,offspring,35,simple_self_saturation_duplication_gen32_8 | pareto_age_survival_simplified_gen35_8 | clone_gated_niche_tournament_gen19_gen34_4 | adaptive_affine_shape_precision_loss_gen30_3,0.8166666666666667,
35,0.7833333333333333,simplify,selection,clone_suppressed_niche_tournament_simple_gen35_9,not_recorded_ancestor,,offspring,35,motif_duplication_simple_rational_gen27_9 | age_and_cost_regularized_survival_simple_gen28_8 | clone_suppressed_niche_tournament_simple_gen35_9 | simplified_affine_profile_loss_gen34_7,0.7833333333333333,
36,0.7833333333333333,simplify,survival,oldest_window_worst_cost_survival_gen36_0,not_recorded_ancestor,,offspring,36,motif_duplication_simple_rational_gen27_9 | oldest_window_worst_cost_survival_gen36_0 | novelty_weighted_quality_gated_niche_tournament_gen18_4 | affine_angular_profile_loss_2pass_gen8_1,0.7833333333333333,
36,0.7666666666666666,simplify,loss,affine_shape_bounded_calibration_loss_gen36_1,not_recorded_ancestor,,offspring,36,motif_duplication_simple_rational_gen27_9 | age_and_cost_regularized_survival_simple_gen28_8 | novelty_weighted_quality_gated_niche_tournament_gen18_4 | affine_shape_bounded_calibration_loss_gen36_1,0.7666666666666666,
36,0.7833333333333333,simplify,survival,oldest_cohort_worst_cost_survival_gen36_2,not_recorded_ancestor,,offspring,36,motif_duplication_simple_rational_gen27_9 | oldest_cohort_worst_cost_survival_gen36_2 | novelty_weighted_quality_gated_niche_tournament_gen18_4 | affine_angular_profile_loss_2pass_gen8_1,0.7833333333333333,
36,0.6333333333333333,simplify,loss,streamlined_affine_shape_loss_gen36_3,not_recorded_ancestor,,offspring,36,motif_duplication_with_rational_coupling_gen12_gen20_5 | age_diversity_survival_pareto_shield_simple_gen26_0 | novelty_weighted_quality_gated_niche_tournament_gen18_4 | streamlined_affine_shape_loss_gen36_3,0.6333333333333333,
36,0.8,simplify,selection,clone_suppressed_quality_niche_tournament_gen36_4,not_recorded_ancestor,,offspring,36,motif_duplication_simple_rational_gen27_9 | age_and_cost_regularized_survival_gen19_0 | clone_suppressed_quality_niche_tournament_gen36_4 | affine_angular_profile_loss_2pass_gen8_1,0.8,
36,0.8,simplify,loss,simplified_affine_profile_loss_gen36_5,not_recorded_ancestor,,offspring,36,motif_duplication_simple_rational_gen27_9 | age_and_cost_regularized_survival_gen19_0 | novelty_weighted_quality_gated_niche_tournament_gen18_4 | simplified_affine_profile_loss_gen36_5,0.8,
36,0.8166666666666667,simplify,mutation,simple_budget_only_self_saturation_gen36_6,not_recorded_ancestor,,offspring,36,simple_budget_only_self_saturation_gen36_6 | adaptive_pareto_niche_survival_gen25_0 | novelty_weighted_quality_gated_niche_tournament_gen18_4 | adaptive_affine_shape_precision_loss_gen30_3,0.8166666666666667,
36,0.7166666666666666,simplify,mutation,simple_self_product_duplication_gen36_7,not_recorded_ancestor,,offspring,36,simple_self_product_duplication_gen36_7 | adaptive_pareto_niche_survival_gen25_0 | novelty_weighted_quality_gated_niche_tournament_gen18_4 | adaptive_affine_shape_precision_loss_gen30_3,0.7166666666666666,
36,0.8,simplify,mutation,motif_duplication_simple_rational_gen27_10_gen36_8,not_recorded_ancestor,,offspring,36,motif_duplication_simple_rational_gen27_10_gen36_8 | age_and_cost_regularized_survival_simple_gen28_8 | novelty_weighted_quality_gated_niche_tournament_gen18_4 | affine_angular_profile_loss_2pass_gen8_1,0.8,
36,0.7833333333333333,simplify,selection,clone_filtered_quality_niche_tournament_gen36_9,not_recorded_ancestor,,offspring,36,simple_self_saturation_duplication_gen32_8 | adaptive_pareto_niche_survival_gen25_0 | clone_filtered_quality_niche_tournament_gen36_9 | adaptive_affine_shape_precision_loss_gen30_3,0.7833333333333333,
37,0.8,simplify,survival,oldest_replaceable_survival_gen37_0,not_recorded_ancestor,,offspring,37,simple_self_saturation_duplication_gen32_8 | oldest_replaceable_survival_gen37_0 | novelty_weighted_quality_gated_niche_tournament_gen18_4 | adaptive_affine_shape_precision_loss_gen30_3,0.8,
37,0.7833333333333333,simplify,selection,clone_suppressed_niche_tournament_simple_gen37_1,not_recorded_ancestor,,offspring,37,motif_duplication_with_rational_coupling_gen12_gen20_5 | age_diversity_survival_pareto_shield_simple_gen26_0 | clone_suppressed_niche_tournament_simple_gen37_1 | affine_angular_profile_loss_2pass_gen8_1,0.7833333333333333,
37,0.7166666666666666,simplify,loss,streamlined_affine_correlation_loss_gen37_2,not_recorded_ancestor,,offspring,37,simple_self_saturation_duplication_gen32_8 | adaptive_pareto_niche_survival_gen25_0 | novelty_weighted_quality_gated_niche_tournament_gen18_4 | streamlined_affine_correlation_loss_gen37_2,0.7166666666666666,
37,0.7833333333333333,simplify,mutation,streamlined_motif_duplication_gen37_3,not_recorded_ancestor,,offspring,37,streamlined_motif_duplication_gen37_3 | age_diversity_survival_pareto_shield_simple_gen26_0 | novelty_weighted_quality_gated_niche_tournament_gen18_4 | affine_angular_profile_loss_2pass_gen8_1,0.7833333333333333,
37,0.8,simplify,loss,streamlined_affine_shape_precision_loss_gen37_4,not_recorded_ancestor,,offspring,37,simple_self_saturation_duplication_gen32_8 | oldest_dominated_survival_gen34_8 | novelty_weighted_quality_gated_niche_tournament_gen18_4 | streamlined_affine_shape_precision_loss_gen37_4,0.8,
37,0.7833333333333333,simplify,selection,crowding_niche_tournament_simplified_gen37_5,not_recorded_ancestor,,offspring,37,simple_self_saturation_duplication_gen32_8 | oldest_dominated_survival_gen34_8 | crowding_niche_tournament_simplified_gen37_5 | adaptive_affine_shape_precision_loss_gen30_3,0.7833333333333333,
37,0.7333333333333333,simplify,mutation,simplified_variable_saturation_gen37_6,not_recorded_ancestor,,offspring,37,simplified_variable_saturation_gen37_6 | adaptive_pareto_niche_survival_gen25_0 | clone_gated_niche_tournament_gen19_gen34_4 | adaptive_affine_shape_precision_loss_gen30_3,0.7333333333333333,
37,0.8,simplify,selection,simplified_clone_penalized_niche_tournament_gen37_7,not_recorded_ancestor,,population_reevaluation_log,38,simple_self_saturation_duplication_gen32_8 | oldest_dominated_survival_gen34_8 | simplified_clone_penalized_niche_tournament_gen37_7 | adaptive_affine_shape_precision_loss_gen30_3,0.8333333333333333,10326
37,0.7833333333333333,simplify,survival,oldest_dominated_survival_simple_gen37_8,not_recorded_ancestor,,offspring,37,simple_self_saturation_duplication_gen32_8 | oldest_dominated_survival_simple_gen37_8 | novelty_weighted_quality_gated_niche_tournament_gen18_4 | adaptive_affine_shape_precision_loss_gen30_3,0.7833333333333333,
37,0.79,simplify,mutation,simple_self_saturation_reject_gen33_gen37_9,not_recorded_ancestor,,independent_train_reevaluation_log,37,simple_self_saturation_reject_gen33_gen37_9 | adaptive_pareto_niche_survival_gen25_0 | clone_suppressed_quality_niche_tournament_gen34_6 | adaptive_affine_shape_precision_loss_gen30_3,0.85,10385
38,0.67,simplify,loss,correlation_affine_shape_loss_simple_gen38_0,not_recorded_ancestor,,population_reevaluation_log,39,simple_self_saturation_duplication_gen32_8 | oldest_dominated_survival_gen34_8 | simplified_clone_penalized_niche_tournament_gen37_7 | correlation_affine_shape_loss_simple_gen38_0,0.7,10560
38,0.795,simplify,survival,age_survival_pareto_front_shield_gen27_0_gen38_1,not_recorded_ancestor,,independent_train_reevaluation_log,38,motif_duplication_with_rational_coupling_gen12_gen20_5 | age_survival_pareto_front_shield_gen27_0_gen38_1 | novelty_weighted_quality_gated_niche_tournament_gen18_4 | affine_angular_profile_loss_2pass_gen8_1,0.8333333333333333,10619
38,0.7333333333333333,simplify,mutation,simple_shifted_motif_duplication_gen38_2,not_recorded_ancestor,,offspring,38,simple_shifted_motif_duplication_gen38_2 | age_diversity_survival_pareto_shield_simple_gen26_0 | novelty_weighted_quality_gated_niche_tournament_gen18_4 | affine_angular_profile_loss_2pass_gen8_1,0.7333333333333333,
38,0.7833333333333333,simplify,selection,clone_suppressed_niche_tournament_gen35_gen38_3,not_recorded_ancestor,,offspring,38,simple_self_saturation_reject_gen33_gen37_9 | adaptive_pareto_niche_survival_gen25_0 | clone_suppressed_niche_tournament_gen35_gen38_3 | adaptive_affine_shape_precision_loss_gen30_3,0.7833333333333333,
38,0.7833333333333333,simplify,selection,clone_suppressed_niche_tournament_slim_gen38_4,not_recorded_ancestor,,offspring,38,simple_self_saturation_duplication_gen32_8 | adaptive_pareto_niche_survival_gen25_0 | clone_suppressed_niche_tournament_slim_gen38_4 | adaptive_affine_shape_precision_loss_gen30_3,0.7833333333333333,
38,0.7166666666666666,simplify,loss,simple_affine_shape_calibration_loss_gen38_5,not_recorded_ancestor,,offspring,38,simple_self_saturation_duplication_gen32_8 | oldest_dominated_survival_gen34_8 | simplified_clone_penalized_niche_tournament_gen37_7 | simple_affine_shape_calibration_loss_gen38_5,0.7166666666666666,
38,0.7833333333333333,simplify,selection,simplified_clone_niche_tournament_gen38_6,not_recorded_ancestor,,offspring,38,simple_self_saturation_duplication_gen32_8 | oldest_dominated_survival_gen34_8 | simplified_clone_niche_tournament_gen38_6 | adaptive_affine_shape_precision_loss_gen30_3,0.7833333333333333,
38,0.8,simplify,survival,pareto_protected_age_survival_gen38_7,not_recorded_ancestor,,offspring,38,simple_self_saturation_reject_gen33_gen37_9 | pareto_protected_age_survival_gen38_7 | clone_suppressed_quality_niche_tournament_gen34_6 | adaptive_affine_shape_precision_loss_gen30_3,0.8,
38,0.7666666666666666,simplify,mutation,simple_variable_rational_saturation_gen38_8,not_recorded_ancestor,,offspring,38,simple_variable_rational_saturation_gen38_8 | adaptive_pareto_niche_survival_gen25_0 | clone_suppressed_quality_niche_tournament_gen34_6 | adaptive_affine_shape_precision_loss_gen30_3,0.7666666666666666,
38,0.6166666666666666,simplify,loss,simple_affine_shape_calibration_loss_gen38_9,not_recorded_ancestor,,offspring,38,simple_self_saturation_duplication_gen32_8 | adaptive_pareto_niche_survival_gen25_0 | novelty_weighted_quality_gated_niche_tournament_gen18_4 | simple_affine_shape_calibration_loss_gen38_9,0.6166666666666666,
39,0.75,simplify,mutation,leaf_self_saturation_gen33_1_gen39_0,not_recorded_ancestor,,offspring,39,leaf_self_saturation_gen33_1_gen39_0 | adaptive_pareto_niche_survival_gen25_0 | novelty_weighted_quality_gated_niche_tournament_gen18_4 | adaptive_affine_shape_precision_loss_gen30_3,0.75,
39,0.7833333333333333,simplify,selection,streamlined_niche_crowding_tournament_gen39_1,not_recorded_ancestor,,offspring,39,motif_duplication_simple_rational_gen27_9 | age_and_cost_regularized_survival_gen19_0 | streamlined_niche_crowding_tournament_gen39_1 | affine_angular_profile_loss_2pass_gen8_1,0.7833333333333333,
39,0.8,simplify,survival,oldest_replaceable_survival_gen39_2,not_recorded_ancestor,,offspring,39,simple_self_saturation_duplication_gen32_8 | oldest_replaceable_survival_gen39_2 | novelty_weighted_quality_gated_niche_tournament_gen18_4 | adaptive_affine_shape_precision_loss_gen30_3,0.8,
39,0.8,simplify,survival,pareto_tournament_age_survival_gen39_3,not_recorded_ancestor,,offspring,39,motif_duplication_with_rational_coupling_gen12_gen20_5 | pareto_tournament_age_survival_gen39_3 | novelty_weighted_quality_gated_niche_tournament_gen18_4 | affine_angular_profile_loss_2pass_gen8_1,0.8,
39,0.82,simplify,selection,streamlined_crowding_niche_tournament_gen39_4,not_recorded_ancestor,,population_reevaluation_log,40,simple_self_saturation_duplication_gen32_8 | oldest_dominated_survival_gen34_8 | streamlined_crowding_niche_tournament_gen39_4 | adaptive_affine_shape_precision_loss_gen30_3,0.85,10791
39,0.7833333333333333,simplify,survival,oldest_cohort_worst_cost_survival_gen39_5,not_recorded_ancestor,,offspring,39,motif_duplication_simple_rational_gen27_9 | oldest_cohort_worst_cost_survival_gen39_5 | novelty_weighted_quality_gated_niche_tournament_gen18_4 | affine_angular_profile_loss_2pass_gen8_1,0.7833333333333333,
39,0.75,simplify,loss,simplified_affine_profile_loss_gen39_6,not_recorded_ancestor,,offspring,39,motif_duplication_with_rational_coupling_gen12_gen20_5 | age_survival_pareto_front_shield_gen27_0_gen38_1 | novelty_weighted_quality_gated_niche_tournament_gen18_4 | simplified_affine_profile_loss_gen39_6,0.75,
39,0.825,simplify,loss,affine_shape_calibration_loss_gen39_7,not_recorded_ancestor,,independent_train_reevaluation_log,42,motif_duplication_simple_rational_gen27_9 | age_and_cost_regularized_survival_simple_gen28_8 | novelty_weighted_quality_gated_niche_tournament_gen18_4 | affine_shape_calibration_loss_gen39_7,0.85,11478
39,0.8,simplify,mutation,motif_duplication_simple_gen39_8,not_recorded_ancestor,,offspring,39,motif_duplication_simple_gen39_8 | age_diversity_survival_pareto_shield_simple_gen26_0 | novelty_weighted_quality_gated_niche_tournament_gen18_4 | affine_angular_profile_loss_2pass_gen8_1,0.8,
39,0.7833333333333333,simplify,selection,clone_suppressed_niche_tournament_gen39_9,not_recorded_ancestor,,offspring,39,simple_self_saturation_duplication_gen32_8 | oldest_dominated_survival_gen34_8 | clone_suppressed_niche_tournament_gen39_9 | adaptive_affine_shape_precision_loss_gen30_3,0.7833333333333333,
40,0.8166666666666667,simplify,survival,oldest_expendable_survival_gen40_0,not_recorded_ancestor,,offspring,40,simple_self_saturation_duplication_gen32_8 | oldest_expendable_survival_gen40_0 | streamlined_crowding_niche_tournament_gen39_4 | adaptive_affine_shape_precision_loss_gen30_3,0.8166666666666667,
40,0.7666666666666666,simplify,selection,clone_suppressed_niche_tournament_simplified_gen40_1,not_recorded_ancestor,,offspring,40,motif_duplication_simple_rational_gen27_9 | age_and_cost_regularized_survival_gen19_0 | clone_suppressed_niche_tournament_simplified_gen40_1 | affine_angular_profile_loss_2pass_gen8_1,0.7666666666666666,
40,0.8,simplify,survival,oldest_dominated_survival_gen34_8b_gen40_2,not_recorded_ancestor,,offspring,40,simple_self_saturation_duplication_gen32_8 | oldest_dominated_survival_gen34_8b_gen40_2 | streamlined_crowding_niche_tournament_gen39_4 | adaptive_affine_shape_precision_loss_gen30_3,0.8,
40,0.7166666666666666,simplify,mutation,motif_duplication_accumulator_simple_gen40_3,not_recorded_ancestor,,offspring,40,motif_duplication_accumulator_simple_gen40_3 | age_and_cost_regularized_survival_gen19_0 | novelty_weighted_quality_gated_niche_tournament_gen18_4 | affine_angular_profile_loss_2pass_gen8_1,0.7166666666666666,
40,0.5666666666666667,simplify,loss,single_pass_affine_shape_loss_gen40_4,not_recorded_ancestor,,offspring,40,simple_self_saturation_duplication_gen32_8 | oldest_dominated_survival_gen34_8 | streamlined_crowding_niche_tournament_gen39_4 | single_pass_affine_shape_loss_gen40_4,0.5666666666666667,
40,0.69,simplify,loss,streamlined_affine_shape_loss_gen40_5,not_recorded_ancestor,,population_reevaluation_log,41,simple_self_saturation_duplication_gen32_8 | oldest_dominated_survival_gen34_8 | streamlined_crowding_niche_tournament_gen39_4 | streamlined_affine_shape_loss_gen40_5,0.75,10976
40,0.84,simplify,selection,novelty_weighted_quality_gated_niche_tournament_gen18_4_simplified_gen40_6,operator_origin,selection,population_reevaluation_log,41,motif_duplication_simple_rational_gen27_9 | age_and_cost_regularized_survival_simple_gen28_8 | novelty_weighted_quality_gated_niche_tournament_gen18_4_simplified_gen40_6 | simplified_affine_profile_loss_gen34_7,0.8333333333333333,10975
40,0.7833333333333333,simplify,mutation,direct_variable_saturation_mutation_gen40_7,not_recorded_ancestor,,offspring,40,direct_variable_saturation_mutation_gen40_7 | oldest_dominated_survival_gen34_8 | streamlined_crowding_niche_tournament_gen39_4 | adaptive_affine_shape_precision_loss_gen30_3,0.7833333333333333,
40,0.8,simplify,survival,age_diversity_survival_pareto_shield_simple_gen26_1_gen40_8,not_recorded_ancestor,,offspring,40,motif_duplication_with_rational_coupling_gen12_gen20_5 | age_diversity_survival_pareto_shield_simple_gen26_1_gen40_8 | novelty_weighted_quality_gated_niche_tournament_gen18_4 | affine_angular_profile_loss_2pass_gen8_1,0.8,
40,0.7166666666666666,simplify,loss,adaptive_affine_shape_loss_lite_gen40_9,not_recorded_ancestor,,offspring,40,simple_self_saturation_duplication_gen32_8 | oldest_dominated_survival_gen34_8 | novelty_weighted_quality_gated_niche_tournament_gen18_4 | adaptive_affine_shape_loss_lite_gen40_9,0.7166666666666666,
41,0.75,simplify,mutation,rational_variable_saturation_gen41_0,not_recorded_ancestor,,offspring,41,rational_variable_saturation_gen41_0 | adaptive_pareto_niche_survival_gen25_0 | novelty_weighted_quality_gated_niche_tournament_gen18_4 | adaptive_affine_shape_precision_loss_gen30_3,0.75,
41,0.8166666666666667,simplify,mutation,streamlined_motif_rational_coupling_gen41_1,not_recorded_ancestor,,offspring,41,streamlined_motif_rational_coupling_gen41_1 | age_diversity_survival_pareto_shield_simple_gen26_0 | novelty_weighted_quality_gated_niche_tournament_gen18_4 | affine_angular_profile_loss_2pass_gen8_1,0.8166666666666667,
41,0.7333333333333333,simplify,mutation,motif_duplication_accumulator_gen41_2,not_recorded_ancestor,,offspring,41,motif_duplication_accumulator_gen41_2 | age_and_cost_regularized_survival_simple_gen28_8 | novelty_weighted_quality_gated_niche_tournament_gen18_4 | affine_shape_calibration_loss_gen39_7,0.7333333333333333,
41,0.8,simplify,loss,simplified_affine_profile_loss_welford_gen41_3,not_recorded_ancestor,,offspring,41,motif_duplication_simple_rational_gen27_9 | age_and_cost_regularized_survival_simple_gen28_8 | novelty_weighted_quality_gated_niche_tournament_gen18_4 | simplified_affine_profile_loss_welford_gen41_3,0.8,
41,0.81,simplify,survival,oldest_pair_cost_survival_gen41_4,not_recorded_ancestor,,population_reevaluation_log,42,motif_duplication_simple_rational_gen27_9 | oldest_pair_cost_survival_gen41_4 | novelty_weighted_quality_gated_niche_tournament_gen18_4 | simplified_affine_profile_loss_gen34_7,0.85,11222
41,0.8,simplify,selection,clone_suppressed_niche_tournament_gen41_5,not_recorded_ancestor,,population_reevaluation_log,42,simple_self_saturation_duplication_gen32_8 | adaptive_pareto_niche_survival_gen25_0 | clone_suppressed_niche_tournament_gen41_5 | adaptive_affine_shape_precision_loss_gen30_3,0.8333333333333333,11223
41,0.8166666666666667,simplify,selection,simplified_crowding_niche_tournament_gen41_6,not_recorded_ancestor,,offspring,41,motif_duplication_with_rational_coupling_gen12_gen20_5 | age_diversity_survival_pareto_shield_simple_gen26_0 | simplified_crowding_niche_tournament_gen41_6 | affine_angular_profile_loss_2pass_gen8_1,0.8166666666666667,
41,0.775,simplify,loss,streamlined_direct_affine_shape_loss_gen41_7,not_recorded_ancestor,,independent_train_reevaluation_log,41,simple_self_saturation_duplication_gen32_8 | adaptive_pareto_niche_survival_gen25_0 | novelty_weighted_quality_gated_niche_tournament_gen18_4 | streamlined_direct_affine_shape_loss_gen41_7,0.8666666666666666,11282
41,0.8,simplify,loss,affine_shape_calibration_loss_simple_gen41_8,not_recorded_ancestor,,offspring,41,motif_duplication_with_rational_coupling_gen12_gen20_5 | age_diversity_survival_pareto_shield_simple_gen26_0 | novelty_weighted_quality_gated_niche_tournament_gen18_4 | affine_shape_calibration_loss_simple_gen41_8,0.8,
41,0.8166666666666667,simplify,survival,pareto_champion_age_survival_gen41_9,not_recorded_ancestor,,offspring,41,simple_self_saturation_duplication_gen32_8 | pareto_champion_age_survival_gen41_9 | clone_suppressed_quality_niche_tournament_gen34_6 | adaptive_affine_shape_precision_loss_gen30_3,0.8166666666666667,
42,0.6,simplify,loss,simplified_affine_shape_loss_gen42_0,not_recorded_ancestor,,offspring,42,motif_duplication_simple_rational_gen27_9 | age_and_cost_regularized_survival_simple_gen28_8 | novelty_weighted_quality_gated_niche_tournament_gen18_4 | simplified_affine_shape_loss_gen42_0,0.6,
42,0.7833333333333333,simplify,mutation,streamlined_motif_coupling_gen42_1,not_recorded_ancestor,,offspring,42,streamlined_motif_coupling_gen42_1 | age_diversity_survival_pareto_shield_simple_gen26_0 | novelty_weighted_quality_gated_niche_tournament_gen18_4 | affine_angular_profile_loss_2pass_gen8_1,0.7833333333333333,
42,0.8,simplify,mutation,simplified_motif_duplication_coupling_gen42_2,not_recorded_ancestor,,offspring,42,simplified_motif_duplication_coupling_gen42_2 | age_diversity_survival_pareto_shield_simple_gen26_0 | novelty_weighted_quality_gated_niche_tournament_gen18_4 | affine_angular_profile_loss_2pass_gen8_1,0.8,
42,0.5999999999999999,simplify,loss,simplified_affine_shape_loss_gen42_3,not_recorded_ancestor,,offspring,42,motif_duplication_with_rational_coupling_gen12_gen20_5 | age_diversity_survival_pareto_shield_simple_gen26_0 | novelty_weighted_quality_gated_niche_tournament_gen18_4 | simplified_affine_shape_loss_gen42_3,0.5999999999999999,
42,0.8,simplify,loss,affine_shape_moment_loss_gen42_4,not_recorded_ancestor,,offspring,42,motif_duplication_simple_rational_gen27_9 | oldest_pair_cost_survival_gen41_4 | novelty_weighted_quality_gated_niche_tournament_gen18_4 | affine_shape_moment_loss_gen42_4,0.8,
42,0.81,simplify,selection,clone_penalized_niche_tournament_gen42_5,not_recorded_ancestor,,population_reevaluation_log,43,motif_duplication_simple_rational_gen27_9 | age_and_cost_regularized_survival_simple_gen28_8 | clone_penalized_niche_tournament_gen42_5 | affine_shape_calibration_loss_gen39_7,0.8166666666666667,11419
42,0.8,simplify,selection,clone_suppressing_niche_tournament_simple_gen42_6,not_recorded_ancestor,,offspring,42,simple_self_saturation_duplication_gen32_8 | adaptive_pareto_niche_survival_gen25_0 | clone_suppressing_niche_tournament_simple_gen42_6 | streamlined_direct_affine_shape_loss_gen41_7,0.8,
42,0.8166666666666667,simplify,mutation,simple_uniform_saturation_duplication_gen42_7,not_recorded_ancestor,,offspring,42,simple_uniform_saturation_duplication_gen42_7 | oldest_dominated_survival_gen34_8 | novelty_weighted_quality_gated_niche_tournament_gen18_4 | adaptive_affine_shape_precision_loss_gen30_3,0.8166666666666667,
42,0.815,simplify,survival,oldest_with_cost_tiebreak_survival_gen42_8,not_recorded_ancestor,,population_reevaluation_log,43,motif_duplication_simple_rational_gen27_9 | oldest_with_cost_tiebreak_survival_gen42_8 | novelty_weighted_quality_gated_niche_tournament_gen18_4_simplified_gen40_6 | simplified_affine_profile_loss_gen34_7,0.8333333333333333,11417
42,0.81,simplify,survival,oldest_cost_tiebreak_survival_gen42_9,not_recorded_ancestor,,population_reevaluation_log,43,motif_duplication_simple_rational_gen27_9 | oldest_cost_tiebreak_survival_gen42_9 | novelty_weighted_quality_gated_niche_tournament_gen18_4 | simplified_affine_profile_loss_gen34_7,0.8333333333333333,11418
43,0.8,simplify,mutation,motif_duplication_rational_lean_gen43_0,not_recorded_ancestor,,offspring,43,motif_duplication_rational_lean_gen43_0 | age_and_cost_regularized_survival_simple_gen28_8 | novelty_weighted_quality_gated_niche_tournament_gen18_4_simplified_gen40_6 | simplified_affine_profile_loss_gen34_7,0.8,
43,0.8166666666666667,simplify,selection,clone_flag_rare_niche_tournament_gen41_simplified_gen43_1,not_recorded_ancestor,,offspring,43,motif_duplication_simple_rational_gen27_9 | oldest_with_cost_tiebreak_survival_gen42_8 | clone_flag_rare_niche_tournament_gen41_simplified_gen43_1 | simplified_affine_profile_loss_gen34_7,0.8166666666666667,
43,0.8,simplify,selection,streamlined_niche_crowding_tournament_gen43_2,not_recorded_ancestor,,offspring,43,motif_duplication_simple_rational_gen27_9 | oldest_cost_tiebreak_survival_gen42_9 | streamlined_niche_crowding_tournament_gen43_2 | simplified_affine_profile_loss_gen34_7,0.8,
43,0.8,simplify,selection,streamlined_niche_clone_tournament_gen43_3,operator_origin,selection,independent_train_reevaluation_log,43,motif_duplication_simple_rational_gen27_9 | age_and_cost_regularized_survival_simple_gen28_8 | streamlined_niche_clone_tournament_gen43_3 | simplified_affine_profile_loss_gen34_7,0.85,11733
43,0.83,simplify,survival,age_diversity_survival_complexity_champion_shield_gen27_0_gen43_4,not_recorded_ancestor,,population_reevaluation_log,44,motif_duplication_with_rational_coupling_gen12_gen20_5 | age_diversity_survival_complexity_champion_shield_gen27_0_gen43_4 | novelty_weighted_quality_gated_niche_tournament_gen18_4 | affine_angular_profile_loss_2pass_gen8_1,0.85,11672
43,0.7833333333333333,simplify,mutation,local_motif_duplication_gen43_5,not_recorded_ancestor,,offspring,43,local_motif_duplication_gen43_5 | age_and_cost_regularized_survival_simple_gen28_8 | novelty_weighted_quality_gated_niche_tournament_gen18_4 | affine_shape_calibration_loss_gen39_7,0.7833333333333333,
43,0.7166666666666666,simplify,mutation,motif_duplication_accumulator_simple_gen43_6,not_recorded_ancestor,,offspring,43,motif_duplication_accumulator_simple_gen43_6 | age_and_cost_regularized_survival_simple_gen28_8 | novelty_weighted_quality_gated_niche_tournament_gen18_4_simplified_gen40_6 | simplified_affine_profile_loss_gen34_7,0.7166666666666666,
43,0.8166666666666667,simplify,loss,two_pass_affine_shape_loss_gen43_7,not_recorded_ancestor,,offspring,43,motif_duplication_simple_rational_gen27_9 | oldest_cost_tiebreak_survival_gen42_9 | novelty_weighted_quality_gated_niche_tournament_gen18_4 | two_pass_affine_shape_loss_gen43_7,0.8166666666666667,
43,0.825,simplify,survival,age_survival_frontier_shield_ties_gen27_0_gen43_8,not_recorded_ancestor,,population_reevaluation_log,44,motif_duplication_with_rational_coupling_gen12_gen20_5 | age_survival_frontier_shield_ties_gen27_0_gen43_8 | novelty_weighted_quality_gated_niche_tournament_gen18_4 | affine_angular_profile_loss_2pass_gen8_1,0.8333333333333333,11674
43,0.815,simplify,loss,two_pass_affine_profile_loss_gen43_9,not_recorded_ancestor,,population_reevaluation_log,44,motif_duplication_simple_rational_gen27_9 | oldest_cost_tiebreak_survival_gen42_9 | novelty_weighted_quality_gated_niche_tournament_gen18_4 | two_pass_affine_profile_loss_gen43_9,0.85,11673
44,0.5499999999999999,simplify,loss,affine_shape_calibration_loss_gen39_8_gen44_0,not_recorded_ancestor,,offspring,44,motif_duplication_simple_rational_gen27_9 | age_and_cost_regularized_survival_simple_gen28_8 | novelty_weighted_quality_gated_niche_tournament_gen18_4 | affine_shape_calibration_loss_gen39_8_gen44_0,0.5499999999999999,
44,0.83,simplify,selection,clone_suppressed_quality_niche_tournament_gen44_1,not_recorded_ancestor,,population_reevaluation_log,45,motif_duplication_with_rational_coupling_gen12_gen20_5 | age_diversity_survival_complexity_champion_shield_gen27_0_gen43_4 | clone_suppressed_quality_niche_tournament_gen44_1 | affine_angular_profile_loss_2pass_gen8_1,0.8333333333333333,11936
44,0.79,simplify,mutation,simplified_motif_duplication_gen44_2,not_recorded_ancestor,,independent_train_reevaluation_log,44,simplified_motif_duplication_gen44_2 | oldest_cost_tiebreak_survival_gen42_9 | novelty_weighted_quality_gated_niche_tournament_gen18_4 | two_pass_affine_profile_loss_gen43_9,0.85,11995
44,0.825,simplify,loss,affine_angular_profile_loss_simple_gen44_3,not_recorded_ancestor,,independent_train_reevaluation_log,45,motif_duplication_with_rational_coupling_gen12_gen20_5 | age_diversity_survival_complexity_champion_shield_gen27_0_gen43_4 | novelty_weighted_quality_gated_niche_tournament_gen18_4 | affine_angular_profile_loss_simple_gen44_3,0.85,12064
44,0.7,simplify,loss,streamlined_affine_shape_loss_gen44_4,not_recorded_ancestor,,offspring,44,motif_duplication_with_rational_coupling_gen12_gen20_5 | age_survival_frontier_shield_ties_gen27_0_gen43_8 | novelty_weighted_quality_gated_niche_tournament_gen18_4 | streamlined_affine_shape_loss_gen44_4,0.7,
44,0.75,simplify,mutation,duplicate_variable_saturation_gen44_5,not_recorded_ancestor,,offspring,44,duplicate_variable_saturation_gen44_5 | oldest_dominated_survival_gen34_8 | novelty_weighted_quality_gated_niche_tournament_gen18_4 | adaptive_affine_shape_precision_loss_gen30_3,0.75,
44,0.805,simplify,survival,age_survival_frontier_shield_sampled_fallback_gen44_6,not_recorded_ancestor,,population_reevaluation_log,45,motif_duplication_with_rational_coupling_gen12_gen20_5 | age_survival_frontier_shield_sampled_fallback_gen44_6 | novelty_weighted_quality_gated_niche_tournament_gen18_4 | affine_angular_profile_loss_2pass_gen8_1,0.85,11934
44,0.815,simplify,survival,oldest_only_survival_gen44_7,not_recorded_ancestor,,population_reevaluation_log,45,motif_duplication_simple_rational_gen27_9 | oldest_only_survival_gen44_7 | novelty_weighted_quality_gated_niche_tournament_gen18_4 | two_pass_affine_profile_loss_gen43_9,0.85,11935
44,0.8,simplify,mutation,streamlined_motif_duplication_coupling_gen44_8,not_recorded_ancestor,,offspring,44,streamlined_motif_duplication_coupling_gen44_8 | age_diversity_survival_complexity_champion_shield_gen27_0_gen43_4 | novelty_weighted_quality_gated_niche_tournament_gen18_4 | affine_angular_profile_loss_2pass_gen8_1,0.8,
44,0.8,simplify,selection,novelty_weighted_quality_gated_niche_tournament_simplified_gen44_9,not_recorded_ancestor,,offspring,44,motif_duplication_with_rational_coupling_gen12_gen20_5 | age_diversity_survival_complexity_champion_shield_gen27_0_gen43_4 | novelty_weighted_quality_gated_niche_tournament_simplified_gen44_9 | affine_angular_profile_loss_2pass_gen8_1,0.8,
45,0.6333333333333332,simplify,loss,affine_angular_profile_loss_1pass_simplified_gen45_0,not_recorded_ancestor,,offspring,45,motif_duplication_with_rational_coupling_gen12_gen20_5 | age_diversity_survival_complexity_champion_shield_gen27_0_gen43_4 | novelty_weighted_quality_gated_niche_tournament_gen18_4 | affine_angular_profile_loss_1pass_simplified_gen45_0,0.6333333333333332,
45,0.815,simplify,selection,clone_suppressed_quality_niche_tournament_gen45_1,not_recorded_ancestor,,population_reevaluation_log,45,motif_duplication_with_rational_coupling_gen12_gen20_5 | age_survival_frontier_shield_sampled_fallback_gen44_6 | clone_suppressed_quality_niche_tournament_gen45_1 | affine_angular_profile_loss_2pass_gen8_1,0.8333333333333333,12113
45,0.7333333333333333,simplify,mutation,simplified_motif_duplication_gen45_2,not_recorded_ancestor,,offspring,45,simplified_motif_duplication_gen45_2 | age_survival_frontier_shield_sampled_fallback_gen44_6 | novelty_weighted_quality_gated_niche_tournament_gen18_4 | affine_angular_profile_loss_2pass_gen8_1,0.7333333333333333,
45,0.8,simplify,survival,oldest_only_survival_gen45_3,not_recorded_ancestor,,population_reevaluation_log,45,simplified_motif_duplication_gen44_2 | oldest_only_survival_gen45_3 | novelty_weighted_quality_gated_niche_tournament_gen18_4 | two_pass_affine_profile_loss_gen43_9,0.8166666666666667,12115
45,0.8,simplify,survival,two_oldest_cost_survival_gen45_4,not_recorded_ancestor,,offspring,45,simplified_motif_duplication_gen44_2 | two_oldest_cost_survival_gen45_4 | novelty_weighted_quality_gated_niche_tournament_gen18_4 | two_pass_affine_profile_loss_gen43_9,0.8,
45,0.75,simplify,mutation,simple_leaf_saturation_gen33_1_gen45_5,not_recorded_ancestor,,offspring,45,simple_leaf_saturation_gen33_1_gen45_5 | oldest_dominated_survival_gen34_8 | novelty_weighted_quality_gated_niche_tournament_gen18_4 | adaptive_affine_shape_precision_loss_gen30_3,0.75,
45,0.8166666666666667,simplify,selection,clone_pruned_parsimony_tournament_gen45_6,not_recorded_ancestor,,offspring,45,motif_duplication_with_rational_coupling_gen12_gen20_5 | age_diversity_survival_complexity_champion_shield_gen27_0_gen43_4 | clone_pruned_parsimony_tournament_gen45_6 | affine_angular_profile_loss_2pass_gen8_1,0.8166666666666667,
45,0.7833333333333333,simplify,mutation,duplicate_motif_with_normalized_correction_gen45_7,not_recorded_ancestor,,offspring,45,duplicate_motif_with_normalized_correction_gen45_7 | age_survival_frontier_shield_sampled_fallback_gen44_6 | novelty_weighted_quality_gated_niche_tournament_gen18_4 | affine_angular_profile_loss_2pass_gen8_1,0.7833333333333333,
45,0.7666666666666666,simplify,loss,one_pass_affine_profile_loss_gen45_8,not_recorded_ancestor,,offspring,45,motif_duplication_simple_rational_gen27_9 | oldest_only_survival_gen44_7 | novelty_weighted_quality_gated_niche_tournament_gen18_4 | one_pass_affine_profile_loss_gen45_8,0.7666666666666666,
45,0.785,simplify,selection,clone_suppressed_quality_niche_tournament_gen45_9,not_recorded_ancestor,,population_reevaluation_log,45,motif_duplication_simple_rational_gen27_9 | age_and_cost_regularized_survival_simple_gen28_8 | clone_suppressed_quality_niche_tournament_gen45_9 | affine_shape_calibration_loss_gen39_7,0.8166666666666667,12114
