method,dataset,trial,r2,size
PySR++,1027_ESL,0,0.839855256379416,19
PySR++,1027_ESL,1,0.8285414560733166,24
PySR++,1027_ESL,2,0.8676681451758687,18
PySR++,1027_ESL,3,0.8472859958283864,11
PySR++,1027_ESL,4,0.8825456586554488,11
PySR++,1027_ESL,5,0.8680568169852875,31
PySR++,1027_ESL,6,0.8614352343021355,22
PySR++,1027_ESL,7,0.884756867636016,23
PySR++,1027_ESL,8,0.8790315677557007,36
PySR++,1027_ESL,9,0.8951764442082455,15
PySR++,1028_SWD,0,0.3653377284804836,28
PySR++,1028_SWD,1,0.34614364356601146,29
PySR++,1028_SWD,2,0.42070876010079905,23
PySR++,1028_SWD,3,0.4485221078804368,39
PySR++,1028_SWD,4,0.4171906775152505,31
PySR++,1028_SWD,5,0.37809479937643276,35
PySR++,1028_SWD,6,0.3513997859993049,21
PySR++,1028_SWD,7,0.36174923905576484,22
PySR++,1028_SWD,8,0.4736049927487527,24
PySR++,1028_SWD,9,0.310792546173451,28
PySR++,1029_LEV,0,0.42795989537264945,13
PySR++,1029_LEV,1,0.5271094684325566,30
PySR++,1029_LEV,2,0.5606656594161268,13
PySR++,1029_LEV,3,0.5670100082812717,37
PySR++,1029_LEV,4,0.5962965653570427,14
PySR++,1029_LEV,5,0.5611370555055755,20
PySR++,1029_LEV,6,0.4448038142482834,23
PySR++,1029_LEV,7,0.5461701317492551,26
PySR++,1029_LEV,8,0.5797704282442135,35
PySR++,1029_LEV,9,0.5323126707042727,34
PySR++,1030_ERA,0,0.350445802039537,28
PySR++,1030_ERA,1,0.3593967988958007,13
PySR++,1030_ERA,2,0.413737962851922,21
PySR++,1030_ERA,3,0.3987138466938649,29
PySR++,1030_ERA,4,0.3950051293543928,23
PySR++,1030_ERA,5,0.4043333146942829,26
PySR++,1030_ERA,6,0.35079912932678414,20
PySR++,1030_ERA,7,0.44441821902812595,32
PySR++,1030_ERA,8,0.42242128112229105,12
PySR++,1030_ERA,9,0.4546321673751198,21
PySR++,1089_USCrime,0,0.9139297686196379,27
PySR++,1089_USCrime,1,0.8839672358661483,18
PySR++,1089_USCrime,2,0.862485354064597,9
PySR++,1089_USCrime,3,0.8105140338801231,21
PySR++,1089_USCrime,4,0.7650168398567696,15
PySR++,1089_USCrime,5,0.7948804067168989,10
PySR++,1089_USCrime,6,0.8681778278369124,12
PySR++,1089_USCrime,7,0.7936434536715138,28
PySR++,1089_USCrime,8,0.8399964945758716,12
PySR++,1089_USCrime,9,0.899197024409394,13
PySR++,1096_FacultySalaries,0,0.94216021769344,12
PySR++,1096_FacultySalaries,1,0.9706456182547692,20
PySR++,1096_FacultySalaries,2,0.9490841040230179,5
PySR++,1096_FacultySalaries,3,0.7856438862683777,18
PySR++,1096_FacultySalaries,4,0.919986279552621,22
PySR++,1096_FacultySalaries,5,0.9623116057675567,28
PySR++,1096_FacultySalaries,6,0.7804911290587363,5
PySR++,1096_FacultySalaries,7,0.9373504383589375,17
PySR++,1096_FacultySalaries,8,0.9446178013688447,26
PySR++,1096_FacultySalaries,9,0.9086821530178604,1
PySR++,1191_BNG_pbc,0,0.31085670126566445,29
PySR++,1191_BNG_pbc,1,0.3255001675887542,34
PySR++,1191_BNG_pbc,2,0.3235186709402893,35
PySR++,1191_BNG_pbc,3,0.3299797881364299,39
PySR++,1191_BNG_pbc,4,0.3189146547566768,23
PySR++,1191_BNG_pbc,5,0.31257593563274855,36
PySR++,1191_BNG_pbc,6,0.3227044380149945,40
PySR++,1191_BNG_pbc,7,0.31893480427993515,26
PySR++,1191_BNG_pbc,8,0.3203524091125899,31
PySR++,1191_BNG_pbc,9,0.32784348491283366,36
PySR++,1193_BNG_lowbwt,0,0.5821357103264895,32
PySR++,1193_BNG_lowbwt,1,0.5976403131075259,36
PySR++,1193_BNG_lowbwt,2,0.587146643871761,36
PySR++,1193_BNG_lowbwt,3,0.5799342189246363,34
PySR++,1193_BNG_lowbwt,4,0.5805388021313971,35
PySR++,1193_BNG_lowbwt,5,0.5839953640826824,40
PySR++,1193_BNG_lowbwt,6,0.5784051734327786,28
PySR++,1193_BNG_lowbwt,7,0.5852255780581166,37
PySR++,1193_BNG_lowbwt,8,0.5730949995318922,34
PySR++,1193_BNG_lowbwt,9,0.5897820365957351,33
PySR++,1196_BNG_pharynx,0,0.458824478484832,35
PySR++,1196_BNG_pharynx,1,0.4623828823671864,40
PySR++,1196_BNG_pharynx,2,0.46241456197781317,34
PySR++,1196_BNG_pharynx,3,0.46952994151616334,34
PySR++,1196_BNG_pharynx,4,0.45948694697062886,40
PySR++,1196_BNG_pharynx,5,0.46836396292962346,36
PySR++,1196_BNG_pharynx,6,0.45528475928738477,20
PySR++,1196_BNG_pharynx,7,0.4647528897251313,40
PySR++,1196_BNG_pharynx,8,0.46043324014231213,33
PySR++,1196_BNG_pharynx,9,0.46334692107511777,40
PySR++,1199_BNG_echoMonths,0,0.44039395053844965,27
PySR++,1199_BNG_echoMonths,1,0.4440003383563591,28
PySR++,1199_BNG_echoMonths,2,0.44344533217183835,18
PySR++,1199_BNG_echoMonths,3,0.45961642890535537,33
PySR++,1199_BNG_echoMonths,4,0.4515116982038607,39
PySR++,1199_BNG_echoMonths,5,0.45357646821535114,40
PySR++,1199_BNG_echoMonths,6,0.44888607330914454,30
PySR++,1199_BNG_echoMonths,7,0.44600368282174563,21
PySR++,1199_BNG_echoMonths,8,0.4477795425979999,36
PySR++,1199_BNG_echoMonths,9,0.45170240796635086,35
PySR++,1201_BNG_breastTumor,0,0.09082275361902659,28
PySR++,1201_BNG_breastTumor,1,0.10152301726766444,40
PySR++,1201_BNG_breastTumor,2,0.08709449624845467,35
PySR++,1201_BNG_breastTumor,3,0.0934107066805927,38
PySR++,1201_BNG_breastTumor,4,0.09426520352539747,31
PySR++,1201_BNG_breastTumor,5,0.0805381675339979,18
PySR++,1201_BNG_breastTumor,6,0.10192976639629447,31
PySR++,1201_BNG_breastTumor,7,0.09006602904476113,38
PySR++,1201_BNG_breastTumor,8,0.08107796926126676,21
PySR++,1201_BNG_breastTumor,9,0.09697919625164642,35
PySR++,1203_BNG_pwLinear,0,0.5905043935726006,38
PySR++,1203_BNG_pwLinear,1,0.5902663998896076,33
PySR++,1203_BNG_pwLinear,2,0.5892400095215637,36
PySR++,1203_BNG_pwLinear,3,0.585184507651381,29
PySR++,1203_BNG_pwLinear,4,0.5812405838512371,30
PySR++,1203_BNG_pwLinear,5,0.5947702608175001,40
PySR++,1203_BNG_pwLinear,6,0.5834189700475658,39
PySR++,1203_BNG_pwLinear,7,0.5684747923525691,31
PySR++,1203_BNG_pwLinear,8,0.5914910735915848,38
PySR++,1203_BNG_pwLinear,9,0.5742422629458055,34
PySR++,1595_poker,0,0.11365070050243697,19
PySR++,1595_poker,1,0.07637941655220615,32
PySR++,1595_poker,2,0.06207518046356286,27
PySR++,1595_poker,3,0.07010384180861629,27
PySR++,1595_poker,4,0.2091645332880283,31
PySR++,1595_poker,5,0.0640404994995053,24
PySR++,1595_poker,6,0.0649572935474888,26
PySR++,1595_poker,7,0.14065193627165873,16
PySR++,1595_poker,8,0.04508254076247831,30
PySR++,1595_poker,9,0.071322977461176,13
PySR++,192_vineyard,0,0.8156033705112574,7
PySR++,192_vineyard,1,0.6875982912540841,5
PySR++,192_vineyard,2,0.7243657537346635,7
PySR++,192_vineyard,3,0.7184620991923959,10
PySR++,192_vineyard,4,0.61755518236671,7
PySR++,192_vineyard,5,0.40682483879989917,5
PySR++,192_vineyard,6,0.6244031375550885,9
PySR++,192_vineyard,7,0.7672105196452192,6
PySR++,192_vineyard,8,-0.5465440991104247,15
PySR++,192_vineyard,9,0.8109607661414682,11
PySR++,195_auto_price,0,0.8970558203291049,17
PySR++,195_auto_price,1,0.8878886144167213,40
PySR++,195_auto_price,2,0.8758154578324432,8
PySR++,195_auto_price,3,0.739357077891694,24
PySR++,195_auto_price,4,0.8334667330977553,13
PySR++,195_auto_price,5,0.8913286433648113,7
PySR++,195_auto_price,6,0.7845599449283663,20
PySR++,195_auto_price,7,0.8622302097575658,17
PySR++,195_auto_price,8,0.8650551326513017,34
PySR++,195_auto_price,9,0.8634775574518522,28
PySR++,197_cpu_act,0,0.9706455605281127,36
PySR++,197_cpu_act,1,0.9744793357492172,36
PySR++,197_cpu_act,2,0.9786544972518052,37
PySR++,197_cpu_act,3,0.9737495180781713,31
PySR++,197_cpu_act,4,0.9751290803052258,39
PySR++,197_cpu_act,5,0.9711447490235545,39
PySR++,197_cpu_act,6,0.9730802933944089,39
PySR++,197_cpu_act,7,0.9753183413187714,37
PySR++,197_cpu_act,8,0.9714425235315801,32
PySR++,197_cpu_act,9,0.9723873206190177,39
PySR++,201_pol,0,0.8089339338100995,39
PySR++,201_pol,1,0.8508287882425305,38
PySR++,201_pol,2,0.8289831748817321,26
PySR++,201_pol,3,0.8430124014870535,40
PySR++,201_pol,4,0.8519085533590129,35
PySR++,201_pol,5,0.80105242549774,29
PySR++,201_pol,6,0.8494075494582869,34
PySR++,201_pol,7,0.8587468902072244,31
PySR++,201_pol,8,0.8338473571155265,40
PySR++,201_pol,9,0.8406409882664139,36
PySR++,207_autoPrice,0,0.8764624605548286,8
PySR++,207_autoPrice,1,0.8574369706334675,40
PySR++,207_autoPrice,2,0.8701838950743758,10
PySR++,207_autoPrice,3,0.8086423247449797,21
PySR++,207_autoPrice,4,0.8461277436927608,27
PySR++,207_autoPrice,5,0.8927360144412037,17
PySR++,207_autoPrice,6,0.8180837634235842,35
PySR++,207_autoPrice,7,0.8691683703950055,40
PySR++,207_autoPrice,8,0.8362485233280625,35
PySR++,207_autoPrice,9,0.7851330961955787,15
PySR++,210_cloud,0,0.9502095733202731,23
PySR++,210_cloud,1,0.9423159343576678,7
PySR++,210_cloud,2,0.8172051769658408,19
PySR++,210_cloud,3,0.9559289043044078,17
PySR++,210_cloud,4,0.8968787089055315,15
PySR++,210_cloud,5,0.7691909591643556,33
PySR++,210_cloud,6,0.9171571348441273,9
PySR++,210_cloud,7,0.9629961255936688,5
PySR++,210_cloud,8,0.7906743668098329,35
PySR++,210_cloud,9,0.8940072110601851,29
PySR++,215_2dplanes,0,0.928149208454908,38
PySR++,215_2dplanes,1,0.9248816342584971,36
PySR++,215_2dplanes,2,0.9231889301137152,39
PySR++,215_2dplanes,3,0.9129032930279378,36
PySR++,215_2dplanes,4,0.9269106238463186,36
PySR++,215_2dplanes,5,0.9162782837160154,36
PySR++,215_2dplanes,6,0.9298388088639415,39
PySR++,215_2dplanes,7,0.922707846831804,38
PySR++,215_2dplanes,8,0.9261640826826963,40
PySR++,215_2dplanes,9,0.9295597565597493,37
PySR++,218_house_8L,0,0.591963372846705,27
PySR++,218_house_8L,1,0.5767958432404907,20
PySR++,218_house_8L,2,0.6059310954175823,37
PySR++,218_house_8L,3,0.6223012174521506,39
PySR++,218_house_8L,4,0.5607327433160498,36
PySR++,218_house_8L,5,0.6001548011601101,38
PySR++,218_house_8L,6,0.5877935393556597,35
PySR++,218_house_8L,7,0.5742705346871924,39
PySR++,218_house_8L,8,0.5922268964047341,40
PySR++,218_house_8L,9,0.5667460728260474,34
PySR++,225_puma8NH,0,0.6652934879154551,36
PySR++,225_puma8NH,1,0.6932666963303564,34
PySR++,225_puma8NH,2,0.6780356221967165,31
PySR++,225_puma8NH,3,0.6848322201622317,23
PySR++,225_puma8NH,4,0.674622774643234,27
PySR++,225_puma8NH,5,0.6747073726838781,21
PySR++,225_puma8NH,6,0.6757192064984684,30
PySR++,225_puma8NH,7,0.6775995474458095,25
PySR++,225_puma8NH,8,0.6831294330590052,24
PySR++,225_puma8NH,9,0.7039173680465767,29
PySR++,227_cpu_small,0,0.9509504398769439,39
PySR++,227_cpu_small,1,0.962751355193579,39
PySR++,227_cpu_small,2,0.9669460887941184,37
PySR++,227_cpu_small,3,0.9640459905982744,36
PySR++,227_cpu_small,4,0.9663867885529903,35
PySR++,227_cpu_small,5,0.9617219088042331,38
PySR++,227_cpu_small,6,0.9636512446692242,38
PySR++,227_cpu_small,7,0.9645565528585925,39
PySR++,227_cpu_small,8,0.9642506880238412,37
PySR++,227_cpu_small,9,0.9616160278629443,38
PySR++,228_elusage,0,0.7303530369035462,33
PySR++,228_elusage,1,0.6782733522496343,13
PySR++,228_elusage,2,0.7975023040772483,12
PySR++,228_elusage,3,0.7882675891143361,8
PySR++,228_elusage,4,0.9550279784464648,6
PySR++,228_elusage,5,0.5787830689604248,12
PySR++,228_elusage,6,0.8795792206002894,15
PySR++,228_elusage,7,0.7822995186510967,8
PySR++,228_elusage,8,0.7287820349081655,23
PySR++,228_elusage,9,0.8887710790462114,8
PySR++,229_pwLinear,0,0.848368989183137,33
PySR++,229_pwLinear,1,0.8762178156804739,38
PySR++,229_pwLinear,2,0.9132440489168513,31
PySR++,229_pwLinear,3,0.8537405346797932,35
PySR++,229_pwLinear,4,0.8651151032295366,37
PySR++,229_pwLinear,5,0.8116581038948479,38
PySR++,229_pwLinear,6,0.8362312222456679,37
PySR++,229_pwLinear,7,0.88157725887104,34
PySR++,229_pwLinear,8,0.866284221536366,38
PySR++,229_pwLinear,9,0.9068050208909167,40
PySR++,230_machine_cpu,0,0.9089672005659316,22
PySR++,230_machine_cpu,1,0.777019207434128,3
PySR++,230_machine_cpu,2,0.9447495764249146,17
PySR++,230_machine_cpu,3,0.8648154853150136,27
PySR++,230_machine_cpu,4,0.9188580724510234,17
PySR++,230_machine_cpu,5,0.9366072180866498,24
PySR++,230_machine_cpu,6,0.8813212508802506,22
PySR++,230_machine_cpu,7,0.920489692493037,15
PySR++,230_machine_cpu,8,0.9084893018137895,17
PySR++,230_machine_cpu,9,0.9307026242876801,31
PySR++,294_satellite_image,0,0.8033654428560725,37
PySR++,294_satellite_image,1,0.7826826962735373,39
PySR++,294_satellite_image,2,0.7884211586220459,24
PySR++,294_satellite_image,3,0.7799701772796086,34
PySR++,294_satellite_image,4,0.7786367481521961,29
PySR++,294_satellite_image,5,0.7743318217797457,35
PySR++,294_satellite_image,6,0.7810771368185772,33
PySR++,294_satellite_image,7,0.806476833529092,37
PySR++,294_satellite_image,8,0.7971531526921198,39
PySR++,294_satellite_image,9,0.7970324098905681,38
PySR++,344_mv,0,0.9959147522555977,34
PySR++,344_mv,1,0.9941911336293493,36
PySR++,344_mv,2,0.9957682016415704,37
PySR++,344_mv,3,0.9975910250822856,36
PySR++,344_mv,4,0.9970841166619387,31
PySR++,344_mv,5,0.9964429943613894,39
PySR++,344_mv,6,0.9941654061873874,36
PySR++,344_mv,7,0.9974383099769523,35
PySR++,344_mv,8,0.9945948166052028,38
PySR++,344_mv,9,0.9982147534307495,39
PySR++,4544_GeographicalOriginalofMusic,0,0.7115284995191069,23
PySR++,4544_GeographicalOriginalofMusic,1,0.7600250802131769,26
PySR++,4544_GeographicalOriginalofMusic,2,0.8126380571673077,22
PySR++,4544_GeographicalOriginalofMusic,3,0.7748034146710265,33
PySR++,4544_GeographicalOriginalofMusic,4,0.7872237218698844,27
PySR++,4544_GeographicalOriginalofMusic,5,0.7506602083238773,39
PySR++,4544_GeographicalOriginalofMusic,6,0.7795186062925615,23
PySR++,4544_GeographicalOriginalofMusic,7,0.8199085336718764,33
PySR++,4544_GeographicalOriginalofMusic,8,0.7836605829814691,19
PySR++,4544_GeographicalOriginalofMusic,9,0.7627941498765403,21
PySR++,485_analcatdata_vehicle,0,0.7490849181336017,40
PySR++,485_analcatdata_vehicle,1,0.7366925187084378,26
PySR++,485_analcatdata_vehicle,2,0.8127917384304394,30
PySR++,485_analcatdata_vehicle,3,0.838744366946935,25
PySR++,485_analcatdata_vehicle,4,0.7131019881194605,32
PySR++,485_analcatdata_vehicle,5,0.5570537846845853,25
PySR++,485_analcatdata_vehicle,6,0.8439684170003954,37
PySR++,485_analcatdata_vehicle,7,0.7224846115088992,18
PySR++,485_analcatdata_vehicle,8,0.5876093118778813,8
PySR++,485_analcatdata_vehicle,9,0.7043710757100655,11
PySR++,503_wind,0,0.7818946124164776,40
PySR++,503_wind,1,0.7837576140025605,40
PySR++,503_wind,2,0.7608308989393942,36
PySR++,503_wind,3,0.7786451603859079,40
PySR++,503_wind,4,0.7735499463822231,39
PySR++,503_wind,5,0.759074714843122,31
PySR++,503_wind,6,0.7594349391825508,31
PySR++,503_wind,7,0.7499090717468841,27
PySR++,503_wind,8,0.7822245860699919,36
PySR++,503_wind,9,0.7579801148857905,38
PySR++,505_tecator,0,0.9929719155002016,18
PySR++,505_tecator,1,0.9955463235495737,27
PySR++,505_tecator,2,0.9967236223922066,29
PySR++,505_tecator,3,0.9974054637846946,23
PySR++,505_tecator,4,0.9940356180484219,31
PySR++,505_tecator,5,0.996205145237417,35
PySR++,505_tecator,6,0.9965699611176455,26
PySR++,505_tecator,7,0.9977578493134315,26
PySR++,505_tecator,8,0.9980019042386418,31
PySR++,505_tecator,9,0.9976211983846515,31
PySR++,519_vinnie,0,0.7485281709966551,3
PySR++,519_vinnie,1,0.7930080199033301,8
PySR++,519_vinnie,2,0.7416264523425163,16
PySR++,519_vinnie,3,0.7251519409745963,3
PySR++,519_vinnie,4,0.6685741918580327,3
PySR++,519_vinnie,5,0.8005184322647032,8
PySR++,519_vinnie,6,0.8128434462711414,7
PySR++,519_vinnie,7,0.6903788489616063,35
PySR++,519_vinnie,8,0.7612360381543937,3
PySR++,519_vinnie,9,0.8023854530896029,5
PySR++,522_pm10,0,0.1333035984033848,14
PySR++,522_pm10,1,0.20838428342703263,18
PySR++,522_pm10,2,0.2541501373889885,28
PySR++,522_pm10,3,0.24490796833863704,17
PySR++,522_pm10,4,0.304004533476819,35
PySR++,522_pm10,5,0.2391026227719656,13
PySR++,522_pm10,6,0.30986421742883263,35
PySR++,522_pm10,7,0.280295447042493,13
PySR++,522_pm10,8,0.19158041217511435,22
PySR++,522_pm10,9,0.21835903019546477,23
PySR++,523_analcatdata_neavote,0,0.9381989482547787,8
PySR++,523_analcatdata_neavote,1,0.9229390123774391,4
PySR++,523_analcatdata_neavote,2,0.9229009040131184,7
PySR++,523_analcatdata_neavote,3,0.857795474427746,4
PySR++,523_analcatdata_neavote,4,0.919376171161706,3
PySR++,523_analcatdata_neavote,5,0.959705371918045,3
PySR++,523_analcatdata_neavote,6,0.8929177478081319,3
PySR++,523_analcatdata_neavote,7,0.9084030086047341,35
PySR++,523_analcatdata_neavote,8,0.9602639082339856,3
PySR++,523_analcatdata_neavote,9,0.9095639313655142,8
PySR++,527_analcatdata_election2000,0,0.9996966219621538,11
PySR++,527_analcatdata_election2000,1,0.9998056197749382,22
PySR++,527_analcatdata_election2000,2,0.999911129044263,37
PySR++,527_analcatdata_election2000,3,0.9998163560069155,17
PySR++,527_analcatdata_election2000,4,0.9895187272290389,18
PySR++,527_analcatdata_election2000,5,0.9999914569373933,38
PySR++,527_analcatdata_election2000,6,0.9240960884882858,25
PySR++,527_analcatdata_election2000,7,0.9999800285573289,18
PySR++,527_analcatdata_election2000,8,0.9998475868225604,18
PySR++,527_analcatdata_election2000,9,0.9999739741735361,16
PySR++,529_pollen,0,0.7919311335879404,15
PySR++,529_pollen,1,0.788144329906117,38
PySR++,529_pollen,2,0.8028861187286874,22
PySR++,529_pollen,3,0.7793839457539563,19
PySR++,529_pollen,4,0.7910052006162556,15
PySR++,529_pollen,5,0.8016436235374866,17
PySR++,529_pollen,6,0.8093055396789205,23
PySR++,529_pollen,7,0.7772396275595,21
PySR++,529_pollen,8,0.7990648627719465,25
PySR++,529_pollen,9,0.7877755698823067,17
PySR++,537_houses,0,0.646212509100522,39
PySR++,537_houses,1,0.6771791616815567,34
PySR++,537_houses,2,0.6680109514262402,30
PySR++,537_houses,3,0.6465538498575443,32
PySR++,537_houses,4,0.639740791196971,33
PySR++,537_houses,5,0.6592229341153113,34
PySR++,537_houses,6,0.6604374758439358,27
PySR++,537_houses,7,0.6334020568959307,26
PySR++,537_houses,8,0.6472176565826561,33
PySR++,537_houses,9,0.6760561326106731,35
PySR++,542_pollution,0,0.6369872804091793,23
PySR++,542_pollution,1,0.7763739716598599,19
PySR++,542_pollution,2,0.5765623530948767,14
PySR++,542_pollution,3,0.6128218500776483,17
PySR++,542_pollution,4,0.6251946643474406,7
PySR++,542_pollution,5,0.6551393241374863,1
PySR++,542_pollution,6,0.555517837177294,7
PySR++,542_pollution,7,0.4513543277636082,2
PySR++,542_pollution,8,0.3939306256403954,12
PySR++,542_pollution,9,0.304460426624778,12
PySR++,547_no2,0,0.5127180450707571,10
PySR++,547_no2,1,0.5530814816012903,22
PySR++,547_no2,2,0.6514159325032306,25
PySR++,547_no2,3,0.4152573653111521,34
PySR++,547_no2,4,0.5945815013864117,37
PySR++,547_no2,5,0.4605897943097611,24
PySR++,547_no2,6,0.6033670265831044,15
PySR++,547_no2,7,0.5596472669918287,8
PySR++,547_no2,8,0.518346336575318,19
PySR++,547_no2,9,0.6454678993986807,26
PySR++,556_analcatdata_apnea2,0,0.9140431336404958,38
PySR++,556_analcatdata_apnea2,1,0.9027054688166671,16
PySR++,556_analcatdata_apnea2,2,0.866886355294276,36
PySR++,556_analcatdata_apnea2,3,0.8629890448797292,32
PySR++,556_analcatdata_apnea2,4,0.8320525832228695,30
PySR++,556_analcatdata_apnea2,5,0.9425717919622815,18
PySR++,556_analcatdata_apnea2,6,0.9018896345673779,39
PySR++,556_analcatdata_apnea2,7,0.9035332923630885,20
PySR++,556_analcatdata_apnea2,8,0.8899627176253071,19
PySR++,556_analcatdata_apnea2,9,0.924294114183497,36
PySR++,557_analcatdata_apnea1,0,0.9038994394540116,25
PySR++,557_analcatdata_apnea1,1,0.9106293135203424,28
PySR++,557_analcatdata_apnea1,2,0.916535203248098,35
PySR++,557_analcatdata_apnea1,3,0.9331850439506199,12
PySR++,557_analcatdata_apnea1,4,0.9187738559703434,21
PySR++,557_analcatdata_apnea1,5,0.6053876505388318,34
PySR++,557_analcatdata_apnea1,6,0.9112108800228101,28
PySR++,557_analcatdata_apnea1,7,0.8286417202156257,25
PySR++,557_analcatdata_apnea1,8,0.8796967686983275,21
PySR++,557_analcatdata_apnea1,9,0.872262179906866,23
PySR++,560_bodyfat,0,0.999569822540728,21
PySR++,560_bodyfat,1,0.998929145374394,16
PySR++,560_bodyfat,2,0.98436196390826,21
PySR++,560_bodyfat,3,0.9846074043122588,21
PySR++,560_bodyfat,4,0.9996593327839043,20
PySR++,560_bodyfat,5,0.9823655944627637,6
PySR++,560_bodyfat,6,0.9373405125936434,9
PySR++,560_bodyfat,7,0.994434689389602,17
PySR++,560_bodyfat,8,0.9994662714396955,5
PySR++,560_bodyfat,9,0.9999392266436323,21
PySR++,561_cpu,0,0.9197651057503088,27
PySR++,561_cpu,1,0.9960653508391376,25
PySR++,561_cpu,2,0.9973718431243196,28
PySR++,561_cpu,3,0.9820763312614619,17
PySR++,561_cpu,4,0.9984312069327098,31
PySR++,561_cpu,5,0.9966873120799916,28
PySR++,561_cpu,6,0.9779641836544753,17
PySR++,561_cpu,7,0.9952538488584113,23
PySR++,561_cpu,8,0.9668232393926177,20
PySR++,561_cpu,9,0.9936374462873052,29
PySR++,562_cpu_small,0,0.9509504398769439,39
PySR++,562_cpu_small,1,0.962751355193579,39
PySR++,562_cpu_small,2,0.9669460887941184,37
PySR++,562_cpu_small,3,0.9640459905982744,36
PySR++,562_cpu_small,4,0.9663867885529903,35
PySR++,562_cpu_small,5,0.9617219088042331,38
PySR++,562_cpu_small,6,0.9636512446692242,38
PySR++,562_cpu_small,7,0.9645565528585925,39
PySR++,562_cpu_small,8,0.9642506880238412,37
PySR++,562_cpu_small,9,0.9616160278629443,38
PySR++,564_fried,0,0.9432452928146,34
PySR++,564_fried,1,0.9542265431968714,40
PySR++,564_fried,2,0.9510353265716035,39
PySR++,564_fried,3,0.8965335989103413,40
PySR++,564_fried,4,0.9458916767972666,40
PySR++,564_fried,5,0.9423635301553749,39
PySR++,564_fried,6,0.9517092461653729,36
PySR++,564_fried,7,0.9285986842935836,36
PySR++,564_fried,8,0.941210880803478,38
PySR++,564_fried,9,0.9511278171827108,38
PySR++,573_cpu_act,0,0.9691368904921128,39
PySR++,573_cpu_act,1,0.975898282259845,37
PySR++,573_cpu_act,2,0.9727629760344112,35
PySR++,573_cpu_act,3,0.9680651273074949,36
PySR++,573_cpu_act,4,0.9743526101741862,36
PySR++,573_cpu_act,5,0.9727109067706918,36
PySR++,573_cpu_act,6,0.9769211019535674,40
PySR++,573_cpu_act,7,0.9778000566540165,35
PySR++,573_cpu_act,8,0.9714425235315801,32
PySR++,573_cpu_act,9,0.9723873206190177,39
PySR++,574_house_16H,0,0.35787201557800075,40
PySR++,574_house_16H,1,0.3990446612044427,39
PySR++,574_house_16H,2,0.40083912818457246,38
PySR++,574_house_16H,3,0.3472293652257865,26
PySR++,574_house_16H,4,0.36747844870943036,37
PySR++,574_house_16H,5,0.37567103262723545,27
PySR++,574_house_16H,6,0.35069294283401276,36
PySR++,574_house_16H,7,0.3350905931387157,35
PySR++,574_house_16H,8,0.39160276173743236,31
PySR++,574_house_16H,9,0.34461361125835366,37
PySR++,579_fri_c0_250_5,0,0.9295621243816071,25
PySR++,579_fri_c0_250_5,1,0.9544765815851396,36
PySR++,579_fri_c0_250_5,2,0.9539013362577947,37
PySR++,579_fri_c0_250_5,3,0.9325179281341573,35
PySR++,579_fri_c0_250_5,4,0.9156015837961884,39
PySR++,579_fri_c0_250_5,5,0.923087130499176,28
PySR++,579_fri_c0_250_5,6,0.9398025273001431,40
PySR++,579_fri_c0_250_5,7,0.9406496537903665,32
PySR++,579_fri_c0_250_5,8,0.9426239021483833,26
PySR++,579_fri_c0_250_5,9,0.9289359976275705,30
PySR++,581_fri_c3_500_25,0,0.898173295711408,40
PySR++,581_fri_c3_500_25,1,0.9305589076336117,39
PySR++,581_fri_c3_500_25,2,0.8804865473295924,33
PySR++,581_fri_c3_500_25,3,0.9361636763579246,30
PySR++,581_fri_c3_500_25,4,0.8801067350902952,38
PySR++,581_fri_c3_500_25,5,0.9575876197784229,29
PySR++,581_fri_c3_500_25,6,0.9079550347230215,35
PySR++,581_fri_c3_500_25,7,0.8217170261485138,31
PySR++,581_fri_c3_500_25,8,0.9146745222776634,36
PySR++,581_fri_c3_500_25,9,0.9190743250404292,40
PySR++,582_fri_c1_500_25,0,0.9712284598776875,36
PySR++,582_fri_c1_500_25,1,0.9188819745077522,38
PySR++,582_fri_c1_500_25,2,0.9364189795230491,38
PySR++,582_fri_c1_500_25,3,0.8865448212366515,32
PySR++,582_fri_c1_500_25,4,0.9432062226738384,35
PySR++,582_fri_c1_500_25,5,0.8753439906068528,38
PySR++,582_fri_c1_500_25,6,0.8839326096030959,37
PySR++,582_fri_c1_500_25,7,0.9109437206681934,34
PySR++,582_fri_c1_500_25,8,0.95092691461982,37
PySR++,582_fri_c1_500_25,9,0.9363607503551171,38
PySR++,583_fri_c1_1000_50,0,0.9254233647026674,37
PySR++,583_fri_c1_1000_50,1,0.95657297319557,32
PySR++,583_fri_c1_1000_50,2,0.9409359899139511,33
PySR++,583_fri_c1_1000_50,3,0.9412610013978023,32
PySR++,583_fri_c1_1000_50,4,0.8385343599227106,40
PySR++,583_fri_c1_1000_50,5,0.9545173175061566,39
PySR++,583_fri_c1_1000_50,6,0.9663742968659094,39
PySR++,583_fri_c1_1000_50,7,0.9352630636692771,31
PySR++,583_fri_c1_1000_50,8,0.936680142030348,31
PySR++,583_fri_c1_1000_50,9,0.9609929636948724,30
PySR++,584_fri_c4_500_25,0,0.8629294990986428,36
PySR++,584_fri_c4_500_25,1,0.9335612834469528,33
PySR++,584_fri_c4_500_25,2,0.8244036210889227,25
PySR++,584_fri_c4_500_25,3,0.8537544307645001,29
PySR++,584_fri_c4_500_25,4,0.9489646990339703,34
PySR++,584_fri_c4_500_25,5,0.940144067173835,35
PySR++,584_fri_c4_500_25,6,0.9309436928410729,34
PySR++,584_fri_c4_500_25,7,0.9418154644321222,30
PySR++,584_fri_c4_500_25,8,0.9258991322776927,36
PySR++,584_fri_c4_500_25,9,0.9160847369904322,30
PySR++,586_fri_c3_1000_25,0,0.9369151245177919,32
PySR++,586_fri_c3_1000_25,1,0.9210875306406368,40
PySR++,586_fri_c3_1000_25,2,0.9133714605781995,34
PySR++,586_fri_c3_1000_25,3,0.9137786629232929,30
PySR++,586_fri_c3_1000_25,4,0.9495022713485972,32
PySR++,586_fri_c3_1000_25,5,0.930341729341804,39
PySR++,586_fri_c3_1000_25,6,0.9553530727405847,38
PySR++,586_fri_c3_1000_25,7,0.9438495602066826,28
PySR++,586_fri_c3_1000_25,8,0.9348814981085815,31
PySR++,586_fri_c3_1000_25,9,0.9434627138473006,30
PySR++,588_fri_c4_1000_100,0,0.9222864230804302,31
PySR++,588_fri_c4_1000_100,1,0.9363008134111988,39
PySR++,588_fri_c4_1000_100,2,0.9559623289583321,38
PySR++,588_fri_c4_1000_100,3,0.8818030837900892,27
PySR++,588_fri_c4_1000_100,4,0.9365831764747315,37
PySR++,588_fri_c4_1000_100,5,0.892793921829377,33
PySR++,588_fri_c4_1000_100,6,0.7767110261284242,35
PySR++,588_fri_c4_1000_100,7,0.9415884852424357,35
PySR++,588_fri_c4_1000_100,8,0.9098627196109136,37
PySR++,588_fri_c4_1000_100,9,0.8929609917972438,31
PySR++,589_fri_c2_1000_25,0,0.9185530076807699,32
PySR++,589_fri_c2_1000_25,1,0.8981076359995942,33
PySR++,589_fri_c2_1000_25,2,0.9035477383609275,34
PySR++,589_fri_c2_1000_25,3,0.9035997488153821,38
PySR++,589_fri_c2_1000_25,4,0.9305292132789312,38
PySR++,589_fri_c2_1000_25,5,0.931037205329625,33
PySR++,589_fri_c2_1000_25,6,0.9036161336152804,38
PySR++,589_fri_c2_1000_25,7,0.9205954482272652,37
PySR++,589_fri_c2_1000_25,8,0.9197306248718846,37
PySR++,589_fri_c2_1000_25,9,0.9412029400480781,36
PySR++,590_fri_c0_1000_50,0,0.9424103989136998,28
PySR++,590_fri_c0_1000_50,1,0.9334048639426314,36
PySR++,590_fri_c0_1000_50,2,0.957481129170096,39
PySR++,590_fri_c0_1000_50,3,0.9508546661370532,39
PySR++,590_fri_c0_1000_50,4,0.9520542068737616,36
PySR++,590_fri_c0_1000_50,5,0.9424164101407408,36
PySR++,590_fri_c0_1000_50,6,0.9521171529532545,30
PySR++,590_fri_c0_1000_50,7,0.940183788259499,31
PySR++,590_fri_c0_1000_50,8,0.9545607039202291,39
PySR++,590_fri_c0_1000_50,9,0.9455152225903436,35
PySR++,591_fri_c1_100_10,0,0.9069291797968231,27
PySR++,591_fri_c1_100_10,1,0.9609685847755053,36
PySR++,591_fri_c1_100_10,2,0.917401035864434,26
PySR++,591_fri_c1_100_10,3,0.8642521707136708,24
PySR++,591_fri_c1_100_10,4,0.9682090480104761,32
PySR++,591_fri_c1_100_10,5,0.9615129698143942,31
PySR++,591_fri_c1_100_10,6,0.9450251365017289,39
PySR++,591_fri_c1_100_10,7,0.8855084371241124,29
PySR++,591_fri_c1_100_10,8,0.9560334375906929,28
PySR++,591_fri_c1_100_10,9,0.9372522200691359,24
PySR++,592_fri_c4_1000_25,0,0.9089303952598082,36
PySR++,592_fri_c4_1000_25,1,0.9337467100519696,32
PySR++,592_fri_c4_1000_25,2,0.9242694567835841,31
PySR++,592_fri_c4_1000_25,3,0.8613735566871807,30
PySR++,592_fri_c4_1000_25,4,0.9174873325002676,39
PySR++,592_fri_c4_1000_25,5,0.9225483099928712,39
PySR++,592_fri_c4_1000_25,6,0.9513443073071635,40
PySR++,592_fri_c4_1000_25,7,0.9402641644396691,36
PySR++,592_fri_c4_1000_25,8,0.8783702463984308,31
PySR++,592_fri_c4_1000_25,9,0.9482054341066056,35
PySR++,593_fri_c1_1000_10,0,0.9219029336089122,38
PySR++,593_fri_c1_1000_10,1,0.9698638642426451,38
PySR++,593_fri_c1_1000_10,2,0.9447280529995183,32
PySR++,593_fri_c1_1000_10,3,0.9365902374085209,34
PySR++,593_fri_c1_1000_10,4,0.944193051025895,36
PySR++,593_fri_c1_1000_10,5,0.9433053407666874,39
PySR++,593_fri_c1_1000_10,6,0.9316523019240502,39
PySR++,593_fri_c1_1000_10,7,0.9367282292716954,40
PySR++,593_fri_c1_1000_10,8,0.9598013642831809,39
PySR++,593_fri_c1_1000_10,9,0.9084119983778712,33
PySR++,594_fri_c2_100_5,0,0.937017741594565,30
PySR++,594_fri_c2_100_5,1,0.9223704200425512,30
PySR++,594_fri_c2_100_5,2,0.8939441835741477,26
PySR++,594_fri_c2_100_5,3,0.6434917653022793,23
PySR++,594_fri_c2_100_5,4,0.9245270228202496,32
PySR++,594_fri_c2_100_5,5,0.9202367888057066,26
PySR++,594_fri_c2_100_5,6,0.9349823756085159,39
PySR++,594_fri_c2_100_5,7,0.7083122813189237,17
PySR++,594_fri_c2_100_5,8,0.786225805448906,36
PySR++,594_fri_c2_100_5,9,0.8671361331296883,22
PySR++,595_fri_c0_1000_10,0,0.9457332240842676,33
PySR++,595_fri_c0_1000_10,1,0.9502356169743889,29
PySR++,595_fri_c0_1000_10,2,0.9339675291027554,40
PySR++,595_fri_c0_1000_10,3,0.9538499349172334,31
PySR++,595_fri_c0_1000_10,4,0.9478399857995096,40
PySR++,595_fri_c0_1000_10,5,0.9335904382351798,33
PySR++,595_fri_c0_1000_10,6,0.9486133463567133,35
PySR++,595_fri_c0_1000_10,7,0.9504539792578429,32
PySR++,595_fri_c0_1000_10,8,0.9247961448413985,37
PySR++,595_fri_c0_1000_10,9,0.9528525006270806,38
PySR++,596_fri_c2_250_5,0,0.9072266535372977,40
PySR++,596_fri_c2_250_5,1,0.9132146158421387,38
PySR++,596_fri_c2_250_5,2,0.9836645836186186,40
PySR++,596_fri_c2_250_5,3,0.9238013033760866,35
PySR++,596_fri_c2_250_5,4,0.9467669799896058,38
PySR++,596_fri_c2_250_5,5,0.9420819729606662,39
PySR++,596_fri_c2_250_5,6,0.9641619126712462,39
PySR++,596_fri_c2_250_5,7,0.8761591696803408,33
PySR++,596_fri_c2_250_5,8,0.943307513113176,34
PySR++,596_fri_c2_250_5,9,0.9154377194098176,33
PySR++,597_fri_c2_500_5,0,0.9183424671662495,39
PySR++,597_fri_c2_500_5,1,0.9293780262520744,32
PySR++,597_fri_c2_500_5,2,0.9394437936382333,32
PySR++,597_fri_c2_500_5,3,0.945685794515211,37
PySR++,597_fri_c2_500_5,4,0.9434336459755358,34
PySR++,597_fri_c2_500_5,5,0.8856159135706186,25
PySR++,597_fri_c2_500_5,6,0.9187010418916886,36
PySR++,597_fri_c2_500_5,7,0.9456820931657858,29
PySR++,597_fri_c2_500_5,8,0.9365206899295474,33
PySR++,597_fri_c2_500_5,9,0.9567144987430429,38
PySR++,598_fri_c0_1000_25,0,0.9603172045520125,40
PySR++,598_fri_c0_1000_25,1,0.9488061009262444,37
PySR++,598_fri_c0_1000_25,2,0.943532016987073,33
PySR++,598_fri_c0_1000_25,3,0.9431432501267132,39
PySR++,598_fri_c0_1000_25,4,0.9451445139269561,40
PySR++,598_fri_c0_1000_25,5,0.9451457100026185,40
PySR++,598_fri_c0_1000_25,6,0.95443470304033,31
PySR++,598_fri_c0_1000_25,7,0.9523631983783685,30
PySR++,598_fri_c0_1000_25,8,0.9523177953123058,36
PySR++,598_fri_c0_1000_25,9,0.9487376021057129,37
PySR++,599_fri_c2_1000_5,0,0.9490200114222708,37
PySR++,599_fri_c2_1000_5,1,0.9371013465102047,39
PySR++,599_fri_c2_1000_5,2,0.9619977494835642,36
PySR++,599_fri_c2_1000_5,3,0.9358906378602738,39
PySR++,599_fri_c2_1000_5,4,0.8786236072073964,30
PySR++,599_fri_c2_1000_5,5,0.939694691000139,34
PySR++,599_fri_c2_1000_5,6,0.9647870163747273,39
PySR++,599_fri_c2_1000_5,7,0.9330456660220434,38
PySR++,599_fri_c2_1000_5,8,0.9566130332801247,40
PySR++,599_fri_c2_1000_5,9,0.8900669699412365,31
PySR++,601_fri_c1_250_5,0,0.9442474113145454,32
PySR++,601_fri_c1_250_5,1,0.9221558610123077,32
PySR++,601_fri_c1_250_5,2,0.9148678001516967,39
PySR++,601_fri_c1_250_5,3,0.9583060310822046,32
PySR++,601_fri_c1_250_5,4,0.9337983720519469,31
PySR++,601_fri_c1_250_5,5,0.9499894882555313,36
PySR++,601_fri_c1_250_5,6,0.8993268457427354,27
PySR++,601_fri_c1_250_5,7,0.9582017083797043,40
PySR++,601_fri_c1_250_5,8,0.950351048793744,39
PySR++,601_fri_c1_250_5,9,0.9383838325726316,30
PySR++,602_fri_c3_250_10,0,0.9182195314655481,34
PySR++,602_fri_c3_250_10,1,0.9184827714372629,30
PySR++,602_fri_c3_250_10,2,0.9385840058755902,30
PySR++,602_fri_c3_250_10,3,0.9085504262532456,31
PySR++,602_fri_c3_250_10,4,0.9278047249373721,39
PySR++,602_fri_c3_250_10,5,0.8931863890002917,38
PySR++,602_fri_c3_250_10,6,0.913090648975373,39
PySR++,602_fri_c3_250_10,7,0.9549082114988755,35
PySR++,602_fri_c3_250_10,8,0.9494208504266508,26
PySR++,602_fri_c3_250_10,9,0.9500809466201651,39
PySR++,603_fri_c0_250_50,0,0.9492136004716938,35
PySR++,603_fri_c0_250_50,1,0.8990630353452117,28
PySR++,603_fri_c0_250_50,2,0.9453784313122067,34
PySR++,603_fri_c0_250_50,3,0.9414201699416661,38
PySR++,603_fri_c0_250_50,4,0.950037276033118,29
PySR++,603_fri_c0_250_50,5,0.9316637482146122,28
PySR++,603_fri_c0_250_50,6,0.9378203959371235,36
PySR++,603_fri_c0_250_50,7,0.9367068815590897,38
PySR++,603_fri_c0_250_50,8,0.9629277540009439,35
PySR++,603_fri_c0_250_50,9,0.9307266790422822,37
PySR++,604_fri_c4_500_10,0,0.9382460265658056,29
PySR++,604_fri_c4_500_10,1,0.9115240291673714,36
PySR++,604_fri_c4_500_10,2,0.943016879022039,32
PySR++,604_fri_c4_500_10,3,0.8088754643019642,32
PySR++,604_fri_c4_500_10,4,0.9100976399121594,37
PySR++,604_fri_c4_500_10,5,0.9262255596495697,39
PySR++,604_fri_c4_500_10,6,0.9259430545308497,38
PySR++,604_fri_c4_500_10,7,0.9354862939526261,34
PySR++,604_fri_c4_500_10,8,0.9157932306968856,39
PySR++,604_fri_c4_500_10,9,0.9503233567411322,40
PySR++,605_fri_c2_250_25,0,0.8967433499161829,33
PySR++,605_fri_c2_250_25,1,0.9270318047182963,25
PySR++,605_fri_c2_250_25,2,0.9231925321201071,36
PySR++,605_fri_c2_250_25,3,0.9277490163719494,40
PySR++,605_fri_c2_250_25,4,0.9053020680434293,26
PySR++,605_fri_c2_250_25,5,0.9547174386682812,38
PySR++,605_fri_c2_250_25,6,0.8541195173488526,35
PySR++,605_fri_c2_250_25,7,0.9025472232960988,37
PySR++,605_fri_c2_250_25,8,0.8834222521384874,36
PySR++,605_fri_c2_250_25,9,0.8120389074336158,30
PySR++,606_fri_c2_1000_10,0,0.9050246984447896,40
PySR++,606_fri_c2_1000_10,1,0.9052861706448154,37
PySR++,606_fri_c2_1000_10,2,0.9404084828518365,30
PySR++,606_fri_c2_1000_10,3,0.9038252812243712,28
PySR++,606_fri_c2_1000_10,4,0.9269806959384612,31
PySR++,606_fri_c2_1000_10,5,0.9253558981428271,37
PySR++,606_fri_c2_1000_10,6,0.9316786081082601,33
PySR++,606_fri_c2_1000_10,7,0.944767351192759,39
PySR++,606_fri_c2_1000_10,8,0.9510788283271182,40
PySR++,606_fri_c2_1000_10,9,0.9165041282894423,39
PySR++,607_fri_c4_1000_50,0,0.8792169409595885,35
PySR++,607_fri_c4_1000_50,1,0.9574193393760173,35
PySR++,607_fri_c4_1000_50,2,0.8605629358125044,32
PySR++,607_fri_c4_1000_50,3,0.9448986909101044,35
PySR++,607_fri_c4_1000_50,4,0.940981022087684,30
PySR++,607_fri_c4_1000_50,5,0.947287664293156,38
PySR++,607_fri_c4_1000_50,6,0.9533829859825068,29
PySR++,607_fri_c4_1000_50,7,0.9452556886968398,28
PySR++,607_fri_c4_1000_50,8,0.9211314951342064,38
PySR++,607_fri_c4_1000_50,9,0.8969679992183945,37
PySR++,608_fri_c3_1000_10,0,0.8714533775742938,23
PySR++,608_fri_c3_1000_10,1,0.9383941562076702,35
PySR++,608_fri_c3_1000_10,2,0.911122315992763,40
PySR++,608_fri_c3_1000_10,3,0.9497977296547395,32
PySR++,608_fri_c3_1000_10,4,0.9432743911722706,37
PySR++,608_fri_c3_1000_10,5,0.8949288630557156,36
PySR++,608_fri_c3_1000_10,6,0.9182347382871727,34
PySR++,608_fri_c3_1000_10,7,0.9120487251550732,36
PySR++,608_fri_c3_1000_10,8,0.9379254717566022,33
PySR++,608_fri_c3_1000_10,9,0.9494680498058065,37
PySR++,609_fri_c0_1000_5,0,0.9460722770566201,35
PySR++,609_fri_c0_1000_5,1,0.9495155779993235,40
PySR++,609_fri_c0_1000_5,2,0.9461680525700765,32
PySR++,609_fri_c0_1000_5,3,0.9533058584708751,30
PySR++,609_fri_c0_1000_5,4,0.9517167628461918,36
PySR++,609_fri_c0_1000_5,5,0.9524370207489059,34
PySR++,609_fri_c0_1000_5,6,0.9549450009094697,36
PySR++,609_fri_c0_1000_5,7,0.9592719852776116,38
PySR++,609_fri_c0_1000_5,8,0.9555722257776726,40
PySR++,609_fri_c0_1000_5,9,0.9536137783453648,40
PySR++,611_fri_c3_100_5,0,0.8827995180245978,33
PySR++,611_fri_c3_100_5,1,0.947589495660808,23
PySR++,611_fri_c3_100_5,2,0.9136374477406146,34
PySR++,611_fri_c3_100_5,3,0.9649271786930901,30
PySR++,611_fri_c3_100_5,4,0.9523014468753227,39
PySR++,611_fri_c3_100_5,5,0.9642867899475371,29
PySR++,611_fri_c3_100_5,6,0.9741061854313271,39
PySR++,611_fri_c3_100_5,7,0.973090820389689,37
PySR++,611_fri_c3_100_5,8,0.9278738296713839,35
PySR++,611_fri_c3_100_5,9,0.936876193052103,20
PySR++,612_fri_c1_1000_5,0,0.9595988366856053,40
PySR++,612_fri_c1_1000_5,1,0.9605936163912892,40
PySR++,612_fri_c1_1000_5,2,0.9360400089561249,36
PySR++,612_fri_c1_1000_5,3,0.9449195209683723,38
PySR++,612_fri_c1_1000_5,4,0.9404805615215858,37
PySR++,612_fri_c1_1000_5,5,0.9748222697302427,37
PySR++,612_fri_c1_1000_5,6,0.9433800951293015,32
PySR++,612_fri_c1_1000_5,7,0.9449116374268128,40
PySR++,612_fri_c1_1000_5,8,0.911746097623688,34
PySR++,612_fri_c1_1000_5,9,0.9549566121621138,40
PySR++,613_fri_c3_250_5,0,0.937724678687024,40
PySR++,613_fri_c3_250_5,1,0.9447246876188787,31
PySR++,613_fri_c3_250_5,2,0.9507759217412934,24
PySR++,613_fri_c3_250_5,3,0.956005971859923,31
PySR++,613_fri_c3_250_5,4,0.9622142747904716,31
PySR++,613_fri_c3_250_5,5,0.9288121286107552,37
PySR++,613_fri_c3_250_5,6,0.9407074184875025,32
PySR++,613_fri_c3_250_5,7,0.9447985828401723,30
PySR++,613_fri_c3_250_5,8,0.9357402860073898,29
PySR++,613_fri_c3_250_5,9,0.9369372089412137,39
PySR++,615_fri_c4_250_10,0,0.8469759443440028,36
PySR++,615_fri_c4_250_10,1,0.9273565641188897,34
PySR++,615_fri_c4_250_10,2,0.9386641260086407,30
PySR++,615_fri_c4_250_10,3,0.958814663982339,38
PySR++,615_fri_c4_250_10,4,0.8912544839279047,30
PySR++,615_fri_c4_250_10,5,0.8999282374540549,28
PySR++,615_fri_c4_250_10,6,0.8865250065710111,30
PySR++,615_fri_c4_250_10,7,0.9219146117153105,32
PySR++,615_fri_c4_250_10,8,0.9122892503405942,33
PySR++,615_fri_c4_250_10,9,0.895713211445884,21
PySR++,616_fri_c4_500_50,0,0.887785982818631,38
PySR++,616_fri_c4_500_50,1,0.9138089841961188,30
PySR++,616_fri_c4_500_50,2,0.9222005453372426,33
PySR++,616_fri_c4_500_50,3,0.9135654462711673,27
PySR++,616_fri_c4_500_50,4,0.6800012622315158,25
PySR++,616_fri_c4_500_50,5,0.9200060096258627,39
PySR++,616_fri_c4_500_50,6,0.9444968325014227,38
PySR++,616_fri_c4_500_50,7,0.9562431094807917,34
PySR++,616_fri_c4_500_50,8,0.9321929816012511,35
PySR++,616_fri_c4_500_50,9,0.8971725967296208,25
PySR++,617_fri_c3_500_5,0,0.9271678247656874,32
PySR++,617_fri_c3_500_5,1,0.8658942742950461,36
PySR++,617_fri_c3_500_5,2,0.8961918566041163,37
PySR++,617_fri_c3_500_5,3,0.9305323975936464,36
PySR++,617_fri_c3_500_5,4,0.9367388640875579,30
PySR++,617_fri_c3_500_5,5,0.9402602977947274,32
PySR++,617_fri_c3_500_5,6,0.9127614605785137,37
PySR++,617_fri_c3_500_5,7,0.9085496127951879,37
PySR++,617_fri_c3_500_5,8,0.9089996409903582,35
PySR++,617_fri_c3_500_5,9,0.8836284618052853,26
PySR++,618_fri_c3_1000_50,0,0.951471188963117,36
PySR++,618_fri_c3_1000_50,1,0.9327166058414161,37
PySR++,618_fri_c3_1000_50,2,0.9358958003221083,39
PySR++,618_fri_c3_1000_50,3,0.9281683538727318,32
PySR++,618_fri_c3_1000_50,4,0.9348810770154787,29
PySR++,618_fri_c3_1000_50,5,0.898321981397775,25
PySR++,618_fri_c3_1000_50,6,0.8731260645464685,36
PySR++,618_fri_c3_1000_50,7,0.9489019707924122,37
PySR++,618_fri_c3_1000_50,8,0.9236808438752742,34
PySR++,618_fri_c3_1000_50,9,0.9456590760429777,35
PySR++,620_fri_c1_1000_25,0,0.9562166901119439,37
PySR++,620_fri_c1_1000_25,1,0.9332462091963596,33
PySR++,620_fri_c1_1000_25,2,0.9064509666827496,37
PySR++,620_fri_c1_1000_25,3,0.9614921050267414,38
PySR++,620_fri_c1_1000_25,4,0.9200587212799762,35
PySR++,620_fri_c1_1000_25,5,0.9054974105817173,33
PySR++,620_fri_c1_1000_25,6,0.9525898782589269,39
PySR++,620_fri_c1_1000_25,7,0.9490261392914386,37
PySR++,620_fri_c1_1000_25,8,0.942794385038779,40
PySR++,620_fri_c1_1000_25,9,0.9111273437122277,38
PySR++,621_fri_c0_100_10,0,0.9128119252070787,37
PySR++,621_fri_c0_100_10,1,0.944508495089952,33
PySR++,621_fri_c0_100_10,2,0.9416260920737716,31
PySR++,621_fri_c0_100_10,3,0.9562108690308937,36
PySR++,621_fri_c0_100_10,4,0.957714863060457,38
PySR++,621_fri_c0_100_10,5,0.9436983900818403,35
PySR++,621_fri_c0_100_10,6,0.9509224428974596,28
PySR++,621_fri_c0_100_10,7,0.9659555552208836,27
PySR++,621_fri_c0_100_10,8,0.9331243555669841,30
PySR++,621_fri_c0_100_10,9,0.926648740032887,31
PySR++,622_fri_c2_1000_50,0,0.9254537189245303,35
PySR++,622_fri_c2_1000_50,1,0.9210279538867667,37
PySR++,622_fri_c2_1000_50,2,0.955037351595715,37
PySR++,622_fri_c2_1000_50,3,0.926046643105895,34
PySR++,622_fri_c2_1000_50,4,0.9307412416329724,39
PySR++,622_fri_c2_1000_50,5,0.9012935612980204,30
PySR++,622_fri_c2_1000_50,6,0.92108286548228,38
PySR++,622_fri_c2_1000_50,7,0.8737649291549022,25
PySR++,622_fri_c2_1000_50,8,0.8953319280470943,32
PySR++,622_fri_c2_1000_50,9,0.9072398251498912,28
PySR++,623_fri_c4_1000_10,0,0.906647672973535,30
PySR++,623_fri_c4_1000_10,1,0.9403900375367644,38
PySR++,623_fri_c4_1000_10,2,0.9194588211339882,40
PySR++,623_fri_c4_1000_10,3,0.9400296121274717,39
PySR++,623_fri_c4_1000_10,4,0.9304991694915661,29
PySR++,623_fri_c4_1000_10,5,0.929307886339534,37
PySR++,623_fri_c4_1000_10,6,0.8926968323292851,35
PySR++,623_fri_c4_1000_10,7,0.9027537350409043,32
PySR++,623_fri_c4_1000_10,8,0.9034674080390424,35
PySR++,623_fri_c4_1000_10,9,0.9422774492322162,38
PySR++,624_fri_c0_100_5,0,0.9295812071354559,34
PySR++,624_fri_c0_100_5,1,0.91608969861144,36
PySR++,624_fri_c0_100_5,2,0.9443584006824488,27
PySR++,624_fri_c0_100_5,3,0.9408135801105532,28
PySR++,624_fri_c0_100_5,4,0.9338318818447868,28
PySR++,624_fri_c0_100_5,5,0.9212209950441599,40
PySR++,624_fri_c0_100_5,6,0.8368915104250118,21
PySR++,624_fri_c0_100_5,7,0.9166991016149321,37
PySR++,624_fri_c0_100_5,8,0.9430548767877742,34
PySR++,624_fri_c0_100_5,9,0.9413826929781098,32
PySR++,626_fri_c2_500_50,0,0.9305209251109605,38
PySR++,626_fri_c2_500_50,1,0.9141364372393033,30
PySR++,626_fri_c2_500_50,2,0.9044805811718772,31
PySR++,626_fri_c2_500_50,3,0.9265066013400454,30
PySR++,626_fri_c2_500_50,4,0.9137313127213164,38
PySR++,626_fri_c2_500_50,5,0.924210834613895,29
PySR++,626_fri_c2_500_50,6,0.9671517450107593,34
PySR++,626_fri_c2_500_50,7,0.9164335989889304,39
PySR++,626_fri_c2_500_50,8,0.8814036732049103,27
PySR++,626_fri_c2_500_50,9,0.9274307616456955,34
PySR++,627_fri_c2_500_10,0,0.9312913978243409,28
PySR++,627_fri_c2_500_10,1,0.8648397974737205,27
PySR++,627_fri_c2_500_10,2,0.9136811785667747,37
PySR++,627_fri_c2_500_10,3,0.9386594891836836,38
PySR++,627_fri_c2_500_10,4,0.9381343781196337,38
PySR++,627_fri_c2_500_10,5,0.9243473058013465,39
PySR++,627_fri_c2_500_10,6,0.9178589050804236,36
PySR++,627_fri_c2_500_10,7,0.937685045135079,33
PySR++,627_fri_c2_500_10,8,0.8919437840152609,31
PySR++,627_fri_c2_500_10,9,0.9569706694377917,36
PySR++,628_fri_c3_1000_5,0,0.9109587807039342,37
PySR++,628_fri_c3_1000_5,1,0.9410831819518783,34
PySR++,628_fri_c3_1000_5,2,0.9278186591035917,38
PySR++,628_fri_c3_1000_5,3,0.9505195708744407,25
PySR++,628_fri_c3_1000_5,4,0.9533466521516135,39
PySR++,628_fri_c3_1000_5,5,0.9061504659249431,35
PySR++,628_fri_c3_1000_5,6,0.9469123529139167,40
PySR++,628_fri_c3_1000_5,7,0.9346778823096807,37
PySR++,628_fri_c3_1000_5,8,0.9571661725526064,35
PySR++,628_fri_c3_1000_5,9,0.9031194827382979,40
PySR++,631_fri_c1_500_5,0,0.9511066581403299,39
PySR++,631_fri_c1_500_5,1,0.9039463413127854,37
PySR++,631_fri_c1_500_5,2,0.9523860829926626,36
PySR++,631_fri_c1_500_5,3,0.9292358229652008,39
PySR++,631_fri_c1_500_5,4,0.938754679591001,34
PySR++,631_fri_c1_500_5,5,0.9533527607789968,30
PySR++,631_fri_c1_500_5,6,0.9315374228743751,31
PySR++,631_fri_c1_500_5,7,0.8817982279140754,33
PySR++,631_fri_c1_500_5,8,0.9298391913184775,30
PySR++,631_fri_c1_500_5,9,0.9155684453596691,32
PySR++,633_fri_c0_500_25,0,0.9329392618355346,40
PySR++,633_fri_c0_500_25,1,0.8949291113645321,32
PySR++,633_fri_c0_500_25,2,0.9114220004013549,30
PySR++,633_fri_c0_500_25,3,0.954226198948416,28
PySR++,633_fri_c0_500_25,4,0.9374336888288934,39
PySR++,633_fri_c0_500_25,5,0.931620594936396,39
PySR++,633_fri_c0_500_25,6,0.9520956531593393,31
PySR++,633_fri_c0_500_25,7,0.9523064750466318,29
PySR++,633_fri_c0_500_25,8,0.9423711641087872,36
PySR++,633_fri_c0_500_25,9,0.8999720314591952,29
PySR++,634_fri_c2_100_10,0,0.9055815940572204,29
PySR++,634_fri_c2_100_10,1,0.8145821159914299,37
PySR++,634_fri_c2_100_10,2,0.8694166464820808,29
PySR++,634_fri_c2_100_10,3,0.9054797726242056,39
PySR++,634_fri_c2_100_10,4,0.9264876511157754,32
PySR++,634_fri_c2_100_10,5,0.8982296727149044,37
PySR++,634_fri_c2_100_10,6,0.854048679425,34
PySR++,634_fri_c2_100_10,7,0.9124309742620499,37
PySR++,634_fri_c2_100_10,8,0.8490334953356156,17
PySR++,634_fri_c2_100_10,9,0.8218148240672289,33
PySR++,635_fri_c0_250_10,0,0.9509764920143771,37
PySR++,635_fri_c0_250_10,1,0.9493376167155573,27
PySR++,635_fri_c0_250_10,2,0.9642549892898502,38
PySR++,635_fri_c0_250_10,3,0.9559568124932061,37
PySR++,635_fri_c0_250_10,4,0.933955201645099,40
PySR++,635_fri_c0_250_10,5,0.9539529684712106,28
PySR++,635_fri_c0_250_10,6,0.9516098900174242,37
PySR++,635_fri_c0_250_10,7,0.9430645474980762,36
PySR++,635_fri_c0_250_10,8,0.9449164204691738,35
PySR++,635_fri_c0_250_10,9,0.9491552924292024,29
PySR++,637_fri_c1_500_50,0,0.8925349378692864,36
PySR++,637_fri_c1_500_50,1,0.9236190966716001,35
PySR++,637_fri_c1_500_50,2,0.8924164096792051,35
PySR++,637_fri_c1_500_50,3,0.9312745218190426,36
PySR++,637_fri_c1_500_50,4,0.9051304021286343,31
PySR++,637_fri_c1_500_50,5,0.9304223164748889,34
PySR++,637_fri_c1_500_50,6,0.8962341532240838,40
PySR++,637_fri_c1_500_50,7,0.954233419452919,34
PySR++,637_fri_c1_500_50,8,0.9255411770062812,36
PySR++,637_fri_c1_500_50,9,0.9318140477808211,30
PySR++,641_fri_c1_500_10,0,0.9572489378134228,39
PySR++,641_fri_c1_500_10,1,0.9548716065317292,34
PySR++,641_fri_c1_500_10,2,0.9275322062985456,36
PySR++,641_fri_c1_500_10,3,0.9278027479184101,38
PySR++,641_fri_c1_500_10,4,0.9697042600726875,40
PySR++,641_fri_c1_500_10,5,0.9180395326684497,30
PySR++,641_fri_c1_500_10,6,0.924259088888039,37
PySR++,641_fri_c1_500_10,7,0.9358967922756677,35
PySR++,641_fri_c1_500_10,8,0.9521230735585712,35
PySR++,641_fri_c1_500_10,9,0.9414034459027703,36
PySR++,643_fri_c2_500_25,0,0.9234572315642199,31
PySR++,643_fri_c2_500_25,1,0.914211906628782,32
PySR++,643_fri_c2_500_25,2,0.9360998307077022,37
PySR++,643_fri_c2_500_25,3,0.910844593711291,37
PySR++,643_fri_c2_500_25,4,0.9495532461158822,37
PySR++,643_fri_c2_500_25,5,0.9265792572383786,32
PySR++,643_fri_c2_500_25,6,0.9515776610139496,40
PySR++,643_fri_c2_500_25,7,0.95534156779425,37
PySR++,643_fri_c2_500_25,8,0.89939335254663,35
PySR++,643_fri_c2_500_25,9,0.864311896696359,37
PySR++,644_fri_c4_250_25,0,0.8823174440152761,21
PySR++,644_fri_c4_250_25,1,0.946530912766977,32
PySR++,644_fri_c4_250_25,2,0.9238174458225195,31
PySR++,644_fri_c4_250_25,3,0.9223372391160751,33
PySR++,644_fri_c4_250_25,4,0.9362807844877687,32
PySR++,644_fri_c4_250_25,5,0.9274883223658967,26
PySR++,644_fri_c4_250_25,6,0.9615858156088636,38
PySR++,644_fri_c4_250_25,7,0.9538646302664108,39
PySR++,644_fri_c4_250_25,8,0.9434617756117487,33
PySR++,644_fri_c4_250_25,9,0.9449331230202628,33
PySR++,645_fri_c3_500_50,0,0.9245803644512872,38
PySR++,645_fri_c3_500_50,1,0.9587761418358842,32
PySR++,645_fri_c3_500_50,2,0.8933453885579128,36
PySR++,645_fri_c3_500_50,3,0.9244717396565159,28
PySR++,645_fri_c3_500_50,4,0.9248523378827043,25
PySR++,645_fri_c3_500_50,5,0.904379907540438,26
PySR++,645_fri_c3_500_50,6,0.8465531941232997,30
PySR++,645_fri_c3_500_50,7,0.9207854984045041,35
PySR++,645_fri_c3_500_50,8,0.9063457599481023,29
PySR++,645_fri_c3_500_50,9,0.9531311627256617,29
PySR++,646_fri_c3_500_10,0,0.9532064966975556,40
PySR++,646_fri_c3_500_10,1,0.9432075491788507,31
PySR++,646_fri_c3_500_10,2,0.9008748641602944,32
PySR++,646_fri_c3_500_10,3,0.9580444823879739,34
PySR++,646_fri_c3_500_10,4,0.9404537660087896,38
PySR++,646_fri_c3_500_10,5,0.9371975983934465,28
PySR++,646_fri_c3_500_10,6,0.8673008900759027,37
PySR++,646_fri_c3_500_10,7,0.9512241904233208,32
PySR++,646_fri_c3_500_10,8,0.9441512431509247,40
PySR++,646_fri_c3_500_10,9,0.9281963492173178,34
PySR++,647_fri_c1_250_10,0,0.9552636457980593,40
PySR++,647_fri_c1_250_10,1,0.9421498802079206,36
PySR++,647_fri_c1_250_10,2,0.9355008885972538,30
PySR++,647_fri_c1_250_10,3,0.9765702817432016,37
PySR++,647_fri_c1_250_10,4,0.9355222163035316,22
PySR++,647_fri_c1_250_10,5,0.931120708815925,35
PySR++,647_fri_c1_250_10,6,0.9493883976934906,33
PySR++,647_fri_c1_250_10,7,0.9433641865304013,40
PySR++,647_fri_c1_250_10,8,0.9411180776785164,35
PySR++,647_fri_c1_250_10,9,0.9518423819482337,38
PySR++,648_fri_c1_250_50,0,0.8421974539183864,37
PySR++,648_fri_c1_250_50,1,0.9214725240042677,30
PySR++,648_fri_c1_250_50,2,0.881438560067008,33
PySR++,648_fri_c1_250_50,3,0.9526488142093599,35
PySR++,648_fri_c1_250_50,4,0.8400843889848484,38
PySR++,648_fri_c1_250_50,5,0.9337195987916913,33
PySR++,648_fri_c1_250_50,6,0.9677040273900184,38
PySR++,648_fri_c1_250_50,7,0.9574935119224064,38
PySR++,648_fri_c1_250_50,8,0.945447573996072,38
PySR++,648_fri_c1_250_50,9,0.9563340504193503,40
PySR++,649_fri_c0_500_5,0,0.9359060828283058,30
PySR++,649_fri_c0_500_5,1,0.9414125176384108,40
PySR++,649_fri_c0_500_5,2,0.9420667579885508,33
PySR++,649_fri_c0_500_5,3,0.9307487667078437,31
PySR++,649_fri_c0_500_5,4,0.9374192763913787,38
PySR++,649_fri_c0_500_5,5,0.949176940199892,40
PySR++,649_fri_c0_500_5,6,0.932512630620907,32
PySR++,649_fri_c0_500_5,7,0.942150180500128,33
PySR++,649_fri_c0_500_5,8,0.949216092146305,33
PySR++,649_fri_c0_500_5,9,0.9462372196026115,31
PySR++,650_fri_c0_500_50,0,0.9328167089952998,40
PySR++,650_fri_c0_500_50,1,0.8874654676588378,31
PySR++,650_fri_c0_500_50,2,0.9445033156849465,35
PySR++,650_fri_c0_500_50,3,0.952607431542914,35
PySR++,650_fri_c0_500_50,4,0.9435942945821959,30
PySR++,650_fri_c0_500_50,5,0.9488331466676952,40
PySR++,650_fri_c0_500_50,6,0.9408767804256634,36
PySR++,650_fri_c0_500_50,7,0.9439037902495313,37
PySR++,650_fri_c0_500_50,8,0.9464120614580028,37
PySR++,650_fri_c0_500_50,9,0.9478913099278856,36
PySR++,651_fri_c0_100_25,0,0.9720393472830833,32
PySR++,651_fri_c0_100_25,1,0.9446206157580352,36
PySR++,651_fri_c0_100_25,2,0.8615569841285081,31
PySR++,651_fri_c0_100_25,3,0.9487768810170905,29
PySR++,651_fri_c0_100_25,4,0.8386452532369283,32
PySR++,651_fri_c0_100_25,5,0.974138960057047,32
PySR++,651_fri_c0_100_25,6,0.9487859220189966,34
PySR++,651_fri_c0_100_25,7,0.909175614758941,31
PySR++,651_fri_c0_100_25,8,0.9119030364539094,23
PySR++,651_fri_c0_100_25,9,0.9054429347572596,32
PySR++,653_fri_c0_250_25,0,0.9455720279422047,37
PySR++,653_fri_c0_250_25,1,0.9462765609843681,32
PySR++,653_fri_c0_250_25,2,0.9243903932678361,29
PySR++,653_fri_c0_250_25,3,0.9445268971502884,31
PySR++,653_fri_c0_250_25,4,0.9591791273180612,30
PySR++,653_fri_c0_250_25,5,0.9518645943912633,26
PySR++,653_fri_c0_250_25,6,0.9028087742355826,36
PySR++,653_fri_c0_250_25,7,0.9503187252903169,30
PySR++,653_fri_c0_250_25,8,0.9435785060762278,33
PySR++,653_fri_c0_250_25,9,0.9355660336372325,39
PySR++,654_fri_c0_500_10,0,0.9477581604934886,36
PySR++,654_fri_c0_500_10,1,0.9366219129545408,34
PySR++,654_fri_c0_500_10,2,0.9561933487189022,29
PySR++,654_fri_c0_500_10,3,0.9094318690375727,39
PySR++,654_fri_c0_500_10,4,0.9271931754296737,40
PySR++,654_fri_c0_500_10,5,0.9433250177307125,32
PySR++,654_fri_c0_500_10,6,0.9590925044786457,33
PySR++,654_fri_c0_500_10,7,0.8889312621896814,38
PySR++,654_fri_c0_500_10,8,0.9376040579455729,30
PySR++,654_fri_c0_500_10,9,0.9224764151174532,40
PySR++,656_fri_c1_100_5,0,0.9314965752755722,31
PySR++,656_fri_c1_100_5,1,0.8611471789297255,30
PySR++,656_fri_c1_100_5,2,0.8884081253408322,32
PySR++,656_fri_c1_100_5,3,0.8847430650427763,24
PySR++,656_fri_c1_100_5,4,0.9286366275018535,38
PySR++,656_fri_c1_100_5,5,0.9166558027648892,26
PySR++,656_fri_c1_100_5,6,0.9253708343943384,35
PySR++,656_fri_c1_100_5,7,0.9083988521063673,35
PySR++,656_fri_c1_100_5,8,0.9445873206498872,33
PySR++,656_fri_c1_100_5,9,0.9022562424084309,39
PySR++,657_fri_c2_250_10,0,0.933703567782683,37
PySR++,657_fri_c2_250_10,1,0.9605763371084128,40
PySR++,657_fri_c2_250_10,2,0.8963240764563064,31
PySR++,657_fri_c2_250_10,3,0.915267496812381,36
PySR++,657_fri_c2_250_10,4,0.9398685616166137,38
PySR++,657_fri_c2_250_10,5,0.946339789279859,37
PySR++,657_fri_c2_250_10,6,0.9035955244785245,39
PySR++,657_fri_c2_250_10,7,0.879862629930731,36
PySR++,657_fri_c2_250_10,8,0.8586387779363055,21
PySR++,657_fri_c2_250_10,9,0.899420586333222,35
PySR++,658_fri_c3_250_25,0,0.9405304931858587,33
PySR++,658_fri_c3_250_25,1,0.9046140024266878,37
PySR++,658_fri_c3_250_25,2,0.8930949475563068,23
PySR++,658_fri_c3_250_25,3,0.8781962497072572,24
PySR++,658_fri_c3_250_25,4,0.9254950409745939,29
PySR++,658_fri_c3_250_25,5,0.9444931874760784,35
PySR++,658_fri_c3_250_25,6,0.8891869979220351,39
PySR++,658_fri_c3_250_25,7,0.9226662245865803,26
PySR++,658_fri_c3_250_25,8,0.9366573415583674,33
PySR++,658_fri_c3_250_25,9,0.8262640589598499,32
PySR++,659_sleuth_ex1714,0,0.8206632318182484,30
PySR++,659_sleuth_ex1714,1,0.805529063405453,1
PySR++,659_sleuth_ex1714,2,0.7617012368189804,1
PySR++,659_sleuth_ex1714,3,0.7038056283483225,16
PySR++,659_sleuth_ex1714,4,0.9109937435410675,11
PySR++,659_sleuth_ex1714,5,0.8834280799412609,3
PySR++,659_sleuth_ex1714,6,0.6933356191172468,16
PySR++,659_sleuth_ex1714,7,0.8802843879189785,6
PySR++,659_sleuth_ex1714,8,0.7630910586802209,1
PySR++,659_sleuth_ex1714,9,0.5900024605875611,11
PySR++,663_rabe_266,0,0.9991519730355046,28
PySR++,663_rabe_266,1,0.999152773623318,28
PySR++,663_rabe_266,2,0.9987373324542891,14
PySR++,663_rabe_266,3,0.9992713638029297,38
PySR++,663_rabe_266,4,0.998358515377479,24
PySR++,663_rabe_266,5,0.9980922916065982,29
PySR++,663_rabe_266,6,0.9967953743465121,24
PySR++,663_rabe_266,7,0.9983942857369656,36
PySR++,663_rabe_266,8,0.9987001743470485,27
PySR++,663_rabe_266,9,0.9988224976441035,38
PySR++,665_sleuth_case2002,0,0.32645845773705273,3
PySR++,665_sleuth_case2002,1,0.49795294936388357,5
PySR++,665_sleuth_case2002,2,0.4548877803974992,8
PySR++,665_sleuth_case2002,3,0.38874330140277213,11
PySR++,665_sleuth_case2002,4,0.09703633118690858,6
PySR++,665_sleuth_case2002,5,0.09696185230350185,6
PySR++,665_sleuth_case2002,6,0.4441714471675271,12
PySR++,665_sleuth_case2002,7,0.05007568047751643,18
PySR++,665_sleuth_case2002,8,0.2129046389137731,8
PySR++,665_sleuth_case2002,9,0.38971930817445644,8
PySR++,666_rmftsa_ladata,0,0.6698439027096834,29
PySR++,666_rmftsa_ladata,1,0.6022114156966147,26
PySR++,666_rmftsa_ladata,2,0.7158995673409492,22
PySR++,666_rmftsa_ladata,3,0.583256879292779,28
PySR++,666_rmftsa_ladata,4,0.6639497687158651,32
PySR++,666_rmftsa_ladata,5,0.4505643922953664,11
PySR++,666_rmftsa_ladata,6,0.7407376447025736,34
PySR++,666_rmftsa_ladata,7,0.7483380669286055,23
PySR++,666_rmftsa_ladata,8,0.7114910674609839,33
PySR++,666_rmftsa_ladata,9,0.6237580128750261,22
PySR++,678_visualizing_environmental,0,0.46001700016344793,16
PySR++,678_visualizing_environmental,1,0.412986317148586,7
PySR++,678_visualizing_environmental,2,0.660376279866004,7
PySR++,678_visualizing_environmental,3,0.4717683483064855,20
PySR++,678_visualizing_environmental,4,0.38789492525385827,9
PySR++,678_visualizing_environmental,5,0.5477974147715914,8
PySR++,678_visualizing_environmental,6,0.6214397302234037,7
PySR++,678_visualizing_environmental,7,0.30637395183807037,13
PySR++,678_visualizing_environmental,8,0.2159381069765528,3
PySR++,678_visualizing_environmental,9,0.5564964552789328,3
PySR++,687_sleuth_ex1605,0,0.7816657121961639,1
PySR++,687_sleuth_ex1605,1,0.8540375081556211,1
PySR++,687_sleuth_ex1605,2,0.5360730899614117,3
PySR++,687_sleuth_ex1605,3,0.5094790126732858,1
PySR++,687_sleuth_ex1605,4,0.6684490844075689,28
PySR++,687_sleuth_ex1605,5,0.6613760925421182,13
PySR++,687_sleuth_ex1605,6,0.6387713128749772,17
PySR++,687_sleuth_ex1605,7,0.6701944073735828,38
PySR++,687_sleuth_ex1605,8,0.7781106632991389,14
PySR++,687_sleuth_ex1605,9,0.7164720771040991,1
PySR++,690_visualizing_galaxy,0,0.9698627522200509,33
PySR++,690_visualizing_galaxy,1,0.9655035199419453,34
PySR++,690_visualizing_galaxy,2,0.9684103035320677,30
PySR++,690_visualizing_galaxy,3,0.9797655421189995,34
PySR++,690_visualizing_galaxy,4,0.9738020071359982,24
PySR++,690_visualizing_galaxy,5,0.9737298075179701,23
PySR++,690_visualizing_galaxy,6,0.9727191073802849,26
PySR++,690_visualizing_galaxy,7,0.9623040288807225,37
PySR++,690_visualizing_galaxy,8,0.9645683328111512,31
PySR++,690_visualizing_galaxy,9,0.9681227329336328,34
PySR++,695_chatfield_4,0,0.8976699178387062,7
PySR++,695_chatfield_4,1,0.8538630853441441,9
PySR++,695_chatfield_4,2,0.9163528782393544,8
PySR++,695_chatfield_4,3,0.9110686987169713,23
PySR++,695_chatfield_4,4,0.8541482476877349,7
PySR++,695_chatfield_4,5,0.8432386565211664,7
PySR++,695_chatfield_4,6,0.8126567618852082,12
PySR++,695_chatfield_4,7,0.8418841564170639,3
PySR++,695_chatfield_4,8,0.8940711903147003,5
PySR++,695_chatfield_4,9,0.9134321583084,5
PySR++,706_sleuth_case1202,0,0.7695003572943617,5
PySR++,706_sleuth_case1202,1,0.7914146168678498,11
PySR++,706_sleuth_case1202,2,0.7212328435410904,1
PySR++,706_sleuth_case1202,3,0.8262972862543833,10
PySR++,706_sleuth_case1202,4,0.7584407341517161,35
PySR++,706_sleuth_case1202,5,0.7824730611861597,8
PySR++,706_sleuth_case1202,6,0.7013537955955668,5
PySR++,706_sleuth_case1202,7,0.5864507032261224,36
PySR++,706_sleuth_case1202,8,0.5844250294699036,1
PySR++,706_sleuth_case1202,9,0.61261248091489,5
PySR++,712_chscase_geyser1,0,0.805928474963944,10
PySR++,712_chscase_geyser1,1,0.7943335926726365,3
PySR++,712_chscase_geyser1,2,0.7420782838691506,15
PySR++,712_chscase_geyser1,3,0.8175085053989607,7
PySR++,712_chscase_geyser1,4,0.7406245695483177,27
PySR++,712_chscase_geyser1,5,0.7909990791532672,7
PySR++,712_chscase_geyser1,6,0.8288743772586279,7
PySR++,712_chscase_geyser1,7,0.778285446948053,7
PySR++,712_chscase_geyser1,8,0.815299283449336,9
PySR++,712_chscase_geyser1,9,0.7590866588174718,7
PySR++,banana,0,0.6299910621398652,37
PySR++,banana,1,0.588901803709613,32
PySR++,banana,2,0.5813854071057998,29
PySR++,banana,3,0.612653545241964,34
PySR++,banana,4,0.6347560027232857,36
PySR++,banana,5,0.5549065963580032,18
PySR++,banana,6,0.6175297849452155,29
PySR++,banana,7,0.5977454332012087,33
PySR++,banana,8,0.6108560144617201,28
PySR++,banana,9,0.6226649708434003,37
PySR++,titanic,0,0.25637737594884,27
PySR++,titanic,1,0.28850925944020056,11
PySR++,titanic,2,0.34048929254875815,19
PySR++,titanic,3,0.34108354598549684,30
PySR++,titanic,4,0.34096655795479336,40
PySR++,titanic,5,0.3456842513314857,38
PySR++,titanic,6,0.3011305184270807,16
PySR++,titanic,7,0.2817062538998262,19
PySR++,titanic,8,0.3403057084029123,24
PySR++,titanic,9,0.31682826941743336,30
BasicSR++,1027_ESL,0,0.8436942988337326,21
BasicSR++,1027_ESL,1,0.8333927268269666,22
BasicSR++,1027_ESL,2,0.8769707365836067,17
BasicSR++,1027_ESL,3,0.8439044532994028,18
BasicSR++,1027_ESL,4,0.883903984373948,13
BasicSR++,1027_ESL,5,0.8718221752499384,23
BasicSR++,1027_ESL,6,0.8669509066673857,38
BasicSR++,1027_ESL,7,0.8845835229682508,33
BasicSR++,1027_ESL,8,0.8776401559767781,19
BasicSR++,1027_ESL,9,0.8977157307807457,19
BasicSR++,1028_SWD,0,0.37149348478483735,30
BasicSR++,1028_SWD,1,0.34401068977493376,27
BasicSR++,1028_SWD,2,0.432143804451793,35
BasicSR++,1028_SWD,3,0.4461521827050764,36
BasicSR++,1028_SWD,4,0.3964150707782881,27
BasicSR++,1028_SWD,5,0.39722519362428566,39
BasicSR++,1028_SWD,6,0.3307684095127791,28
BasicSR++,1028_SWD,7,0.3624638075410679,34
BasicSR++,1028_SWD,8,0.4863075828830997,33
BasicSR++,1028_SWD,9,0.3553200853222013,24
BasicSR++,1029_LEV,0,0.4322117074129288,20
BasicSR++,1029_LEV,1,0.5205297443070276,28
BasicSR++,1029_LEV,2,0.5692152825344428,23
BasicSR++,1029_LEV,3,0.5690041872786116,28
BasicSR++,1029_LEV,4,0.5963132524718383,13
BasicSR++,1029_LEV,5,0.5551174598018636,24
BasicSR++,1029_LEV,6,0.4406018411953615,16
BasicSR++,1029_LEV,7,0.5459270696131207,11
BasicSR++,1029_LEV,8,0.5587191284396416,17
BasicSR++,1029_LEV,9,0.5195969731452571,18
BasicSR++,1030_ERA,0,0.3513609391648832,14
BasicSR++,1030_ERA,1,0.36665616436040693,14
BasicSR++,1030_ERA,2,0.419091349727274,15
BasicSR++,1030_ERA,3,0.39397627350796205,16
BasicSR++,1030_ERA,4,0.38344701368520884,20
BasicSR++,1030_ERA,5,0.4062557686354554,14
BasicSR++,1030_ERA,6,0.3464965058128724,17
BasicSR++,1030_ERA,7,0.44048897668948095,17
BasicSR++,1030_ERA,8,0.42247980476926117,12
BasicSR++,1030_ERA,9,0.4523082086111968,15
BasicSR++,1089_USCrime,0,0.8506075467963736,20
BasicSR++,1089_USCrime,1,0.9379027825874526,18
BasicSR++,1089_USCrime,2,0.8516704415411109,15
BasicSR++,1089_USCrime,3,0.8376333885450644,24
BasicSR++,1089_USCrime,4,0.708317214392171,5
BasicSR++,1089_USCrime,5,0.8275168100222319,18
BasicSR++,1089_USCrime,6,0.7585219931582469,21
BasicSR++,1089_USCrime,7,0.7628740794820621,6
BasicSR++,1089_USCrime,8,0.7960752238361816,7
BasicSR++,1089_USCrime,9,0.8835999910175306,12
BasicSR++,1096_FacultySalaries,0,0.9095786393323106,10
BasicSR++,1096_FacultySalaries,1,0.9522421757726143,12
BasicSR++,1096_FacultySalaries,2,0.9675491499763496,14
BasicSR++,1096_FacultySalaries,3,0.9535590763977895,23
BasicSR++,1096_FacultySalaries,4,0.9914597953845176,22
BasicSR++,1096_FacultySalaries,5,0.9891784197246364,26
BasicSR++,1096_FacultySalaries,6,0.7804911290587363,5
BasicSR++,1096_FacultySalaries,7,0.8813874706761826,9
BasicSR++,1096_FacultySalaries,8,0.7900902872803798,9
BasicSR++,1096_FacultySalaries,9,0.9086821530178604,1
BasicSR++,1191_BNG_pbc,0,0.30214002497367975,20
BasicSR++,1191_BNG_pbc,1,0.3084601945756521,21
BasicSR++,1191_BNG_pbc,2,0.3036491466375274,40
BasicSR++,1191_BNG_pbc,3,0.3133016461897057,27
BasicSR++,1191_BNG_pbc,4,0.31691153932294147,37
BasicSR++,1191_BNG_pbc,5,0.30585031094697235,21
BasicSR++,1191_BNG_pbc,6,0.3084545824541789,26
BasicSR++,1191_BNG_pbc,7,0.3112282486126461,29
BasicSR++,1191_BNG_pbc,8,0.2987164940813466,18
BasicSR++,1191_BNG_pbc,9,0.3091857386442727,28
BasicSR++,1193_BNG_lowbwt,0,0.5720748200294286,28
BasicSR++,1193_BNG_lowbwt,1,0.5799232111785239,16
BasicSR++,1193_BNG_lowbwt,2,0.5667138034666921,16
BasicSR++,1193_BNG_lowbwt,3,0.5623895722729773,12
BasicSR++,1193_BNG_lowbwt,4,0.5717286278526661,15
BasicSR++,1193_BNG_lowbwt,5,0.5720125904104713,18
BasicSR++,1193_BNG_lowbwt,6,0.5595675489424154,14
BasicSR++,1193_BNG_lowbwt,7,0.5700898503670031,18
BasicSR++,1193_BNG_lowbwt,8,0.5648359586173536,23
BasicSR++,1193_BNG_lowbwt,9,0.5706832803718616,27
BasicSR++,1196_BNG_pharynx,0,0.43919065619722564,17
BasicSR++,1196_BNG_pharynx,1,0.43014959457936663,18
BasicSR++,1196_BNG_pharynx,2,0.43964699957385456,17
BasicSR++,1196_BNG_pharynx,3,0.43975568353940986,17
BasicSR++,1196_BNG_pharynx,4,0.4410210932058659,24
BasicSR++,1196_BNG_pharynx,5,0.4295832859085935,15
BasicSR++,1196_BNG_pharynx,6,0.4322430265527407,18
BasicSR++,1196_BNG_pharynx,7,0.4325107757226897,15
BasicSR++,1196_BNG_pharynx,8,0.43564228544806205,22
BasicSR++,1196_BNG_pharynx,9,0.42315878981554,14
BasicSR++,1199_BNG_echoMonths,0,0.43564997843172404,22
BasicSR++,1199_BNG_echoMonths,1,0.44500602696612657,24
BasicSR++,1199_BNG_echoMonths,2,0.44022138300784996,16
BasicSR++,1199_BNG_echoMonths,3,0.4485622907159139,13
BasicSR++,1199_BNG_echoMonths,4,0.4390821583986281,14
BasicSR++,1199_BNG_echoMonths,5,0.4398013308626455,18
BasicSR++,1199_BNG_echoMonths,6,0.44152835210148056,17
BasicSR++,1199_BNG_echoMonths,7,0.4372634398412949,16
BasicSR++,1199_BNG_echoMonths,8,0.43952498547425856,20
BasicSR++,1199_BNG_echoMonths,9,0.44493249985770134,21
BasicSR++,1201_BNG_breastTumor,0,0.05947953132574679,28
BasicSR++,1201_BNG_breastTumor,1,0.08137760046608,23
BasicSR++,1201_BNG_breastTumor,2,0.06529729342692114,17
BasicSR++,1201_BNG_breastTumor,3,0.07450140609249167,17
BasicSR++,1201_BNG_breastTumor,4,0.06575035205193525,24
BasicSR++,1201_BNG_breastTumor,5,0.08138661169599926,16
BasicSR++,1201_BNG_breastTumor,6,0.05871103582825543,13
BasicSR++,1201_BNG_breastTumor,7,0.06674450492936268,16
BasicSR++,1201_BNG_breastTumor,8,0.06024009464462443,11
BasicSR++,1201_BNG_breastTumor,9,0.05670867800762103,13
BasicSR++,1203_BNG_pwLinear,0,0.5316947611978258,19
BasicSR++,1203_BNG_pwLinear,1,0.5377617245960558,34
BasicSR++,1203_BNG_pwLinear,2,0.5365791059538685,29
BasicSR++,1203_BNG_pwLinear,3,0.5608756466380721,36
BasicSR++,1203_BNG_pwLinear,4,0.5551461093329912,31
BasicSR++,1203_BNG_pwLinear,5,0.5468314491935982,29
BasicSR++,1203_BNG_pwLinear,6,0.5399393653561859,31
BasicSR++,1203_BNG_pwLinear,7,0.5550617675723015,29
BasicSR++,1203_BNG_pwLinear,8,0.5407391090783633,35
BasicSR++,1203_BNG_pwLinear,9,0.5382104133173793,23
BasicSR++,1595_poker,0,0.0667102893805751,6
BasicSR++,1595_poker,1,0.04285715815614344,19
BasicSR++,1595_poker,2,0.06691783763730375,8
BasicSR++,1595_poker,3,0.07342624502091732,14
BasicSR++,1595_poker,4,0.047539562861994344,21
BasicSR++,1595_poker,5,0.06511056849124153,25
BasicSR++,1595_poker,6,0.06506027095059275,9
BasicSR++,1595_poker,7,0.025687518050974245,15
BasicSR++,1595_poker,8,0.08321296907023323,27
BasicSR++,1595_poker,9,0.09129802991006697,13
BasicSR++,192_vineyard,0,0.849175850714117,6
BasicSR++,192_vineyard,1,0.7966945998694535,8
BasicSR++,192_vineyard,2,0.6889753545696619,7
BasicSR++,192_vineyard,3,0.755016818498575,9
BasicSR++,192_vineyard,4,0.6486538641985122,6
BasicSR++,192_vineyard,5,0.4069736706612932,5
BasicSR++,192_vineyard,6,0.590821622385294,9
BasicSR++,192_vineyard,7,0.7672088691034294,6
BasicSR++,192_vineyard,8,-0.5202783685600896,17
BasicSR++,192_vineyard,9,0.8192987089663747,6
BasicSR++,195_auto_price,0,0.8555191861642031,3
BasicSR++,195_auto_price,1,0.8867621608818064,16
BasicSR++,195_auto_price,2,0.8988010298786635,10
BasicSR++,195_auto_price,3,0.6856818102826062,17
BasicSR++,195_auto_price,4,0.8578216747825302,20
BasicSR++,195_auto_price,5,0.9327591888165851,38
BasicSR++,195_auto_price,6,0.8205666417494394,21
BasicSR++,195_auto_price,7,0.8581599626041172,31
BasicSR++,195_auto_price,8,0.8638837859787369,38
BasicSR++,195_auto_price,9,0.8663630079908532,37
BasicSR++,197_cpu_act,0,0.9592100006195348,20
BasicSR++,197_cpu_act,1,0.9544742993182485,22
BasicSR++,197_cpu_act,2,0.9678372944886402,27
BasicSR++,197_cpu_act,3,0.9675960840192486,25
BasicSR++,197_cpu_act,4,0.9644523206302021,20
BasicSR++,197_cpu_act,5,0.9468913496279011,19
BasicSR++,197_cpu_act,6,0.9628159238102268,25
BasicSR++,197_cpu_act,7,0.960033593864812,22
BasicSR++,197_cpu_act,8,0.9573022732989748,24
BasicSR++,197_cpu_act,9,0.9601459061857709,24
BasicSR++,201_pol,0,0.7575758157057899,24
BasicSR++,201_pol,1,0.7572107411153451,24
BasicSR++,201_pol,2,0.7108411873677345,27
BasicSR++,201_pol,3,0.719686415311771,26
BasicSR++,201_pol,4,0.8023793589409733,33
BasicSR++,201_pol,5,0.8075479009719021,38
BasicSR++,201_pol,6,0.7731169574398469,36
BasicSR++,201_pol,7,0.7616964283415235,30
BasicSR++,201_pol,8,0.7661654614262308,35
BasicSR++,201_pol,9,0.8053374708028439,31
BasicSR++,207_autoPrice,0,0.8555191861642031,3
BasicSR++,207_autoPrice,1,0.8867621608818064,16
BasicSR++,207_autoPrice,2,0.8988010298786635,10
BasicSR++,207_autoPrice,3,0.6856818102826062,17
BasicSR++,207_autoPrice,4,0.8578216747825302,20
BasicSR++,207_autoPrice,5,0.9327591888165851,38
BasicSR++,207_autoPrice,6,0.8205666417494394,21
BasicSR++,207_autoPrice,7,0.8581599626041172,31
BasicSR++,207_autoPrice,8,0.8638837859787369,38
BasicSR++,207_autoPrice,9,0.8663630079908532,37
BasicSR++,210_cloud,0,0.94764550683253,14
BasicSR++,210_cloud,1,0.9466920102822342,28
BasicSR++,210_cloud,2,0.8632476248582897,21
BasicSR++,210_cloud,3,0.9406940298643547,5
BasicSR++,210_cloud,4,0.8894829710193513,5
BasicSR++,210_cloud,5,0.7684659971213441,10
BasicSR++,210_cloud,6,0.9178345029121003,10
BasicSR++,210_cloud,7,0.962995837211811,5
BasicSR++,210_cloud,8,0.7572112694575783,22
BasicSR++,210_cloud,9,0.8907799091925797,15
BasicSR++,215_2dplanes,0,0.8651390564878604,34
BasicSR++,215_2dplanes,1,0.9028868995847403,28
BasicSR++,215_2dplanes,2,0.8759887512056217,25
BasicSR++,215_2dplanes,3,0.8336177881373542,25
BasicSR++,215_2dplanes,4,0.8642649585651896,36
BasicSR++,215_2dplanes,5,0.8836037106796151,30
BasicSR++,215_2dplanes,6,0.8692630399502711,28
BasicSR++,215_2dplanes,7,0.8856750416529837,28
BasicSR++,215_2dplanes,8,0.907158298313537,34
BasicSR++,215_2dplanes,9,0.8745767835553869,25
BasicSR++,218_house_8L,0,0.5878463770642566,24
BasicSR++,218_house_8L,1,0.5607018386838436,35
BasicSR++,218_house_8L,2,0.5777847157701816,21
BasicSR++,218_house_8L,3,0.607764327847407,37
BasicSR++,218_house_8L,4,0.5557156529803136,24
BasicSR++,218_house_8L,5,0.5767186377495171,28
BasicSR++,218_house_8L,6,0.5722801104674944,24
BasicSR++,218_house_8L,7,0.5471815016715145,28
BasicSR++,218_house_8L,8,0.5620210536403215,22
BasicSR++,218_house_8L,9,0.5163358816026131,18
BasicSR++,225_puma8NH,0,0.6464513404873494,22
BasicSR++,225_puma8NH,1,0.6844157633257275,28
BasicSR++,225_puma8NH,2,0.6671939337642844,26
BasicSR++,225_puma8NH,3,0.6778529815820538,22
BasicSR++,225_puma8NH,4,0.6714433316744008,22
BasicSR++,225_puma8NH,5,0.6694399633277295,17
BasicSR++,225_puma8NH,6,0.6688359388551135,16
BasicSR++,225_puma8NH,7,0.6626718927651554,18
BasicSR++,225_puma8NH,8,0.6772045479593574,19
BasicSR++,225_puma8NH,9,0.6947573897282855,17
BasicSR++,227_cpu_small,0,0.9412271309706101,34
BasicSR++,227_cpu_small,1,0.9553389778251049,32
BasicSR++,227_cpu_small,2,0.9611631158077096,30
BasicSR++,227_cpu_small,3,0.9585097887264318,25
BasicSR++,227_cpu_small,4,0.9598399024960026,23
BasicSR++,227_cpu_small,5,0.9570770470059381,25
BasicSR++,227_cpu_small,6,0.9550132581207541,26
BasicSR++,227_cpu_small,7,0.9592052604787202,26
BasicSR++,227_cpu_small,8,0.9569065316060652,24
BasicSR++,227_cpu_small,9,0.9531321600159607,25
BasicSR++,228_elusage,0,0.6638442068063175,6
BasicSR++,228_elusage,1,0.6835285892621779,6
BasicSR++,228_elusage,2,0.7991272578736397,6
BasicSR++,228_elusage,3,0.8040352444500325,13
BasicSR++,228_elusage,4,0.9322559977929179,8
BasicSR++,228_elusage,5,0.6999455082091157,6
BasicSR++,228_elusage,6,0.8188300354966884,10
BasicSR++,228_elusage,7,0.7843869082981367,11
BasicSR++,228_elusage,8,0.7264906686578398,3
BasicSR++,228_elusage,9,0.8991444144549784,12
BasicSR++,229_pwLinear,0,0.8409220089800626,38
BasicSR++,229_pwLinear,1,0.8665150856439524,36
BasicSR++,229_pwLinear,2,0.9097839824890426,34
BasicSR++,229_pwLinear,3,0.865102659949254,27
BasicSR++,229_pwLinear,4,0.87485601964197,25
BasicSR++,229_pwLinear,5,0.8857664651866669,33
BasicSR++,229_pwLinear,6,0.8392729024645686,34
BasicSR++,229_pwLinear,7,0.8306477537236728,28
BasicSR++,229_pwLinear,8,0.9152471993629497,32
BasicSR++,229_pwLinear,9,0.9130152183319729,35
BasicSR++,230_machine_cpu,0,0.876173559451753,40
BasicSR++,230_machine_cpu,1,0.9035076260115553,20
BasicSR++,230_machine_cpu,2,0.9394365358550272,21
BasicSR++,230_machine_cpu,3,0.9121724537558709,37
BasicSR++,230_machine_cpu,4,0.9358486160995358,24
BasicSR++,230_machine_cpu,5,0.9150273323677691,14
BasicSR++,230_machine_cpu,6,0.8894893812172102,9
BasicSR++,230_machine_cpu,7,0.9277183616549247,35
BasicSR++,230_machine_cpu,8,0.9051379808422062,18
BasicSR++,230_machine_cpu,9,0.9185003042375439,31
BasicSR++,294_satellite_image,0,0.7867485944779818,40
BasicSR++,294_satellite_image,1,0.8075561333459274,37
BasicSR++,294_satellite_image,2,0.7976815258538011,30
BasicSR++,294_satellite_image,3,0.773736245279067,32
BasicSR++,294_satellite_image,4,0.7734287012555079,31
BasicSR++,294_satellite_image,5,0.7814630094153053,27
BasicSR++,294_satellite_image,6,0.7808919654011238,26
BasicSR++,294_satellite_image,7,0.7754408756720006,21
BasicSR++,294_satellite_image,8,0.7759660797149787,29
BasicSR++,294_satellite_image,9,0.7841313163660055,26
BasicSR++,344_mv,0,0.9755397100820589,17
BasicSR++,344_mv,1,0.9821010112801155,16
BasicSR++,344_mv,2,0.9848148872777207,29
BasicSR++,344_mv,3,0.9893995592867951,21
BasicSR++,344_mv,4,0.9862907598366113,15
BasicSR++,344_mv,5,0.9813821732965103,22
BasicSR++,344_mv,6,0.9777979889872733,18
BasicSR++,344_mv,7,0.9889551792844373,20
BasicSR++,344_mv,8,0.9893397756744118,22
BasicSR++,344_mv,9,0.9851554668032327,21
BasicSR++,4544_GeographicalOriginalofMusic,0,0.7301026060661107,33
BasicSR++,4544_GeographicalOriginalofMusic,1,0.7838886310735315,24
BasicSR++,4544_GeographicalOriginalofMusic,2,0.8350315047455585,26
BasicSR++,4544_GeographicalOriginalofMusic,3,0.7774376731183481,32
BasicSR++,4544_GeographicalOriginalofMusic,4,0.7860080276307767,21
BasicSR++,4544_GeographicalOriginalofMusic,5,0.7311834826902444,29
BasicSR++,4544_GeographicalOriginalofMusic,6,0.7712283668669292,37
BasicSR++,4544_GeographicalOriginalofMusic,7,0.7942749327599583,28
BasicSR++,4544_GeographicalOriginalofMusic,8,0.766471920755707,21
BasicSR++,4544_GeographicalOriginalofMusic,9,0.781880454281954,24
BasicSR++,485_analcatdata_vehicle,0,0.6815889775713635,17
BasicSR++,485_analcatdata_vehicle,1,0.43054783845172295,10
BasicSR++,485_analcatdata_vehicle,2,0.6909865269408464,19
BasicSR++,485_analcatdata_vehicle,3,0.7051813791562074,5
BasicSR++,485_analcatdata_vehicle,4,0.6198068266316685,34
BasicSR++,485_analcatdata_vehicle,5,0.7240092679310988,17
BasicSR++,485_analcatdata_vehicle,6,0.7995554318122129,22
BasicSR++,485_analcatdata_vehicle,7,0.6383687704826473,6
BasicSR++,485_analcatdata_vehicle,8,0.5439320430722612,9
BasicSR++,485_analcatdata_vehicle,9,0.7348513473673219,31
BasicSR++,503_wind,0,0.7893178183694306,35
BasicSR++,503_wind,1,0.7842894381946526,37
BasicSR++,503_wind,2,0.7561052113421849,31
BasicSR++,503_wind,3,0.7787975219671917,34
BasicSR++,503_wind,4,0.779220100446876,36
BasicSR++,503_wind,5,0.7664356942840325,32
BasicSR++,503_wind,6,0.7644371478775929,40
BasicSR++,503_wind,7,0.7491020601095726,34
BasicSR++,503_wind,8,0.7809249219733025,38
BasicSR++,503_wind,9,0.755172761582577,31
BasicSR++,505_tecator,0,0.992143977178509,19
BasicSR++,505_tecator,1,0.9939921381780082,16
BasicSR++,505_tecator,2,0.9942097616345648,13
BasicSR++,505_tecator,3,0.9965865129833593,18
BasicSR++,505_tecator,4,0.9939669470102621,7
BasicSR++,505_tecator,5,0.9945210115118663,14
BasicSR++,505_tecator,6,0.9953782902127977,17
BasicSR++,505_tecator,7,0.995871526505127,15
BasicSR++,505_tecator,8,0.9934620174041391,16
BasicSR++,505_tecator,9,0.9947198393003469,32
BasicSR++,519_vinnie,0,0.748529689283177,3
BasicSR++,519_vinnie,1,0.7884582299941123,3
BasicSR++,519_vinnie,2,0.739121608019092,6
BasicSR++,519_vinnie,3,0.72515341359606,3
BasicSR++,519_vinnie,4,0.6685742434636678,3
BasicSR++,519_vinnie,5,0.800609877405906,8
BasicSR++,519_vinnie,6,0.8132519948355673,8
BasicSR++,519_vinnie,7,0.6836606244058523,9
BasicSR++,519_vinnie,8,0.761236376277109,3
BasicSR++,519_vinnie,9,0.8023802568191852,3
BasicSR++,522_pm10,0,0.19048220050981723,35
BasicSR++,522_pm10,1,0.25930745503541486,15
BasicSR++,522_pm10,2,0.27169578057953814,26
BasicSR++,522_pm10,3,0.29311582938784675,32
BasicSR++,522_pm10,4,0.30210940058098423,17
BasicSR++,522_pm10,5,0.2606377443546022,32
BasicSR++,522_pm10,6,0.3059656265968259,29
BasicSR++,522_pm10,7,0.2649573721183891,24
BasicSR++,522_pm10,8,0.2350083038989208,19
BasicSR++,522_pm10,9,0.27943648266097476,27
BasicSR++,523_analcatdata_neavote,0,0.9382096052064245,9
BasicSR++,523_analcatdata_neavote,1,0.9229397710292568,4
BasicSR++,523_analcatdata_neavote,2,0.9219573168104196,7
BasicSR++,523_analcatdata_neavote,3,0.8577953405308612,4
BasicSR++,523_analcatdata_neavote,4,0.9193749641822339,3
BasicSR++,523_analcatdata_neavote,5,0.9597068124402933,3
BasicSR++,523_analcatdata_neavote,6,0.8932080047649176,10
BasicSR++,523_analcatdata_neavote,7,0.9039452815332316,3
BasicSR++,523_analcatdata_neavote,8,0.9602721977667661,7
BasicSR++,523_analcatdata_neavote,9,0.9088975800126555,4
BasicSR++,527_analcatdata_election2000,0,0.999913932982777,11
BasicSR++,527_analcatdata_election2000,1,0.9998344030467567,11
BasicSR++,527_analcatdata_election2000,2,0.9992576992610418,7
BasicSR++,527_analcatdata_election2000,3,0.9997354946498971,10
BasicSR++,527_analcatdata_election2000,4,0.9968978564073334,21
BasicSR++,527_analcatdata_election2000,5,0.999916706879141,15
BasicSR++,527_analcatdata_election2000,6,0.9964593884167522,7
BasicSR++,527_analcatdata_election2000,7,0.9992148573425627,8
BasicSR++,527_analcatdata_election2000,8,0.9977497258184955,11
BasicSR++,527_analcatdata_election2000,9,0.9836189196154218,11
BasicSR++,529_pollen,0,0.7922989528999116,29
BasicSR++,529_pollen,1,0.787918561094874,15
BasicSR++,529_pollen,2,0.8027123303886959,17
BasicSR++,529_pollen,3,0.7793797098395269,29
BasicSR++,529_pollen,4,0.7909996999205844,17
BasicSR++,529_pollen,5,0.8020898103724651,24
BasicSR++,529_pollen,6,0.8089702372809333,15
BasicSR++,529_pollen,7,0.7773703713334715,15
BasicSR++,529_pollen,8,0.7976353892494688,15
BasicSR++,529_pollen,9,0.787799031145103,17
BasicSR++,537_houses,0,0.6591494979911341,26
BasicSR++,537_houses,1,0.61337257707281,16
BasicSR++,537_houses,2,0.6763746814382072,26
BasicSR++,537_houses,3,0.6098544095190199,22
BasicSR++,537_houses,4,0.5946890690995024,21
BasicSR++,537_houses,5,0.633575254569622,14
BasicSR++,537_houses,6,0.6598433882921921,23
BasicSR++,537_houses,7,0.6319430999095466,20
BasicSR++,537_houses,8,0.6356616005376794,19
BasicSR++,537_houses,9,0.6399560733262224,18
BasicSR++,542_pollution,0,0.7292664181053263,24
BasicSR++,542_pollution,1,0.7699208823931266,11
BasicSR++,542_pollution,2,0.5833734457783182,17
BasicSR++,542_pollution,3,0.7060396916720527,7
BasicSR++,542_pollution,4,0.770148088418839,13
BasicSR++,542_pollution,5,0.6551393241374863,1
BasicSR++,542_pollution,6,0.5538077800982393,7
BasicSR++,542_pollution,7,0.6941384755551475,21
BasicSR++,542_pollution,8,0.3743953562753941,13
BasicSR++,542_pollution,9,0.3686770795743969,27
BasicSR++,547_no2,0,0.569415341796032,33
BasicSR++,547_no2,1,0.5369761058825282,19
BasicSR++,547_no2,2,0.6712232085645706,23
BasicSR++,547_no2,3,0.46078790755075816,19
BasicSR++,547_no2,4,0.5783700896253936,29
BasicSR++,547_no2,5,0.5100621254376543,25
BasicSR++,547_no2,6,0.5938699889103976,34
BasicSR++,547_no2,7,0.5482005967919588,9
BasicSR++,547_no2,8,0.520873797316858,20
BasicSR++,547_no2,9,0.6425441952122914,15
BasicSR++,556_analcatdata_apnea2,0,0.9051164608415039,17
BasicSR++,556_analcatdata_apnea2,1,0.9309385820503762,18
BasicSR++,556_analcatdata_apnea2,2,0.8884581621329368,21
BasicSR++,556_analcatdata_apnea2,3,0.8602545279244463,35
BasicSR++,556_analcatdata_apnea2,4,0.8240426485544525,34
BasicSR++,556_analcatdata_apnea2,5,0.9483666415683925,13
BasicSR++,556_analcatdata_apnea2,6,0.8867150953383232,25
BasicSR++,556_analcatdata_apnea2,7,0.9149170546716024,23
BasicSR++,556_analcatdata_apnea2,8,0.9191629371638728,34
BasicSR++,556_analcatdata_apnea2,9,0.929198959113079,37
BasicSR++,557_analcatdata_apnea1,0,0.8978970525600569,12
BasicSR++,557_analcatdata_apnea1,1,0.9142940734471589,16
BasicSR++,557_analcatdata_apnea1,2,0.9084765353172353,36
BasicSR++,557_analcatdata_apnea1,3,0.9269622156788923,22
BasicSR++,557_analcatdata_apnea1,4,0.9314192120310748,18
BasicSR++,557_analcatdata_apnea1,5,0.5774578561386479,13
BasicSR++,557_analcatdata_apnea1,6,0.9076138955677138,17
BasicSR++,557_analcatdata_apnea1,7,0.8433275901021852,25
BasicSR++,557_analcatdata_apnea1,8,0.8799014121008042,25
BasicSR++,557_analcatdata_apnea1,9,0.892935886670307,29
BasicSR++,560_bodyfat,0,0.9991197329917236,13
BasicSR++,560_bodyfat,1,0.998494509990866,18
BasicSR++,560_bodyfat,2,0.9837841798220892,22
BasicSR++,560_bodyfat,3,0.9849842733114688,13
BasicSR++,560_bodyfat,4,0.9994409154699909,16
BasicSR++,560_bodyfat,5,0.9823655463416121,6
BasicSR++,560_bodyfat,6,0.9362412130845369,7
BasicSR++,560_bodyfat,7,0.9943249680576953,12
BasicSR++,560_bodyfat,8,0.9994678485221943,5
BasicSR++,560_bodyfat,9,0.9992333424778294,13
BasicSR++,561_cpu,0,0.9694131952258369,12
BasicSR++,561_cpu,1,0.9664894726089818,30
BasicSR++,561_cpu,2,0.9773376522613901,19
BasicSR++,561_cpu,3,0.9612519275321139,22
BasicSR++,561_cpu,4,0.9750889804502472,21
BasicSR++,561_cpu,5,0.996004553163628,38
BasicSR++,561_cpu,6,0.9860713637282164,26
BasicSR++,561_cpu,7,0.9755987516487331,24
BasicSR++,561_cpu,8,0.9872290066816066,22
BasicSR++,561_cpu,9,0.9920564653378188,34
BasicSR++,562_cpu_small,0,0.9415969906068677,34
BasicSR++,562_cpu_small,1,0.9532815412063198,26
BasicSR++,562_cpu_small,2,0.9606243915724757,24
BasicSR++,562_cpu_small,3,0.9585097887264318,25
BasicSR++,562_cpu_small,4,0.9598399024960026,23
BasicSR++,562_cpu_small,5,0.9546243042070033,23
BasicSR++,562_cpu_small,6,0.9541144258330618,18
BasicSR++,562_cpu_small,7,0.9591845435068456,26
BasicSR++,562_cpu_small,8,0.9569101367532489,23
BasicSR++,562_cpu_small,9,0.9513365442755906,17
BasicSR++,564_fried,0,0.9097546408218244,34
BasicSR++,564_fried,1,0.8741198386311294,26
BasicSR++,564_fried,2,0.8908374913730402,29
BasicSR++,564_fried,3,0.8740822908930964,30
BasicSR++,564_fried,4,0.904230959613925,27
BasicSR++,564_fried,5,0.8759965806336752,30
BasicSR++,564_fried,6,0.8924570330583987,27
BasicSR++,564_fried,7,0.9233421317108896,32
BasicSR++,564_fried,8,0.8849807620220849,21
BasicSR++,564_fried,9,0.8837772847663911,29
BasicSR++,573_cpu_act,0,0.9592100006195348,20
BasicSR++,573_cpu_act,1,0.9488134244542881,20
BasicSR++,573_cpu_act,2,0.9573140053268631,23
BasicSR++,573_cpu_act,3,0.9655909498706355,27
BasicSR++,573_cpu_act,4,0.9643395569586132,24
BasicSR++,573_cpu_act,5,0.9434941410885936,18
BasicSR++,573_cpu_act,6,0.9620537635318643,25
BasicSR++,573_cpu_act,7,0.9580043667397293,18
BasicSR++,573_cpu_act,8,0.957023647934858,24
BasicSR++,573_cpu_act,9,0.9600534887361286,23
BasicSR++,574_house_16H,0,0.35222759843353546,36
BasicSR++,574_house_16H,1,0.3242384453831121,29
BasicSR++,574_house_16H,2,0.34403019800579393,20
BasicSR++,574_house_16H,3,0.2972339484291273,17
BasicSR++,574_house_16H,4,0.2982348040143247,32
BasicSR++,574_house_16H,5,0.3387791655877428,21
BasicSR++,574_house_16H,6,0.3202031938191532,19
BasicSR++,574_house_16H,7,0.3198792653205198,16
BasicSR++,574_house_16H,8,0.30573244041912895,30
BasicSR++,574_house_16H,9,0.29318270824310855,29
BasicSR++,579_fri_c0_250_5,0,0.928715374620423,34
BasicSR++,579_fri_c0_250_5,1,0.9626291112643769,37
BasicSR++,579_fri_c0_250_5,2,0.9379431185718516,35
BasicSR++,579_fri_c0_250_5,3,0.9503818584225314,40
BasicSR++,579_fri_c0_250_5,4,0.899819287702907,25
BasicSR++,579_fri_c0_250_5,5,0.9266331595109518,29
BasicSR++,579_fri_c0_250_5,6,0.9373341814655518,31
BasicSR++,579_fri_c0_250_5,7,0.954321639252101,35
BasicSR++,579_fri_c0_250_5,8,0.9396846018749269,30
BasicSR++,579_fri_c0_250_5,9,0.9270241285061009,27
BasicSR++,581_fri_c3_500_25,0,0.9203807622602329,33
BasicSR++,581_fri_c3_500_25,1,0.9375379964873641,30
BasicSR++,581_fri_c3_500_25,2,0.9253354586936123,31
BasicSR++,581_fri_c3_500_25,3,0.9334673489737271,35
BasicSR++,581_fri_c3_500_25,4,0.9328182402701026,38
BasicSR++,581_fri_c3_500_25,5,0.9084459584595957,23
BasicSR++,581_fri_c3_500_25,6,0.9493850278111627,36
BasicSR++,581_fri_c3_500_25,7,0.9255360037388769,38
BasicSR++,581_fri_c3_500_25,8,0.892412876710317,39
BasicSR++,581_fri_c3_500_25,9,0.8996970659167294,34
BasicSR++,582_fri_c1_500_25,0,0.8641707906624616,25
BasicSR++,582_fri_c1_500_25,1,0.9596783897028845,40
BasicSR++,582_fri_c1_500_25,2,0.8573921809563955,26
BasicSR++,582_fri_c1_500_25,3,0.924639503359506,40
BasicSR++,582_fri_c1_500_25,4,0.9353523781811753,32
BasicSR++,582_fri_c1_500_25,5,0.9389357125599018,38
BasicSR++,582_fri_c1_500_25,6,0.9388956022240397,35
BasicSR++,582_fri_c1_500_25,7,0.9420633068111935,28
BasicSR++,582_fri_c1_500_25,8,0.9288759605729738,35
BasicSR++,582_fri_c1_500_25,9,0.9438964788109374,37
BasicSR++,583_fri_c1_1000_50,0,0.9032756437720676,28
BasicSR++,583_fri_c1_1000_50,1,0.9309135988446284,35
BasicSR++,583_fri_c1_1000_50,2,0.8822658024394576,40
BasicSR++,583_fri_c1_1000_50,3,0.8978294075376614,30
BasicSR++,583_fri_c1_1000_50,4,0.920084376467012,37
BasicSR++,583_fri_c1_1000_50,5,0.9518642533211534,36
BasicSR++,583_fri_c1_1000_50,6,0.8972079032189965,26
BasicSR++,583_fri_c1_1000_50,7,0.9510739093909613,34
BasicSR++,583_fri_c1_1000_50,8,0.9326571598035026,32
BasicSR++,583_fri_c1_1000_50,9,0.9542543619377687,38
BasicSR++,584_fri_c4_500_25,0,0.9021242313912059,39
BasicSR++,584_fri_c4_500_25,1,0.9383308248300948,32
BasicSR++,584_fri_c4_500_25,2,0.9170995904745668,39
BasicSR++,584_fri_c4_500_25,3,0.9113359058873898,33
BasicSR++,584_fri_c4_500_25,4,0.8451430530761085,26
BasicSR++,584_fri_c4_500_25,5,0.951316850751721,32
BasicSR++,584_fri_c4_500_25,6,0.8827424512192722,31
BasicSR++,584_fri_c4_500_25,7,0.9139630681932899,32
BasicSR++,584_fri_c4_500_25,8,0.955415041970594,33
BasicSR++,584_fri_c4_500_25,9,0.9146066921873006,32
BasicSR++,586_fri_c3_1000_25,0,0.9318084999276922,35
BasicSR++,586_fri_c3_1000_25,1,0.9309370612726443,27
BasicSR++,586_fri_c3_1000_25,2,0.9124352230192598,35
BasicSR++,586_fri_c3_1000_25,3,0.9549241853373548,38
BasicSR++,586_fri_c3_1000_25,4,0.9375296831683135,36
BasicSR++,586_fri_c3_1000_25,5,0.9399142453059615,36
BasicSR++,586_fri_c3_1000_25,6,0.9610181680055139,35
BasicSR++,586_fri_c3_1000_25,7,0.9558071421096425,33
BasicSR++,586_fri_c3_1000_25,8,0.8978025825756459,33
BasicSR++,586_fri_c3_1000_25,9,0.9228482450877726,35
BasicSR++,588_fri_c4_1000_100,0,0.8943555301629179,34
BasicSR++,588_fri_c4_1000_100,1,0.8949983485181721,40
BasicSR++,588_fri_c4_1000_100,2,0.9292649948738032,39
BasicSR++,588_fri_c4_1000_100,3,0.9254789231262178,27
BasicSR++,588_fri_c4_1000_100,4,0.8807592802959543,26
BasicSR++,588_fri_c4_1000_100,5,0.925609335275269,27
BasicSR++,588_fri_c4_1000_100,6,0.8792627446665122,20
BasicSR++,588_fri_c4_1000_100,7,0.887871139503056,25
BasicSR++,588_fri_c4_1000_100,8,0.8861792795114409,31
BasicSR++,588_fri_c4_1000_100,9,0.904830517272627,26
BasicSR++,589_fri_c2_1000_25,0,0.9370567851644086,32
BasicSR++,589_fri_c2_1000_25,1,0.9211512635290149,25
BasicSR++,589_fri_c2_1000_25,2,0.9265869717049261,36
BasicSR++,589_fri_c2_1000_25,3,0.8687220876009739,18
BasicSR++,589_fri_c2_1000_25,4,0.9314566268745904,36
BasicSR++,589_fri_c2_1000_25,5,0.9308673444411206,39
BasicSR++,589_fri_c2_1000_25,6,0.9392428930642972,38
BasicSR++,589_fri_c2_1000_25,7,0.9280502426047654,29
BasicSR++,589_fri_c2_1000_25,8,0.9309074719370295,38
BasicSR++,589_fri_c2_1000_25,9,0.9345192077201998,36
BasicSR++,590_fri_c0_1000_50,0,0.944703961606095,36
BasicSR++,590_fri_c0_1000_50,1,0.9491066998677942,34
BasicSR++,590_fri_c0_1000_50,2,0.9341337888915217,32
BasicSR++,590_fri_c0_1000_50,3,0.9480955528926032,33
BasicSR++,590_fri_c0_1000_50,4,0.9452171676935339,33
BasicSR++,590_fri_c0_1000_50,5,0.9512538942476351,32
BasicSR++,590_fri_c0_1000_50,6,0.9492830720595389,28
BasicSR++,590_fri_c0_1000_50,7,0.9545662098720189,39
BasicSR++,590_fri_c0_1000_50,8,0.9576102350373179,38
BasicSR++,590_fri_c0_1000_50,9,0.9417730549723647,36
BasicSR++,591_fri_c1_100_10,0,0.9319054182553459,21
BasicSR++,591_fri_c1_100_10,1,0.9549946274469676,30
BasicSR++,591_fri_c1_100_10,2,0.9564167665202793,32
BasicSR++,591_fri_c1_100_10,3,0.8982339915607263,30
BasicSR++,591_fri_c1_100_10,4,0.9010813163386242,27
BasicSR++,591_fri_c1_100_10,5,0.9661861247831985,29
BasicSR++,591_fri_c1_100_10,6,0.9399315570300221,35
BasicSR++,591_fri_c1_100_10,7,0.8692106890414748,31
BasicSR++,591_fri_c1_100_10,8,0.9453543208576359,18
BasicSR++,591_fri_c1_100_10,9,0.9417387406853105,24
BasicSR++,592_fri_c4_1000_25,0,0.9275836133143366,36
BasicSR++,592_fri_c4_1000_25,1,0.9479879825788656,28
BasicSR++,592_fri_c4_1000_25,2,0.9215934841722028,26
BasicSR++,592_fri_c4_1000_25,3,0.9279235780862368,34
BasicSR++,592_fri_c4_1000_25,4,0.9341856503440078,30
BasicSR++,592_fri_c4_1000_25,5,0.9213727680591491,40
BasicSR++,592_fri_c4_1000_25,6,0.8602175506946084,33
BasicSR++,592_fri_c4_1000_25,7,0.8969088553581521,24
BasicSR++,592_fri_c4_1000_25,8,0.9229810479243288,36
BasicSR++,592_fri_c4_1000_25,9,0.9299480988872367,37
BasicSR++,593_fri_c1_1000_10,0,0.9500956951085812,33
BasicSR++,593_fri_c1_1000_10,1,0.9594579882412165,40
BasicSR++,593_fri_c1_1000_10,2,0.961074401885207,38
BasicSR++,593_fri_c1_1000_10,3,0.9541026031279948,40
BasicSR++,593_fri_c1_1000_10,4,0.957468200630688,32
BasicSR++,593_fri_c1_1000_10,5,0.9333909199014199,39
BasicSR++,593_fri_c1_1000_10,6,0.9184322393231605,29
BasicSR++,593_fri_c1_1000_10,7,0.9607659752943182,39
BasicSR++,593_fri_c1_1000_10,8,0.9357259805694831,38
BasicSR++,593_fri_c1_1000_10,9,0.9432117695400203,35
BasicSR++,594_fri_c2_100_5,0,0.8867641839936016,22
BasicSR++,594_fri_c2_100_5,1,0.9590970677494093,34
BasicSR++,594_fri_c2_100_5,2,0.9265858755651405,34
BasicSR++,594_fri_c2_100_5,3,0.8254519318315975,39
BasicSR++,594_fri_c2_100_5,4,0.9472901307872476,37
BasicSR++,594_fri_c2_100_5,5,0.9144742530452147,27
BasicSR++,594_fri_c2_100_5,6,0.9395440442709145,34
BasicSR++,594_fri_c2_100_5,7,0.895540301175643,28
BasicSR++,594_fri_c2_100_5,8,0.8285349791707814,19
BasicSR++,594_fri_c2_100_5,9,0.9147977879085417,36
BasicSR++,595_fri_c0_1000_10,0,0.9412529408174811,38
BasicSR++,595_fri_c0_1000_10,1,0.9547272093797768,38
BasicSR++,595_fri_c0_1000_10,2,0.9522843736840136,40
BasicSR++,595_fri_c0_1000_10,3,0.946477274500092,34
BasicSR++,595_fri_c0_1000_10,4,0.951558008569533,36
BasicSR++,595_fri_c0_1000_10,5,0.9341824123250152,29
BasicSR++,595_fri_c0_1000_10,6,0.9335410513446305,36
BasicSR++,595_fri_c0_1000_10,7,0.9494992270891223,38
BasicSR++,595_fri_c0_1000_10,8,0.948006591188724,34
BasicSR++,595_fri_c0_1000_10,9,0.9558827105490764,31
BasicSR++,596_fri_c2_250_5,0,0.946326272128988,38
BasicSR++,596_fri_c2_250_5,1,0.9611189164169714,39
BasicSR++,596_fri_c2_250_5,2,0.8958946111772479,25
BasicSR++,596_fri_c2_250_5,3,0.9635985569206568,36
BasicSR++,596_fri_c2_250_5,4,0.9683638881833305,37
BasicSR++,596_fri_c2_250_5,5,0.9508359326961461,35
BasicSR++,596_fri_c2_250_5,6,0.9295391468698392,33
BasicSR++,596_fri_c2_250_5,7,0.9027027684384696,37
BasicSR++,596_fri_c2_250_5,8,0.9544529096039426,37
BasicSR++,596_fri_c2_250_5,9,0.9119687536980736,34
BasicSR++,597_fri_c2_500_5,0,0.9062602778334994,37
BasicSR++,597_fri_c2_500_5,1,0.9538578282033561,38
BasicSR++,597_fri_c2_500_5,2,0.9455860206629589,34
BasicSR++,597_fri_c2_500_5,3,0.939962703226281,33
BasicSR++,597_fri_c2_500_5,4,0.9394227930331094,38
BasicSR++,597_fri_c2_500_5,5,0.9489250644743727,40
BasicSR++,597_fri_c2_500_5,6,0.9489131607685772,29
BasicSR++,597_fri_c2_500_5,7,0.9482185739862748,35
BasicSR++,597_fri_c2_500_5,8,0.9741265044455882,36
BasicSR++,597_fri_c2_500_5,9,0.9396709288899968,37
BasicSR++,598_fri_c0_1000_25,0,0.9616533094906733,30
BasicSR++,598_fri_c0_1000_25,1,0.9449956218437163,29
BasicSR++,598_fri_c0_1000_25,2,0.9450069817118039,30
BasicSR++,598_fri_c0_1000_25,3,0.9505674825771918,28
BasicSR++,598_fri_c0_1000_25,4,0.9549496957418158,30
BasicSR++,598_fri_c0_1000_25,5,0.9454063267087173,37
BasicSR++,598_fri_c0_1000_25,6,0.9511985696697091,37
BasicSR++,598_fri_c0_1000_25,7,0.9537606620800696,38
BasicSR++,598_fri_c0_1000_25,8,0.9512230433097512,27
BasicSR++,598_fri_c0_1000_25,9,0.9565519446677286,37
BasicSR++,599_fri_c2_1000_5,0,0.960245527638127,38
BasicSR++,599_fri_c2_1000_5,1,0.9489065732641356,36
BasicSR++,599_fri_c2_1000_5,2,0.9080262964109769,33
BasicSR++,599_fri_c2_1000_5,3,0.9566459208153912,39
BasicSR++,599_fri_c2_1000_5,4,0.9565226088461048,34
BasicSR++,599_fri_c2_1000_5,5,0.9583667547710364,39
BasicSR++,599_fri_c2_1000_5,6,0.9635749287661994,40
BasicSR++,599_fri_c2_1000_5,7,0.9515140639144261,38
BasicSR++,599_fri_c2_1000_5,8,0.9423722842553511,34
BasicSR++,599_fri_c2_1000_5,9,0.9451104678889215,39
BasicSR++,601_fri_c1_250_5,0,0.9510858553587639,36
BasicSR++,601_fri_c1_250_5,1,0.9398820537197723,30
BasicSR++,601_fri_c1_250_5,2,0.9407041465415662,34
BasicSR++,601_fri_c1_250_5,3,0.9655773158425736,32
BasicSR++,601_fri_c1_250_5,4,0.9420102808705014,35
BasicSR++,601_fri_c1_250_5,5,0.9618829577418263,33
BasicSR++,601_fri_c1_250_5,6,0.9668403464899538,30
BasicSR++,601_fri_c1_250_5,7,0.9717681973939721,36
BasicSR++,601_fri_c1_250_5,8,0.9388349005848594,38
BasicSR++,601_fri_c1_250_5,9,0.9619614827126569,40
BasicSR++,602_fri_c3_250_10,0,0.9411911005251399,35
BasicSR++,602_fri_c3_250_10,1,0.9612725626971017,35
BasicSR++,602_fri_c3_250_10,2,0.9448294083959836,32
BasicSR++,602_fri_c3_250_10,3,0.9110064824459494,25
BasicSR++,602_fri_c3_250_10,4,0.9706375417145461,35
BasicSR++,602_fri_c3_250_10,5,0.9240739078546912,32
BasicSR++,602_fri_c3_250_10,6,0.9431476724239896,37
BasicSR++,602_fri_c3_250_10,7,0.9549238739831482,33
BasicSR++,602_fri_c3_250_10,8,0.887328837327607,33
BasicSR++,602_fri_c3_250_10,9,0.9325477478041289,32
BasicSR++,603_fri_c0_250_50,0,0.9506566824058988,31
BasicSR++,603_fri_c0_250_50,1,0.9194686160478008,31
BasicSR++,603_fri_c0_250_50,2,0.9484838188687431,30
BasicSR++,603_fri_c0_250_50,3,0.9355470484391607,39
BasicSR++,603_fri_c0_250_50,4,0.9441687280345642,25
BasicSR++,603_fri_c0_250_50,5,0.9437119465275217,26
BasicSR++,603_fri_c0_250_50,6,0.9415681615633953,35
BasicSR++,603_fri_c0_250_50,7,0.9512829119648607,34
BasicSR++,603_fri_c0_250_50,8,0.9449720817988588,40
BasicSR++,603_fri_c0_250_50,9,0.898907295873091,33
BasicSR++,604_fri_c4_500_10,0,0.8887211596567562,22
BasicSR++,604_fri_c4_500_10,1,0.9494216577610715,36
BasicSR++,604_fri_c4_500_10,2,0.9300227970908554,32
BasicSR++,604_fri_c4_500_10,3,0.9328440985813297,27
BasicSR++,604_fri_c4_500_10,4,0.9522518991839322,33
BasicSR++,604_fri_c4_500_10,5,0.9435571686992872,38
BasicSR++,604_fri_c4_500_10,6,0.9337934304671421,34
BasicSR++,604_fri_c4_500_10,7,0.9607061324808225,39
BasicSR++,604_fri_c4_500_10,8,0.9448118056069092,29
BasicSR++,604_fri_c4_500_10,9,0.9169410542657151,34
BasicSR++,605_fri_c2_250_25,0,0.9215841400196662,34
BasicSR++,605_fri_c2_250_25,1,0.9633966021783773,40
BasicSR++,605_fri_c2_250_25,2,0.868604499863141,28
BasicSR++,605_fri_c2_250_25,3,0.9010389358880007,28
BasicSR++,605_fri_c2_250_25,4,0.829547880016646,18
BasicSR++,605_fri_c2_250_25,5,0.8914230687399677,29
BasicSR++,605_fri_c2_250_25,6,0.8261421353825966,29
BasicSR++,605_fri_c2_250_25,7,0.9523863638341394,34
BasicSR++,605_fri_c2_250_25,8,0.8960582605154768,28
BasicSR++,605_fri_c2_250_25,9,0.8311504022173029,13
BasicSR++,606_fri_c2_1000_10,0,0.9274608426058206,37
BasicSR++,606_fri_c2_1000_10,1,0.935043575865601,40
BasicSR++,606_fri_c2_1000_10,2,0.9273268536959308,33
BasicSR++,606_fri_c2_1000_10,3,0.9656615492301659,39
BasicSR++,606_fri_c2_1000_10,4,0.8904313158622869,29
BasicSR++,606_fri_c2_1000_10,5,0.9000647085718764,40
BasicSR++,606_fri_c2_1000_10,6,0.950725563994861,34
BasicSR++,606_fri_c2_1000_10,7,0.9472654462523465,33
BasicSR++,606_fri_c2_1000_10,8,0.9604141971731274,34
BasicSR++,606_fri_c2_1000_10,9,0.9329379433694688,33
BasicSR++,607_fri_c4_1000_50,0,0.9068313019244879,40
BasicSR++,607_fri_c4_1000_50,1,0.9455460747515056,34
BasicSR++,607_fri_c4_1000_50,2,0.9115220779399545,35
BasicSR++,607_fri_c4_1000_50,3,0.9126280944319493,36
BasicSR++,607_fri_c4_1000_50,4,0.9411584726255293,39
BasicSR++,607_fri_c4_1000_50,5,0.9226418822999432,36
BasicSR++,607_fri_c4_1000_50,6,0.9298241456752584,30
BasicSR++,607_fri_c4_1000_50,7,0.8920956264561894,32
BasicSR++,607_fri_c4_1000_50,8,0.8646923903314526,27
BasicSR++,607_fri_c4_1000_50,9,0.9126293401818899,24
BasicSR++,608_fri_c3_1000_10,0,0.9464289926886804,35
BasicSR++,608_fri_c3_1000_10,1,0.9518502800116987,35
BasicSR++,608_fri_c3_1000_10,2,0.9558540972929372,34
BasicSR++,608_fri_c3_1000_10,3,0.9594921362366384,38
BasicSR++,608_fri_c3_1000_10,4,0.9269504912314152,40
BasicSR++,608_fri_c3_1000_10,5,0.9457844021698252,38
BasicSR++,608_fri_c3_1000_10,6,0.9459464122523696,36
BasicSR++,608_fri_c3_1000_10,7,0.9464116278345623,39
BasicSR++,608_fri_c3_1000_10,8,0.9633080225644559,39
BasicSR++,608_fri_c3_1000_10,9,0.9430742441892656,32
BasicSR++,609_fri_c0_1000_5,0,0.9348420945110538,34
BasicSR++,609_fri_c0_1000_5,1,0.9514529906810801,36
BasicSR++,609_fri_c0_1000_5,2,0.9423167531054547,38
BasicSR++,609_fri_c0_1000_5,3,0.9511886996588721,31
BasicSR++,609_fri_c0_1000_5,4,0.9526003260768738,39
BasicSR++,609_fri_c0_1000_5,5,0.951422990634455,36
BasicSR++,609_fri_c0_1000_5,6,0.9572812268458678,38
BasicSR++,609_fri_c0_1000_5,7,0.9570185494902586,31
BasicSR++,609_fri_c0_1000_5,8,0.9521636916680425,33
BasicSR++,609_fri_c0_1000_5,9,0.9513757102235758,39
BasicSR++,611_fri_c3_100_5,0,0.9183390709047564,27
BasicSR++,611_fri_c3_100_5,1,0.9296126919054857,31
BasicSR++,611_fri_c3_100_5,2,0.965853868627707,34
BasicSR++,611_fri_c3_100_5,3,0.9382878328049882,31
BasicSR++,611_fri_c3_100_5,4,0.9627041968415717,33
BasicSR++,611_fri_c3_100_5,5,0.9538156141699121,25
BasicSR++,611_fri_c3_100_5,6,0.9734639346941031,39
BasicSR++,611_fri_c3_100_5,7,0.9667693352803177,30
BasicSR++,611_fri_c3_100_5,8,0.9752337003460377,35
BasicSR++,611_fri_c3_100_5,9,0.8770854480306469,32
BasicSR++,612_fri_c1_1000_5,0,0.9467833994233097,32
BasicSR++,612_fri_c1_1000_5,1,0.9542176102185465,39
BasicSR++,612_fri_c1_1000_5,2,0.9584268543055757,39
BasicSR++,612_fri_c1_1000_5,3,0.9491688365381044,35
BasicSR++,612_fri_c1_1000_5,4,0.9564241113169042,40
BasicSR++,612_fri_c1_1000_5,5,0.9707046266727147,28
BasicSR++,612_fri_c1_1000_5,6,0.9612770267880644,40
BasicSR++,612_fri_c1_1000_5,7,0.9487530617057763,37
BasicSR++,612_fri_c1_1000_5,8,0.9668743957510044,35
BasicSR++,612_fri_c1_1000_5,9,0.9493821938221798,38
BasicSR++,613_fri_c3_250_5,0,0.9305330869625723,37
BasicSR++,613_fri_c3_250_5,1,0.9374405938728436,26
BasicSR++,613_fri_c3_250_5,2,0.9371406344437386,38
BasicSR++,613_fri_c3_250_5,3,0.9545679299665666,38
BasicSR++,613_fri_c3_250_5,4,0.9519936863753018,22
BasicSR++,613_fri_c3_250_5,5,0.9359654339745054,29
BasicSR++,613_fri_c3_250_5,6,0.9418377624272736,24
BasicSR++,613_fri_c3_250_5,7,0.9154176795243074,25
BasicSR++,613_fri_c3_250_5,8,0.942967723947302,36
BasicSR++,613_fri_c3_250_5,9,0.9418216967386089,38
BasicSR++,615_fri_c4_250_10,0,0.9011983476521217,33
BasicSR++,615_fri_c4_250_10,1,0.9594593157182402,38
BasicSR++,615_fri_c4_250_10,2,0.870829907466059,28
BasicSR++,615_fri_c4_250_10,3,0.9477539673449482,31
BasicSR++,615_fri_c4_250_10,4,0.9126194919876464,40
BasicSR++,615_fri_c4_250_10,5,0.8808475820416365,27
BasicSR++,615_fri_c4_250_10,6,0.8959549180029865,26
BasicSR++,615_fri_c4_250_10,7,0.899370985787558,32
BasicSR++,615_fri_c4_250_10,8,0.8861713757018,28
BasicSR++,615_fri_c4_250_10,9,0.8788298431388653,25
BasicSR++,616_fri_c4_500_50,0,0.9435133700913724,39
BasicSR++,616_fri_c4_500_50,1,0.9418553574393358,34
BasicSR++,616_fri_c4_500_50,2,0.9315532828856143,35
BasicSR++,616_fri_c4_500_50,3,0.8757264486430414,30
BasicSR++,616_fri_c4_500_50,4,0.90777828195062,27
BasicSR++,616_fri_c4_500_50,5,0.9197960580685272,31
BasicSR++,616_fri_c4_500_50,6,0.9200366317013459,30
BasicSR++,616_fri_c4_500_50,7,0.9454517921179633,32
BasicSR++,616_fri_c4_500_50,8,0.9154647138159889,35
BasicSR++,616_fri_c4_500_50,9,0.8529751237547374,24
BasicSR++,617_fri_c3_500_5,0,0.9170491744902144,30
BasicSR++,617_fri_c3_500_5,1,0.9359948567245664,34
BasicSR++,617_fri_c3_500_5,2,0.9141759369998905,38
BasicSR++,617_fri_c3_500_5,3,0.9314823382009538,38
BasicSR++,617_fri_c3_500_5,4,0.9442269287137357,36
BasicSR++,617_fri_c3_500_5,5,0.9420109870782181,28
BasicSR++,617_fri_c3_500_5,6,0.9390373795895364,38
BasicSR++,617_fri_c3_500_5,7,0.9230127136223629,40
BasicSR++,617_fri_c3_500_5,8,0.9246287833161255,35
BasicSR++,617_fri_c3_500_5,9,0.8808015515842944,34
BasicSR++,618_fri_c3_1000_50,0,0.862160573022874,37
BasicSR++,618_fri_c3_1000_50,1,0.9183048477014144,30
BasicSR++,618_fri_c3_1000_50,2,0.8979306659978661,33
BasicSR++,618_fri_c3_1000_50,3,0.9255063244300991,21
BasicSR++,618_fri_c3_1000_50,4,0.9311285731575414,33
BasicSR++,618_fri_c3_1000_50,5,0.8507587365350598,30
BasicSR++,618_fri_c3_1000_50,6,0.9368141417124675,40
BasicSR++,618_fri_c3_1000_50,7,0.9080271349568786,34
BasicSR++,618_fri_c3_1000_50,8,0.8782366183319175,31
BasicSR++,618_fri_c3_1000_50,9,0.8802150975997831,35
BasicSR++,620_fri_c1_1000_25,0,0.9390229359596475,36
BasicSR++,620_fri_c1_1000_25,1,0.9267151992286109,38
BasicSR++,620_fri_c1_1000_25,2,0.9470762870773864,38
BasicSR++,620_fri_c1_1000_25,3,0.9313735667530122,35
BasicSR++,620_fri_c1_1000_25,4,0.9061477084106107,25
BasicSR++,620_fri_c1_1000_25,5,0.9219099030751856,31
BasicSR++,620_fri_c1_1000_25,6,0.9354364175748219,31
BasicSR++,620_fri_c1_1000_25,7,0.9598100759538288,39
BasicSR++,620_fri_c1_1000_25,8,0.9437375315240879,37
BasicSR++,620_fri_c1_1000_25,9,0.951008945259033,36
BasicSR++,621_fri_c0_100_10,0,0.9349550933482272,27
BasicSR++,621_fri_c0_100_10,1,0.9362323086794851,34
BasicSR++,621_fri_c0_100_10,2,0.9250473534257815,28
BasicSR++,621_fri_c0_100_10,3,0.9530234958926652,24
BasicSR++,621_fri_c0_100_10,4,0.9543535280480111,30
BasicSR++,621_fri_c0_100_10,5,0.9438446215955059,25
BasicSR++,621_fri_c0_100_10,6,0.9481372405896809,35
BasicSR++,621_fri_c0_100_10,7,0.9479354649247632,31
BasicSR++,621_fri_c0_100_10,8,0.967679214653162,32
BasicSR++,621_fri_c0_100_10,9,0.9314669057440295,31
BasicSR++,622_fri_c2_1000_50,0,0.9170198238213532,35
BasicSR++,622_fri_c2_1000_50,1,0.9514411969634627,39
BasicSR++,622_fri_c2_1000_50,2,0.9051212042707261,37
BasicSR++,622_fri_c2_1000_50,3,0.9106685844894055,36
BasicSR++,622_fri_c2_1000_50,4,0.9117008960034025,33
BasicSR++,622_fri_c2_1000_50,5,0.9207019218184759,37
BasicSR++,622_fri_c2_1000_50,6,0.8868046931546667,30
BasicSR++,622_fri_c2_1000_50,7,0.9015353788933059,35
BasicSR++,622_fri_c2_1000_50,8,0.8763558517509854,30
BasicSR++,622_fri_c2_1000_50,9,0.9409289880032581,33
BasicSR++,623_fri_c4_1000_10,0,0.9656379835489562,39
BasicSR++,623_fri_c4_1000_10,1,0.9356997977557848,30
BasicSR++,623_fri_c4_1000_10,2,0.9173389113258871,34
BasicSR++,623_fri_c4_1000_10,3,0.9328846486490208,30
BasicSR++,623_fri_c4_1000_10,4,0.9249745464389839,34
BasicSR++,623_fri_c4_1000_10,5,0.9414155968560667,36
BasicSR++,623_fri_c4_1000_10,6,0.9458643027310643,37
BasicSR++,623_fri_c4_1000_10,7,0.9403687451409474,26
BasicSR++,623_fri_c4_1000_10,8,0.9231104751532764,38
BasicSR++,623_fri_c4_1000_10,9,0.9030046107569887,31
BasicSR++,624_fri_c0_100_5,0,0.9086841963399016,23
BasicSR++,624_fri_c0_100_5,1,0.9192168652963639,30
BasicSR++,624_fri_c0_100_5,2,0.9590891469309624,31
BasicSR++,624_fri_c0_100_5,3,0.9478373108021034,37
BasicSR++,624_fri_c0_100_5,4,0.9512581326881141,38
BasicSR++,624_fri_c0_100_5,5,0.9385840108871455,28
BasicSR++,624_fri_c0_100_5,6,0.8780068088031987,32
BasicSR++,624_fri_c0_100_5,7,0.9557601855807669,34
BasicSR++,624_fri_c0_100_5,8,0.9556047814012653,34
BasicSR++,624_fri_c0_100_5,9,0.9344733300201294,28
BasicSR++,626_fri_c2_500_50,0,0.9208527507186417,38
BasicSR++,626_fri_c2_500_50,1,0.9221914573486518,27
BasicSR++,626_fri_c2_500_50,2,0.8996198708826638,37
BasicSR++,626_fri_c2_500_50,3,0.9119541653695973,31
BasicSR++,626_fri_c2_500_50,4,0.834603956042848,17
BasicSR++,626_fri_c2_500_50,5,0.9173582580870996,24
BasicSR++,626_fri_c2_500_50,6,0.9029227270428066,23
BasicSR++,626_fri_c2_500_50,7,0.8929800558735062,39
BasicSR++,626_fri_c2_500_50,8,0.8941675468414199,26
BasicSR++,626_fri_c2_500_50,9,0.89760220538186,38
BasicSR++,627_fri_c2_500_10,0,0.9581872480995719,38
BasicSR++,627_fri_c2_500_10,1,0.9317037494944368,32
BasicSR++,627_fri_c2_500_10,2,0.9567271733155263,36
BasicSR++,627_fri_c2_500_10,3,0.9126004315681657,34
BasicSR++,627_fri_c2_500_10,4,0.9445615829934679,32
BasicSR++,627_fri_c2_500_10,5,0.9478162486015388,34
BasicSR++,627_fri_c2_500_10,6,0.9434574477688185,35
BasicSR++,627_fri_c2_500_10,7,0.9261357306314375,37
BasicSR++,627_fri_c2_500_10,8,0.9059592083205422,32
BasicSR++,627_fri_c2_500_10,9,0.9469295684425176,39
BasicSR++,628_fri_c3_1000_5,0,0.9624175273466486,40
BasicSR++,628_fri_c3_1000_5,1,0.9341944566969795,32
BasicSR++,628_fri_c3_1000_5,2,0.9460943135400987,38
BasicSR++,628_fri_c3_1000_5,3,0.9622340553928983,33
BasicSR++,628_fri_c3_1000_5,4,0.9487402431055563,35
BasicSR++,628_fri_c3_1000_5,5,0.9368769824477032,34
BasicSR++,628_fri_c3_1000_5,6,0.9431563852610391,39
BasicSR++,628_fri_c3_1000_5,7,0.9425393315969058,39
BasicSR++,628_fri_c3_1000_5,8,0.9530417143348646,33
BasicSR++,628_fri_c3_1000_5,9,0.9381499209602059,37
BasicSR++,631_fri_c1_500_5,0,0.9192782200152514,29
BasicSR++,631_fri_c1_500_5,1,0.9462878403028896,40
BasicSR++,631_fri_c1_500_5,2,0.9715955165072573,39
BasicSR++,631_fri_c1_500_5,3,0.9562433238930058,38
BasicSR++,631_fri_c1_500_5,4,0.9538000038802843,34
BasicSR++,631_fri_c1_500_5,5,0.9545584151853541,28
BasicSR++,631_fri_c1_500_5,6,0.9640755928281153,29
BasicSR++,631_fri_c1_500_5,7,0.9636499962452257,33
BasicSR++,631_fri_c1_500_5,8,0.9551272283234444,35
BasicSR++,631_fri_c1_500_5,9,0.9557002386767579,37
BasicSR++,633_fri_c0_500_25,0,0.9378538855242763,34
BasicSR++,633_fri_c0_500_25,1,0.9371210955994084,33
BasicSR++,633_fri_c0_500_25,2,0.9407728479935925,40
BasicSR++,633_fri_c0_500_25,3,0.9506522265050212,30
BasicSR++,633_fri_c0_500_25,4,0.92033999085611,38
BasicSR++,633_fri_c0_500_25,5,0.9212199623265052,33
BasicSR++,633_fri_c0_500_25,6,0.9473042969005157,29
BasicSR++,633_fri_c0_500_25,7,0.9465448433713548,32
BasicSR++,633_fri_c0_500_25,8,0.9380146140750883,37
BasicSR++,633_fri_c0_500_25,9,0.9380535927393907,38
BasicSR++,634_fri_c2_100_10,0,0.8766309640767804,28
BasicSR++,634_fri_c2_100_10,1,0.860039354761509,24
BasicSR++,634_fri_c2_100_10,2,0.8606771123516309,24
BasicSR++,634_fri_c2_100_10,3,0.873934892026816,25
BasicSR++,634_fri_c2_100_10,4,0.8114581113210362,19
BasicSR++,634_fri_c2_100_10,5,0.8887825091894493,32
BasicSR++,634_fri_c2_100_10,6,0.8377199979653955,28
BasicSR++,634_fri_c2_100_10,7,0.9016050618192657,35
BasicSR++,634_fri_c2_100_10,8,0.8727100035787058,24
BasicSR++,634_fri_c2_100_10,9,0.8960557474013779,20
BasicSR++,635_fri_c0_250_10,0,0.9467598901094583,32
BasicSR++,635_fri_c0_250_10,1,0.9563903414965527,30
BasicSR++,635_fri_c0_250_10,2,0.9638783318673649,30
BasicSR++,635_fri_c0_250_10,3,0.9359428182325755,31
BasicSR++,635_fri_c0_250_10,4,0.9300698087170687,29
BasicSR++,635_fri_c0_250_10,5,0.9554082004220015,34
BasicSR++,635_fri_c0_250_10,6,0.9459743255167763,33
BasicSR++,635_fri_c0_250_10,7,0.9388937283534728,32
BasicSR++,635_fri_c0_250_10,8,0.9592115141731913,33
BasicSR++,635_fri_c0_250_10,9,0.9352254584260831,32
BasicSR++,637_fri_c1_500_50,0,0.9100988386654544,24
BasicSR++,637_fri_c1_500_50,1,0.9307886993873844,37
BasicSR++,637_fri_c1_500_50,2,0.880233038840764,40
BasicSR++,637_fri_c1_500_50,3,0.9012458889754116,29
BasicSR++,637_fri_c1_500_50,4,0.8432661303367011,31
BasicSR++,637_fri_c1_500_50,5,0.9474195227205793,32
BasicSR++,637_fri_c1_500_50,6,0.8935558529995113,29
BasicSR++,637_fri_c1_500_50,7,0.9195646748322728,40
BasicSR++,637_fri_c1_500_50,8,0.8347188096898677,39
BasicSR++,637_fri_c1_500_50,9,0.9277938335337262,35
BasicSR++,641_fri_c1_500_10,0,0.9649717549605062,31
BasicSR++,641_fri_c1_500_10,1,0.9638232997756213,40
BasicSR++,641_fri_c1_500_10,2,0.9182046831826551,35
BasicSR++,641_fri_c1_500_10,3,0.9203571049969296,32
BasicSR++,641_fri_c1_500_10,4,0.9580446651778216,36
BasicSR++,641_fri_c1_500_10,5,0.9562086010007881,39
BasicSR++,641_fri_c1_500_10,6,0.9495604826343149,39
BasicSR++,641_fri_c1_500_10,7,0.9673659993194296,34
BasicSR++,641_fri_c1_500_10,8,0.9255055476656169,35
BasicSR++,641_fri_c1_500_10,9,0.9552044141451086,38
BasicSR++,643_fri_c2_500_25,0,0.9225168912658307,37
BasicSR++,643_fri_c2_500_25,1,0.9076723675347766,31
BasicSR++,643_fri_c2_500_25,2,0.9119793329121713,30
BasicSR++,643_fri_c2_500_25,3,0.9114285741863364,38
BasicSR++,643_fri_c2_500_25,4,0.9369471122319759,36
BasicSR++,643_fri_c2_500_25,5,0.9148025616293657,39
BasicSR++,643_fri_c2_500_25,6,0.9529524749159916,38
BasicSR++,643_fri_c2_500_25,7,0.8875241692272258,28
BasicSR++,643_fri_c2_500_25,8,0.9283605607980612,39
BasicSR++,643_fri_c2_500_25,9,0.9304819738444978,33
BasicSR++,644_fri_c4_250_25,0,0.9197475959910982,36
BasicSR++,644_fri_c4_250_25,1,0.9039681046713035,31
BasicSR++,644_fri_c4_250_25,2,0.9040559198693229,28
BasicSR++,644_fri_c4_250_25,3,0.9188188922501757,32
BasicSR++,644_fri_c4_250_25,4,0.905985439246867,30
BasicSR++,644_fri_c4_250_25,5,0.960473666383316,39
BasicSR++,644_fri_c4_250_25,6,0.9355154304575066,32
BasicSR++,644_fri_c4_250_25,7,0.9329199629161073,32
BasicSR++,644_fri_c4_250_25,8,0.9470177645147703,29
BasicSR++,644_fri_c4_250_25,9,0.9267755997200601,35
BasicSR++,645_fri_c3_500_50,0,0.8865019676430131,37
BasicSR++,645_fri_c3_500_50,1,0.897554149459949,29
BasicSR++,645_fri_c3_500_50,2,0.81129157731077,26
BasicSR++,645_fri_c3_500_50,3,0.9152168323846726,34
BasicSR++,645_fri_c3_500_50,4,0.9254791572109258,37
BasicSR++,645_fri_c3_500_50,5,0.9184459923381326,30
BasicSR++,645_fri_c3_500_50,6,0.8383956280505405,25
BasicSR++,645_fri_c3_500_50,7,0.9128272227587276,38
BasicSR++,645_fri_c3_500_50,8,0.9383947163061753,33
BasicSR++,645_fri_c3_500_50,9,0.8979393507078007,25
BasicSR++,646_fri_c3_500_10,0,0.9431407820255451,33
BasicSR++,646_fri_c3_500_10,1,0.952646780710146,32
BasicSR++,646_fri_c3_500_10,2,0.9219366739525959,34
BasicSR++,646_fri_c3_500_10,3,0.9361124915302076,39
BasicSR++,646_fri_c3_500_10,4,0.9407869653690775,30
BasicSR++,646_fri_c3_500_10,5,0.9458230226657673,34
BasicSR++,646_fri_c3_500_10,6,0.9590914500071491,36
BasicSR++,646_fri_c3_500_10,7,0.9257704346269688,36
BasicSR++,646_fri_c3_500_10,8,0.9502692945971318,35
BasicSR++,646_fri_c3_500_10,9,0.9067122600138051,37
BasicSR++,647_fri_c1_250_10,0,0.9421325499941867,35
BasicSR++,647_fri_c1_250_10,1,0.9466587134971983,26
BasicSR++,647_fri_c1_250_10,2,0.9622847936980091,36
BasicSR++,647_fri_c1_250_10,3,0.9402487901033199,38
BasicSR++,647_fri_c1_250_10,4,0.9211380541919644,26
BasicSR++,647_fri_c1_250_10,5,0.9531924649986122,29
BasicSR++,647_fri_c1_250_10,6,0.9297388072108068,33
BasicSR++,647_fri_c1_250_10,7,0.9516889121999025,31
BasicSR++,647_fri_c1_250_10,8,0.9531499163192071,33
BasicSR++,647_fri_c1_250_10,9,0.9559076846086497,40
BasicSR++,648_fri_c1_250_50,0,0.9276117592367685,32
BasicSR++,648_fri_c1_250_50,1,0.9176768129571956,37
BasicSR++,648_fri_c1_250_50,2,0.8961497149479638,30
BasicSR++,648_fri_c1_250_50,3,0.9627541797340218,37
BasicSR++,648_fri_c1_250_50,4,0.932944345279068,29
BasicSR++,648_fri_c1_250_50,5,0.8955803293855937,40
BasicSR++,648_fri_c1_250_50,6,0.9172131044168729,38
BasicSR++,648_fri_c1_250_50,7,0.9329003528052735,31
BasicSR++,648_fri_c1_250_50,8,0.9488971007084458,40
BasicSR++,648_fri_c1_250_50,9,0.9256643001312121,22
BasicSR++,649_fri_c0_500_5,0,0.9522873928290446,36
BasicSR++,649_fri_c0_500_5,1,0.9432909986858673,38
BasicSR++,649_fri_c0_500_5,2,0.9330801879082712,32
BasicSR++,649_fri_c0_500_5,3,0.9381422783484432,32
BasicSR++,649_fri_c0_500_5,4,0.9373382059803327,36
BasicSR++,649_fri_c0_500_5,5,0.9450752790789776,30
BasicSR++,649_fri_c0_500_5,6,0.9507678720564872,38
BasicSR++,649_fri_c0_500_5,7,0.9417028019783277,34
BasicSR++,649_fri_c0_500_5,8,0.9488621237911766,30
BasicSR++,649_fri_c0_500_5,9,0.9414150595579112,38
BasicSR++,650_fri_c0_500_50,0,0.9313033824683625,27
BasicSR++,650_fri_c0_500_50,1,0.9247191208139314,32
BasicSR++,650_fri_c0_500_50,2,0.9418508882926006,29
BasicSR++,650_fri_c0_500_50,3,0.9499784322407128,34
BasicSR++,650_fri_c0_500_50,4,0.9424979365384696,37
BasicSR++,650_fri_c0_500_50,5,0.9361947057424445,27
BasicSR++,650_fri_c0_500_50,6,0.9441054437175034,38
BasicSR++,650_fri_c0_500_50,7,0.93390238542711,34
BasicSR++,650_fri_c0_500_50,8,0.9482352895241807,33
BasicSR++,650_fri_c0_500_50,9,0.9356922778303522,32
BasicSR++,651_fri_c0_100_25,0,0.9653756893679709,29
BasicSR++,651_fri_c0_100_25,1,0.9377678322647257,22
BasicSR++,651_fri_c0_100_25,2,0.9489209970043626,31
BasicSR++,651_fri_c0_100_25,3,0.9215100149720767,38
BasicSR++,651_fri_c0_100_25,4,0.8662194459896099,29
BasicSR++,651_fri_c0_100_25,5,0.953082896646457,24
BasicSR++,651_fri_c0_100_25,6,0.9526135587831986,37
BasicSR++,651_fri_c0_100_25,7,0.8500107547012885,34
BasicSR++,651_fri_c0_100_25,8,0.9197926226500854,23
BasicSR++,651_fri_c0_100_25,9,0.8736312727540972,27
BasicSR++,653_fri_c0_250_25,0,0.9385888782024296,31
BasicSR++,653_fri_c0_250_25,1,0.9478584674710594,30
BasicSR++,653_fri_c0_250_25,2,0.9256993441562928,31
BasicSR++,653_fri_c0_250_25,3,0.9339388827075997,30
BasicSR++,653_fri_c0_250_25,4,0.9536411993605161,31
BasicSR++,653_fri_c0_250_25,5,0.9421315496436106,37
BasicSR++,653_fri_c0_250_25,6,0.9136616855452693,38
BasicSR++,653_fri_c0_250_25,7,0.9390258841347159,33
BasicSR++,653_fri_c0_250_25,8,0.9404751937602802,34
BasicSR++,653_fri_c0_250_25,9,0.9339701022321228,29
BasicSR++,654_fri_c0_500_10,0,0.937863413391965,32
BasicSR++,654_fri_c0_500_10,1,0.9330260599304481,28
BasicSR++,654_fri_c0_500_10,2,0.9499981296237461,33
BasicSR++,654_fri_c0_500_10,3,0.9262592038336352,34
BasicSR++,654_fri_c0_500_10,4,0.949348981723953,31
BasicSR++,654_fri_c0_500_10,5,0.94735378430998,31
BasicSR++,654_fri_c0_500_10,6,0.9492311439101988,31
BasicSR++,654_fri_c0_500_10,7,0.9322510116737103,36
BasicSR++,654_fri_c0_500_10,8,0.9479358151366977,31
BasicSR++,654_fri_c0_500_10,9,0.9231305301602973,32
BasicSR++,656_fri_c1_100_5,0,0.8595153112519979,16
BasicSR++,656_fri_c1_100_5,1,0.8878107175096577,40
BasicSR++,656_fri_c1_100_5,2,0.9253627333485571,27
BasicSR++,656_fri_c1_100_5,3,0.7724836828611478,28
BasicSR++,656_fri_c1_100_5,4,0.927863422803871,25
BasicSR++,656_fri_c1_100_5,5,0.8931217063146214,19
BasicSR++,656_fri_c1_100_5,6,0.9251524790953973,34
BasicSR++,656_fri_c1_100_5,7,0.8992216724730255,35
BasicSR++,656_fri_c1_100_5,8,0.9758248355404034,39
BasicSR++,656_fri_c1_100_5,9,0.9588509351404645,34
BasicSR++,657_fri_c2_250_10,0,0.9133317858772152,28
BasicSR++,657_fri_c2_250_10,1,0.8897434610665446,27
BasicSR++,657_fri_c2_250_10,2,0.9222702321491603,39
BasicSR++,657_fri_c2_250_10,3,0.9300085115944067,28
BasicSR++,657_fri_c2_250_10,4,0.9096682581597423,28
BasicSR++,657_fri_c2_250_10,5,0.8938724691687987,34
BasicSR++,657_fri_c2_250_10,6,0.9079257548832858,33
BasicSR++,657_fri_c2_250_10,7,0.9332371464865664,31
BasicSR++,657_fri_c2_250_10,8,0.9307614661193022,38
BasicSR++,657_fri_c2_250_10,9,0.9176643855995614,31
BasicSR++,658_fri_c3_250_25,0,0.9403654832785681,32
BasicSR++,658_fri_c3_250_25,1,0.8827020772228672,34
BasicSR++,658_fri_c3_250_25,2,0.923593428499689,28
BasicSR++,658_fri_c3_250_25,3,0.918530532072842,26
BasicSR++,658_fri_c3_250_25,4,0.9157630265212904,30
BasicSR++,658_fri_c3_250_25,5,0.9244871425914084,32
BasicSR++,658_fri_c3_250_25,6,0.8485768570756043,29
BasicSR++,658_fri_c3_250_25,7,0.8941647834973859,21
BasicSR++,658_fri_c3_250_25,8,0.899269111267329,31
BasicSR++,658_fri_c3_250_25,9,0.9299236797688625,33
BasicSR++,659_sleuth_ex1714,0,0.7740043407209527,23
BasicSR++,659_sleuth_ex1714,1,0.805529063405453,1
BasicSR++,659_sleuth_ex1714,2,0.7617012368189804,1
BasicSR++,659_sleuth_ex1714,3,0.5993007450443375,10
BasicSR++,659_sleuth_ex1714,4,0.82311352736493,11
BasicSR++,659_sleuth_ex1714,5,0.8834320032596993,3
BasicSR++,659_sleuth_ex1714,6,0.6621493194994053,28
BasicSR++,659_sleuth_ex1714,7,0.8884442469880588,7
BasicSR++,659_sleuth_ex1714,8,0.7679878419468824,27
BasicSR++,659_sleuth_ex1714,9,0.6587671305797851,17
BasicSR++,663_rabe_266,0,0.9968681171602854,30
BasicSR++,663_rabe_266,1,0.9955742790681349,25
BasicSR++,663_rabe_266,2,0.9908306854977261,17
BasicSR++,663_rabe_266,3,0.998403615478829,33
BasicSR++,663_rabe_266,4,0.996278239971309,25
BasicSR++,663_rabe_266,5,0.993715708653534,24
BasicSR++,663_rabe_266,6,0.9967693819582885,24
BasicSR++,663_rabe_266,7,0.9948767385540642,19
BasicSR++,663_rabe_266,8,0.9978887585416464,27
BasicSR++,663_rabe_266,9,0.9982220182464981,26
BasicSR++,665_sleuth_case2002,0,0.32646049365239715,3
BasicSR++,665_sleuth_case2002,1,0.4372470722275784,4
BasicSR++,665_sleuth_case2002,2,0.4925728789299657,6
BasicSR++,665_sleuth_case2002,3,0.3346357365643019,21
BasicSR++,665_sleuth_case2002,4,0.09698983527101701,6
BasicSR++,665_sleuth_case2002,5,0.09770210093204579,7
BasicSR++,665_sleuth_case2002,6,0.4125000719782368,7
BasicSR++,665_sleuth_case2002,7,0.11485569737170453,19
BasicSR++,665_sleuth_case2002,8,0.26148792859817227,6
BasicSR++,665_sleuth_case2002,9,0.4165986694624645,6
BasicSR++,666_rmftsa_ladata,0,0.6554459829640639,36
BasicSR++,666_rmftsa_ladata,1,0.5638310061753291,30
BasicSR++,666_rmftsa_ladata,2,0.7190074893869361,10
BasicSR++,666_rmftsa_ladata,3,0.5826763533411279,18
BasicSR++,666_rmftsa_ladata,4,0.6183405903528372,14
BasicSR++,666_rmftsa_ladata,5,0.45451017589950327,9
BasicSR++,666_rmftsa_ladata,6,0.7639710781793871,23
BasicSR++,666_rmftsa_ladata,7,0.739872120938266,23
BasicSR++,666_rmftsa_ladata,8,0.6450843109577566,23
BasicSR++,666_rmftsa_ladata,9,0.6165689204497959,28
BasicSR++,678_visualizing_environmental,0,0.3717173447568748,3
BasicSR++,678_visualizing_environmental,1,0.41307463682850876,7
BasicSR++,678_visualizing_environmental,2,0.7159115976170515,10
BasicSR++,678_visualizing_environmental,3,0.460831049302611,17
BasicSR++,678_visualizing_environmental,4,0.45938021849406885,8
BasicSR++,678_visualizing_environmental,5,0.5370924166734421,3
BasicSR++,678_visualizing_environmental,6,0.6162519746448143,5
BasicSR++,678_visualizing_environmental,7,0.2982382569916495,8
BasicSR++,678_visualizing_environmental,8,0.21593795199527033,3
BasicSR++,678_visualizing_environmental,9,0.5564960041098124,3
BasicSR++,687_sleuth_ex1605,0,0.7831549865831382,17
BasicSR++,687_sleuth_ex1605,1,0.8540375081556211,1
BasicSR++,687_sleuth_ex1605,2,0.5588502585937007,11
BasicSR++,687_sleuth_ex1605,3,0.5094790126732858,1
BasicSR++,687_sleuth_ex1605,4,0.4696272940787225,7
BasicSR++,687_sleuth_ex1605,5,0.5882217995391197,12
BasicSR++,687_sleuth_ex1605,6,0.5672126618138356,3
BasicSR++,687_sleuth_ex1605,7,0.666843201572094,12
BasicSR++,687_sleuth_ex1605,8,0.7702509301155313,1
BasicSR++,687_sleuth_ex1605,9,0.7164720771040991,1
BasicSR++,690_visualizing_galaxy,0,0.9716171346374068,23
BasicSR++,690_visualizing_galaxy,1,0.9628630790596384,28
BasicSR++,690_visualizing_galaxy,2,0.9665809600579554,35
BasicSR++,690_visualizing_galaxy,3,0.9732251302354,32
BasicSR++,690_visualizing_galaxy,4,0.9736694857076812,26
BasicSR++,690_visualizing_galaxy,5,0.9704611838260012,23
BasicSR++,690_visualizing_galaxy,6,0.9685637329021504,21
BasicSR++,690_visualizing_galaxy,7,0.9498461042280265,27
BasicSR++,690_visualizing_galaxy,8,0.964608112576802,32
BasicSR++,690_visualizing_galaxy,9,0.9666907265718201,22
BasicSR++,695_chatfield_4,0,0.8984686571248637,8
BasicSR++,695_chatfield_4,1,0.8264897139629341,7
BasicSR++,695_chatfield_4,2,0.913217492612489,7
BasicSR++,695_chatfield_4,3,0.9258227225442244,5
BasicSR++,695_chatfield_4,4,0.8542496826757422,7
BasicSR++,695_chatfield_4,5,0.8417854091506414,19
BasicSR++,695_chatfield_4,6,0.8387418099443323,5
BasicSR++,695_chatfield_4,7,0.8845336625174492,5
BasicSR++,695_chatfield_4,8,0.89409178895899,5
BasicSR++,695_chatfield_4,9,0.9011928198357795,9
BasicSR++,706_sleuth_case1202,0,0.7697400194046368,9
BasicSR++,706_sleuth_case1202,1,0.7853139155688268,14
BasicSR++,706_sleuth_case1202,2,0.7212328435410904,1
BasicSR++,706_sleuth_case1202,3,0.8252549763068843,22
BasicSR++,706_sleuth_case1202,4,0.8231830679290268,29
BasicSR++,706_sleuth_case1202,5,0.6830899285094877,18
BasicSR++,706_sleuth_case1202,6,0.7013046784667993,5
BasicSR++,706_sleuth_case1202,7,0.6364775712669403,16
BasicSR++,706_sleuth_case1202,8,0.5844250294699036,1
BasicSR++,706_sleuth_case1202,9,0.5582349018543415,1
BasicSR++,712_chscase_geyser1,0,0.8249450788383923,12
BasicSR++,712_chscase_geyser1,1,0.7943286896090865,3
BasicSR++,712_chscase_geyser1,2,0.7511164265529311,9
BasicSR++,712_chscase_geyser1,3,0.8226365962472963,16
BasicSR++,712_chscase_geyser1,4,0.7282636650290704,9
BasicSR++,712_chscase_geyser1,5,0.786244240149381,3
BasicSR++,712_chscase_geyser1,6,0.8289080242382851,7
BasicSR++,712_chscase_geyser1,7,0.7966839212839111,11
BasicSR++,712_chscase_geyser1,8,0.7972564927579657,7
BasicSR++,712_chscase_geyser1,9,0.7726648457606969,7
BasicSR++,banana,0,0.608526169338766,27
BasicSR++,banana,1,0.5739079881179225,25
BasicSR++,banana,2,0.6029980165384317,32
BasicSR++,banana,3,0.5981868667915564,36
BasicSR++,banana,4,0.6281737536772031,37
BasicSR++,banana,5,0.6301855467640667,32
BasicSR++,banana,6,0.6327787772321531,30
BasicSR++,banana,7,0.5795704110237179,32
BasicSR++,banana,8,0.6180678146812788,36
BasicSR++,banana,9,0.5932962297076295,32
BasicSR++,titanic,0,0.25758599693367823,26
BasicSR++,titanic,1,0.3038686854163254,29
BasicSR++,titanic,2,0.32962414844211785,16
BasicSR++,titanic,3,0.33134800124031794,18
BasicSR++,titanic,4,0.335408092154744,20
BasicSR++,titanic,5,0.33820166351766356,22
BasicSR++,titanic,6,0.30546451601727875,21
BasicSR++,titanic,7,0.28804355768566625,30
BasicSR++,titanic,8,0.32368848557549923,16
BasicSR++,titanic,9,0.31488174778449163,20
HPO,1027_ESL,0,0.8496695890433036,32
HPO,1027_ESL,1,0.8269694676402835,26
HPO,1027_ESL,2,0.872120002575283,17
HPO,1027_ESL,3,0.8438598557519981,12
HPO,1027_ESL,4,0.8780092679749679,16
HPO,1027_ESL,5,0.8712308737998465,36
HPO,1027_ESL,6,0.8739854704711904,31
HPO,1027_ESL,7,0.8821350792489646,18
HPO,1027_ESL,8,0.8726848208757313,28
HPO,1027_ESL,9,0.8900957882125193,37
HPO,1028_SWD,0,0.3706198386188184,27
HPO,1028_SWD,1,0.3332051907324326,24
HPO,1028_SWD,2,0.41594432323122543,22
HPO,1028_SWD,3,0.43897502943975375,23
HPO,1028_SWD,4,0.3802910946110737,37
HPO,1028_SWD,5,0.3567456253893554,33
HPO,1028_SWD,6,0.3249142400820645,24
HPO,1028_SWD,7,0.3401046519928239,16
HPO,1028_SWD,8,0.4682871794554697,28
HPO,1028_SWD,9,0.34219538170575503,40
HPO,1029_LEV,0,0.42842711829399127,18
HPO,1029_LEV,1,0.5099483815345943,32
HPO,1029_LEV,2,0.5639235158789403,27
HPO,1029_LEV,3,0.5565709564577606,21
HPO,1029_LEV,4,0.598845878242986,24
HPO,1029_LEV,5,0.5490508306120483,14
HPO,1029_LEV,6,0.4414208330256073,36
HPO,1029_LEV,7,0.5579113939837105,33
HPO,1029_LEV,8,0.5798801952270225,26
HPO,1029_LEV,9,0.5436333254411394,24
HPO,1030_ERA,0,0.3277531454534339,11
HPO,1030_ERA,1,0.3598588593906752,18
HPO,1030_ERA,2,0.4231423539911553,30
HPO,1030_ERA,3,0.4174035402550418,19
HPO,1030_ERA,4,0.3895484584987765,15
HPO,1030_ERA,5,0.38439070628860195,21
HPO,1030_ERA,6,0.3560944903872161,26
HPO,1030_ERA,7,0.4291765798797672,19
HPO,1030_ERA,8,0.4256695395610147,23
HPO,1030_ERA,9,0.4508707796207261,35
HPO,1089_USCrime,0,0.8733416397988218,5
HPO,1089_USCrime,1,0.8785521172140675,23
HPO,1089_USCrime,2,0.857752341331025,20
HPO,1089_USCrime,3,0.7613504917342859,11
HPO,1089_USCrime,4,0.7812231789672681,18
HPO,1089_USCrime,5,0.8661889847775792,20
HPO,1089_USCrime,6,0.9409888837394984,26
HPO,1089_USCrime,7,0.8656873757087279,17
HPO,1089_USCrime,8,0.8412146680416762,22
HPO,1089_USCrime,9,0.8688952537275847,10
HPO,1096_FacultySalaries,0,0.9326659151677669,7
HPO,1096_FacultySalaries,1,0.982547106647247,20
HPO,1096_FacultySalaries,2,0.9490841040230179,5
HPO,1096_FacultySalaries,3,0.7673481163766811,9
HPO,1096_FacultySalaries,4,0.9945494862758303,26
HPO,1096_FacultySalaries,5,0.962730951192251,32
HPO,1096_FacultySalaries,6,0.7804911290587363,5
HPO,1096_FacultySalaries,7,0.9362497771155851,16
HPO,1096_FacultySalaries,8,0.7208140614581151,7
HPO,1096_FacultySalaries,9,0.9086821530178604,1
HPO,1191_BNG_pbc,0,0.3245770338753746,28
HPO,1191_BNG_pbc,1,0.3103183013812839,26
HPO,1191_BNG_pbc,2,0.31925231401983867,40
HPO,1191_BNG_pbc,3,0.31138879200443204,28
HPO,1191_BNG_pbc,4,0.3206064428877876,37
HPO,1191_BNG_pbc,5,0.3194905443008116,31
HPO,1191_BNG_pbc,6,0.31698017654711397,29
HPO,1191_BNG_pbc,7,0.32045841625436877,30
HPO,1191_BNG_pbc,8,0.31600020546367846,38
HPO,1191_BNG_pbc,9,0.30986690754954305,25
HPO,1193_BNG_lowbwt,0,0.5780042284506899,40
HPO,1193_BNG_lowbwt,1,0.5933656032231088,34
HPO,1193_BNG_lowbwt,2,0.5812380651440019,37
HPO,1193_BNG_lowbwt,3,0.57669679235086,32
HPO,1193_BNG_lowbwt,4,0.5773075765481875,20
HPO,1193_BNG_lowbwt,5,0.5879894324552105,39
HPO,1193_BNG_lowbwt,6,0.5749643458376652,39
HPO,1193_BNG_lowbwt,7,0.5778109575165606,32
HPO,1193_BNG_lowbwt,8,0.5695631876404089,36
HPO,1193_BNG_lowbwt,9,0.5839079594291636,35
HPO,1196_BNG_pharynx,0,0.43839901927470515,25
HPO,1196_BNG_pharynx,1,0.4648125512589716,33
HPO,1196_BNG_pharynx,2,0.4654983190116302,35
HPO,1196_BNG_pharynx,3,0.4549753721075803,27
HPO,1196_BNG_pharynx,4,0.45874338225669054,40
HPO,1196_BNG_pharynx,5,0.46691608203125723,39
HPO,1196_BNG_pharynx,6,0.46970000613984975,32
HPO,1196_BNG_pharynx,7,0.45072191758708735,22
HPO,1196_BNG_pharynx,8,0.45914670567819915,33
HPO,1196_BNG_pharynx,9,0.4586354847442974,37
HPO,1199_BNG_echoMonths,0,0.4406907076175166,26
HPO,1199_BNG_echoMonths,1,0.4480301641459845,26
HPO,1199_BNG_echoMonths,2,0.4400663863886579,36
HPO,1199_BNG_echoMonths,3,0.45681723355129367,33
HPO,1199_BNG_echoMonths,4,0.4486781249718774,28
HPO,1199_BNG_echoMonths,5,0.4479298878433652,32
HPO,1199_BNG_echoMonths,6,0.44528247862941683,22
HPO,1199_BNG_echoMonths,7,0.444428730747765,35
HPO,1199_BNG_echoMonths,8,0.4458881524982373,39
HPO,1199_BNG_echoMonths,9,0.4501457296013742,34
HPO,1201_BNG_breastTumor,0,0.06867180819802676,29
HPO,1201_BNG_breastTumor,1,0.0808738519851212,35
HPO,1201_BNG_breastTumor,2,0.0956126399416859,40
HPO,1201_BNG_breastTumor,3,0.09343551375713,37
HPO,1201_BNG_breastTumor,4,0.09358655064451771,34
HPO,1201_BNG_breastTumor,5,0.08835588294054553,35
HPO,1201_BNG_breastTumor,6,0.08298973301360935,17
HPO,1201_BNG_breastTumor,7,0.08924823642585844,33
HPO,1201_BNG_breastTumor,8,0.09895079666443163,39
HPO,1201_BNG_breastTumor,9,0.09308751644656288,30
HPO,1203_BNG_pwLinear,0,0.5944346846564711,36
HPO,1203_BNG_pwLinear,1,0.5914774482212719,39
HPO,1203_BNG_pwLinear,2,0.5842349104888223,29
HPO,1203_BNG_pwLinear,3,0.5910016517844643,37
HPO,1203_BNG_pwLinear,4,0.5869829664927331,38
HPO,1203_BNG_pwLinear,5,0.5868000308422101,32
HPO,1203_BNG_pwLinear,6,0.5775207530230166,33
HPO,1203_BNG_pwLinear,7,0.5886553276809503,31
HPO,1203_BNG_pwLinear,8,0.5892119115225803,35
HPO,1203_BNG_pwLinear,9,0.5899813198248381,36
HPO,1595_poker,0,0.34485916028731745,36
HPO,1595_poker,1,0.22414195564806727,37
HPO,1595_poker,2,0.1513397749231199,31
HPO,1595_poker,3,0.23387757332383563,40
HPO,1595_poker,4,0.21913073881375034,30
HPO,1595_poker,5,0.12929054740699386,20
HPO,1595_poker,6,0.2112378440796313,36
HPO,1595_poker,7,0.08230868468725305,24
HPO,1595_poker,8,0.15177157736000635,35
HPO,1595_poker,9,0.1408597678956578,30
HPO,192_vineyard,0,0.8493262120084268,6
HPO,192_vineyard,1,0.7045966961285937,5
HPO,192_vineyard,2,0.6688083698082932,20
HPO,192_vineyard,3,0.7389733389083369,33
HPO,192_vineyard,4,0.6324406442235626,13
HPO,192_vineyard,5,0.38714008791704324,9
HPO,192_vineyard,6,0.5428167822384947,11
HPO,192_vineyard,7,0.7272467100983173,9
HPO,192_vineyard,8,-0.22079385045090483,8
HPO,192_vineyard,9,0.8379882634513167,11
HPO,195_auto_price,0,0.8583117451310005,7
HPO,195_auto_price,1,0.86963044177133,32
HPO,195_auto_price,2,0.8630329204783821,1
HPO,195_auto_price,3,0.706152062925363,21
HPO,195_auto_price,4,0.8052065366248725,9
HPO,195_auto_price,5,0.8997749771682113,24
HPO,195_auto_price,6,0.7739187770514595,38
HPO,195_auto_price,7,0.86875341345238,21
HPO,195_auto_price,8,0.8618049399136565,21
HPO,195_auto_price,9,0.849969464851988,35
HPO,197_cpu_act,0,0.9612718832998536,40
HPO,197_cpu_act,1,0.9701050154320667,40
HPO,197_cpu_act,2,0.9694945158370316,36
HPO,197_cpu_act,3,0.9728539743333938,34
HPO,197_cpu_act,4,0.9769706331207026,34
HPO,197_cpu_act,5,0.9680982386746313,37
HPO,197_cpu_act,6,0.9696421018125844,39
HPO,197_cpu_act,7,0.9756271551541722,36
HPO,197_cpu_act,8,0.9711399778075422,40
HPO,197_cpu_act,9,0.9709261844564077,36
HPO,201_pol,0,0.8639125917388024,30
HPO,201_pol,1,0.8265933014628972,39
HPO,201_pol,2,0.8514281907027376,40
HPO,201_pol,3,0.8292324379277541,40
HPO,201_pol,4,0.898535586845078,33
HPO,201_pol,5,0.7999375269589551,38
HPO,201_pol,6,0.8532471497774332,40
HPO,201_pol,7,0.8289791245637086,31
HPO,201_pol,8,0.8327565648208047,33
HPO,201_pol,9,0.7351792048552817,34
HPO,207_autoPrice,0,0.8583117451310005,7
HPO,207_autoPrice,1,0.86963044177133,32
HPO,207_autoPrice,2,0.8630329204783821,1
HPO,207_autoPrice,3,0.706152062925363,21
HPO,207_autoPrice,4,0.8052065366248725,9
HPO,207_autoPrice,5,0.8997749771682113,24
HPO,207_autoPrice,6,0.7739187770514595,38
HPO,207_autoPrice,7,0.86875341345238,21
HPO,207_autoPrice,8,0.8618049399136565,21
HPO,207_autoPrice,9,0.849969464851988,35
HPO,210_cloud,0,0.9450233292024668,28
HPO,210_cloud,1,0.9446875490447335,15
HPO,210_cloud,2,0.8328858944582924,19
HPO,210_cloud,3,0.9406861195472805,5
HPO,210_cloud,4,0.8894824210605221,5
HPO,210_cloud,5,0.7865975920072611,13
HPO,210_cloud,6,0.9121085930478563,5
HPO,210_cloud,7,0.9629961021521397,5
HPO,210_cloud,8,0.7367309207090715,9
HPO,210_cloud,9,0.879311170899301,5
HPO,215_2dplanes,0,0.9238060839541408,34
HPO,215_2dplanes,1,0.9239783657330741,35
HPO,215_2dplanes,2,0.923393531403344,38
HPO,215_2dplanes,3,0.911801649539037,37
HPO,215_2dplanes,4,0.9108350058738693,40
HPO,215_2dplanes,5,0.9150504336746391,40
HPO,215_2dplanes,6,0.944986834554685,39
HPO,215_2dplanes,7,0.9283793367195191,36
HPO,215_2dplanes,8,0.913009451027077,39
HPO,215_2dplanes,9,0.926565660554868,39
HPO,218_house_8L,0,0.5793457605931653,27
HPO,218_house_8L,1,0.5877721973176598,30
HPO,218_house_8L,2,0.5537985862518888,40
HPO,218_house_8L,3,0.6141810542554407,35
HPO,218_house_8L,4,0.5489245516693646,18
HPO,218_house_8L,5,0.5442553623681068,26
HPO,218_house_8L,6,0.5859206514712975,31
HPO,218_house_8L,7,0.5779967566657809,36
HPO,218_house_8L,8,0.5644966106616807,25
HPO,218_house_8L,9,0.541299792717054,26
HPO,225_puma8NH,0,0.6649409810892658,32
HPO,225_puma8NH,1,0.686501437380217,25
HPO,225_puma8NH,2,0.6735743074081425,20
HPO,225_puma8NH,3,0.6885546670748146,34
HPO,225_puma8NH,4,0.6807584482565501,35
HPO,225_puma8NH,5,0.6807801664996149,35
HPO,225_puma8NH,6,0.6745920683264274,30
HPO,225_puma8NH,7,0.6821386266846712,38
HPO,225_puma8NH,8,0.684543113982325,24
HPO,225_puma8NH,9,0.7051811806406982,25
HPO,227_cpu_small,0,0.9510863425139163,29
HPO,227_cpu_small,1,0.9628698580422146,39
HPO,227_cpu_small,2,0.9651825665003402,29
HPO,227_cpu_small,3,0.9638170027988192,38
HPO,227_cpu_small,4,0.9655948816138256,36
HPO,227_cpu_small,5,0.9615918233618627,29
HPO,227_cpu_small,6,0.9613805926997129,33
HPO,227_cpu_small,7,0.9627992051361227,38
HPO,227_cpu_small,8,0.9623269266860638,32
HPO,227_cpu_small,9,0.9608419091602423,38
HPO,228_elusage,0,0.6637081045857733,6
HPO,228_elusage,1,0.6259121881940111,8
HPO,228_elusage,2,0.8034218059512435,14
HPO,228_elusage,3,0.8099109285016493,24
HPO,228_elusage,4,0.9550262988663344,6
HPO,228_elusage,5,0.6800538575074302,15
HPO,228_elusage,6,0.894970409209893,38
HPO,228_elusage,7,0.7822992667136808,8
HPO,228_elusage,8,0.7265001576505008,3
HPO,228_elusage,9,0.888763519347925,10
HPO,229_pwLinear,0,0.8402147945523882,33
HPO,229_pwLinear,1,0.8827391731178493,34
HPO,229_pwLinear,2,0.9139370638038711,38
HPO,229_pwLinear,3,0.8513339301273832,33
HPO,229_pwLinear,4,0.8597973508070244,31
HPO,229_pwLinear,5,0.8880227961240793,35
HPO,229_pwLinear,6,0.8241486385179054,34
HPO,229_pwLinear,7,0.8320235949135851,33
HPO,229_pwLinear,8,0.8205227081860285,34
HPO,229_pwLinear,9,0.9186515153480714,34
HPO,230_machine_cpu,0,0.8861874882031533,24
HPO,230_machine_cpu,1,0.7807771037070245,14
HPO,230_machine_cpu,2,0.9284005393096845,12
HPO,230_machine_cpu,3,0.8644925982216818,22
HPO,230_machine_cpu,4,0.9359472893759417,40
HPO,230_machine_cpu,5,0.9211868468670681,8
HPO,230_machine_cpu,6,0.8895816290441718,9
HPO,230_machine_cpu,7,0.906406208554826,18
HPO,230_machine_cpu,8,0.8182312996156795,14
HPO,230_machine_cpu,9,0.9295549850167539,25
HPO,294_satellite_image,0,0.7847970550646202,18
HPO,294_satellite_image,1,0.8042728912435303,26
HPO,294_satellite_image,2,0.7819614212388295,36
HPO,294_satellite_image,3,0.7764324519273821,37
HPO,294_satellite_image,4,0.7758368236474265,35
HPO,294_satellite_image,5,0.7745917861035352,39
HPO,294_satellite_image,6,0.7775941577348038,25
HPO,294_satellite_image,7,0.7851758658425616,40
HPO,294_satellite_image,8,0.791708372975372,40
HPO,294_satellite_image,9,0.7888392273463394,37
HPO,344_mv,0,0.9982913727207383,38
HPO,344_mv,1,0.9986410355033566,39
HPO,344_mv,2,0.9964760753840189,35
HPO,344_mv,3,0.9931864402386749,38
HPO,344_mv,4,0.9945986212343096,38
HPO,344_mv,5,0.996246888467276,38
HPO,344_mv,6,0.995946271788306,37
HPO,344_mv,7,0.9930562258818335,36
HPO,344_mv,8,0.9943264966539934,32
HPO,344_mv,9,0.9962073669499276,40
HPO,4544_GeographicalOriginalofMusic,0,0.7145874892217805,17
HPO,4544_GeographicalOriginalofMusic,1,0.7655827924130029,18
HPO,4544_GeographicalOriginalofMusic,2,0.793349680536461,19
HPO,4544_GeographicalOriginalofMusic,3,0.7535248960394039,18
HPO,4544_GeographicalOriginalofMusic,4,0.7596791751122481,24
HPO,4544_GeographicalOriginalofMusic,5,0.7092047341940965,31
HPO,4544_GeographicalOriginalofMusic,6,0.7786919084718134,39
HPO,4544_GeographicalOriginalofMusic,7,0.7845807937988009,15
HPO,4544_GeographicalOriginalofMusic,8,0.7681091242213683,26
HPO,4544_GeographicalOriginalofMusic,9,0.7481483806382133,17
HPO,485_analcatdata_vehicle,0,0.7645179368107496,38
HPO,485_analcatdata_vehicle,1,0.2845437751865586,8
HPO,485_analcatdata_vehicle,2,0.7368904827516594,24
HPO,485_analcatdata_vehicle,3,0.8763037659076176,30
HPO,485_analcatdata_vehicle,4,0.8089045826224515,26
HPO,485_analcatdata_vehicle,5,0.7043474059257775,19
HPO,485_analcatdata_vehicle,6,0.5993144913291,19
HPO,485_analcatdata_vehicle,7,0.6727558141148717,16
HPO,485_analcatdata_vehicle,8,0.5945878561433151,8
HPO,485_analcatdata_vehicle,9,0.6992833795326567,8
HPO,503_wind,0,0.7822070902018182,40
HPO,503_wind,1,0.7737029822525118,28
HPO,503_wind,2,0.7616142197310032,31
HPO,503_wind,3,0.7714607724932789,32
HPO,503_wind,4,0.7683890779652882,26
HPO,503_wind,5,0.7641593800448614,38
HPO,503_wind,6,0.7589191043651552,27
HPO,503_wind,7,0.7586946558257596,40
HPO,503_wind,8,0.7793669957476901,40
HPO,503_wind,9,0.75262616440035,37
HPO,505_tecator,0,0.9926742107128907,28
HPO,505_tecator,1,0.9952428727988333,28
HPO,505_tecator,2,0.9960843507701128,38
HPO,505_tecator,3,0.9967805031284644,19
HPO,505_tecator,4,0.9924542607485417,33
HPO,505_tecator,5,0.9919698530174299,24
HPO,505_tecator,6,0.9954738798486236,20
HPO,505_tecator,7,0.9887985434465676,26
HPO,505_tecator,8,0.9965440603353117,26
HPO,505_tecator,9,0.9971637420406032,32
HPO,519_vinnie,0,0.7485281297925319,3
HPO,519_vinnie,1,0.7901335394532564,18
HPO,519_vinnie,2,0.7379026792925406,6
HPO,519_vinnie,3,0.7251540757769177,3
HPO,519_vinnie,4,0.6685741526986937,3
HPO,519_vinnie,5,0.8002550502988826,10
HPO,519_vinnie,6,0.8123911071345775,3
HPO,519_vinnie,7,0.685994892203049,12
HPO,519_vinnie,8,0.7612359285648664,3
HPO,519_vinnie,9,0.8111047967006265,32
HPO,522_pm10,0,0.13270526710083597,32
HPO,522_pm10,1,0.2887003899632856,25
HPO,522_pm10,2,0.25265579119821,31
HPO,522_pm10,3,0.18867141700333245,17
HPO,522_pm10,4,0.31088570349083,34
HPO,522_pm10,5,0.19154945791597244,32
HPO,522_pm10,6,0.31009924570577974,33
HPO,522_pm10,7,0.2820045346066977,40
HPO,522_pm10,8,0.23509268360118496,40
HPO,522_pm10,9,0.2694261522710768,15
HPO,523_analcatdata_neavote,0,0.9381901538043694,11
HPO,523_analcatdata_neavote,1,0.9231178592179495,4
HPO,523_analcatdata_neavote,2,0.9229280317592458,7
HPO,523_analcatdata_neavote,3,0.8577954228643432,4
HPO,523_analcatdata_neavote,4,0.9202563770705028,5
HPO,523_analcatdata_neavote,5,0.9597062578367481,3
HPO,523_analcatdata_neavote,6,0.8929177453491326,3
HPO,523_analcatdata_neavote,7,0.9039449649769897,3
HPO,523_analcatdata_neavote,8,0.9604098511016663,7
HPO,523_analcatdata_neavote,9,0.9090615434036838,10
HPO,527_analcatdata_election2000,0,0.9985082911088526,32
HPO,527_analcatdata_election2000,1,0.9998863364739279,15
HPO,527_analcatdata_election2000,2,0.9999216602672707,26
HPO,527_analcatdata_election2000,3,0.9999843145881363,24
HPO,527_analcatdata_election2000,4,0.9870723981300634,7
HPO,527_analcatdata_election2000,5,0.9999616999424118,23
HPO,527_analcatdata_election2000,6,0.9965001094588349,7
HPO,527_analcatdata_election2000,7,0.9997115564536017,10
HPO,527_analcatdata_election2000,8,0.9995080550148401,12
HPO,527_analcatdata_election2000,9,0.9777216040965717,3
HPO,529_pollen,0,0.7919350002038898,19
HPO,529_pollen,1,0.7885557260757776,24
HPO,529_pollen,2,0.8033301891333096,21
HPO,529_pollen,3,0.7795265455474681,27
HPO,529_pollen,4,0.7910059376487897,21
HPO,529_pollen,5,0.8022074485910298,35
HPO,529_pollen,6,0.8091456356835814,19
HPO,529_pollen,7,0.777237106348009,21
HPO,529_pollen,8,0.798771644241646,30
HPO,529_pollen,9,0.7877781188315938,17
HPO,537_houses,0,0.6448266433095163,20
HPO,537_houses,1,0.6750821014894596,40
HPO,537_houses,2,0.696019660242622,40
HPO,537_houses,3,0.6745422312490275,34
HPO,537_houses,4,0.6656876258325846,31
HPO,537_houses,5,0.6785068315953932,35
HPO,537_houses,6,0.6911890249342711,38
HPO,537_houses,7,0.6518430202233297,40
HPO,537_houses,8,0.641544214520146,35
HPO,537_houses,9,0.6859233375876659,35
HPO,542_pollution,0,0.7610206889199713,21
HPO,542_pollution,1,0.7580433694187882,11
HPO,542_pollution,2,0.5416828885717893,7
HPO,542_pollution,3,0.7223206024118731,14
HPO,542_pollution,4,0.6251812877917536,7
HPO,542_pollution,5,0.6551393241374863,1
HPO,542_pollution,6,0.5805592506858506,33
HPO,542_pollution,7,0.4513543277636082,2
HPO,542_pollution,8,0.44709785692141746,21
HPO,542_pollution,9,0.26790573632692616,4
HPO,547_no2,0,0.5412133101519648,38
HPO,547_no2,1,0.47606601564634377,11
HPO,547_no2,2,0.6733953523737541,38
HPO,547_no2,3,0.4799452561589196,38
HPO,547_no2,4,0.5825431266805294,19
HPO,547_no2,5,0.4667587924787928,25
HPO,547_no2,6,0.6084162638005934,33
HPO,547_no2,7,0.5464903160800307,8
HPO,547_no2,8,0.5590737838098532,22
HPO,547_no2,9,0.6407423406980186,28
HPO,556_analcatdata_apnea2,0,0.9056879040215576,14
HPO,556_analcatdata_apnea2,1,0.9157986466100017,24
HPO,556_analcatdata_apnea2,2,0.8540894998742303,19
HPO,556_analcatdata_apnea2,3,0.8667297338025814,21
HPO,556_analcatdata_apnea2,4,0.8909186641790674,30
HPO,556_analcatdata_apnea2,5,0.937836136063469,16
HPO,556_analcatdata_apnea2,6,0.8794476488080412,30
HPO,556_analcatdata_apnea2,7,0.9101167160242939,17
HPO,556_analcatdata_apnea2,8,0.9132892955424576,32
HPO,556_analcatdata_apnea2,9,0.9460031350898794,29
HPO,557_analcatdata_apnea1,0,0.9017975393530878,29
HPO,557_analcatdata_apnea1,1,0.9130201552758345,21
HPO,557_analcatdata_apnea1,2,0.9227071781667167,29
HPO,557_analcatdata_apnea1,3,0.9235068865047049,36
HPO,557_analcatdata_apnea1,4,0.904623768934505,19
HPO,557_analcatdata_apnea1,5,0.6255849391728718,28
HPO,557_analcatdata_apnea1,6,0.9024436271784261,20
HPO,557_analcatdata_apnea1,7,0.826301255900788,39
HPO,557_analcatdata_apnea1,8,0.8832091065448382,21
HPO,557_analcatdata_apnea1,9,0.8839950927245535,16
HPO,560_bodyfat,0,0.9996682498265153,18
HPO,560_bodyfat,1,0.9980754308495239,9
HPO,560_bodyfat,2,0.9849583655234447,34
HPO,560_bodyfat,3,0.9837755319344977,28
HPO,560_bodyfat,4,0.9993670759913713,32
HPO,560_bodyfat,5,0.9829510067608047,19
HPO,560_bodyfat,6,0.9343415047755338,23
HPO,560_bodyfat,7,0.9944151142307859,10
HPO,560_bodyfat,8,0.9995978641873648,22
HPO,560_bodyfat,9,0.9997949387621766,31
HPO,561_cpu,0,0.9806994029279127,16
HPO,561_cpu,1,0.9778915001619578,23
HPO,561_cpu,2,0.98808194986826,13
HPO,561_cpu,3,0.9883225337913354,33
HPO,561_cpu,4,0.9969794832817251,27
HPO,561_cpu,5,0.9391461230045236,12
HPO,561_cpu,6,0.9933803116174987,40
HPO,561_cpu,7,0.9823046774407042,34
HPO,561_cpu,8,0.9359991956965621,15
HPO,561_cpu,9,0.9930874197580589,35
HPO,562_cpu_small,0,0.9560688068249539,35
HPO,562_cpu_small,1,0.9637266527747846,39
HPO,562_cpu_small,2,0.9648995970169167,40
HPO,562_cpu_small,3,0.963239144127675,36
HPO,562_cpu_small,4,0.9659588952539369,37
HPO,562_cpu_small,5,0.9574956843514643,31
HPO,562_cpu_small,6,0.964581821820081,38
HPO,562_cpu_small,7,0.9650794968700861,29
HPO,562_cpu_small,8,0.9621079975118584,39
HPO,562_cpu_small,9,0.9556823410097633,40
HPO,564_fried,0,0.9477699185895123,36
HPO,564_fried,1,0.9572277610781726,39
HPO,564_fried,2,0.9431822646163055,40
HPO,564_fried,3,0.9532167853443889,39
HPO,564_fried,4,0.9514201417654576,38
HPO,564_fried,5,0.9442925923546736,37
HPO,564_fried,6,0.9527997307131073,37
HPO,564_fried,7,0.9356906736245801,35
HPO,564_fried,8,0.9469597104654176,38
HPO,564_fried,9,0.9468178224116499,37
HPO,573_cpu_act,0,0.9612718832998536,40
HPO,573_cpu_act,1,0.9701050154320667,40
HPO,573_cpu_act,2,0.9694945158370316,36
HPO,573_cpu_act,3,0.9728539743333938,34
HPO,573_cpu_act,4,0.9769706331207026,34
HPO,573_cpu_act,5,0.9680982386746313,37
HPO,573_cpu_act,6,0.9696421018125844,39
HPO,573_cpu_act,7,0.9756271551541722,36
HPO,573_cpu_act,8,0.9711399778075422,40
HPO,573_cpu_act,9,0.9709261844564077,36
HPO,574_house_16H,0,0.3252678122620205,32
HPO,574_house_16H,1,0.35417134686389495,38
HPO,574_house_16H,2,0.3730360766255514,38
HPO,574_house_16H,3,0.3529993316955198,38
HPO,574_house_16H,4,0.4003437309202835,37
HPO,574_house_16H,5,0.3426664468835039,37
HPO,574_house_16H,6,0.359252490552475,37
HPO,574_house_16H,7,0.3074061418570344,38
HPO,574_house_16H,8,0.35039053047185853,33
HPO,574_house_16H,9,0.27096783256543755,27
HPO,579_fri_c0_250_5,0,0.9305338224900636,32
HPO,579_fri_c0_250_5,1,0.9703211561972924,38
HPO,579_fri_c0_250_5,2,0.9592288163947589,35
HPO,579_fri_c0_250_5,3,0.9416414611211639,36
HPO,579_fri_c0_250_5,4,0.9272874681478398,29
HPO,579_fri_c0_250_5,5,0.929503454980429,33
HPO,579_fri_c0_250_5,6,0.9473377376690029,29
HPO,579_fri_c0_250_5,7,0.9585418896730974,39
HPO,579_fri_c0_250_5,8,0.9433249593117897,34
HPO,579_fri_c0_250_5,9,0.9284066730973005,34
HPO,581_fri_c3_500_25,0,0.9266358281165603,28
HPO,581_fri_c3_500_25,1,0.901451725117299,39
HPO,581_fri_c3_500_25,2,0.9343604364065262,37
HPO,581_fri_c3_500_25,3,0.8730571004472856,26
HPO,581_fri_c3_500_25,4,0.9256150295384201,32
HPO,581_fri_c3_500_25,5,0.8908455223276416,34
HPO,581_fri_c3_500_25,6,0.9100658973964051,35
HPO,581_fri_c3_500_25,7,0.8981135383755082,29
HPO,581_fri_c3_500_25,8,0.9377887300040414,32
HPO,581_fri_c3_500_25,9,0.911051563274968,38
HPO,582_fri_c1_500_25,0,0.9514146046113224,30
HPO,582_fri_c1_500_25,1,0.9155290648092047,31
HPO,582_fri_c1_500_25,2,0.8994070194194596,33
HPO,582_fri_c1_500_25,3,0.8987227919798635,35
HPO,582_fri_c1_500_25,4,0.9429154209989533,40
HPO,582_fri_c1_500_25,5,0.9254283987205947,36
HPO,582_fri_c1_500_25,6,0.9346416381150857,36
HPO,582_fri_c1_500_25,7,0.9702515951652856,37
HPO,582_fri_c1_500_25,8,0.9142174498198476,40
HPO,582_fri_c1_500_25,9,0.9203477692924917,34
HPO,583_fri_c1_1000_50,0,0.9555777562835982,37
HPO,583_fri_c1_1000_50,1,0.9236744307049364,35
HPO,583_fri_c1_1000_50,2,0.9324388210390664,40
HPO,583_fri_c1_1000_50,3,0.9441818861909206,37
HPO,583_fri_c1_1000_50,4,0.9017890228591952,34
HPO,583_fri_c1_1000_50,5,0.8305386571039672,34
HPO,583_fri_c1_1000_50,6,0.8870754251101577,39
HPO,583_fri_c1_1000_50,7,0.8559427723014413,28
HPO,583_fri_c1_1000_50,8,0.942950741040015,38
HPO,583_fri_c1_1000_50,9,0.8903289989608335,34
HPO,584_fri_c4_500_25,0,0.8625192113137208,27
HPO,584_fri_c4_500_25,1,0.9250064245640072,36
HPO,584_fri_c4_500_25,2,0.8715678894354333,27
HPO,584_fri_c4_500_25,3,0.8887583531119672,25
HPO,584_fri_c4_500_25,4,0.9090230944748232,37
HPO,584_fri_c4_500_25,5,0.9403435508018219,33
HPO,584_fri_c4_500_25,6,0.8031714574259884,26
HPO,584_fri_c4_500_25,7,0.9460985097626697,30
HPO,584_fri_c4_500_25,8,0.9051716854786408,22
HPO,584_fri_c4_500_25,9,0.9073223674477368,30
HPO,586_fri_c3_1000_25,0,0.9394707263723072,38
HPO,586_fri_c3_1000_25,1,0.961662847445583,40
HPO,586_fri_c3_1000_25,2,0.9398161451376156,38
HPO,586_fri_c3_1000_25,3,0.9490162986198317,34
HPO,586_fri_c3_1000_25,4,0.9575913118819663,34
HPO,586_fri_c3_1000_25,5,0.943684830832618,35
HPO,586_fri_c3_1000_25,6,0.9406462490574166,33
HPO,586_fri_c3_1000_25,7,0.9425291931564621,28
HPO,586_fri_c3_1000_25,8,0.8862212317516728,31
HPO,586_fri_c3_1000_25,9,0.8870086759265855,27
HPO,588_fri_c4_1000_100,0,0.9424420627508701,32
HPO,588_fri_c4_1000_100,1,0.9332022328465971,32
HPO,588_fri_c4_1000_100,2,0.7703862916310952,31
HPO,588_fri_c4_1000_100,3,0.9169813602958394,33
HPO,588_fri_c4_1000_100,4,0.935564082253701,35
HPO,588_fri_c4_1000_100,5,0.9318608265708851,40
HPO,588_fri_c4_1000_100,6,0.7644079362757249,27
HPO,588_fri_c4_1000_100,7,0.9410075853844999,34
HPO,588_fri_c4_1000_100,8,0.8257416564619232,31
HPO,588_fri_c4_1000_100,9,0.9281604512038422,35
HPO,589_fri_c2_1000_25,0,0.9163275888083896,35
HPO,589_fri_c2_1000_25,1,0.9129733639830221,40
HPO,589_fri_c2_1000_25,2,0.9202546792731113,34
HPO,589_fri_c2_1000_25,3,0.8879723754047314,36
HPO,589_fri_c2_1000_25,4,0.8942090267592251,40
HPO,589_fri_c2_1000_25,5,0.9126222601088819,39
HPO,589_fri_c2_1000_25,6,0.9314758945136001,34
HPO,589_fri_c2_1000_25,7,0.9547883514034068,37
HPO,589_fri_c2_1000_25,8,0.9218343824429772,40
HPO,589_fri_c2_1000_25,9,0.9082901628907355,36
HPO,590_fri_c0_1000_50,0,0.9558779661047068,33
HPO,590_fri_c0_1000_50,1,0.928543684843155,37
HPO,590_fri_c0_1000_50,2,0.9436345384409537,40
HPO,590_fri_c0_1000_50,3,0.9560269341895232,39
HPO,590_fri_c0_1000_50,4,0.8626641720389276,25
HPO,590_fri_c0_1000_50,5,0.9298413961588372,37
HPO,590_fri_c0_1000_50,6,0.9547784812048113,32
HPO,590_fri_c0_1000_50,7,0.9471470537261792,36
HPO,590_fri_c0_1000_50,8,0.9625932527148583,34
HPO,590_fri_c0_1000_50,9,0.9529609858823951,40
HPO,591_fri_c1_100_10,0,0.9202340794037136,34
HPO,591_fri_c1_100_10,1,0.9638628005634131,34
HPO,591_fri_c1_100_10,2,0.8769531558914117,33
HPO,591_fri_c1_100_10,3,0.789325338106781,33
HPO,591_fri_c1_100_10,4,0.9008420038485505,40
HPO,591_fri_c1_100_10,5,0.9768762560731176,39
HPO,591_fri_c1_100_10,6,0.8989100654047352,38
HPO,591_fri_c1_100_10,7,0.9121597337851729,30
HPO,591_fri_c1_100_10,8,0.9512108227472738,26
HPO,591_fri_c1_100_10,9,0.9523487615974178,33
HPO,592_fri_c4_1000_25,0,0.9276344094442308,33
HPO,592_fri_c4_1000_25,1,0.9027322131066402,39
HPO,592_fri_c4_1000_25,2,0.9106848570502383,29
HPO,592_fri_c4_1000_25,3,0.8561201489462309,35
HPO,592_fri_c4_1000_25,4,0.9252405168691743,39
HPO,592_fri_c4_1000_25,5,0.8891349969965043,36
HPO,592_fri_c4_1000_25,6,0.9170778178222636,37
HPO,592_fri_c4_1000_25,7,0.9145169787116962,34
HPO,592_fri_c4_1000_25,8,0.9510835609393453,38
HPO,592_fri_c4_1000_25,9,0.8764895878617037,37
HPO,593_fri_c1_1000_10,0,0.9424311327287372,34
HPO,593_fri_c1_1000_10,1,0.9648109153877978,35
HPO,593_fri_c1_1000_10,2,0.9468533751650997,29
HPO,593_fri_c1_1000_10,3,0.9479803421931692,40
HPO,593_fri_c1_1000_10,4,0.9382454981096526,38
HPO,593_fri_c1_1000_10,5,0.93001881860092,38
HPO,593_fri_c1_1000_10,6,0.9404796229346465,29
HPO,593_fri_c1_1000_10,7,0.9467174192899235,31
HPO,593_fri_c1_1000_10,8,0.9494786639079519,35
HPO,593_fri_c1_1000_10,9,0.9172681026248569,38
HPO,594_fri_c2_100_5,0,0.9079448175625185,30
HPO,594_fri_c2_100_5,1,0.9318447740314457,39
HPO,594_fri_c2_100_5,2,0.9303273222540644,35
HPO,594_fri_c2_100_5,3,0.7980858162342049,39
HPO,594_fri_c2_100_5,4,0.8063872979152558,21
HPO,594_fri_c2_100_5,5,0.9350603473738208,38
HPO,594_fri_c2_100_5,6,0.8955438983353753,32
HPO,594_fri_c2_100_5,7,0.9000921880101579,28
HPO,594_fri_c2_100_5,8,0.9149618664066648,29
HPO,594_fri_c2_100_5,9,0.8879717673426898,20
HPO,595_fri_c0_1000_10,0,0.935383332981034,34
HPO,595_fri_c0_1000_10,1,0.9165605484265119,31
HPO,595_fri_c0_1000_10,2,0.9550847750960645,35
HPO,595_fri_c0_1000_10,3,0.9498265096811556,37
HPO,595_fri_c0_1000_10,4,0.931664920655909,36
HPO,595_fri_c0_1000_10,5,0.9315940738227595,35
HPO,595_fri_c0_1000_10,6,0.8943325784322758,28
HPO,595_fri_c0_1000_10,7,0.9525763074981082,31
HPO,595_fri_c0_1000_10,8,0.9478163008676864,38
HPO,595_fri_c0_1000_10,9,0.9409288349310426,36
HPO,596_fri_c2_250_5,0,0.9207178478258938,32
HPO,596_fri_c2_250_5,1,0.9461101541930738,40
HPO,596_fri_c2_250_5,2,0.9521141271135068,37
HPO,596_fri_c2_250_5,3,0.9241509446769507,39
HPO,596_fri_c2_250_5,4,0.9367322697279427,33
HPO,596_fri_c2_250_5,5,0.9443911707361677,37
HPO,596_fri_c2_250_5,6,0.9283830266557693,28
HPO,596_fri_c2_250_5,7,0.8844145859028345,35
HPO,596_fri_c2_250_5,8,0.9524441689425529,33
HPO,596_fri_c2_250_5,9,0.9367663872364371,36
HPO,597_fri_c2_500_5,0,0.9375130178560699,40
HPO,597_fri_c2_500_5,1,0.9432209432749483,37
HPO,597_fri_c2_500_5,2,0.9412318345995719,37
HPO,597_fri_c2_500_5,3,0.9413511283859269,40
HPO,597_fri_c2_500_5,4,0.9587867246430974,36
HPO,597_fri_c2_500_5,5,0.9294596278002802,40
HPO,597_fri_c2_500_5,6,0.9430316140506858,36
HPO,597_fri_c2_500_5,7,0.9597195871686008,37
HPO,597_fri_c2_500_5,8,0.943323247737604,40
HPO,597_fri_c2_500_5,9,0.9337897107250897,38
HPO,598_fri_c0_1000_25,0,0.9604791472651726,39
HPO,598_fri_c0_1000_25,1,0.9545806845502767,38
HPO,598_fri_c0_1000_25,2,0.9489880231125455,35
HPO,598_fri_c0_1000_25,3,0.9576775052498987,37
HPO,598_fri_c0_1000_25,4,0.9581288055886327,31
HPO,598_fri_c0_1000_25,5,0.9439486477537894,27
HPO,598_fri_c0_1000_25,6,0.9544101434801678,40
HPO,598_fri_c0_1000_25,7,0.9568934780329935,35
HPO,598_fri_c0_1000_25,8,0.9493619449921176,36
HPO,598_fri_c0_1000_25,9,0.9634564374460843,35
HPO,599_fri_c2_1000_5,0,0.9153864899016797,37
HPO,599_fri_c2_1000_5,1,0.9383504690461404,39
HPO,599_fri_c2_1000_5,2,0.9382560142253729,37
HPO,599_fri_c2_1000_5,3,0.934705999256944,40
HPO,599_fri_c2_1000_5,4,0.9623922156835992,40
HPO,599_fri_c2_1000_5,5,0.942924682651769,31
HPO,599_fri_c2_1000_5,6,0.9440026119070924,34
HPO,599_fri_c2_1000_5,7,0.9607235909606445,38
HPO,599_fri_c2_1000_5,8,0.9324201137703155,38
HPO,599_fri_c2_1000_5,9,0.9081867182461708,40
HPO,601_fri_c1_250_5,0,0.9722947326822418,39
HPO,601_fri_c1_250_5,1,0.9490037577141992,34
HPO,601_fri_c1_250_5,2,0.9691240890934241,38
HPO,601_fri_c1_250_5,3,0.9657361489326832,38
HPO,601_fri_c1_250_5,4,0.9035018594551104,35
HPO,601_fri_c1_250_5,5,0.976149459158161,34
HPO,601_fri_c1_250_5,6,0.9446749860228814,36
HPO,601_fri_c1_250_5,7,0.9676436317728092,40
HPO,601_fri_c1_250_5,8,0.96999141787363,40
HPO,601_fri_c1_250_5,9,0.9469354593346214,38
HPO,602_fri_c3_250_10,0,0.9431013316513214,27
HPO,602_fri_c3_250_10,1,0.9449262928702793,37
HPO,602_fri_c3_250_10,2,0.9644326358497043,40
HPO,602_fri_c3_250_10,3,0.9313272291167799,31
HPO,602_fri_c3_250_10,4,0.9338514929134685,31
HPO,602_fri_c3_250_10,5,0.9375982463620596,37
HPO,602_fri_c3_250_10,6,0.9413382434801987,32
HPO,602_fri_c3_250_10,7,0.9627115478459247,38
HPO,602_fri_c3_250_10,8,0.9167116064125203,28
HPO,602_fri_c3_250_10,9,0.9658983523545841,32
HPO,603_fri_c0_250_50,0,0.9493104722846465,39
HPO,603_fri_c0_250_50,1,0.9195411619548002,37
HPO,603_fri_c0_250_50,2,0.9457629135688139,31
HPO,603_fri_c0_250_50,3,0.914111561408334,39
HPO,603_fri_c0_250_50,4,0.9187932527086679,32
HPO,603_fri_c0_250_50,5,0.916710200678249,37
HPO,603_fri_c0_250_50,6,0.9372145864298476,38
HPO,603_fri_c0_250_50,7,0.9043496192813459,26
HPO,603_fri_c0_250_50,8,0.9330980201712823,29
HPO,603_fri_c0_250_50,9,0.9482789328706499,31
HPO,604_fri_c4_500_10,0,0.8902617613721588,29
HPO,604_fri_c4_500_10,1,0.9134088634955968,36
HPO,604_fri_c4_500_10,2,0.9256896471250717,28
HPO,604_fri_c4_500_10,3,0.9360015108868012,39
HPO,604_fri_c4_500_10,4,0.9502920692339634,34
HPO,604_fri_c4_500_10,5,0.9113168822133397,30
HPO,604_fri_c4_500_10,6,0.9545202616532862,37
HPO,604_fri_c4_500_10,7,0.949631170931565,37
HPO,604_fri_c4_500_10,8,0.9301145402514118,34
HPO,604_fri_c4_500_10,9,0.9323555249596358,35
HPO,605_fri_c2_250_25,0,0.8773305487430837,35
HPO,605_fri_c2_250_25,1,0.9432706985591671,32
HPO,605_fri_c2_250_25,2,0.9520537394408661,35
HPO,605_fri_c2_250_25,3,0.8931204181563025,28
HPO,605_fri_c2_250_25,4,0.92105282066082,28
HPO,605_fri_c2_250_25,5,0.900609970331149,38
HPO,605_fri_c2_250_25,6,0.8607903151280106,35
HPO,605_fri_c2_250_25,7,0.8734845620415969,36
HPO,605_fri_c2_250_25,8,0.9110630544821346,32
HPO,605_fri_c2_250_25,9,0.8354696812398579,27
HPO,606_fri_c2_1000_10,0,0.863084724831231,35
HPO,606_fri_c2_1000_10,1,0.9234177084590774,30
HPO,606_fri_c2_1000_10,2,0.9353522429260298,39
HPO,606_fri_c2_1000_10,3,0.9498341453460365,38
HPO,606_fri_c2_1000_10,4,0.9210320438250542,40
HPO,606_fri_c2_1000_10,5,0.894853171474198,39
HPO,606_fri_c2_1000_10,6,0.9279915343981394,40
HPO,606_fri_c2_1000_10,7,0.9357843933675741,35
HPO,606_fri_c2_1000_10,8,0.9571588336895834,37
HPO,606_fri_c2_1000_10,9,0.9295113282326287,36
HPO,607_fri_c4_1000_50,0,0.9169109810276712,39
HPO,607_fri_c4_1000_50,1,0.9239062618849609,37
HPO,607_fri_c4_1000_50,2,0.9121660650718503,37
HPO,607_fri_c4_1000_50,3,0.9414610690378544,39
HPO,607_fri_c4_1000_50,4,0.8820572188314754,35
HPO,607_fri_c4_1000_50,5,0.9328508650563956,26
HPO,607_fri_c4_1000_50,6,0.9273463491669101,37
HPO,607_fri_c4_1000_50,7,0.9133174781423554,35
HPO,607_fri_c4_1000_50,8,0.9528194058160717,38
HPO,607_fri_c4_1000_50,9,0.8524858515225266,40
HPO,608_fri_c3_1000_10,0,0.9466254176340533,39
HPO,608_fri_c3_1000_10,1,0.9647291449401942,32
HPO,608_fri_c3_1000_10,2,0.9343558982175987,34
HPO,608_fri_c3_1000_10,3,0.9417611648415478,39
HPO,608_fri_c3_1000_10,4,0.9296974464994923,38
HPO,608_fri_c3_1000_10,5,0.8728054256883118,40
HPO,608_fri_c3_1000_10,6,0.929812852970952,36
HPO,608_fri_c3_1000_10,7,0.9603661845312281,38
HPO,608_fri_c3_1000_10,8,0.9082736915485725,35
HPO,608_fri_c3_1000_10,9,0.9460869959327755,35
HPO,609_fri_c0_1000_5,0,0.9479033814420208,39
HPO,609_fri_c0_1000_5,1,0.9437185088077698,30
HPO,609_fri_c0_1000_5,2,0.9325415017940664,38
HPO,609_fri_c0_1000_5,3,0.9439975010165514,39
HPO,609_fri_c0_1000_5,4,0.945303559839654,37
HPO,609_fri_c0_1000_5,5,0.9491391287952429,31
HPO,609_fri_c0_1000_5,6,0.9477350538364903,39
HPO,609_fri_c0_1000_5,7,0.9590402325681939,33
HPO,609_fri_c0_1000_5,8,0.9510717403166691,36
HPO,609_fri_c0_1000_5,9,0.9502816972858091,39
HPO,611_fri_c3_100_5,0,0.9135053702768233,23
HPO,611_fri_c3_100_5,1,0.9001958823476863,25
HPO,611_fri_c3_100_5,2,0.946309633300439,36
HPO,611_fri_c3_100_5,3,0.9377880065410035,23
HPO,611_fri_c3_100_5,4,0.948870834814651,35
HPO,611_fri_c3_100_5,5,0.9809221467812886,38
HPO,611_fri_c3_100_5,6,0.9612730399434912,30
HPO,611_fri_c3_100_5,7,0.9589975909750592,40
HPO,611_fri_c3_100_5,8,0.9572490789114666,37
HPO,611_fri_c3_100_5,9,0.947822313507304,34
HPO,612_fri_c1_1000_5,0,0.9553193134381063,38
HPO,612_fri_c1_1000_5,1,0.9423745516169242,38
HPO,612_fri_c1_1000_5,2,0.9435897886225068,40
HPO,612_fri_c1_1000_5,3,0.9212811457470089,30
HPO,612_fri_c1_1000_5,4,0.955563925064014,36
HPO,612_fri_c1_1000_5,5,0.9682340902194005,39
HPO,612_fri_c1_1000_5,6,0.9485550773625404,35
HPO,612_fri_c1_1000_5,7,0.945405310458658,29
HPO,612_fri_c1_1000_5,8,0.9569648368374445,36
HPO,612_fri_c1_1000_5,9,0.9532706492542457,36
HPO,613_fri_c3_250_5,0,0.9125621958174535,25
HPO,613_fri_c3_250_5,1,0.9592066411879774,38
HPO,613_fri_c3_250_5,2,0.9540114047783671,37
HPO,613_fri_c3_250_5,3,0.95399187528385,32
HPO,613_fri_c3_250_5,4,0.9587368507387639,29
HPO,613_fri_c3_250_5,5,0.9410508369301389,40
HPO,613_fri_c3_250_5,6,0.8655068764511467,25
HPO,613_fri_c3_250_5,7,0.8897922959479607,27
HPO,613_fri_c3_250_5,8,0.9378254670538697,34
HPO,613_fri_c3_250_5,9,0.9557080250594815,30
HPO,615_fri_c4_250_10,0,0.8380437825537188,32
HPO,615_fri_c4_250_10,1,0.8754792286338157,24
HPO,615_fri_c4_250_10,2,0.9357020150549505,35
HPO,615_fri_c4_250_10,3,0.9491928796269046,39
HPO,615_fri_c4_250_10,4,0.9094375644922732,35
HPO,615_fri_c4_250_10,5,0.8922836169324884,28
HPO,615_fri_c4_250_10,6,0.8284727606512124,36
HPO,615_fri_c4_250_10,7,0.9286678310251497,36
HPO,615_fri_c4_250_10,8,0.9470105608610616,35
HPO,615_fri_c4_250_10,9,0.9542342598673141,34
HPO,616_fri_c4_500_50,0,0.8845861713926613,38
HPO,616_fri_c4_500_50,1,0.9530995269951157,25
HPO,616_fri_c4_500_50,2,0.8113440567952716,26
HPO,616_fri_c4_500_50,3,0.8498215498065755,33
HPO,616_fri_c4_500_50,4,0.9255609657086575,35
HPO,616_fri_c4_500_50,5,0.9543547378515542,35
HPO,616_fri_c4_500_50,6,0.9218766351646299,36
HPO,616_fri_c4_500_50,7,0.9347200984986838,28
HPO,616_fri_c4_500_50,8,0.8803443827126292,28
HPO,616_fri_c4_500_50,9,0.8832375987396321,33
HPO,617_fri_c3_500_5,0,0.9606462902534986,40
HPO,617_fri_c3_500_5,1,0.9339659217917535,37
HPO,617_fri_c3_500_5,2,0.9113660849155263,33
HPO,617_fri_c3_500_5,3,0.9466044428987562,39
HPO,617_fri_c3_500_5,4,0.9537483403129869,32
HPO,617_fri_c3_500_5,5,0.9389014691866027,33
HPO,617_fri_c3_500_5,6,0.9113281339626278,32
HPO,617_fri_c3_500_5,7,0.8687210549521047,36
HPO,617_fri_c3_500_5,8,0.9236675094517153,39
HPO,617_fri_c3_500_5,9,0.9530879976606437,31
HPO,618_fri_c3_1000_50,0,0.9112290658941123,34
HPO,618_fri_c3_1000_50,1,0.9046122118179072,38
HPO,618_fri_c3_1000_50,2,0.9236618103756024,32
HPO,618_fri_c3_1000_50,3,0.9256264608575858,40
HPO,618_fri_c3_1000_50,4,0.9087370217262705,34
HPO,618_fri_c3_1000_50,5,0.8941523843261234,33
HPO,618_fri_c3_1000_50,6,0.8557749766623133,35
HPO,618_fri_c3_1000_50,7,0.9344697140647389,30
HPO,618_fri_c3_1000_50,8,0.8599818669126168,36
HPO,618_fri_c3_1000_50,9,0.9262214461827695,36
HPO,620_fri_c1_1000_25,0,0.9089350142268723,38
HPO,620_fri_c1_1000_25,1,0.9316189744336562,38
HPO,620_fri_c1_1000_25,2,0.8863456365056206,33
HPO,620_fri_c1_1000_25,3,0.9611254763596571,39
HPO,620_fri_c1_1000_25,4,0.938460125981248,38
HPO,620_fri_c1_1000_25,5,0.9514287617051438,39
HPO,620_fri_c1_1000_25,6,0.9189085144004864,35
HPO,620_fri_c1_1000_25,7,0.925940862626605,36
HPO,620_fri_c1_1000_25,8,0.9226197278267506,36
HPO,620_fri_c1_1000_25,9,0.9441307987107103,34
HPO,621_fri_c0_100_10,0,0.9359561542871494,27
HPO,621_fri_c0_100_10,1,0.9220579661622303,33
HPO,621_fri_c0_100_10,2,0.9258148613415806,25
HPO,621_fri_c0_100_10,3,0.9482090355879358,31
HPO,621_fri_c0_100_10,4,0.9668922387447717,24
HPO,621_fri_c0_100_10,5,0.9445536751755806,26
HPO,621_fri_c0_100_10,6,0.9590110956292744,34
HPO,621_fri_c0_100_10,7,0.9357984352454485,30
HPO,621_fri_c0_100_10,8,0.8922986037975525,30
HPO,621_fri_c0_100_10,9,0.8841614830702278,32
HPO,622_fri_c2_1000_50,0,0.9390739540383637,35
HPO,622_fri_c2_1000_50,1,0.9039039043634605,39
HPO,622_fri_c2_1000_50,2,0.9326625024216268,35
HPO,622_fri_c2_1000_50,3,0.8929976645693776,37
HPO,622_fri_c2_1000_50,4,0.8858340373556259,35
HPO,622_fri_c2_1000_50,5,0.9093060812771252,35
HPO,622_fri_c2_1000_50,6,0.8440007188920117,35
HPO,622_fri_c2_1000_50,7,0.8171342213588293,40
HPO,622_fri_c2_1000_50,8,0.8727620859230858,33
HPO,622_fri_c2_1000_50,9,0.8843922888826886,39
HPO,623_fri_c4_1000_10,0,0.942811809439736,40
HPO,623_fri_c4_1000_10,1,0.9045304133876773,30
HPO,623_fri_c4_1000_10,2,0.9520249835339784,37
HPO,623_fri_c4_1000_10,3,0.9253104207360584,38
HPO,623_fri_c4_1000_10,4,0.9263768875661977,40
HPO,623_fri_c4_1000_10,5,0.9421462780592675,29
HPO,623_fri_c4_1000_10,6,0.9452768434228787,32
HPO,623_fri_c4_1000_10,7,0.9206529892053149,38
HPO,623_fri_c4_1000_10,8,0.9425808866543973,36
HPO,623_fri_c4_1000_10,9,0.9224895978225782,37
HPO,624_fri_c0_100_5,0,0.9470125050231433,29
HPO,624_fri_c0_100_5,1,0.9332302198099873,37
HPO,624_fri_c0_100_5,2,0.9674331738307774,37
HPO,624_fri_c0_100_5,3,0.9058409149952561,37
HPO,624_fri_c0_100_5,4,0.9189532839859537,25
HPO,624_fri_c0_100_5,5,0.9166735729694425,36
HPO,624_fri_c0_100_5,6,0.7957132745391656,31
HPO,624_fri_c0_100_5,7,0.9363910764125152,35
HPO,624_fri_c0_100_5,8,0.949489782194113,35
HPO,624_fri_c0_100_5,9,0.8818528289864256,30
HPO,626_fri_c2_500_50,0,0.9200960987664364,31
HPO,626_fri_c2_500_50,1,0.9303117683068111,37
HPO,626_fri_c2_500_50,2,0.907536171395848,34
HPO,626_fri_c2_500_50,3,0.8631277281698856,33
HPO,626_fri_c2_500_50,4,0.8737176562976721,27
HPO,626_fri_c2_500_50,5,0.9341584828491984,33
HPO,626_fri_c2_500_50,6,0.9050844376451129,33
HPO,626_fri_c2_500_50,7,0.8709785143987937,31
HPO,626_fri_c2_500_50,8,0.876293015848204,35
HPO,626_fri_c2_500_50,9,0.9252910074060696,36
HPO,627_fri_c2_500_10,0,0.9704909656149977,39
HPO,627_fri_c2_500_10,1,0.9314194633078428,38
HPO,627_fri_c2_500_10,2,0.8950914500307008,38
HPO,627_fri_c2_500_10,3,0.8928169631902865,40
HPO,627_fri_c2_500_10,4,0.9620086976772744,38
HPO,627_fri_c2_500_10,5,0.9517002200728321,38
HPO,627_fri_c2_500_10,6,0.9441990465735353,38
HPO,627_fri_c2_500_10,7,0.9421240273050971,40
HPO,627_fri_c2_500_10,8,0.9275565554401006,38
HPO,627_fri_c2_500_10,9,0.9449180959458171,35
HPO,628_fri_c3_1000_5,0,0.8950125126787124,34
HPO,628_fri_c3_1000_5,1,0.911286237254187,31
HPO,628_fri_c3_1000_5,2,0.9558200155798777,39
HPO,628_fri_c3_1000_5,3,0.9614188644158931,36
HPO,628_fri_c3_1000_5,4,0.9308391999068427,33
HPO,628_fri_c3_1000_5,5,0.9266673044354753,40
HPO,628_fri_c3_1000_5,6,0.8995029815955673,40
HPO,628_fri_c3_1000_5,7,0.9552749804987314,35
HPO,628_fri_c3_1000_5,8,0.9338440610449618,38
HPO,628_fri_c3_1000_5,9,0.9424085061572228,38
HPO,631_fri_c1_500_5,0,0.906533509920658,36
HPO,631_fri_c1_500_5,1,0.9663091118831685,36
HPO,631_fri_c1_500_5,2,0.9264643073535429,34
HPO,631_fri_c1_500_5,3,0.9012689623820063,40
HPO,631_fri_c1_500_5,4,0.9432463006050649,31
HPO,631_fri_c1_500_5,5,0.9600477741081641,37
HPO,631_fri_c1_500_5,6,0.956700259960807,37
HPO,631_fri_c1_500_5,7,0.9344493049748016,37
HPO,631_fri_c1_500_5,8,0.9643102328065856,38
HPO,631_fri_c1_500_5,9,0.9657246502313103,38
HPO,633_fri_c0_500_25,0,0.9343165639822703,38
HPO,633_fri_c0_500_25,1,0.9162266102925896,31
HPO,633_fri_c0_500_25,2,0.8768842940791951,33
HPO,633_fri_c0_500_25,3,0.943769396961811,33
HPO,633_fri_c0_500_25,4,0.9351044512529888,37
HPO,633_fri_c0_500_25,5,0.8920654153872103,37
HPO,633_fri_c0_500_25,6,0.9479106557325849,38
HPO,633_fri_c0_500_25,7,0.9489297062877708,38
HPO,633_fri_c0_500_25,8,0.9339656990548696,34
HPO,633_fri_c0_500_25,9,0.9118190207861803,34
HPO,634_fri_c2_100_10,0,0.9178917581993211,29
HPO,634_fri_c2_100_10,1,0.6338011334504776,17
HPO,634_fri_c2_100_10,2,0.8744575678308028,31
HPO,634_fri_c2_100_10,3,0.8532884145620788,30
HPO,634_fri_c2_100_10,4,0.8082196143288561,22
HPO,634_fri_c2_100_10,5,0.8834452321097126,35
HPO,634_fri_c2_100_10,6,0.769408177183626,36
HPO,634_fri_c2_100_10,7,0.9391574792072008,40
HPO,634_fri_c2_100_10,8,0.9121611356782696,35
HPO,634_fri_c2_100_10,9,0.6829614167234874,8
HPO,635_fri_c0_250_10,0,0.9469671820375131,31
HPO,635_fri_c0_250_10,1,0.9524128141836642,37
HPO,635_fri_c0_250_10,2,0.9567886363989252,40
HPO,635_fri_c0_250_10,3,0.9447429457613287,38
HPO,635_fri_c0_250_10,4,0.9171459300238418,35
HPO,635_fri_c0_250_10,5,0.9325792596140178,35
HPO,635_fri_c0_250_10,6,0.9511346072708047,31
HPO,635_fri_c0_250_10,7,0.9406309992429785,37
HPO,635_fri_c0_250_10,8,0.9475971713099257,26
HPO,635_fri_c0_250_10,9,0.9526891915460851,34
HPO,637_fri_c1_500_50,0,0.9087177018512111,36
HPO,637_fri_c1_500_50,1,0.9002234217120634,34
HPO,637_fri_c1_500_50,2,0.8796689140968165,34
HPO,637_fri_c1_500_50,3,0.9390667550440374,36
HPO,637_fri_c1_500_50,4,0.9238716473488702,32
HPO,637_fri_c1_500_50,5,0.9512380065056402,38
HPO,637_fri_c1_500_50,6,0.8935037811186042,29
HPO,637_fri_c1_500_50,7,0.9369645373942741,37
HPO,637_fri_c1_500_50,8,0.9034942142616039,38
HPO,637_fri_c1_500_50,9,0.9491491920401672,35
HPO,641_fri_c1_500_10,0,0.9624876627005841,38
HPO,641_fri_c1_500_10,1,0.9446345580103086,38
HPO,641_fri_c1_500_10,2,0.9546132685204749,37
HPO,641_fri_c1_500_10,3,0.9129789593966396,35
HPO,641_fri_c1_500_10,4,0.9473024263465487,35
HPO,641_fri_c1_500_10,5,0.9380137105980685,39
HPO,641_fri_c1_500_10,6,0.9672816881434904,34
HPO,641_fri_c1_500_10,7,0.9455636405940921,37
HPO,641_fri_c1_500_10,8,0.9410339908080283,34
HPO,641_fri_c1_500_10,9,0.9090115495772426,31
HPO,643_fri_c2_500_25,0,0.9144836279629681,28
HPO,643_fri_c2_500_25,1,0.9181366546756662,35
HPO,643_fri_c2_500_25,2,0.9341349681636479,40
HPO,643_fri_c2_500_25,3,0.9213495557707987,38
HPO,643_fri_c2_500_25,4,0.8808467399871114,32
HPO,643_fri_c2_500_25,5,0.909988815644246,33
HPO,643_fri_c2_500_25,6,0.8541032794977309,38
HPO,643_fri_c2_500_25,7,0.8685223281319909,36
HPO,643_fri_c2_500_25,8,0.9440482813465152,32
HPO,643_fri_c2_500_25,9,0.9478110273281491,35
HPO,644_fri_c4_250_25,0,0.9482385068539196,37
HPO,644_fri_c4_250_25,1,0.9364919343988602,27
HPO,644_fri_c4_250_25,2,0.9280932244259953,33
HPO,644_fri_c4_250_25,3,0.9348441746314854,33
HPO,644_fri_c4_250_25,4,0.9055921092701756,34
HPO,644_fri_c4_250_25,5,0.968339617350775,36
HPO,644_fri_c4_250_25,6,0.9563603420956841,31
HPO,644_fri_c4_250_25,7,0.6829448237435061,22
HPO,644_fri_c4_250_25,8,0.9480151494864316,37
HPO,644_fri_c4_250_25,9,0.9505166078854657,37
HPO,645_fri_c3_500_50,0,0.878830417553676,37
HPO,645_fri_c3_500_50,1,0.9326217394541279,32
HPO,645_fri_c3_500_50,2,0.8996521289397967,34
HPO,645_fri_c3_500_50,3,0.876593778093742,35
HPO,645_fri_c3_500_50,4,0.9537818394539039,35
HPO,645_fri_c3_500_50,5,0.9320996728509723,39
HPO,645_fri_c3_500_50,6,0.875354987855006,30
HPO,645_fri_c3_500_50,7,0.9229659759572888,34
HPO,645_fri_c3_500_50,8,0.9246020125929943,38
HPO,645_fri_c3_500_50,9,0.9478067708043736,30
HPO,646_fri_c3_500_10,0,0.9523479285718164,35
HPO,646_fri_c3_500_10,1,0.8815022490148381,40
HPO,646_fri_c3_500_10,2,0.9501079820538637,40
HPO,646_fri_c3_500_10,3,0.9428180434582764,37
HPO,646_fri_c3_500_10,4,0.9381176418264788,31
HPO,646_fri_c3_500_10,5,0.9555571224529046,36
HPO,646_fri_c3_500_10,6,0.9395539213445938,37
HPO,646_fri_c3_500_10,7,0.9518052559397011,35
HPO,646_fri_c3_500_10,8,0.9144360292210545,26
HPO,646_fri_c3_500_10,9,0.9488712295534887,35
HPO,647_fri_c1_250_10,0,0.8668129311060544,36
HPO,647_fri_c1_250_10,1,0.9512751260000354,34
HPO,647_fri_c1_250_10,2,0.9164247951404579,25
HPO,647_fri_c1_250_10,3,0.9651777365261787,32
HPO,647_fri_c1_250_10,4,0.9455884464021763,28
HPO,647_fri_c1_250_10,5,0.9281692482681034,38
HPO,647_fri_c1_250_10,6,0.9320717963677483,40
HPO,647_fri_c1_250_10,7,0.9382887185332494,38
HPO,647_fri_c1_250_10,8,0.9225369808447883,27
HPO,647_fri_c1_250_10,9,0.9480134724748261,32
HPO,648_fri_c1_250_50,0,0.9224300400176522,33
HPO,648_fri_c1_250_50,1,0.9272522898711755,33
HPO,648_fri_c1_250_50,2,0.7897601262499153,18
HPO,648_fri_c1_250_50,3,0.9745440409140002,36
HPO,648_fri_c1_250_50,4,0.9614433596502113,37
HPO,648_fri_c1_250_50,5,0.9336004015000045,37
HPO,648_fri_c1_250_50,6,0.8975815345553011,25
HPO,648_fri_c1_250_50,7,0.900119980080472,34
HPO,648_fri_c1_250_50,8,0.8978768527942091,26
HPO,648_fri_c1_250_50,9,0.9104171802267588,33
HPO,649_fri_c0_500_5,0,0.9529336409099104,33
HPO,649_fri_c0_500_5,1,0.9445693310524652,36
HPO,649_fri_c0_500_5,2,0.9455652578100788,36
HPO,649_fri_c0_500_5,3,0.9418900699123212,36
HPO,649_fri_c0_500_5,4,0.9364782384529091,38
HPO,649_fri_c0_500_5,5,0.9533953618748976,36
HPO,649_fri_c0_500_5,6,0.9508454598479381,33
HPO,649_fri_c0_500_5,7,0.9373508856472653,36
HPO,649_fri_c0_500_5,8,0.9488213143859601,38
HPO,649_fri_c0_500_5,9,0.9325757718365809,40
HPO,650_fri_c0_500_50,0,0.9238113126577647,38
HPO,650_fri_c0_500_50,1,0.9310270373629591,31
HPO,650_fri_c0_500_50,2,0.8331268033407718,27
HPO,650_fri_c0_500_50,3,0.9502270324780255,39
HPO,650_fri_c0_500_50,4,0.8485876933171181,30
HPO,650_fri_c0_500_50,5,0.9166069943124336,36
HPO,650_fri_c0_500_50,6,0.9043314472171866,35
HPO,650_fri_c0_500_50,7,0.9310781347201278,39
HPO,650_fri_c0_500_50,8,0.9316718153210226,33
HPO,650_fri_c0_500_50,9,0.9421390003969563,27
HPO,651_fri_c0_100_25,0,0.8720713318142663,26
HPO,651_fri_c0_100_25,1,0.9542923133665943,38
HPO,651_fri_c0_100_25,2,0.9456165074178907,34
HPO,651_fri_c0_100_25,3,0.8324253113847802,25
HPO,651_fri_c0_100_25,4,0.8858228156727496,36
HPO,651_fri_c0_100_25,5,0.9267609483391445,32
HPO,651_fri_c0_100_25,6,0.946854870271622,29
HPO,651_fri_c0_100_25,7,0.8822833186863366,35
HPO,651_fri_c0_100_25,8,0.9682786573938755,27
HPO,651_fri_c0_100_25,9,0.9251085767826009,34
HPO,653_fri_c0_250_25,0,0.9410816504313059,32
HPO,653_fri_c0_250_25,1,0.9522335976861378,40
HPO,653_fri_c0_250_25,2,0.8105831119878103,21
HPO,653_fri_c0_250_25,3,0.9294435682043869,39
HPO,653_fri_c0_250_25,4,0.9231660222987964,30
HPO,653_fri_c0_250_25,5,0.946783408024583,31
HPO,653_fri_c0_250_25,6,0.9068176405494752,40
HPO,653_fri_c0_250_25,7,0.9599115476414803,39
HPO,653_fri_c0_250_25,8,0.9055561564321908,34
HPO,653_fri_c0_250_25,9,0.9306913777870586,40
HPO,654_fri_c0_500_10,0,0.8919730769063193,33
HPO,654_fri_c0_500_10,1,0.9388444543867352,36
HPO,654_fri_c0_500_10,2,0.9565389925908356,36
HPO,654_fri_c0_500_10,3,0.9325430613616259,38
HPO,654_fri_c0_500_10,4,0.951020032966547,39
HPO,654_fri_c0_500_10,5,0.950312685171492,37
HPO,654_fri_c0_500_10,6,0.9466526072455429,40
HPO,654_fri_c0_500_10,7,0.9422059562336337,35
HPO,654_fri_c0_500_10,8,0.9488955060619209,38
HPO,654_fri_c0_500_10,9,0.9285967182621848,38
HPO,656_fri_c1_100_5,0,0.9488263617172527,32
HPO,656_fri_c1_100_5,1,0.8956660872063859,37
HPO,656_fri_c1_100_5,2,0.8408952382046546,30
HPO,656_fri_c1_100_5,3,0.9059409789611846,38
HPO,656_fri_c1_100_5,4,0.933293384344872,26
HPO,656_fri_c1_100_5,5,0.9474299565647951,38
HPO,656_fri_c1_100_5,6,0.9596878518087749,38
HPO,656_fri_c1_100_5,7,0.8317629298931979,29
HPO,656_fri_c1_100_5,8,0.9743479913971146,37
HPO,656_fri_c1_100_5,9,0.964396936056009,39
HPO,657_fri_c2_250_10,0,0.8998012573833019,40
HPO,657_fri_c2_250_10,1,0.9375396994658008,37
HPO,657_fri_c2_250_10,2,0.8655093014547786,34
HPO,657_fri_c2_250_10,3,0.94170623315606,33
HPO,657_fri_c2_250_10,4,0.9637389834288359,39
HPO,657_fri_c2_250_10,5,0.8630136615931157,38
HPO,657_fri_c2_250_10,6,0.8268677361422985,34
HPO,657_fri_c2_250_10,7,0.9168330972276204,39
HPO,657_fri_c2_250_10,8,0.9407711992862168,34
HPO,657_fri_c2_250_10,9,0.9476718706410359,32
HPO,658_fri_c3_250_25,0,0.8952708667782869,33
HPO,658_fri_c3_250_25,1,0.9057550903360723,28
HPO,658_fri_c3_250_25,2,0.8812927290954744,28
HPO,658_fri_c3_250_25,3,0.9303454962251996,40
HPO,658_fri_c3_250_25,4,0.7978422740892381,34
HPO,658_fri_c3_250_25,5,0.9342552950968015,35
HPO,658_fri_c3_250_25,6,0.953181015601523,28
HPO,658_fri_c3_250_25,7,0.8952103723455507,27
HPO,658_fri_c3_250_25,8,0.8230520970154137,27
HPO,658_fri_c3_250_25,9,0.7913390901935133,35
HPO,659_sleuth_ex1714,0,0.7727749511993518,33
HPO,659_sleuth_ex1714,1,0.805529063405453,1
HPO,659_sleuth_ex1714,2,0.7617012368189804,1
HPO,659_sleuth_ex1714,3,0.6587979272960179,13
HPO,659_sleuth_ex1714,4,0.8529767489756958,16
HPO,659_sleuth_ex1714,5,0.8834277491278458,3
HPO,659_sleuth_ex1714,6,0.4110427062073678,6
HPO,659_sleuth_ex1714,7,0.8712216684624887,3
HPO,659_sleuth_ex1714,8,0.7630910586802209,1
HPO,659_sleuth_ex1714,9,0.5250268926988886,27
HPO,663_rabe_266,0,0.9985828759442569,36
HPO,663_rabe_266,1,0.9985612733604516,38
HPO,663_rabe_266,2,0.9975841951362006,30
HPO,663_rabe_266,3,0.9992724368905473,28
HPO,663_rabe_266,4,0.9977606945846705,19
HPO,663_rabe_266,5,0.9979356588322638,19
HPO,663_rabe_266,6,0.9964599505557469,24
HPO,663_rabe_266,7,0.9986910072270655,27
HPO,663_rabe_266,8,0.9989256844276674,36
HPO,663_rabe_266,9,0.9978213321736614,23
HPO,665_sleuth_case2002,0,0.3660968040047866,23
HPO,665_sleuth_case2002,1,0.45506194251860166,11
HPO,665_sleuth_case2002,2,0.45269459500085174,10
HPO,665_sleuth_case2002,3,0.3013019341775043,13
HPO,665_sleuth_case2002,4,0.09809719061918365,6
HPO,665_sleuth_case2002,5,0.08144923017877126,7
HPO,665_sleuth_case2002,6,0.4344031833825748,15
HPO,665_sleuth_case2002,7,0.0885040197949083,10
HPO,665_sleuth_case2002,8,0.23782576984396953,7
HPO,665_sleuth_case2002,9,0.38972099413598016,8
HPO,666_rmftsa_ladata,0,0.6476575295665319,29
HPO,666_rmftsa_ladata,1,0.5437909531604557,10
HPO,666_rmftsa_ladata,2,0.7292773442207106,24
HPO,666_rmftsa_ladata,3,0.6078764983173188,27
HPO,666_rmftsa_ladata,4,0.5980520539313183,24
HPO,666_rmftsa_ladata,5,0.4313661615313006,16
HPO,666_rmftsa_ladata,6,0.7775105197723727,27
HPO,666_rmftsa_ladata,7,0.7472324108546,24
HPO,666_rmftsa_ladata,8,0.6113325303558659,10
HPO,666_rmftsa_ladata,9,0.5967294950863407,24
HPO,678_visualizing_environmental,0,0.38763782448705086,8
HPO,678_visualizing_environmental,1,0.41298133727862574,7
HPO,678_visualizing_environmental,2,0.6599643913442497,7
HPO,678_visualizing_environmental,3,0.5247592433509103,11
HPO,678_visualizing_environmental,4,0.3866293835887371,3
HPO,678_visualizing_environmental,5,0.5864836179651246,24
HPO,678_visualizing_environmental,6,0.6214490561896202,7
HPO,678_visualizing_environmental,7,0.30909438299238146,19
HPO,678_visualizing_environmental,8,0.21594036112640924,3
HPO,678_visualizing_environmental,9,0.5564965136391554,3
HPO,687_sleuth_ex1605,0,0.7816657121961639,1
HPO,687_sleuth_ex1605,1,0.8540375081556211,1
HPO,687_sleuth_ex1605,2,0.5360707891250269,5
HPO,687_sleuth_ex1605,3,0.5094790126732858,1
HPO,687_sleuth_ex1605,4,0.4469235805730418,3
HPO,687_sleuth_ex1605,5,0.619100928438856,27
HPO,687_sleuth_ex1605,6,0.5956449836998521,9
HPO,687_sleuth_ex1605,7,0.6788551262272106,14
HPO,687_sleuth_ex1605,8,0.7702509301155313,1
HPO,687_sleuth_ex1605,9,0.7164720771040991,1
HPO,690_visualizing_galaxy,0,0.9654046419291631,19
HPO,690_visualizing_galaxy,1,0.9640159772872715,28
HPO,690_visualizing_galaxy,2,0.9652406550478415,39
HPO,690_visualizing_galaxy,3,0.9703010389014854,37
HPO,690_visualizing_galaxy,4,0.9728824538707251,37
HPO,690_visualizing_galaxy,5,0.9755473002094486,28
HPO,690_visualizing_galaxy,6,0.9621628933994046,33
HPO,690_visualizing_galaxy,7,0.9592874125805895,30
HPO,690_visualizing_galaxy,8,0.9604143578907073,28
HPO,690_visualizing_galaxy,9,0.9713348775398624,29
HPO,695_chatfield_4,0,0.9070841081212179,5
HPO,695_chatfield_4,1,0.8264984846557198,7
HPO,695_chatfield_4,2,0.9132644005823692,7
HPO,695_chatfield_4,3,0.9005906146073593,29
HPO,695_chatfield_4,4,0.8586837474398953,29
HPO,695_chatfield_4,5,0.8368190836837122,7
HPO,695_chatfield_4,6,0.7922505464224563,38
HPO,695_chatfield_4,7,0.8544264320797356,8
HPO,695_chatfield_4,8,0.9023032237968358,7
HPO,695_chatfield_4,9,0.9014211671499632,7
HPO,706_sleuth_case1202,0,0.7695009043739837,5
HPO,706_sleuth_case1202,1,0.7798317543257239,9
HPO,706_sleuth_case1202,2,0.7322763220914765,17
HPO,706_sleuth_case1202,3,0.8266374636896918,10
HPO,706_sleuth_case1202,4,0.7331107438035365,7
HPO,706_sleuth_case1202,5,0.7817003474057601,8
HPO,706_sleuth_case1202,6,0.6167151463356859,19
HPO,706_sleuth_case1202,7,0.5624439440833291,13
HPO,706_sleuth_case1202,8,0.6130713429699326,22
HPO,706_sleuth_case1202,9,0.5582349018543415,1
HPO,712_chscase_geyser1,0,0.8007761829379898,10
HPO,712_chscase_geyser1,1,0.7943275528341247,3
HPO,712_chscase_geyser1,2,0.7362175226111185,7
HPO,712_chscase_geyser1,3,0.8175233732802459,7
HPO,712_chscase_geyser1,4,0.7419674351770689,14
HPO,712_chscase_geyser1,5,0.790987790955776,7
HPO,712_chscase_geyser1,6,0.8288741391897099,7
HPO,712_chscase_geyser1,7,0.7782854431442691,7
HPO,712_chscase_geyser1,8,0.810378371874367,18
HPO,712_chscase_geyser1,9,0.7682026310200102,16
HPO,banana,0,0.6234689954890169,33
HPO,banana,1,0.6110960726265812,38
HPO,banana,2,0.6078404348604999,34
HPO,banana,3,0.6066538860402622,38
HPO,banana,4,0.6233734094671441,37
HPO,banana,5,0.633156122547708,40
HPO,banana,6,0.6472822646317113,39
HPO,banana,7,0.6087127021582255,40
HPO,banana,8,0.621204331756388,36
HPO,banana,9,0.6241738671462858,40
HPO,titanic,0,0.23686709865912525,9
HPO,titanic,1,0.27935042398826626,39
HPO,titanic,2,0.3267961158899674,38
HPO,titanic,3,0.34195459773166537,37
HPO,titanic,4,0.33981301159517574,33
HPO,titanic,5,0.3291070284931864,36
HPO,titanic,6,0.3099002042629293,18
HPO,titanic,7,0.27202902212008306,25
HPO,titanic,8,0.3456515746320423,38
HPO,titanic,9,0.30297409631527206,12
PySR,1027_ESL,0,0.8409103031920491,24
PySR,1027_ESL,1,0.8301040558913632,34
PySR,1027_ESL,2,0.8718668665993063,17
PySR,1027_ESL,3,0.8472860649278935,11
PySR,1027_ESL,4,0.8833062088144824,17
PySR,1027_ESL,5,0.8661888837625938,23
PySR,1027_ESL,6,0.8569741368345123,14
PySR,1027_ESL,7,0.8886778437233928,28
PySR,1027_ESL,8,0.8729941423325628,18
PySR,1027_ESL,9,0.9003503034866733,25
PySR,1028_SWD,0,0.37304897166696627,40
PySR,1028_SWD,1,0.339186063419445,28
PySR,1028_SWD,2,0.4174424786843579,32
PySR,1028_SWD,3,0.38614075657817193,21
PySR,1028_SWD,4,0.36591726145822456,37
PySR,1028_SWD,5,0.400448336550595,32
PySR,1028_SWD,6,0.3203824752600437,28
PySR,1028_SWD,7,0.33767781277452247,21
PySR,1028_SWD,8,0.47184043884564,30
PySR,1028_SWD,9,0.30438992665423126,25
PySR,1029_LEV,0,0.44162596717461156,29
PySR,1029_LEV,1,0.5147814252181335,29
PySR,1029_LEV,2,0.5675782668912627,35
PySR,1029_LEV,3,0.5565590956134732,25
PySR,1029_LEV,4,0.5969551392576997,18
PySR,1029_LEV,5,0.5615527090384214,23
PySR,1029_LEV,6,0.44777539009255685,13
PySR,1029_LEV,7,0.5455351191007733,11
PySR,1029_LEV,8,0.5782395916051238,32
PySR,1029_LEV,9,0.5361681472925733,40
PySR,1030_ERA,0,0.35283168482658456,15
PySR,1030_ERA,1,0.3665528226082889,14
PySR,1030_ERA,2,0.40927479732438166,38
PySR,1030_ERA,3,0.4234119653727485,22
PySR,1030_ERA,4,0.38905309763750484,23
PySR,1030_ERA,5,0.3954483635943028,25
PySR,1030_ERA,6,0.34448232274520674,19
PySR,1030_ERA,7,0.4338797461419074,22
PySR,1030_ERA,8,0.43131481289635265,20
PySR,1030_ERA,9,0.44657542079811263,35
PySR,1089_USCrime,0,0.8922685531921705,5
PySR,1089_USCrime,1,0.8037242237488901,6
PySR,1089_USCrime,2,0.7958121376624268,14
PySR,1089_USCrime,3,0.7685059339612685,36
PySR,1089_USCrime,4,0.8160401672897197,9
PySR,1089_USCrime,5,0.8598459768248086,10
PySR,1089_USCrime,6,0.7866420570852234,29
PySR,1089_USCrime,7,0.9166621283321456,30
PySR,1089_USCrime,8,0.854921816728757,17
PySR,1089_USCrime,9,0.9167135127446171,18
PySR,1096_FacultySalaries,0,0.8675350454685535,3
PySR,1096_FacultySalaries,1,0.9524114272301664,15
PySR,1096_FacultySalaries,2,0.8765574980384228,12
PySR,1096_FacultySalaries,3,0.8164923348062225,12
PySR,1096_FacultySalaries,4,0.9409079925078123,7
PySR,1096_FacultySalaries,5,0.9113600720881869,5
PySR,1096_FacultySalaries,6,0.7804911290587363,5
PySR,1096_FacultySalaries,7,0.8859244409870439,6
PySR,1096_FacultySalaries,8,0.9958027506274035,28
PySR,1096_FacultySalaries,9,0.9086821530178604,1
PySR,1191_BNG_pbc,0,0.3163615824797237,36
PySR,1191_BNG_pbc,1,0.3175090324813129,34
PySR,1191_BNG_pbc,2,0.322061788397626,35
PySR,1191_BNG_pbc,3,0.31384245066868266,40
PySR,1191_BNG_pbc,4,0.3230722682089848,37
PySR,1191_BNG_pbc,5,0.3128459603434439,36
PySR,1191_BNG_pbc,6,0.31116643944837397,27
PySR,1191_BNG_pbc,7,0.3177796960639315,36
PySR,1191_BNG_pbc,8,0.31104097035969513,33
PySR,1191_BNG_pbc,9,0.31168561962861896,32
PySR,1193_BNG_lowbwt,0,0.57753633741316,33
PySR,1193_BNG_lowbwt,1,0.5932234720839802,33
PySR,1193_BNG_lowbwt,2,0.5754111785355588,17
PySR,1193_BNG_lowbwt,3,0.5805095986503727,36
PySR,1193_BNG_lowbwt,4,0.5752011724022319,39
PySR,1193_BNG_lowbwt,5,0.5821507136036934,31
PySR,1193_BNG_lowbwt,6,0.5757123018127126,40
PySR,1193_BNG_lowbwt,7,0.5789683522013387,24
PySR,1193_BNG_lowbwt,8,0.5747151061325441,39
PySR,1193_BNG_lowbwt,9,0.5836267596447786,23
PySR,1196_BNG_pharynx,0,0.45369614933895874,36
PySR,1196_BNG_pharynx,1,0.46517585430880015,38
PySR,1196_BNG_pharynx,2,0.44499164496103527,37
PySR,1196_BNG_pharynx,3,0.4603879777866421,35
PySR,1196_BNG_pharynx,4,0.458153386343904,37
PySR,1196_BNG_pharynx,5,0.4645718058104502,36
PySR,1196_BNG_pharynx,6,0.4517234765274354,21
PySR,1196_BNG_pharynx,7,0.4583173982727198,34
PySR,1196_BNG_pharynx,8,0.4548823687817567,22
PySR,1196_BNG_pharynx,9,0.4589525874844512,28
PySR,1199_BNG_echoMonths,0,0.43239542400927633,37
PySR,1199_BNG_echoMonths,1,0.448105788518005,31
PySR,1199_BNG_echoMonths,2,0.441581970058064,37
PySR,1199_BNG_echoMonths,3,0.4578960486050878,32
PySR,1199_BNG_echoMonths,4,0.44910410863475403,29
PySR,1199_BNG_echoMonths,5,0.45434686429355486,22
PySR,1199_BNG_echoMonths,6,0.44762409572971174,30
PySR,1199_BNG_echoMonths,7,0.44394972534374133,26
PySR,1199_BNG_echoMonths,8,0.4484743162651321,32
PySR,1199_BNG_echoMonths,9,0.4509448004329457,30
PySR,1201_BNG_breastTumor,0,0.0988576654422908,37
PySR,1201_BNG_breastTumor,1,0.0903162329327798,27
PySR,1201_BNG_breastTumor,2,0.07642362314770668,28
PySR,1201_BNG_breastTumor,3,0.05654379632826889,17
PySR,1201_BNG_breastTumor,4,0.08856828329601463,27
PySR,1201_BNG_breastTumor,5,0.08802131224828225,36
PySR,1201_BNG_breastTumor,6,0.09139229421993111,27
PySR,1201_BNG_breastTumor,7,0.07214698118903917,26
PySR,1201_BNG_breastTumor,8,0.09547821863579242,36
PySR,1201_BNG_breastTumor,9,0.07619825058246932,33
PySR,1203_BNG_pwLinear,0,0.5907109273612063,33
PySR,1203_BNG_pwLinear,1,0.5906047853028245,34
PySR,1203_BNG_pwLinear,2,0.5854389616313918,37
PySR,1203_BNG_pwLinear,3,0.5751737584078571,40
PySR,1203_BNG_pwLinear,4,0.5599976761506508,37
PySR,1203_BNG_pwLinear,5,0.565908347112546,40
PySR,1203_BNG_pwLinear,6,0.5894781281193779,37
PySR,1203_BNG_pwLinear,7,0.5906315073834026,40
PySR,1203_BNG_pwLinear,8,0.5890576550471727,30
PySR,1203_BNG_pwLinear,9,0.56549419097134,32
PySR,1595_poker,0,0.07977765133641634,20
PySR,1595_poker,1,0.06176716252905479,31
PySR,1595_poker,2,0.06436613718876172,25
PySR,1595_poker,3,0.11269099929714566,27
PySR,1595_poker,4,0.2158670517668747,30
PySR,1595_poker,5,0.06290474510306387,27
PySR,1595_poker,6,0.11233954753905684,26
PySR,1595_poker,7,0.08035748624020134,27
PySR,1595_poker,8,0.12799241869316802,20
PySR,1595_poker,9,0.07313078198661693,23
PySR,192_vineyard,0,0.7439425409791581,5
PySR,192_vineyard,1,0.8450582061677395,7
PySR,192_vineyard,2,0.7651110154376866,6
PySR,192_vineyard,3,0.7570216751739411,9
PySR,192_vineyard,4,0.648651671463464,6
PySR,192_vineyard,5,0.38714052554238065,9
PySR,192_vineyard,6,0.6244140794789002,9
PySR,192_vineyard,7,0.7672109289803044,6
PySR,192_vineyard,8,-0.5012411643764134,14
PySR,192_vineyard,9,0.840369417695432,26
PySR,195_auto_price,0,0.8773420131529243,9
PySR,195_auto_price,1,0.8559473428330002,9
PySR,195_auto_price,2,0.8991406205076536,9
PySR,195_auto_price,3,0.750107934089871,19
PySR,195_auto_price,4,0.8042667525686106,28
PySR,195_auto_price,5,0.8976152100973773,13
PySR,195_auto_price,6,0.7339720461415333,37
PySR,195_auto_price,7,0.8441999608350005,28
PySR,195_auto_price,8,0.8535479696897337,30
PySR,195_auto_price,9,0.8563926714074283,34
PySR,197_cpu_act,0,0.965358570620519,37
PySR,197_cpu_act,1,0.9729538978292731,40
PySR,197_cpu_act,2,0.969737359812864,39
PySR,197_cpu_act,3,0.9654143811151765,28
PySR,197_cpu_act,4,0.971775394134822,28
PySR,197_cpu_act,5,0.9664400588785158,27
PySR,197_cpu_act,6,0.9728302963115788,40
PySR,197_cpu_act,7,0.970446659130547,40
PySR,197_cpu_act,8,0.9657314889240703,34
PySR,197_cpu_act,9,0.9663645043278232,39
PySR,201_pol,0,0.836964679842575,37
PySR,201_pol,1,0.7081536874994685,39
PySR,201_pol,2,0.8031137072257986,34
PySR,201_pol,3,0.7361167513534294,38
PySR,201_pol,4,0.786644474238348,33
PySR,201_pol,5,0.7990067815040078,30
PySR,201_pol,6,0.7919153169903982,36
PySR,201_pol,7,0.8032751906647334,38
PySR,201_pol,8,0.8197284379786729,40
PySR,201_pol,9,0.7835441921779319,37
PySR,207_autoPrice,0,0.8773420131529243,9
PySR,207_autoPrice,1,0.8559473428330002,9
PySR,207_autoPrice,2,0.8991406205076536,9
PySR,207_autoPrice,3,0.750107934089871,19
PySR,207_autoPrice,4,0.8042667525686106,28
PySR,207_autoPrice,5,0.8976152100973773,13
PySR,207_autoPrice,6,0.7339720461415333,37
PySR,207_autoPrice,7,0.8441999608350005,28
PySR,207_autoPrice,8,0.8519082759225292,17
PySR,207_autoPrice,9,0.8403383479902802,32
PySR,210_cloud,0,0.9415895318995049,9
PySR,210_cloud,1,0.9435870827778265,15
PySR,210_cloud,2,0.8138746879561507,7
PySR,210_cloud,3,0.9406866403661499,5
PySR,210_cloud,4,0.8894826537940796,5
PySR,210_cloud,5,0.7947589620395719,22
PySR,210_cloud,6,0.9145547096873051,27
PySR,210_cloud,7,0.9629961607547499,5
PySR,210_cloud,8,0.7382739967437824,9
PySR,210_cloud,9,0.9001775044802298,18
PySR,215_2dplanes,0,0.8952215561171002,29
PySR,215_2dplanes,1,0.9139810582746616,27
PySR,215_2dplanes,2,0.9164424526687318,40
PySR,215_2dplanes,3,0.9103544785978646,38
PySR,215_2dplanes,4,0.9062484610298372,36
PySR,215_2dplanes,5,0.9251835554694608,33
PySR,215_2dplanes,6,0.8952092398239694,34
PySR,215_2dplanes,7,0.9155124246760947,35
PySR,215_2dplanes,8,0.9281545602511084,28
PySR,215_2dplanes,9,0.9139758000191627,40
PySR,218_house_8L,0,0.593102582246581,35
PySR,218_house_8L,1,0.5479161477153061,31
PySR,218_house_8L,2,0.5913647814325171,34
PySR,218_house_8L,3,0.6106556811655535,26
PySR,218_house_8L,4,0.5569583394663066,30
PySR,218_house_8L,5,0.5920822545916002,37
PySR,218_house_8L,6,0.5653333756643144,25
PySR,218_house_8L,7,0.566062963599149,38
PySR,218_house_8L,8,0.5825150790501938,35
PySR,218_house_8L,9,0.5454927684113664,23
PySR,225_puma8NH,0,0.6596112069684397,40
PySR,225_puma8NH,1,0.6900447546096645,33
PySR,225_puma8NH,2,0.6711830295136898,40
PySR,225_puma8NH,3,0.6886666377812163,32
PySR,225_puma8NH,4,0.6702593836110105,27
PySR,225_puma8NH,5,0.6763136207055436,25
PySR,225_puma8NH,6,0.6681579571852891,22
PySR,225_puma8NH,7,0.6783121119811724,21
PySR,225_puma8NH,8,0.6809920661175339,19
PySR,225_puma8NH,9,0.6986090264721355,16
PySR,227_cpu_small,0,0.9534596379391553,33
PySR,227_cpu_small,1,0.9612459094447066,38
PySR,227_cpu_small,2,0.9667353180943538,38
PySR,227_cpu_small,3,0.9612327575786076,35
PySR,227_cpu_small,4,0.96187447512056,26
PySR,227_cpu_small,5,0.9559011410707257,34
PySR,227_cpu_small,6,0.9652221360310739,36
PySR,227_cpu_small,7,0.9545151697975599,35
PySR,227_cpu_small,8,0.9553631811825257,26
PySR,227_cpu_small,9,0.9596074143241163,23
PySR,228_elusage,0,0.6355565156479064,18
PySR,228_elusage,1,0.7337451330037463,6
PySR,228_elusage,2,0.7936483014308348,14
PySR,228_elusage,3,0.8142206568691817,14
PySR,228_elusage,4,0.9550263597118132,6
PySR,228_elusage,5,0.6474893966081536,11
PySR,228_elusage,6,0.8238689067529731,8
PySR,228_elusage,7,0.7648003733069257,8
PySR,228_elusage,8,0.7265064367614148,5
PySR,228_elusage,9,0.8923158230912889,8
PySR,229_pwLinear,0,0.8199220529682817,26
PySR,229_pwLinear,1,0.8652327644506717,31
PySR,229_pwLinear,2,0.8955458558311342,31
PySR,229_pwLinear,3,0.8546460668955861,35
PySR,229_pwLinear,4,0.8930213004988167,33
PySR,229_pwLinear,5,0.7944809926424332,33
PySR,229_pwLinear,6,0.8130291641395935,29
PySR,229_pwLinear,7,0.7954464778997202,28
PySR,229_pwLinear,8,0.9239879196099734,36
PySR,229_pwLinear,9,0.9024265250638333,31
PySR,230_machine_cpu,0,0.7478998548403022,22
PySR,230_machine_cpu,1,0.8363764347106009,20
PySR,230_machine_cpu,2,0.955499752627374,11
PySR,230_machine_cpu,3,0.8739535139812631,14
PySR,230_machine_cpu,4,0.9164737667633275,22
PySR,230_machine_cpu,5,0.9591974538384074,29
PySR,230_machine_cpu,6,0.8750398404860058,29
PySR,230_machine_cpu,7,0.916315470728921,18
PySR,230_machine_cpu,8,0.887250481729962,20
PySR,230_machine_cpu,9,0.9199911102334782,36
PySR,294_satellite_image,0,0.7735256339688346,24
PySR,294_satellite_image,1,0.7914217375835698,32
PySR,294_satellite_image,2,0.7801413855311088,37
PySR,294_satellite_image,3,0.7535705124057668,38
PySR,294_satellite_image,4,0.7833505362285896,39
PySR,294_satellite_image,5,0.7793995243201942,38
PySR,294_satellite_image,6,0.783920512803137,21
PySR,294_satellite_image,7,0.7880648393302823,38
PySR,294_satellite_image,8,0.7846125770021933,36
PySR,294_satellite_image,9,0.7554827687813881,27
PySR,344_mv,0,0.9951251527991478,39
PySR,344_mv,1,0.9913962382706613,38
PySR,344_mv,2,0.9925110351373561,30
PySR,344_mv,3,0.9966589733812764,40
PySR,344_mv,4,0.9950631452829284,38
PySR,344_mv,5,0.9958157330824043,37
PySR,344_mv,6,0.9943628275148355,33
PySR,344_mv,7,0.9945920211967088,38
PySR,344_mv,8,0.992590694656583,39
PySR,344_mv,9,0.9975177754941976,36
PySR,4544_GeographicalOriginalofMusic,0,0.694122987953353,27
PySR,4544_GeographicalOriginalofMusic,1,0.7432265173211464,31
PySR,4544_GeographicalOriginalofMusic,2,0.7385913431508637,15
PySR,4544_GeographicalOriginalofMusic,3,0.7719271593215922,28
PySR,4544_GeographicalOriginalofMusic,4,0.773625246641425,25
PySR,4544_GeographicalOriginalofMusic,5,0.7046638235100289,27
PySR,4544_GeographicalOriginalofMusic,6,0.7509224555049788,13
PySR,4544_GeographicalOriginalofMusic,7,0.7658513856038983,27
PySR,4544_GeographicalOriginalofMusic,8,0.7544780389192565,39
PySR,4544_GeographicalOriginalofMusic,9,0.7597957812064173,33
PySR,485_analcatdata_vehicle,0,0.5429819082947865,19
PySR,485_analcatdata_vehicle,1,0.2838174333441065,8
PySR,485_analcatdata_vehicle,2,0.6749189421155977,16
PySR,485_analcatdata_vehicle,3,0.7790792440175646,40
PySR,485_analcatdata_vehicle,4,0.7750830844234868,40
PySR,485_analcatdata_vehicle,5,0.5492235912227719,9
PySR,485_analcatdata_vehicle,6,0.6868086669023217,19
PySR,485_analcatdata_vehicle,7,0.7484817027612006,27
PySR,485_analcatdata_vehicle,8,0.5444804617882124,13
PySR,485_analcatdata_vehicle,9,0.6552052778087718,13
PySR,503_wind,0,0.7770569110251107,26
PySR,503_wind,1,0.7778040558697901,34
PySR,503_wind,2,0.764329992869686,39
PySR,503_wind,3,0.7726567734335552,27
PySR,503_wind,4,0.746853635268784,32
PySR,503_wind,5,0.7465616331117275,39
PySR,503_wind,6,0.7414673989964331,37
PySR,503_wind,7,0.7497595386323569,33
PySR,503_wind,8,0.763281930746157,21
PySR,503_wind,9,0.7474368326990423,38
PySR,505_tecator,0,0.9917863374906914,26
PySR,505_tecator,1,0.9919654589807594,19
PySR,505_tecator,2,0.9957294896087832,21
PySR,505_tecator,3,0.9920522157227363,15
PySR,505_tecator,4,0.9916847106686735,23
PySR,505_tecator,5,0.9932777051519615,7
PySR,505_tecator,6,0.9947659184669306,14
PySR,505_tecator,7,0.9934822101709618,12
PySR,505_tecator,8,0.9923419770618753,35
PySR,505_tecator,9,0.9972078813148829,39
PySR,519_vinnie,0,0.7485276852482847,3
PySR,519_vinnie,1,0.7930062606368645,8
PySR,519_vinnie,2,0.7381701640296942,6
PySR,519_vinnie,3,0.725152855414657,3
PySR,519_vinnie,4,0.6685741454765719,3
PySR,519_vinnie,5,0.8001820077667069,3
PySR,519_vinnie,6,0.8123911671779468,3
PySR,519_vinnie,7,0.6918760995153905,23
PySR,519_vinnie,8,0.7612359285648664,3
PySR,519_vinnie,9,0.8023783610159859,3
PySR,522_pm10,0,0.07952220853356662,22
PySR,522_pm10,1,0.1944332876795989,15
PySR,522_pm10,2,0.19630903264914912,36
PySR,522_pm10,3,0.21116534525573338,36
PySR,522_pm10,4,0.22148522578801688,31
PySR,522_pm10,5,0.21808544967432097,22
PySR,522_pm10,6,0.2874537845975833,33
PySR,522_pm10,7,0.2971862873456895,31
PySR,522_pm10,8,0.2043245247704919,23
PySR,522_pm10,9,0.2888665592065779,29
PySR,523_analcatdata_neavote,0,0.9381904439931059,11
PySR,523_analcatdata_neavote,1,0.9261235662023939,6
PySR,523_analcatdata_neavote,2,0.9228996607535932,7
PySR,523_analcatdata_neavote,3,0.857700440308098,4
PySR,523_analcatdata_neavote,4,0.9200295552074786,5
PySR,523_analcatdata_neavote,5,0.9597062578367481,3
PySR,523_analcatdata_neavote,6,0.8929177458724633,3
PySR,523_analcatdata_neavote,7,0.9039446326945463,3
PySR,523_analcatdata_neavote,8,0.9602632294881268,3
PySR,523_analcatdata_neavote,9,0.9090130757527323,8
PySR,527_analcatdata_election2000,0,0.9999281939372462,15
PySR,527_analcatdata_election2000,1,0.9999989227052426,26
PySR,527_analcatdata_election2000,2,0.9998040457715097,33
PySR,527_analcatdata_election2000,3,0.9997873933482525,18
PySR,527_analcatdata_election2000,4,0.9880181735974355,31
PySR,527_analcatdata_election2000,5,0.9997919524551785,7
PySR,527_analcatdata_election2000,6,0.9829824050727092,26
PySR,527_analcatdata_election2000,7,0.999905882378221,21
PySR,527_analcatdata_election2000,8,0.9902332492210231,5
PySR,527_analcatdata_election2000,9,0.9799686782200063,17
PySR,529_pollen,0,0.7920327588867345,20
PySR,529_pollen,1,0.7881044044104448,23
PySR,529_pollen,2,0.8026458999790052,15
PySR,529_pollen,3,0.7793841028816331,15
PySR,529_pollen,4,0.791507599739428,21
PySR,529_pollen,5,0.8017473013724926,15
PySR,529_pollen,6,0.8094787907362079,22
PySR,529_pollen,7,0.7772364346320016,19
PySR,529_pollen,8,0.7978004059096337,26
PySR,529_pollen,9,0.787771081403171,19
PySR,537_houses,0,0.6350157786098758,25
PySR,537_houses,1,0.6460198793198675,20
PySR,537_houses,2,0.6613363464963449,30
PySR,537_houses,3,0.6554886285230795,36
PySR,537_houses,4,0.6655284804002097,28
PySR,537_houses,5,0.6332843275630958,21
PySR,537_houses,6,0.64059569575787,37
PySR,537_houses,7,0.6268958220451836,21
PySR,537_houses,8,0.6574684461116762,37
PySR,537_houses,9,0.6763655018534654,25
PySR,542_pollution,0,0.7080910017177733,26
PySR,542_pollution,1,0.7580593921777709,11
PySR,542_pollution,2,0.5023507650891526,15
PySR,542_pollution,3,0.6636949578488063,11
PySR,542_pollution,4,0.7925472466007015,7
PySR,542_pollution,5,0.6551393241374863,1
PySR,542_pollution,6,0.48623369093866975,9
PySR,542_pollution,7,0.4513543277636082,2
PySR,542_pollution,8,0.25782240658718103,5
PySR,542_pollution,9,0.26790573632692616,4
PySR,547_no2,0,0.5538049008533177,37
PySR,547_no2,1,0.4820167864692072,11
PySR,547_no2,2,0.607585577294421,37
PySR,547_no2,3,0.44890535010977184,35
PySR,547_no2,4,0.5853633594262048,28
PySR,547_no2,5,0.4725301548541446,24
PySR,547_no2,6,0.6043150918334648,15
PySR,547_no2,7,0.5597753905603597,8
PySR,547_no2,8,0.5316405195020145,26
PySR,547_no2,9,0.5968610685338709,31
PySR,556_analcatdata_apnea2,0,0.925380923086376,36
PySR,556_analcatdata_apnea2,1,0.9329685181274824,24
PySR,556_analcatdata_apnea2,2,0.8428575414305646,31
PySR,556_analcatdata_apnea2,3,0.8512803926038267,25
PySR,556_analcatdata_apnea2,4,0.7798309375171166,31
PySR,556_analcatdata_apnea2,5,0.9461803448962179,23
PySR,556_analcatdata_apnea2,6,0.8713397662749675,23
PySR,556_analcatdata_apnea2,7,0.9045281878846602,17
PySR,556_analcatdata_apnea2,8,0.8987654394952398,38
PySR,556_analcatdata_apnea2,9,0.9092347669620428,22
PySR,557_analcatdata_apnea1,0,0.8993575903944553,31
PySR,557_analcatdata_apnea1,1,0.9236773292133342,34
PySR,557_analcatdata_apnea1,2,0.8717454505901558,24
PySR,557_analcatdata_apnea1,3,0.950054970164208,40
PySR,557_analcatdata_apnea1,4,0.9191204473757661,27
PySR,557_analcatdata_apnea1,5,0.6332547734142933,29
PySR,557_analcatdata_apnea1,6,0.9086771971515679,35
PySR,557_analcatdata_apnea1,7,0.814648957778216,33
PySR,557_analcatdata_apnea1,8,0.8712763467708904,32
PySR,557_analcatdata_apnea1,9,0.8823391893774573,36
PySR,560_bodyfat,0,0.9997641100852694,23
PySR,560_bodyfat,1,0.9987812965284856,17
PySR,560_bodyfat,2,0.9837276264853924,12
PySR,560_bodyfat,3,0.9827810290118556,9
PySR,560_bodyfat,4,0.9995961117519144,18
PySR,560_bodyfat,5,0.9828136703707753,24
PySR,560_bodyfat,6,0.9360600053672834,10
PySR,560_bodyfat,7,0.9941644107853227,20
PySR,560_bodyfat,8,0.9997622394062428,19
PySR,560_bodyfat,9,0.9995662373298344,19
PySR,561_cpu,0,0.9648367778156488,17
PySR,561_cpu,1,0.9450722228810151,22
PySR,561_cpu,2,0.9918104869031874,24
PySR,561_cpu,3,0.9915220266345953,31
PySR,561_cpu,4,0.9967701202826683,21
PySR,561_cpu,5,0.9946319514447965,36
PySR,561_cpu,6,0.9896724015791414,18
PySR,561_cpu,7,0.9906708134508658,21
PySR,561_cpu,8,0.9655004633585057,24
PySR,561_cpu,9,0.9827997563473361,17
PySR,562_cpu_small,0,0.9491546220741369,37
PySR,562_cpu_small,1,0.9556920314316949,39
PySR,562_cpu_small,2,0.96314885222176,32
PySR,562_cpu_small,3,0.9630653847613221,38
PySR,562_cpu_small,4,0.9638458355434131,25
PySR,562_cpu_small,5,0.9606395710262688,26
PySR,562_cpu_small,6,0.9628909655633046,38
PySR,562_cpu_small,7,0.963328110725768,36
PySR,562_cpu_small,8,0.9585500515237546,34
PySR,562_cpu_small,9,0.961295301840695,34
PySR,564_fried,0,0.9130143149265214,28
PySR,564_fried,1,0.9359958586727427,30
PySR,564_fried,2,0.9480426140387233,38
PySR,564_fried,3,0.9343387355376171,26
PySR,564_fried,4,0.9398394681676648,36
PySR,564_fried,5,0.9330263549892887,40
PySR,564_fried,6,0.943167849758476,31
PySR,564_fried,7,0.9468452858732219,32
PySR,564_fried,8,0.8792737301589975,31
PySR,564_fried,9,0.911230050921924,37
PySR,573_cpu_act,0,0.9579298823890797,31
PySR,573_cpu_act,1,0.9682233357858477,38
PySR,573_cpu_act,2,0.9753648059464043,36
PySR,573_cpu_act,3,0.974022943440549,35
PySR,573_cpu_act,4,0.9755783296864526,32
PySR,573_cpu_act,5,0.9708193373837957,39
PySR,573_cpu_act,6,0.968696602940595,36
PySR,573_cpu_act,7,0.9698101656368289,39
PySR,573_cpu_act,8,0.9657141964228052,33
PySR,573_cpu_act,9,0.9664504060606995,31
PySR,574_house_16H,0,0.2977647370638624,22
PySR,574_house_16H,1,0.3273019582742144,28
PySR,574_house_16H,2,0.3147622964864778,27
PySR,574_house_16H,3,0.33306916777616336,27
PySR,574_house_16H,4,0.3243231049396085,23
PySR,574_house_16H,5,0.3182744711956139,26
PySR,574_house_16H,6,0.35672262626756923,38
PySR,574_house_16H,7,0.3247002098532422,30
PySR,574_house_16H,8,0.3215881444828834,27
PySR,574_house_16H,9,0.2938962841316629,32
PySR,579_fri_c0_250_5,0,0.9214748328119295,38
PySR,579_fri_c0_250_5,1,0.9354479880632004,30
PySR,579_fri_c0_250_5,2,0.9299275549253861,38
PySR,579_fri_c0_250_5,3,0.9099981716543029,31
PySR,579_fri_c0_250_5,4,0.9157969484899766,34
PySR,579_fri_c0_250_5,5,0.8802788418342697,34
PySR,579_fri_c0_250_5,6,0.9489286329365584,33
PySR,579_fri_c0_250_5,7,0.9096499634601722,28
PySR,579_fri_c0_250_5,8,0.9432411441496027,39
PySR,579_fri_c0_250_5,9,0.8993790620608934,34
PySR,581_fri_c3_500_25,0,0.9321146091854107,36
PySR,581_fri_c3_500_25,1,0.9201687929548068,30
PySR,581_fri_c3_500_25,2,0.9210269397148918,28
PySR,581_fri_c3_500_25,3,0.8768503462780274,28
PySR,581_fri_c3_500_25,4,0.9307485038993777,24
PySR,581_fri_c3_500_25,5,0.9056629328509127,38
PySR,581_fri_c3_500_25,6,0.8649464103729503,37
PySR,581_fri_c3_500_25,7,0.9342244216672166,36
PySR,581_fri_c3_500_25,8,0.8868502461295148,24
PySR,581_fri_c3_500_25,9,0.9174423418608364,26
PySR,582_fri_c1_500_25,0,0.8746815764598829,36
PySR,582_fri_c1_500_25,1,0.8536187709473625,31
PySR,582_fri_c1_500_25,2,0.8303488674241604,32
PySR,582_fri_c1_500_25,3,0.822167606625361,32
PySR,582_fri_c1_500_25,4,0.8028382301916941,30
PySR,582_fri_c1_500_25,5,0.8751952982195086,38
PySR,582_fri_c1_500_25,6,0.8938313428994714,36
PySR,582_fri_c1_500_25,7,0.939272207773944,35
PySR,582_fri_c1_500_25,8,0.8614266004919741,33
PySR,582_fri_c1_500_25,9,0.8611079196294107,23
PySR,583_fri_c1_1000_50,0,0.8854511484546596,38
PySR,583_fri_c1_1000_50,1,0.872841153678442,29
PySR,583_fri_c1_1000_50,2,0.8587341134482782,31
PySR,583_fri_c1_1000_50,3,0.8877359664594024,38
PySR,583_fri_c1_1000_50,4,0.8511863046272443,27
PySR,583_fri_c1_1000_50,5,0.9159120730691582,25
PySR,583_fri_c1_1000_50,6,0.8134678167592145,28
PySR,583_fri_c1_1000_50,7,0.9018875695822073,39
PySR,583_fri_c1_1000_50,8,0.7933571737062124,25
PySR,583_fri_c1_1000_50,9,0.68624705233487,26
PySR,584_fri_c4_500_25,0,0.8754191544850048,36
PySR,584_fri_c4_500_25,1,0.936449672983834,30
PySR,584_fri_c4_500_25,2,0.8731716515690336,25
PySR,584_fri_c4_500_25,3,0.8879960769966004,23
PySR,584_fri_c4_500_25,4,0.8379853205143791,21
PySR,584_fri_c4_500_25,5,0.8782793234606624,23
PySR,584_fri_c4_500_25,6,0.8768110538141873,30
PySR,584_fri_c4_500_25,7,0.7837758633084095,27
PySR,584_fri_c4_500_25,8,0.8956521911381055,34
PySR,584_fri_c4_500_25,9,0.8547556477039695,27
PySR,586_fri_c3_1000_25,0,0.8975757177230599,29
PySR,586_fri_c3_1000_25,1,0.9313562898130127,31
PySR,586_fri_c3_1000_25,2,0.8340427122749106,33
PySR,586_fri_c3_1000_25,3,0.9285223170714672,36
PySR,586_fri_c3_1000_25,4,0.827898264284332,37
PySR,586_fri_c3_1000_25,5,0.9490389450613212,39
PySR,586_fri_c3_1000_25,6,0.9084729466284487,26
PySR,586_fri_c3_1000_25,7,0.9060739741728786,30
PySR,586_fri_c3_1000_25,8,0.8785733750338374,34
PySR,586_fri_c3_1000_25,9,0.8848494951883752,33
PySR,588_fri_c4_1000_100,0,0.9062692601768351,31
PySR,588_fri_c4_1000_100,1,0.7188108660991668,30
PySR,588_fri_c4_1000_100,2,0.8923711422193839,36
PySR,588_fri_c4_1000_100,3,0.8965079284849582,33
PySR,588_fri_c4_1000_100,4,0.7248268104215412,35
PySR,588_fri_c4_1000_100,5,0.7539726439036696,30
PySR,588_fri_c4_1000_100,6,0.8332364253870135,33
PySR,588_fri_c4_1000_100,7,0.7530847487111251,24
PySR,588_fri_c4_1000_100,8,0.8282513224965882,21
PySR,588_fri_c4_1000_100,9,0.8900771722521807,24
PySR,589_fri_c2_1000_25,0,0.866438948366841,30
PySR,589_fri_c2_1000_25,1,0.8707058522187708,36
PySR,589_fri_c2_1000_25,2,0.8118462381960065,40
PySR,589_fri_c2_1000_25,3,0.884965555563618,40
PySR,589_fri_c2_1000_25,4,0.8615938055315293,24
PySR,589_fri_c2_1000_25,5,0.8401485548867679,39
PySR,589_fri_c2_1000_25,6,0.8888243853702138,38
PySR,589_fri_c2_1000_25,7,0.8868980019134185,35
PySR,589_fri_c2_1000_25,8,0.850882176263093,32
PySR,589_fri_c2_1000_25,9,0.9186444411596778,35
PySR,590_fri_c0_1000_50,0,0.7980208419525945,28
PySR,590_fri_c0_1000_50,1,0.7826301203305489,30
PySR,590_fri_c0_1000_50,2,0.9454464822946381,39
PySR,590_fri_c0_1000_50,3,0.7931568621926481,24
PySR,590_fri_c0_1000_50,4,0.850340471776074,27
PySR,590_fri_c0_1000_50,5,0.854393874637286,32
PySR,590_fri_c0_1000_50,6,0.9275869570586546,38
PySR,590_fri_c0_1000_50,7,0.8473195579171868,24
PySR,590_fri_c0_1000_50,8,0.9561886574683546,38
PySR,590_fri_c0_1000_50,9,0.8394346871437365,27
PySR,591_fri_c1_100_10,0,0.870789588661848,25
PySR,591_fri_c1_100_10,1,0.9196036781197167,29
PySR,591_fri_c1_100_10,2,0.8964652745893502,37
PySR,591_fri_c1_100_10,3,0.9266496034169283,34
PySR,591_fri_c1_100_10,4,0.853540448170014,34
PySR,591_fri_c1_100_10,5,0.9578461838969756,40
PySR,591_fri_c1_100_10,6,0.908298935589449,36
PySR,591_fri_c1_100_10,7,0.8472120970855804,26
PySR,591_fri_c1_100_10,8,0.9019262110784464,14
PySR,591_fri_c1_100_10,9,0.8826856073828053,29
PySR,592_fri_c4_1000_25,0,0.9058933144068798,34
PySR,592_fri_c4_1000_25,1,0.9132840330198796,21
PySR,592_fri_c4_1000_25,2,0.9085879301977497,26
PySR,592_fri_c4_1000_25,3,0.8711916236830295,27
PySR,592_fri_c4_1000_25,4,0.9166596587270981,31
PySR,592_fri_c4_1000_25,5,0.823905998144695,33
PySR,592_fri_c4_1000_25,6,0.901887871510676,31
PySR,592_fri_c4_1000_25,7,0.882297843804111,29
PySR,592_fri_c4_1000_25,8,0.8828071662799197,30
PySR,592_fri_c4_1000_25,9,0.9038190986734841,36
PySR,593_fri_c1_1000_10,0,0.9167498780111322,36
PySR,593_fri_c1_1000_10,1,0.9087969230303333,30
PySR,593_fri_c1_1000_10,2,0.9140983238317448,36
PySR,593_fri_c1_1000_10,3,0.9533602839756614,36
PySR,593_fri_c1_1000_10,4,0.9477558118080807,27
PySR,593_fri_c1_1000_10,5,0.9561903473198184,35
PySR,593_fri_c1_1000_10,6,0.9159727707170693,32
PySR,593_fri_c1_1000_10,7,0.9019873512854182,33
PySR,593_fri_c1_1000_10,8,0.9334211831060191,27
PySR,593_fri_c1_1000_10,9,0.9473129921574021,37
PySR,594_fri_c2_100_5,0,0.9252187057080262,24
PySR,594_fri_c2_100_5,1,0.9556493991803165,34
PySR,594_fri_c2_100_5,2,0.860605061347041,31
PySR,594_fri_c2_100_5,3,0.780239766235018,40
PySR,594_fri_c2_100_5,4,0.8934604548679426,40
PySR,594_fri_c2_100_5,5,0.9284894660796924,33
PySR,594_fri_c2_100_5,6,0.8802147072580225,39
PySR,594_fri_c2_100_5,7,0.7181674752587128,21
PySR,594_fri_c2_100_5,8,0.8657887315490591,22
PySR,594_fri_c2_100_5,9,0.9120964349679751,38
PySR,595_fri_c0_1000_10,0,0.951697037236569,31
PySR,595_fri_c0_1000_10,1,0.8826050987975609,26
PySR,595_fri_c0_1000_10,2,0.9342817054506891,38
PySR,595_fri_c0_1000_10,3,0.9442448505719399,33
PySR,595_fri_c0_1000_10,4,0.9391143017177147,37
PySR,595_fri_c0_1000_10,5,0.9300302761813964,32
PySR,595_fri_c0_1000_10,6,0.927366784560477,30
PySR,595_fri_c0_1000_10,7,0.9539877666464023,38
PySR,595_fri_c0_1000_10,8,0.9322011348784128,34
PySR,595_fri_c0_1000_10,9,0.944829684498399,37
PySR,596_fri_c2_250_5,0,0.8659907680318704,32
PySR,596_fri_c2_250_5,1,0.9534883587661768,31
PySR,596_fri_c2_250_5,2,0.8587921098053964,33
PySR,596_fri_c2_250_5,3,0.8963308215286868,33
PySR,596_fri_c2_250_5,4,0.9011395653395493,27
PySR,596_fri_c2_250_5,5,0.951527234170585,31
PySR,596_fri_c2_250_5,6,0.8945141794838454,22
PySR,596_fri_c2_250_5,7,0.8833223862455116,32
PySR,596_fri_c2_250_5,8,0.9021789394963945,23
PySR,596_fri_c2_250_5,9,0.8926274350423711,28
PySR,597_fri_c2_500_5,0,0.9267032128353396,39
PySR,597_fri_c2_500_5,1,0.9339689100401785,37
PySR,597_fri_c2_500_5,2,0.9148760267901694,27
PySR,597_fri_c2_500_5,3,0.9145076307543182,37
PySR,597_fri_c2_500_5,4,0.9050032001056272,33
PySR,597_fri_c2_500_5,5,0.9427879538508406,40
PySR,597_fri_c2_500_5,6,0.9229360548877438,38
PySR,597_fri_c2_500_5,7,0.9192769123225665,26
PySR,597_fri_c2_500_5,8,0.8938278148301472,35
PySR,597_fri_c2_500_5,9,0.9645447877895704,40
PySR,598_fri_c0_1000_25,0,0.8747113877933095,25
PySR,598_fri_c0_1000_25,1,0.9401113163689795,30
PySR,598_fri_c0_1000_25,2,0.959735021840936,31
PySR,598_fri_c0_1000_25,3,0.9248870768416388,33
PySR,598_fri_c0_1000_25,4,0.9424750517248041,35
PySR,598_fri_c0_1000_25,5,0.9099174240292084,37
PySR,598_fri_c0_1000_25,6,0.9116567041406356,35
PySR,598_fri_c0_1000_25,7,0.8587470447503379,37
PySR,598_fri_c0_1000_25,8,0.9398712570567364,27
PySR,598_fri_c0_1000_25,9,0.9601251759376528,39
PySR,599_fri_c2_1000_5,0,0.9223560156784273,39
PySR,599_fri_c2_1000_5,1,0.9366073765168296,31
PySR,599_fri_c2_1000_5,2,0.8971500155896359,40
PySR,599_fri_c2_1000_5,3,0.9185167799247154,35
PySR,599_fri_c2_1000_5,4,0.8535957803723665,27
PySR,599_fri_c2_1000_5,5,0.8901682521159706,37
PySR,599_fri_c2_1000_5,6,0.944249434118304,38
PySR,599_fri_c2_1000_5,7,0.9435902064253898,32
PySR,599_fri_c2_1000_5,8,0.9088109138473957,26
PySR,599_fri_c2_1000_5,9,0.8979112069262277,40
PySR,601_fri_c1_250_5,0,0.9531701905248308,33
PySR,601_fri_c1_250_5,1,0.858441220940662,36
PySR,601_fri_c1_250_5,2,0.9064706146718035,29
PySR,601_fri_c1_250_5,3,0.9651763667432468,38
PySR,601_fri_c1_250_5,4,0.8759491994888611,36
PySR,601_fri_c1_250_5,5,0.9558447231457637,31
PySR,601_fri_c1_250_5,6,0.8914434157718057,32
PySR,601_fri_c1_250_5,7,0.8992414789283322,34
PySR,601_fri_c1_250_5,8,0.9574354397250147,29
PySR,601_fri_c1_250_5,9,0.9218608550518118,35
PySR,602_fri_c3_250_10,0,0.918187639801677,36
PySR,602_fri_c3_250_10,1,0.8682572060234341,29
PySR,602_fri_c3_250_10,2,0.942322193589417,31
PySR,602_fri_c3_250_10,3,0.9110610305167478,38
PySR,602_fri_c3_250_10,4,0.9571574987734758,34
PySR,602_fri_c3_250_10,5,0.9169143629384692,26
PySR,602_fri_c3_250_10,6,0.9573481036052133,35
PySR,602_fri_c3_250_10,7,0.9645558479647247,35
PySR,602_fri_c3_250_10,8,0.895781470359098,26
PySR,602_fri_c3_250_10,9,0.9375154805747682,40
PySR,603_fri_c0_250_50,0,0.8545393047619625,22
PySR,603_fri_c0_250_50,1,0.9084860434355522,30
PySR,603_fri_c0_250_50,2,0.8559639610618903,31
PySR,603_fri_c0_250_50,3,0.7766609202171455,26
PySR,603_fri_c0_250_50,4,0.9222984938318418,40
PySR,603_fri_c0_250_50,5,0.8770412115422543,30
PySR,603_fri_c0_250_50,6,0.814050583339872,21
PySR,603_fri_c0_250_50,7,0.8282913102765301,32
PySR,603_fri_c0_250_50,8,0.8124737094432559,36
PySR,603_fri_c0_250_50,9,0.8846685566223623,27
PySR,604_fri_c4_500_10,0,0.9039783607674222,38
PySR,604_fri_c4_500_10,1,0.9277594897549666,32
PySR,604_fri_c4_500_10,2,0.9339440031176338,36
PySR,604_fri_c4_500_10,3,0.9768551179602522,32
PySR,604_fri_c4_500_10,4,0.880942464533236,28
PySR,604_fri_c4_500_10,5,0.9062902290784489,38
PySR,604_fri_c4_500_10,6,0.9592637372931881,40
PySR,604_fri_c4_500_10,7,0.953332873115166,33
PySR,604_fri_c4_500_10,8,0.932714317140812,36
PySR,604_fri_c4_500_10,9,0.9413970446633414,36
PySR,605_fri_c2_250_25,0,0.7898138001287579,37
PySR,605_fri_c2_250_25,1,0.8454319405063901,28
PySR,605_fri_c2_250_25,2,0.8861612256165702,33
PySR,605_fri_c2_250_25,3,0.9132176202670066,31
PySR,605_fri_c2_250_25,4,0.8188037272960695,32
PySR,605_fri_c2_250_25,5,0.9104663705336369,38
PySR,605_fri_c2_250_25,6,0.8361594989614562,35
PySR,605_fri_c2_250_25,7,0.8516790525990308,37
PySR,605_fri_c2_250_25,8,0.8168462935406217,34
PySR,605_fri_c2_250_25,9,0.8239949922750591,34
PySR,606_fri_c2_1000_10,0,0.8545140124453238,34
PySR,606_fri_c2_1000_10,1,0.8986565318370807,34
PySR,606_fri_c2_1000_10,2,0.8754119586369857,36
PySR,606_fri_c2_1000_10,3,0.9282468429959697,40
PySR,606_fri_c2_1000_10,4,0.7863090729538771,35
PySR,606_fri_c2_1000_10,5,0.8805978881662975,40
PySR,606_fri_c2_1000_10,6,0.9181965481063287,40
PySR,606_fri_c2_1000_10,7,0.9244087341588956,32
PySR,606_fri_c2_1000_10,8,0.908599032855122,38
PySR,606_fri_c2_1000_10,9,0.8926588693112077,37
PySR,607_fri_c4_1000_50,0,0.8621820419573546,33
PySR,607_fri_c4_1000_50,1,0.8588226158035916,32
PySR,607_fri_c4_1000_50,2,0.9134667972920308,29
PySR,607_fri_c4_1000_50,3,0.8675585524368258,32
PySR,607_fri_c4_1000_50,4,0.8611343421402605,32
PySR,607_fri_c4_1000_50,5,0.6827708509989593,40
PySR,607_fri_c4_1000_50,6,0.9151496253515731,28
PySR,607_fri_c4_1000_50,7,0.9074560222189884,32
PySR,607_fri_c4_1000_50,8,0.8824701800740061,24
PySR,607_fri_c4_1000_50,9,0.8744155012335656,26
PySR,608_fri_c3_1000_10,0,0.9136360672186319,34
PySR,608_fri_c3_1000_10,1,0.9277579800158079,39
PySR,608_fri_c3_1000_10,2,0.9491620698743273,35
PySR,608_fri_c3_1000_10,3,0.9131152886624204,27
PySR,608_fri_c3_1000_10,4,0.8018241463572529,39
PySR,608_fri_c3_1000_10,5,0.9153580695920851,38
PySR,608_fri_c3_1000_10,6,0.9130237119148787,35
PySR,608_fri_c3_1000_10,7,0.9163916563594179,32
PySR,608_fri_c3_1000_10,8,0.9032050478058036,40
PySR,608_fri_c3_1000_10,9,0.9380012454343104,37
PySR,609_fri_c0_1000_5,0,0.9491006394406198,37
PySR,609_fri_c0_1000_5,1,0.9268591397847112,40
PySR,609_fri_c0_1000_5,2,0.9065990704657102,36
PySR,609_fri_c0_1000_5,3,0.9293768276569604,38
PySR,609_fri_c0_1000_5,4,0.9455182653733211,39
PySR,609_fri_c0_1000_5,5,0.9200499880837166,32
PySR,609_fri_c0_1000_5,6,0.9241702254621489,34
PySR,609_fri_c0_1000_5,7,0.9502520916344086,34
PySR,609_fri_c0_1000_5,8,0.9417057078498561,31
PySR,609_fri_c0_1000_5,9,0.9431445272927587,34
PySR,611_fri_c3_100_5,0,0.891521367501666,25
PySR,611_fri_c3_100_5,1,0.9434602039026172,27
PySR,611_fri_c3_100_5,2,0.952255181087341,24
PySR,611_fri_c3_100_5,3,0.9366738337316576,27
PySR,611_fri_c3_100_5,4,0.9422512443924977,22
PySR,611_fri_c3_100_5,5,0.9285754795659628,32
PySR,611_fri_c3_100_5,6,0.9258933069642872,26
PySR,611_fri_c3_100_5,7,0.9536976674853513,28
PySR,611_fri_c3_100_5,8,0.9733467430597891,29
PySR,611_fri_c3_100_5,9,0.9247596866432165,18
PySR,612_fri_c1_1000_5,0,0.9098034584171258,33
PySR,612_fri_c1_1000_5,1,0.9310660027235429,37
PySR,612_fri_c1_1000_5,2,0.906877983527102,38
PySR,612_fri_c1_1000_5,3,0.9330497105254807,39
PySR,612_fri_c1_1000_5,4,0.9410443200982316,32
PySR,612_fri_c1_1000_5,5,0.9568348855170874,39
PySR,612_fri_c1_1000_5,6,0.937352200073526,29
PySR,612_fri_c1_1000_5,7,0.9348514066942808,36
PySR,612_fri_c1_1000_5,8,0.9742344092626813,39
PySR,612_fri_c1_1000_5,9,0.9168041634470395,31
PySR,613_fri_c3_250_5,0,0.9364949877781629,35
PySR,613_fri_c3_250_5,1,0.9287363097968447,27
PySR,613_fri_c3_250_5,2,0.9410250715269464,25
PySR,613_fri_c3_250_5,3,0.9169040479252187,27
PySR,613_fri_c3_250_5,4,0.9439991529795031,37
PySR,613_fri_c3_250_5,5,0.9109929995918954,39
PySR,613_fri_c3_250_5,6,0.9175779425659699,37
PySR,613_fri_c3_250_5,7,0.9107322571521237,30
PySR,613_fri_c3_250_5,8,0.9360590941325306,36
PySR,613_fri_c3_250_5,9,0.9542687828265293,35
PySR,615_fri_c4_250_10,0,0.9015002958031241,17
PySR,615_fri_c4_250_10,1,0.9248423084382802,40
PySR,615_fri_c4_250_10,2,0.8849365350011047,29
PySR,615_fri_c4_250_10,3,0.9336497673401298,35
PySR,615_fri_c4_250_10,4,0.8719576784320922,34
PySR,615_fri_c4_250_10,5,0.8911098622731571,31
PySR,615_fri_c4_250_10,6,0.8368224702919358,24
PySR,615_fri_c4_250_10,7,0.8158504982582178,33
PySR,615_fri_c4_250_10,8,0.8942579780594083,26
PySR,615_fri_c4_250_10,9,0.9486589264965023,34
PySR,616_fri_c4_500_50,0,0.8601309610297423,27
PySR,616_fri_c4_500_50,1,0.861868480760598,34
PySR,616_fri_c4_500_50,2,0.7519518056632272,24
PySR,616_fri_c4_500_50,3,0.891383538350103,32
PySR,616_fri_c4_500_50,4,0.9100958293298769,25
PySR,616_fri_c4_500_50,5,0.8475704895238425,27
PySR,616_fri_c4_500_50,6,0.9071562312732397,32
PySR,616_fri_c4_500_50,7,0.9136986817794069,30
PySR,616_fri_c4_500_50,8,0.8752313391246848,40
PySR,616_fri_c4_500_50,9,0.8895069109144147,37
PySR,617_fri_c3_500_5,0,0.9270793441480061,35
PySR,617_fri_c3_500_5,1,0.8607768868833056,34
PySR,617_fri_c3_500_5,2,0.8779984938770108,31
PySR,617_fri_c3_500_5,3,0.9124425942552729,32
PySR,617_fri_c3_500_5,4,0.8876852791170087,34
PySR,617_fri_c3_500_5,5,0.9441905241402062,36
PySR,617_fri_c3_500_5,6,0.937806211917401,40
PySR,617_fri_c3_500_5,7,0.9313681034931617,35
PySR,617_fri_c3_500_5,8,0.8984985991621355,32
PySR,617_fri_c3_500_5,9,0.9019928656939106,30
PySR,618_fri_c3_1000_50,0,0.8598039615700699,31
PySR,618_fri_c3_1000_50,1,0.9309110489954328,40
PySR,618_fri_c3_1000_50,2,0.8704747414147278,38
PySR,618_fri_c3_1000_50,3,0.8945467453432342,33
PySR,618_fri_c3_1000_50,4,0.7326774212624199,29
PySR,618_fri_c3_1000_50,5,0.8075933891570994,27
PySR,618_fri_c3_1000_50,6,0.8919607472128068,35
PySR,618_fri_c3_1000_50,7,0.9412001301639763,38
PySR,618_fri_c3_1000_50,8,0.9261595047486963,34
PySR,618_fri_c3_1000_50,9,0.9108002689892389,38
PySR,620_fri_c1_1000_25,0,0.7629735779694153,27
PySR,620_fri_c1_1000_25,1,0.8033386511706352,23
PySR,620_fri_c1_1000_25,2,0.8807825164282236,32
PySR,620_fri_c1_1000_25,3,0.8943151398495659,31
PySR,620_fri_c1_1000_25,4,0.8838564535441726,29
PySR,620_fri_c1_1000_25,5,0.6662335678653172,27
PySR,620_fri_c1_1000_25,6,0.9253907826721214,35
PySR,620_fri_c1_1000_25,7,0.9396807548914765,31
PySR,620_fri_c1_1000_25,8,0.8292741613765093,28
PySR,620_fri_c1_1000_25,9,0.8286133844790051,25
PySR,621_fri_c0_100_10,0,0.9290891674090701,31
PySR,621_fri_c0_100_10,1,0.9125195104197247,38
PySR,621_fri_c0_100_10,2,0.9413466126069358,31
PySR,621_fri_c0_100_10,3,0.9045728161934614,18
PySR,621_fri_c0_100_10,4,0.8591334022413462,23
PySR,621_fri_c0_100_10,5,0.9544370765704648,29
PySR,621_fri_c0_100_10,6,0.8346276658171908,38
PySR,621_fri_c0_100_10,7,0.9191466151302421,28
PySR,621_fri_c0_100_10,8,0.9152580455987115,32
PySR,621_fri_c0_100_10,9,0.8033576829001057,23
PySR,622_fri_c2_1000_50,0,0.8834873145911666,40
PySR,622_fri_c2_1000_50,1,0.8529017949666603,29
PySR,622_fri_c2_1000_50,2,0.8352559885611477,35
PySR,622_fri_c2_1000_50,3,0.863040776793734,36
PySR,622_fri_c2_1000_50,4,0.845555274703641,26
PySR,622_fri_c2_1000_50,5,0.8444838723520977,24
PySR,622_fri_c2_1000_50,6,0.853118680772985,31
PySR,622_fri_c2_1000_50,7,0.8931321549560222,27
PySR,622_fri_c2_1000_50,8,0.8824073168113326,37
PySR,622_fri_c2_1000_50,9,0.7932263547782683,24
PySR,623_fri_c4_1000_10,0,0.9446735171700367,37
PySR,623_fri_c4_1000_10,1,0.8915592231995898,38
PySR,623_fri_c4_1000_10,2,0.9257285776647255,36
PySR,623_fri_c4_1000_10,3,0.9433990050403565,37
PySR,623_fri_c4_1000_10,4,0.9486238532581492,39
PySR,623_fri_c4_1000_10,5,0.93177522672908,40
PySR,623_fri_c4_1000_10,6,0.9066485591777685,28
PySR,623_fri_c4_1000_10,7,0.9306350167411584,40
PySR,623_fri_c4_1000_10,8,0.9134229512621462,36
PySR,623_fri_c4_1000_10,9,0.9368789543719517,36
PySR,624_fri_c0_100_5,0,0.9028081674140618,30
PySR,624_fri_c0_100_5,1,0.8156467123125635,27
PySR,624_fri_c0_100_5,2,0.9143574034059357,24
PySR,624_fri_c0_100_5,3,0.9215422859255828,38
PySR,624_fri_c0_100_5,4,0.9396060438042966,33
PySR,624_fri_c0_100_5,5,0.8322396909651464,16
PySR,624_fri_c0_100_5,6,0.8218012365942212,30
PySR,624_fri_c0_100_5,7,0.9367393530664401,32
PySR,624_fri_c0_100_5,8,0.9583955295372049,33
PySR,624_fri_c0_100_5,9,0.8860212914193453,38
PySR,626_fri_c2_500_50,0,0.8381613323805861,29
PySR,626_fri_c2_500_50,1,0.8797832396641567,33
PySR,626_fri_c2_500_50,2,0.8421191766674199,34
PySR,626_fri_c2_500_50,3,0.8129367508119738,32
PySR,626_fri_c2_500_50,4,0.8348611847946927,33
PySR,626_fri_c2_500_50,5,0.9050714447352342,28
PySR,626_fri_c2_500_50,6,0.6830359499936789,37
PySR,626_fri_c2_500_50,7,0.8250588807032908,33
PySR,626_fri_c2_500_50,8,0.8435661746551398,28
PySR,626_fri_c2_500_50,9,0.8905170483334581,35
PySR,627_fri_c2_500_10,0,0.9479953680830031,37
PySR,627_fri_c2_500_10,1,0.8912712588703697,35
PySR,627_fri_c2_500_10,2,0.9457529914116722,32
PySR,627_fri_c2_500_10,3,0.9323230035219122,33
PySR,627_fri_c2_500_10,4,0.9340625839569976,32
PySR,627_fri_c2_500_10,5,0.9026470511593851,29
PySR,627_fri_c2_500_10,6,0.8499876524170041,25
PySR,627_fri_c2_500_10,7,0.9087207583090704,34
PySR,627_fri_c2_500_10,8,0.900919294863786,34
PySR,627_fri_c2_500_10,9,0.8999046216340818,34
PySR,628_fri_c3_1000_5,0,0.9523106754654773,28
PySR,628_fri_c3_1000_5,1,0.8712890492831621,24
PySR,628_fri_c3_1000_5,2,0.9158737812002011,37
PySR,628_fri_c3_1000_5,3,0.964057000681179,34
PySR,628_fri_c3_1000_5,4,0.9133934911042851,34
PySR,628_fri_c3_1000_5,5,0.8744574822500999,36
PySR,628_fri_c3_1000_5,6,0.9198680912905355,40
PySR,628_fri_c3_1000_5,7,0.9066478063240168,31
PySR,628_fri_c3_1000_5,8,0.9138202528209652,40
PySR,628_fri_c3_1000_5,9,0.9431295415882833,39
PySR,631_fri_c1_500_5,0,0.9519588014160031,40
PySR,631_fri_c1_500_5,1,0.9151580150021806,36
PySR,631_fri_c1_500_5,2,0.9268270607294937,34
PySR,631_fri_c1_500_5,3,0.9053382949719486,32
PySR,631_fri_c1_500_5,4,0.9003878933600579,33
PySR,631_fri_c1_500_5,5,0.9233255079099343,37
PySR,631_fri_c1_500_5,6,0.9320553548974018,32
PySR,631_fri_c1_500_5,7,0.9155003452879175,31
PySR,631_fri_c1_500_5,8,0.9353394672006448,39
PySR,631_fri_c1_500_5,9,0.9205326664478609,38
PySR,633_fri_c0_500_25,0,0.9194053716729653,40
PySR,633_fri_c0_500_25,1,0.864644797240902,30
PySR,633_fri_c0_500_25,2,0.8076238507113995,26
PySR,633_fri_c0_500_25,3,0.8766650237635341,33
PySR,633_fri_c0_500_25,4,0.9062626729346855,32
PySR,633_fri_c0_500_25,5,0.9268452944399168,32
PySR,633_fri_c0_500_25,6,0.9047042941011193,25
PySR,633_fri_c0_500_25,7,0.9472561894214218,39
PySR,633_fri_c0_500_25,8,0.8474347039168431,32
PySR,633_fri_c0_500_25,9,0.908025401390415,31
PySR,634_fri_c2_100_10,0,0.7777156715717382,32
PySR,634_fri_c2_100_10,1,0.8704294139843349,25
PySR,634_fri_c2_100_10,2,0.819163527477432,21
PySR,634_fri_c2_100_10,3,0.8599303864795701,20
PySR,634_fri_c2_100_10,4,0.829720009621457,27
PySR,634_fri_c2_100_10,5,0.8011006327133398,31
PySR,634_fri_c2_100_10,6,0.6973651778253087,20
PySR,634_fri_c2_100_10,7,0.9067860815549007,38
PySR,634_fri_c2_100_10,8,0.8753420458118024,30
PySR,634_fri_c2_100_10,9,0.8800671608584387,34
PySR,635_fri_c0_250_10,0,0.871498823200579,28
PySR,635_fri_c0_250_10,1,0.9114869064470826,38
PySR,635_fri_c0_250_10,2,0.9619175992188854,37
PySR,635_fri_c0_250_10,3,0.8862204396955707,25
PySR,635_fri_c0_250_10,4,0.8739950087793107,30
PySR,635_fri_c0_250_10,5,0.9441239673029,37
PySR,635_fri_c0_250_10,6,0.9442773085686931,36
PySR,635_fri_c0_250_10,7,0.8761650769127234,32
PySR,635_fri_c0_250_10,8,0.9374715007018064,31
PySR,635_fri_c0_250_10,9,0.8393127068576423,37
PySR,637_fri_c1_500_50,0,0.9079337117659942,35
PySR,637_fri_c1_500_50,1,0.7708353285936862,21
PySR,637_fri_c1_500_50,2,0.9097673273664912,39
PySR,637_fri_c1_500_50,3,0.7086375783956043,28
PySR,637_fri_c1_500_50,4,0.8528923594102531,28
PySR,637_fri_c1_500_50,5,0.7928726425754513,27
PySR,637_fri_c1_500_50,6,0.8974239474119106,29
PySR,637_fri_c1_500_50,7,0.8678704690808479,30
PySR,637_fri_c1_500_50,8,0.86174565223561,33
PySR,637_fri_c1_500_50,9,0.874974645846782,37
PySR,641_fri_c1_500_10,0,0.902372289461494,38
PySR,641_fri_c1_500_10,1,0.9025277238216226,40
PySR,641_fri_c1_500_10,2,0.8383573273122586,26
PySR,641_fri_c1_500_10,3,0.8559954717232034,31
PySR,641_fri_c1_500_10,4,0.9030789009671731,40
PySR,641_fri_c1_500_10,5,0.8877643990392045,36
PySR,641_fri_c1_500_10,6,0.920542584813768,29
PySR,641_fri_c1_500_10,7,0.9539344683642007,34
PySR,641_fri_c1_500_10,8,0.8927958907929264,33
PySR,641_fri_c1_500_10,9,0.8595278891042746,37
PySR,643_fri_c2_500_25,0,0.8570395246745373,29
PySR,643_fri_c2_500_25,1,0.901136939087545,38
PySR,643_fri_c2_500_25,2,0.7919908119464072,20
PySR,643_fri_c2_500_25,3,0.77002252023344,26
PySR,643_fri_c2_500_25,4,0.9135595561201281,39
PySR,643_fri_c2_500_25,5,0.8043980228542704,21
PySR,643_fri_c2_500_25,6,0.8443850161806439,38
PySR,643_fri_c2_500_25,7,0.8905919390133741,25
PySR,643_fri_c2_500_25,8,0.852307282353356,33
PySR,643_fri_c2_500_25,9,0.9153045065358855,33
PySR,644_fri_c4_250_25,0,0.5426204056200365,15
PySR,644_fri_c4_250_25,1,0.79114659378469,31
PySR,644_fri_c4_250_25,2,0.9429686969110033,33
PySR,644_fri_c4_250_25,3,0.8138594922185665,37
PySR,644_fri_c4_250_25,4,0.7621575886164786,33
PySR,644_fri_c4_250_25,5,0.9411721848285499,33
PySR,644_fri_c4_250_25,6,0.954033927750235,40
PySR,644_fri_c4_250_25,7,0.8480619330476415,38
PySR,644_fri_c4_250_25,8,0.913344808032188,37
PySR,644_fri_c4_250_25,9,0.8930753075750116,27
PySR,645_fri_c3_500_50,0,0.8678275086118903,34
PySR,645_fri_c3_500_50,1,0.8319012019194977,23
PySR,645_fri_c3_500_50,2,0.7285980886205818,18
PySR,645_fri_c3_500_50,3,0.9358655260404135,31
PySR,645_fri_c3_500_50,4,0.9458659130187552,37
PySR,645_fri_c3_500_50,5,0.9278001109086945,28
PySR,645_fri_c3_500_50,6,0.6707885258160522,31
PySR,645_fri_c3_500_50,7,0.6232724672290023,26
PySR,645_fri_c3_500_50,8,0.8201803935914931,21
PySR,645_fri_c3_500_50,9,0.9241064638283256,30
PySR,646_fri_c3_500_10,0,0.9462660990969739,32
PySR,646_fri_c3_500_10,1,0.9072064683260417,34
PySR,646_fri_c3_500_10,2,0.9010875334875776,40
PySR,646_fri_c3_500_10,3,0.8855955222428367,23
PySR,646_fri_c3_500_10,4,0.9092473161681938,27
PySR,646_fri_c3_500_10,5,0.8713760995537212,40
PySR,646_fri_c3_500_10,6,0.8059971543054237,39
PySR,646_fri_c3_500_10,7,0.934660950525501,38
PySR,646_fri_c3_500_10,8,0.9186372590013977,29
PySR,646_fri_c3_500_10,9,0.9334180798711881,25
PySR,647_fri_c1_250_10,0,0.8600091148248592,28
PySR,647_fri_c1_250_10,1,0.9483221834900067,30
PySR,647_fri_c1_250_10,2,0.8935765683823926,31
PySR,647_fri_c1_250_10,3,0.8579052153864271,30
PySR,647_fri_c1_250_10,4,0.8714433522144481,29
PySR,647_fri_c1_250_10,5,0.9495539181684804,35
PySR,647_fri_c1_250_10,6,0.9442262680357829,40
PySR,647_fri_c1_250_10,7,0.948049506156485,35
PySR,647_fri_c1_250_10,8,0.9174678396608924,37
PySR,647_fri_c1_250_10,9,0.8778873704948527,29
PySR,648_fri_c1_250_50,0,0.8866762886646846,33
PySR,648_fri_c1_250_50,1,0.9280355027639682,40
PySR,648_fri_c1_250_50,2,0.8239005464282103,33
PySR,648_fri_c1_250_50,3,0.8230662100559653,33
PySR,648_fri_c1_250_50,4,0.8828866400407885,40
PySR,648_fri_c1_250_50,5,0.8588262534031748,32
PySR,648_fri_c1_250_50,6,0.8902223271735692,32
PySR,648_fri_c1_250_50,7,0.8670670053997162,26
PySR,648_fri_c1_250_50,8,0.7797857466633251,22
PySR,648_fri_c1_250_50,9,0.9377039753400427,35
PySR,649_fri_c0_500_5,0,0.9490738588115399,35
PySR,649_fri_c0_500_5,1,0.9066709245227365,34
PySR,649_fri_c0_500_5,2,0.9505489326301008,33
PySR,649_fri_c0_500_5,3,0.938880993131538,39
PySR,649_fri_c0_500_5,4,0.9181805872038072,38
PySR,649_fri_c0_500_5,5,0.9273870705678182,29
PySR,649_fri_c0_500_5,6,0.929951786251768,39
PySR,649_fri_c0_500_5,7,0.9303339589392148,38
PySR,649_fri_c0_500_5,8,0.917473061474822,29
PySR,649_fri_c0_500_5,9,0.9249019250169233,29
PySR,650_fri_c0_500_50,0,0.9032090462893967,32
PySR,650_fri_c0_500_50,1,0.7895963239613664,31
PySR,650_fri_c0_500_50,2,0.9149078335330374,31
PySR,650_fri_c0_500_50,3,0.8536985741893558,34
PySR,650_fri_c0_500_50,4,0.8945217486704347,31
PySR,650_fri_c0_500_50,5,0.9240562064924245,37
PySR,650_fri_c0_500_50,6,0.8965864620781642,38
PySR,650_fri_c0_500_50,7,0.783695851061928,22
PySR,650_fri_c0_500_50,8,0.8370482430378738,33
PySR,650_fri_c0_500_50,9,0.8588812143427745,31
PySR,651_fri_c0_100_25,0,0.8997514433291701,32
PySR,651_fri_c0_100_25,1,0.7806854769961983,36
PySR,651_fri_c0_100_25,2,0.8762404021224693,25
PySR,651_fri_c0_100_25,3,0.8037677626977006,27
PySR,651_fri_c0_100_25,4,0.7371984868204062,27
PySR,651_fri_c0_100_25,5,0.923896873946557,34
PySR,651_fri_c0_100_25,6,0.7773156243367555,23
PySR,651_fri_c0_100_25,7,0.8509390407829186,33
PySR,651_fri_c0_100_25,8,0.952967053679599,38
PySR,651_fri_c0_100_25,9,0.756315829226797,28
PySR,653_fri_c0_250_25,0,0.8561684708847898,40
PySR,653_fri_c0_250_25,1,0.93995983291357,33
PySR,653_fri_c0_250_25,2,0.7245868547626368,20
PySR,653_fri_c0_250_25,3,0.8636561913368233,37
PySR,653_fri_c0_250_25,4,0.9246955428264962,39
PySR,653_fri_c0_250_25,5,0.8707012972555672,20
PySR,653_fri_c0_250_25,6,0.8899326919253742,38
PySR,653_fri_c0_250_25,7,0.9242448756133295,33
PySR,653_fri_c0_250_25,8,0.9225248152874129,34
PySR,653_fri_c0_250_25,9,0.8974974840762082,31
PySR,654_fri_c0_500_10,0,0.8696685683616489,30
PySR,654_fri_c0_500_10,1,0.9413993476150799,33
PySR,654_fri_c0_500_10,2,0.9276361601158677,38
PySR,654_fri_c0_500_10,3,0.8745794392117119,30
PySR,654_fri_c0_500_10,4,0.8304293328387449,19
PySR,654_fri_c0_500_10,5,0.9077734344721542,37
PySR,654_fri_c0_500_10,6,0.9058307087726565,35
PySR,654_fri_c0_500_10,7,0.9131003055751846,34
PySR,654_fri_c0_500_10,8,0.8655594917476536,30
PySR,654_fri_c0_500_10,9,0.8819623376361863,28
PySR,656_fri_c1_100_5,0,0.8771064175944354,32
PySR,656_fri_c1_100_5,1,0.7571617091094521,16
PySR,656_fri_c1_100_5,2,0.8775100492066269,27
PySR,656_fri_c1_100_5,3,0.849884807366603,40
PySR,656_fri_c1_100_5,4,0.9200915634835605,27
PySR,656_fri_c1_100_5,5,0.9112169203721883,20
PySR,656_fri_c1_100_5,6,0.9041657872718241,23
PySR,656_fri_c1_100_5,7,0.8716319402469805,40
PySR,656_fri_c1_100_5,8,0.9420640511627567,22
PySR,656_fri_c1_100_5,9,0.9011626761193654,29
PySR,657_fri_c2_250_10,0,0.8772856885456373,22
PySR,657_fri_c2_250_10,1,0.8903184296229435,35
PySR,657_fri_c2_250_10,2,0.8639721763918613,36
PySR,657_fri_c2_250_10,3,0.8610328477727286,24
PySR,657_fri_c2_250_10,4,0.8770301360144501,37
PySR,657_fri_c2_250_10,5,0.9126778550177426,35
PySR,657_fri_c2_250_10,6,0.8928939455296813,26
PySR,657_fri_c2_250_10,7,0.9267293744657298,26
PySR,657_fri_c2_250_10,8,0.9160765940363544,31
PySR,657_fri_c2_250_10,9,0.9076568195461371,39
PySR,658_fri_c3_250_25,0,0.8855842851614749,36
PySR,658_fri_c3_250_25,1,0.7508616524312619,27
PySR,658_fri_c3_250_25,2,0.7790129716913334,26
PySR,658_fri_c3_250_25,3,0.8188259913672002,39
PySR,658_fri_c3_250_25,4,0.8961436776694406,30
PySR,658_fri_c3_250_25,5,0.911686426704249,28
PySR,658_fri_c3_250_25,6,0.8506569920037929,28
PySR,658_fri_c3_250_25,7,0.9074472198148753,39
PySR,658_fri_c3_250_25,8,0.9044631110087371,31
PySR,658_fri_c3_250_25,9,0.912507294603389,29
PySR,659_sleuth_ex1714,0,0.777443539762612,16
PySR,659_sleuth_ex1714,1,0.805529063405453,1
PySR,659_sleuth_ex1714,2,0.8804102057779799,38
PySR,659_sleuth_ex1714,3,0.5810356172152386,8
PySR,659_sleuth_ex1714,4,0.8849460551693844,40
PySR,659_sleuth_ex1714,5,0.8834277674470555,3
PySR,659_sleuth_ex1714,6,0.6125957556170497,15
PySR,659_sleuth_ex1714,7,0.8768462692098632,7
PySR,659_sleuth_ex1714,8,0.7630910586802209,1
PySR,659_sleuth_ex1714,9,0.5561949914156588,22
PySR,663_rabe_266,0,0.9988653410121445,30
PySR,663_rabe_266,1,0.9991590960703998,26
PySR,663_rabe_266,2,0.9984298151213875,24
PySR,663_rabe_266,3,0.9994120516863918,33
PySR,663_rabe_266,4,0.9983572553050212,16
PySR,663_rabe_266,5,0.9978617843810643,28
PySR,663_rabe_266,6,0.9976585047215704,27
PySR,663_rabe_266,7,0.9981371855661194,30
PySR,663_rabe_266,8,0.9991026427082128,25
PySR,663_rabe_266,9,0.997781737848173,26
PySR,665_sleuth_case2002,0,0.4047997443799032,13
PySR,665_sleuth_case2002,1,0.44439710814005595,12
PySR,665_sleuth_case2002,2,0.46776992000284545,15
PySR,665_sleuth_case2002,3,0.33532451798403073,9
PySR,665_sleuth_case2002,4,0.11520408925242465,17
PySR,665_sleuth_case2002,5,0.08948367980517635,6
PySR,665_sleuth_case2002,6,0.4027419866193723,31
PySR,665_sleuth_case2002,7,0.0806112299506846,11
PySR,665_sleuth_case2002,8,0.2128746887779609,9
PySR,665_sleuth_case2002,9,0.4203117957828889,8
PySR,666_rmftsa_ladata,0,0.6228993904627209,17
PySR,666_rmftsa_ladata,1,0.5641972313996929,22
PySR,666_rmftsa_ladata,2,0.7201416103755836,32
PySR,666_rmftsa_ladata,3,0.6010056306585683,36
PySR,666_rmftsa_ladata,4,0.6337665764238075,17
PySR,666_rmftsa_ladata,5,0.5035425783090874,26
PySR,666_rmftsa_ladata,6,0.7579616026549887,15
PySR,666_rmftsa_ladata,7,0.7295403124719231,22
PySR,666_rmftsa_ladata,8,0.6989790023489244,33
PySR,666_rmftsa_ladata,9,0.6319395105879395,19
PySR,678_visualizing_environmental,0,0.5616446559281184,13
PySR,678_visualizing_environmental,1,0.3901477808259962,8
PySR,678_visualizing_environmental,2,0.75076325672903,21
PySR,678_visualizing_environmental,3,0.5437301971314179,13
PySR,678_visualizing_environmental,4,0.4223085125854188,10
PySR,678_visualizing_environmental,5,0.547923277325395,8
PySR,678_visualizing_environmental,6,0.6936203973922512,11
PySR,678_visualizing_environmental,7,0.3024144741132422,12
PySR,678_visualizing_environmental,8,0.2159499915707428,3
PySR,678_visualizing_environmental,9,0.556496959522222,3
PySR,687_sleuth_ex1605,0,0.8443334497112454,31
PySR,687_sleuth_ex1605,1,0.8540375081556211,1
PySR,687_sleuth_ex1605,2,0.5360794394071853,3
PySR,687_sleuth_ex1605,3,0.5094790126732858,1
PySR,687_sleuth_ex1605,4,0.4881139753594481,17
PySR,687_sleuth_ex1605,5,0.5023113226327118,3
PySR,687_sleuth_ex1605,6,0.5672123824112163,3
PySR,687_sleuth_ex1605,7,0.6583006743349253,6
PySR,687_sleuth_ex1605,8,0.7990621949018205,7
PySR,687_sleuth_ex1605,9,0.7164720771040991,1
PySR,690_visualizing_galaxy,0,0.972046578359799,30
PySR,690_visualizing_galaxy,1,0.9679772251141316,30
PySR,690_visualizing_galaxy,2,0.9656369687494465,24
PySR,690_visualizing_galaxy,3,0.9708686135706562,27
PySR,690_visualizing_galaxy,4,0.9725220774712384,31
PySR,690_visualizing_galaxy,5,0.965703257637074,17
PySR,690_visualizing_galaxy,6,0.9661823656075988,26
PySR,690_visualizing_galaxy,7,0.9642156533147973,22
PySR,690_visualizing_galaxy,8,0.9621823027849787,38
PySR,690_visualizing_galaxy,9,0.9693700728712602,32
PySR,695_chatfield_4,0,0.9032356891957253,9
PySR,695_chatfield_4,1,0.8264982969034016,7
PySR,695_chatfield_4,2,0.9162229581754948,20
PySR,695_chatfield_4,3,0.9258210187695521,5
PySR,695_chatfield_4,4,0.8551293907865134,17
PySR,695_chatfield_4,5,0.8668782308360345,15
PySR,695_chatfield_4,6,0.8365514353161903,5
PySR,695_chatfield_4,7,0.8845340624377276,5
PySR,695_chatfield_4,8,0.8891506601998808,7
PySR,695_chatfield_4,9,0.9143811901371741,5
PySR,706_sleuth_case1202,0,0.7695489369244899,15
PySR,706_sleuth_case1202,1,0.7812005347908877,11
PySR,706_sleuth_case1202,2,0.7212328435410904,1
PySR,706_sleuth_case1202,3,0.8141151439722615,7
PySR,706_sleuth_case1202,4,0.7331252671570285,7
PySR,706_sleuth_case1202,5,0.7492560620889792,11
PySR,706_sleuth_case1202,6,0.7911953862001826,10
PySR,706_sleuth_case1202,7,0.5473475406859997,9
PySR,706_sleuth_case1202,8,0.5844250294699036,1
PySR,706_sleuth_case1202,9,0.6126124652397971,5
PySR,712_chscase_geyser1,0,0.8086952234560408,16
PySR,712_chscase_geyser1,1,0.7943290786754216,3
PySR,712_chscase_geyser1,2,0.7394506473571583,9
PySR,712_chscase_geyser1,3,0.8243669394994415,10
PySR,712_chscase_geyser1,4,0.7363888904311526,28
PySR,712_chscase_geyser1,5,0.7909992293240782,7
PySR,712_chscase_geyser1,6,0.8288730151810423,7
PySR,712_chscase_geyser1,7,0.7782826093700486,7
PySR,712_chscase_geyser1,8,0.8017710949746127,27
PySR,712_chscase_geyser1,9,0.7727963836708087,7
PySR,banana,0,0.546724248119789,33
PySR,banana,1,0.5897344624848213,21
PySR,banana,2,0.5438444904701047,12
PySR,banana,3,0.5915728687996453,35
PySR,banana,4,0.6105970994038423,35
PySR,banana,5,0.6171533236221505,32
PySR,banana,6,0.6250858199546028,35
PySR,banana,7,0.6019527098960064,32
PySR,banana,8,0.6156933245504986,40
PySR,banana,9,0.5925993090650772,40
PySR,titanic,0,0.24560163403641233,35
PySR,titanic,1,0.28205707457835716,23
PySR,titanic,2,0.3226481108047703,34
PySR,titanic,3,0.32904730443805896,33
PySR,titanic,4,0.3233153105078713,19
PySR,titanic,5,0.3293518393375391,34
PySR,titanic,6,0.3130025530653825,34
PySR,titanic,7,0.290176413192052,39
PySR,titanic,8,0.3303243377013765,24
PySR,titanic,9,0.31662805756041645,35
BasicSR,1027_ESL,0,0.8289620623745748,16
BasicSR,1027_ESL,1,0.8198926930196553,29
BasicSR,1027_ESL,2,0.7753144292786974,26
BasicSR,1027_ESL,3,0.8345778864799178,26
BasicSR,1027_ESL,4,0.8535804179855134,23
BasicSR,1027_ESL,5,0.8519282674270687,40
BasicSR,1027_ESL,6,0.8479383813315091,24
BasicSR,1027_ESL,7,0.8841698091709072,33
BasicSR,1027_ESL,8,0.8429473004164844,9
BasicSR,1027_ESL,9,0.879734998513678,10
BasicSR,1028_SWD,0,0.33248486320368476,39
BasicSR,1028_SWD,1,0.33442997247612305,38
BasicSR,1028_SWD,2,0.4250682525839692,40
BasicSR,1028_SWD,3,0.4369291568453093,40
BasicSR,1028_SWD,4,0.3591520504226453,39
BasicSR,1028_SWD,5,0.34771311612441747,39
BasicSR,1028_SWD,6,0.3220485251206341,31
BasicSR,1028_SWD,7,0.3354575189272069,38
BasicSR,1028_SWD,8,0.46113317874666837,35
BasicSR,1028_SWD,9,0.3312315139535462,39
BasicSR,1029_LEV,0,0.43200449443823996,37
BasicSR,1029_LEV,1,0.5095179105245808,26
BasicSR,1029_LEV,2,0.5625655038044026,30
BasicSR,1029_LEV,3,0.5718627247864025,29
BasicSR,1029_LEV,4,0.5706633004917359,33
BasicSR,1029_LEV,5,0.5488674226925536,27
BasicSR,1029_LEV,6,0.44886565262244815,29
BasicSR,1029_LEV,7,0.5436001335989479,34
BasicSR,1029_LEV,8,0.5816326119106608,38
BasicSR,1029_LEV,9,0.5117530438616378,37
BasicSR,1030_ERA,0,0.3617584571949439,40
BasicSR,1030_ERA,1,0.3463011628737893,24
BasicSR,1030_ERA,2,0.41516782592286083,39
BasicSR,1030_ERA,3,0.389218162245796,37
BasicSR,1030_ERA,4,0.3858747801256246,40
BasicSR,1030_ERA,5,0.36000071863821226,23
BasicSR,1030_ERA,6,0.3440034980734057,39
BasicSR,1030_ERA,7,0.42499467544216885,30
BasicSR,1030_ERA,8,0.4138279246227312,37
BasicSR,1030_ERA,9,0.4517605414137805,38
BasicSR,1089_USCrime,0,0.5580292805156064,37
BasicSR,1089_USCrime,1,0.8097398404488624,40
BasicSR,1089_USCrime,2,0.7330742203341489,30
BasicSR,1089_USCrime,3,0.7603616104069074,27
BasicSR,1089_USCrime,4,0.7507678342984871,35
BasicSR,1089_USCrime,5,0.73109672924609,35
BasicSR,1089_USCrime,6,0.5489855919686988,35
BasicSR,1089_USCrime,7,0.6930512110527781,20
BasicSR,1089_USCrime,8,0.7315661041186753,22
BasicSR,1089_USCrime,9,0.8987277384386447,40
BasicSR,1096_FacultySalaries,0,0.761575102680035,32
BasicSR,1096_FacultySalaries,1,0.9164816998836594,18
BasicSR,1096_FacultySalaries,2,-273.070865216488,36
BasicSR,1096_FacultySalaries,3,0.8868579337535057,14
BasicSR,1096_FacultySalaries,4,0.9738910771982311,39
BasicSR,1096_FacultySalaries,5,0.627539582228033,28
BasicSR,1096_FacultySalaries,6,0.7495798491719154,14
BasicSR,1096_FacultySalaries,7,0.9634603770676808,40
BasicSR,1096_FacultySalaries,8,0.6849077082401498,40
BasicSR,1096_FacultySalaries,9,-2.3189691553285234,26
BasicSR,1191_BNG_pbc,0,0.30605123661832323,29
BasicSR,1191_BNG_pbc,1,0.32738001468274047,34
BasicSR,1191_BNG_pbc,2,0.29685948588530187,21
BasicSR,1191_BNG_pbc,3,0.3040939957366052,26
BasicSR,1191_BNG_pbc,4,0.3126762224196741,40
BasicSR,1191_BNG_pbc,5,0.2960588232381811,24
BasicSR,1191_BNG_pbc,6,0.3113365817318937,33
BasicSR,1191_BNG_pbc,7,0.3029869298562342,26
BasicSR,1191_BNG_pbc,8,0.3105506492965956,27
BasicSR,1191_BNG_pbc,9,0.31882745993696193,40
BasicSR,1193_BNG_lowbwt,0,0.5797059775458537,29
BasicSR,1193_BNG_lowbwt,1,0.5909342893975091,32
BasicSR,1193_BNG_lowbwt,2,0.5741051018067096,27
BasicSR,1193_BNG_lowbwt,3,0.5766760426011845,35
BasicSR,1193_BNG_lowbwt,4,0.5758412810434681,40
BasicSR,1193_BNG_lowbwt,5,0.5800427999149502,26
BasicSR,1193_BNG_lowbwt,6,0.5779461610477463,36
BasicSR,1193_BNG_lowbwt,7,0.5811887358329686,39
BasicSR,1193_BNG_lowbwt,8,0.5523649620370512,39
BasicSR,1193_BNG_lowbwt,9,0.5646569424163772,15
BasicSR,1196_BNG_pharynx,0,0.4225033950588546,20
BasicSR,1196_BNG_pharynx,1,0.42332398413557737,19
BasicSR,1196_BNG_pharynx,2,0.4599159963707923,37
BasicSR,1196_BNG_pharynx,3,0.46305281102597684,40
BasicSR,1196_BNG_pharynx,4,0.4278677104628803,31
BasicSR,1196_BNG_pharynx,5,0.4600642860361902,34
BasicSR,1196_BNG_pharynx,6,0.45831370591315546,36
BasicSR,1196_BNG_pharynx,7,0.45583226462781146,35
BasicSR,1196_BNG_pharynx,8,0.42459071617146804,34
BasicSR,1196_BNG_pharynx,9,0.4342794649108337,23
BasicSR,1199_BNG_echoMonths,0,0.44251379735750995,40
BasicSR,1199_BNG_echoMonths,1,0.4339489570979276,21
BasicSR,1199_BNG_echoMonths,2,0.4175443188908895,12
BasicSR,1199_BNG_echoMonths,3,0.4606427176436031,37
BasicSR,1199_BNG_echoMonths,4,0.44611745654782065,38
BasicSR,1199_BNG_echoMonths,5,0.4534280725670665,39
BasicSR,1199_BNG_echoMonths,6,0.44534318901061465,30
BasicSR,1199_BNG_echoMonths,7,0.4443081422783465,29
BasicSR,1199_BNG_echoMonths,8,0.44349256456734354,25
BasicSR,1199_BNG_echoMonths,9,0.4513993435888005,36
BasicSR,1201_BNG_breastTumor,0,0.09617097484745696,31
BasicSR,1201_BNG_breastTumor,1,0.10102966725773332,39
BasicSR,1201_BNG_breastTumor,2,0.09449050020406324,40
BasicSR,1201_BNG_breastTumor,3,0.08709130202483417,38
BasicSR,1201_BNG_breastTumor,4,0.10366596443239984,40
BasicSR,1201_BNG_breastTumor,5,0.09516652660334612,40
BasicSR,1201_BNG_breastTumor,6,0.09244580737365504,40
BasicSR,1201_BNG_breastTumor,7,0.10463744185082491,40
BasicSR,1201_BNG_breastTumor,8,0.09320408109951661,40
BasicSR,1201_BNG_breastTumor,9,0.09259416733173276,40
BasicSR,1203_BNG_pwLinear,0,0.5531339677108402,30
BasicSR,1203_BNG_pwLinear,1,0.5685218268738184,37
BasicSR,1203_BNG_pwLinear,2,0.55857471310954,28
BasicSR,1203_BNG_pwLinear,3,0.5870168973044257,32
BasicSR,1203_BNG_pwLinear,4,0.5415004872749057,27
BasicSR,1203_BNG_pwLinear,5,0.5281871178529903,35
BasicSR,1203_BNG_pwLinear,6,0.5788050326055522,33
BasicSR,1203_BNG_pwLinear,7,0.5887652737738527,36
BasicSR,1203_BNG_pwLinear,8,0.5881045659502148,38
BasicSR,1203_BNG_pwLinear,9,0.5645967881211339,39
BasicSR,1595_poker,0,0.06554337137336974,16
BasicSR,1595_poker,1,0.06344093908928927,39
BasicSR,1595_poker,2,0.06581645904118238,19
BasicSR,1595_poker,3,0.0554918715529239,34
BasicSR,1595_poker,4,0.06228841894054471,9
BasicSR,1595_poker,5,0.06728318208055117,14
BasicSR,1595_poker,6,0.06638221998913796,8
BasicSR,1595_poker,7,0.06181208828086859,13
BasicSR,1595_poker,8,0.05538596196142376,38
BasicSR,1595_poker,9,0.06663788171225604,11
BasicSR,192_vineyard,0,0.5198460666711816,40
BasicSR,192_vineyard,1,-0.30158903175728424,32
BasicSR,192_vineyard,2,0.17413063805167317,36
BasicSR,192_vineyard,3,0.7065231923302343,40
BasicSR,192_vineyard,4,0.6282065404923332,32
BasicSR,192_vineyard,5,0.1901201758448734,38
BasicSR,192_vineyard,6,0.4558026191731417,40
BasicSR,192_vineyard,7,0.680578636090208,32
BasicSR,192_vineyard,8,-1.4972187160051593,40
BasicSR,192_vineyard,9,0.796038702227152,40
BasicSR,195_auto_price,0,0.24309203562570314,22
BasicSR,195_auto_price,1,0.8341943629451749,17
BasicSR,195_auto_price,2,0.8388966017670291,40
BasicSR,195_auto_price,3,0.570096162670121,30
BasicSR,195_auto_price,4,0.8484377811107584,38
BasicSR,195_auto_price,5,0.8782479305930568,39
BasicSR,195_auto_price,6,0.7374797167285667,29
BasicSR,195_auto_price,7,0.8635653708438707,23
BasicSR,195_auto_price,8,0.41134092478487005,33
BasicSR,195_auto_price,9,0.7061540538656214,33
BasicSR,197_cpu_act,0,0.9468564272510168,28
BasicSR,197_cpu_act,1,0.9472461193383921,20
BasicSR,197_cpu_act,2,0.9606063191293429,30
BasicSR,197_cpu_act,3,0.9613234214533168,27
BasicSR,197_cpu_act,4,0.9528007141153875,30
BasicSR,197_cpu_act,5,0.9437872715955712,13
BasicSR,197_cpu_act,6,0.9587630291382045,38
BasicSR,197_cpu_act,7,0.9581676200240928,33
BasicSR,197_cpu_act,8,0.9535645500719142,28
BasicSR,197_cpu_act,9,0.9550697674057267,27
BasicSR,201_pol,0,0.7257094642935269,40
BasicSR,201_pol,1,0.7543671008651756,39
BasicSR,201_pol,2,0.6826474102008334,36
BasicSR,201_pol,3,0.7862696812593589,37
BasicSR,201_pol,4,0.747355445177668,34
BasicSR,201_pol,5,0.6549689517730859,38
BasicSR,201_pol,6,0.7141311426417363,39
BasicSR,201_pol,7,0.7181635524801241,39
BasicSR,201_pol,8,0.666205021858584,40
BasicSR,201_pol,9,0.80017293118142,40
BasicSR,207_autoPrice,0,0.24309203562570314,22
BasicSR,207_autoPrice,1,0.8341943629451749,17
BasicSR,207_autoPrice,2,0.8388966017670291,40
BasicSR,207_autoPrice,3,0.570096162670121,30
BasicSR,207_autoPrice,4,0.8484377811107584,38
BasicSR,207_autoPrice,5,0.8782479305930568,39
BasicSR,207_autoPrice,6,0.7374797167285667,29
BasicSR,207_autoPrice,7,0.8635653708438707,23
BasicSR,207_autoPrice,8,0.41134092478487005,33
BasicSR,207_autoPrice,9,0.7061540538656214,33
BasicSR,210_cloud,0,0.8908637426232723,26
BasicSR,210_cloud,1,0.9342095655109566,29
BasicSR,210_cloud,2,0.6261644521993,38
BasicSR,210_cloud,3,0.5622553441997916,40
BasicSR,210_cloud,4,0.420963309566172,40
BasicSR,210_cloud,5,0.5181256528144473,24
BasicSR,210_cloud,6,-827389.5269535561,19
BasicSR,210_cloud,7,-3.8221218376961454,28
BasicSR,210_cloud,8,0.697156374930599,35
BasicSR,210_cloud,9,0.8160004285121464,34
BasicSR,215_2dplanes,0,0.8663704729717614,37
BasicSR,215_2dplanes,1,0.8703872819340999,33
BasicSR,215_2dplanes,2,0.8840615825622664,30
BasicSR,215_2dplanes,3,0.8577575202934667,39
BasicSR,215_2dplanes,4,0.8509917174173229,40
BasicSR,215_2dplanes,5,0.8234459933029874,28
BasicSR,215_2dplanes,6,0.9026364579942064,39
BasicSR,215_2dplanes,7,0.906661250586495,37
BasicSR,215_2dplanes,8,0.8814826193021753,39
BasicSR,215_2dplanes,9,0.855651778507634,40
BasicSR,218_house_8L,0,0.5697618381361207,25
BasicSR,218_house_8L,1,0.5590298476412776,40
BasicSR,218_house_8L,2,0.5923605164630914,35
BasicSR,218_house_8L,3,0.5961676465521595,40
BasicSR,218_house_8L,4,0.5158299535827509,40
BasicSR,218_house_8L,5,0.5794233111984453,39
BasicSR,218_house_8L,6,0.5729434241126263,40
BasicSR,218_house_8L,7,0.5140920722021848,39
BasicSR,218_house_8L,8,0.5617458741375373,31
BasicSR,218_house_8L,9,0.5590435013674571,36
BasicSR,225_puma8NH,0,0.6584716457610775,29
BasicSR,225_puma8NH,1,0.6442891375571875,29
BasicSR,225_puma8NH,2,0.6611843319083754,32
BasicSR,225_puma8NH,3,0.6627299893972043,34
BasicSR,225_puma8NH,4,0.6495661654339897,30
BasicSR,225_puma8NH,5,0.668021182882097,26
BasicSR,225_puma8NH,6,0.668284669418734,22
BasicSR,225_puma8NH,7,0.6031824847107097,9
BasicSR,225_puma8NH,8,0.6802214811013375,35
BasicSR,225_puma8NH,9,0.6918288518688073,26
BasicSR,227_cpu_small,0,0.9458958811091721,35
BasicSR,227_cpu_small,1,0.9540814452286441,34
BasicSR,227_cpu_small,2,0.9590739080852393,29
BasicSR,227_cpu_small,3,0.9441817691804659,30
BasicSR,227_cpu_small,4,0.9595568192603658,27
BasicSR,227_cpu_small,5,0.9553967961534331,39
BasicSR,227_cpu_small,6,0.9597628075297004,40
BasicSR,227_cpu_small,7,0.961569177799763,38
BasicSR,227_cpu_small,8,0.9423281576699082,22
BasicSR,227_cpu_small,9,0.954867098811487,40
BasicSR,228_elusage,0,0.587218679328785,23
BasicSR,228_elusage,1,0.5678659761097192,39
BasicSR,228_elusage,2,0.7738884402272157,40
BasicSR,228_elusage,3,0.4781199442819757,33
BasicSR,228_elusage,4,0.9265439765845708,21
BasicSR,228_elusage,5,-0.3290793518729589,33
BasicSR,228_elusage,6,0.8065496625729384,31
BasicSR,228_elusage,7,0.052709579189114675,36
BasicSR,228_elusage,8,0.6508906697790893,17
BasicSR,228_elusage,9,0.4197422299202507,34
BasicSR,229_pwLinear,0,0.8547713516537583,35
BasicSR,229_pwLinear,1,0.827267639256559,39
BasicSR,229_pwLinear,2,0.8780114392961615,34
BasicSR,229_pwLinear,3,0.7830561347584649,40
BasicSR,229_pwLinear,4,0.8234349155085205,30
BasicSR,229_pwLinear,5,0.8391871606015054,40
BasicSR,229_pwLinear,6,0.8382955257361884,37
BasicSR,229_pwLinear,7,0.6339837115806564,34
BasicSR,229_pwLinear,8,0.8318651019083262,40
BasicSR,229_pwLinear,9,0.740299410741229,30
BasicSR,230_machine_cpu,0,0.8162663893766331,26
BasicSR,230_machine_cpu,1,0.6232562816414995,32
BasicSR,230_machine_cpu,2,0.9297071789722539,39
BasicSR,230_machine_cpu,3,0.5579510316738789,36
BasicSR,230_machine_cpu,4,0.8021398187478914,40
BasicSR,230_machine_cpu,5,0.8913855719137862,32
BasicSR,230_machine_cpu,6,0.9104436450090826,34
BasicSR,230_machine_cpu,7,0.8993012032446217,40
BasicSR,230_machine_cpu,8,0.8062966595399211,31
BasicSR,230_machine_cpu,9,0.5913578958472704,29
BasicSR,294_satellite_image,0,0.7701763116611781,34
BasicSR,294_satellite_image,1,0.7316881886162976,28
BasicSR,294_satellite_image,2,0.7897002853422834,27
BasicSR,294_satellite_image,3,0.7135901412183714,9
BasicSR,294_satellite_image,4,0.7690147804493528,40
BasicSR,294_satellite_image,5,0.7761015553948007,40
BasicSR,294_satellite_image,6,0.7311629791430057,23
BasicSR,294_satellite_image,7,0.7759157309817639,31
BasicSR,294_satellite_image,8,0.7500934147404414,29
BasicSR,294_satellite_image,9,0.7675657166746962,33
BasicSR,344_mv,0,0.9880655407285202,31
BasicSR,344_mv,1,0.9785028225263978,25
BasicSR,344_mv,2,0.9866357010479175,26
BasicSR,344_mv,3,0.9687278023170803,20
BasicSR,344_mv,4,0.9768426384504475,22
BasicSR,344_mv,5,0.9913224546067303,35
BasicSR,344_mv,6,0.9908967853031507,36
BasicSR,344_mv,7,0.9819706168973934,35
BasicSR,344_mv,8,0.9910525968737643,30
BasicSR,344_mv,9,0.9892585882711632,31
BasicSR,4544_GeographicalOriginalofMusic,0,0.6373874641687982,30
BasicSR,4544_GeographicalOriginalofMusic,1,0.5880732094415828,40
BasicSR,4544_GeographicalOriginalofMusic,2,0.7745973129237977,38
BasicSR,4544_GeographicalOriginalofMusic,3,0.6003666104724015,31
BasicSR,4544_GeographicalOriginalofMusic,4,0.7287415009683076,31
BasicSR,4544_GeographicalOriginalofMusic,5,0.5823921098684737,8
BasicSR,4544_GeographicalOriginalofMusic,6,0.7169988955617824,39
BasicSR,4544_GeographicalOriginalofMusic,7,-5.949058439977933,24
BasicSR,4544_GeographicalOriginalofMusic,8,0.6905099100384742,12
BasicSR,4544_GeographicalOriginalofMusic,9,0.7449375088400719,39
BasicSR,485_analcatdata_vehicle,0,0.5218220119952574,35
BasicSR,485_analcatdata_vehicle,1,-0.0975947922394067,31
BasicSR,485_analcatdata_vehicle,2,0.5622627286007039,38
BasicSR,485_analcatdata_vehicle,3,0.7066222119775785,38
BasicSR,485_analcatdata_vehicle,4,0.6279436462396157,40
BasicSR,485_analcatdata_vehicle,5,0.7407633513490928,39
BasicSR,485_analcatdata_vehicle,6,0.77902098718238,40
BasicSR,485_analcatdata_vehicle,7,0.13062990790628304,40
BasicSR,485_analcatdata_vehicle,8,0.6247638300090352,40
BasicSR,485_analcatdata_vehicle,9,-0.13508683219816087,35
BasicSR,503_wind,0,0.7643470886943817,39
BasicSR,503_wind,1,0.7735404903827402,39
BasicSR,503_wind,2,0.6310330818101137,3
BasicSR,503_wind,3,0.697383659518015,16
BasicSR,503_wind,4,0.6924166281945261,11
BasicSR,503_wind,5,0.6991667131399891,17
BasicSR,503_wind,6,0.697462597842702,19
BasicSR,503_wind,7,0.7422980557196126,30
BasicSR,503_wind,8,0.7195965955033037,25
BasicSR,503_wind,9,0.6999978887968615,13
BasicSR,505_tecator,0,0.9923749771546664,19
BasicSR,505_tecator,1,0.9932651262784409,36
BasicSR,505_tecator,2,0.9821103801116985,18
BasicSR,505_tecator,3,0.9955201786939887,28
BasicSR,505_tecator,4,0.9782315549755507,40
BasicSR,505_tecator,5,0.9904704341634342,40
BasicSR,505_tecator,6,0.9911023095124434,27
BasicSR,505_tecator,7,0.9849911142656119,14
BasicSR,505_tecator,8,0.9869572836360094,28
BasicSR,505_tecator,9,0.9917225219234048,30
BasicSR,519_vinnie,0,0.7164687231779975,15
BasicSR,519_vinnie,1,0.782890766689289,28
BasicSR,519_vinnie,2,0.7012995824860397,40
BasicSR,519_vinnie,3,0.6887895994404388,40
BasicSR,519_vinnie,4,0.6576441731183231,21
BasicSR,519_vinnie,5,0.7949434681260461,21
BasicSR,519_vinnie,6,0.7850932342380876,40
BasicSR,519_vinnie,7,0.676184024807797,35
BasicSR,519_vinnie,8,0.720786566229587,14
BasicSR,519_vinnie,9,0.7826442802925115,39
BasicSR,522_pm10,0,0.05628045548973104,40
BasicSR,522_pm10,1,0.22531976629753825,38
BasicSR,522_pm10,2,0.24671190160008116,38
BasicSR,522_pm10,3,0.1555035401418552,40
BasicSR,522_pm10,4,0.2152723696872626,40
BasicSR,522_pm10,5,0.2317380555465861,32
BasicSR,522_pm10,6,0.28055312526629606,39
BasicSR,522_pm10,7,0.2959142583308716,40
BasicSR,522_pm10,8,0.18609590797553632,40
BasicSR,522_pm10,9,0.19951754832431612,38
BasicSR,523_analcatdata_neavote,0,0.9383682686892624,12
BasicSR,523_analcatdata_neavote,1,0.9220821117654024,14
BasicSR,523_analcatdata_neavote,2,0.9158556794116113,24
BasicSR,523_analcatdata_neavote,3,0.8489294297240728,27
BasicSR,523_analcatdata_neavote,4,0.9197731345384133,9
BasicSR,523_analcatdata_neavote,5,0.9593767646270801,15
BasicSR,523_analcatdata_neavote,6,0.8921051508486344,19
BasicSR,523_analcatdata_neavote,7,0.8951137009669923,28
BasicSR,523_analcatdata_neavote,8,0.9603066991868515,13
BasicSR,523_analcatdata_neavote,9,0.9100596150049846,27
BasicSR,527_analcatdata_election2000,0,0.928209371969912,20
BasicSR,527_analcatdata_election2000,1,0.9944952914194275,5
BasicSR,527_analcatdata_election2000,2,0.9985506028383367,5
BasicSR,527_analcatdata_election2000,3,0.9801062036051416,35
BasicSR,527_analcatdata_election2000,4,0.9807287793314183,40
BasicSR,527_analcatdata_election2000,5,0.9917321204318367,17
BasicSR,527_analcatdata_election2000,6,0.865808330522484,5
BasicSR,527_analcatdata_election2000,7,-15.143532932145867,40
BasicSR,527_analcatdata_election2000,8,0.978372757026192,29
BasicSR,527_analcatdata_election2000,9,0.9746770184069843,40
BasicSR,529_pollen,0,0.7919560565709206,21
BasicSR,529_pollen,1,0.7868301559865297,18
BasicSR,529_pollen,2,0.8033353722968746,25
BasicSR,529_pollen,3,0.7745955749867915,27
BasicSR,529_pollen,4,0.7908348640594107,19
BasicSR,529_pollen,5,0.7981953332819456,19
BasicSR,529_pollen,6,0.8029525919112737,14
BasicSR,529_pollen,7,0.7719981591223318,19
BasicSR,529_pollen,8,0.7910717137490938,19
BasicSR,529_pollen,9,0.7842864384057073,26
BasicSR,537_houses,0,0.633133670279419,27
BasicSR,537_houses,1,0.6423290536426736,38
BasicSR,537_houses,2,0.5565005811367834,20
BasicSR,537_houses,3,0.6074373002903195,25
BasicSR,537_houses,4,0.6438588008075379,40
BasicSR,537_houses,5,0.6507843457185427,40
BasicSR,537_houses,6,0.6185118024536003,33
BasicSR,537_houses,7,0.5737394811713783,11
BasicSR,537_houses,8,0.6399797500605451,34
BasicSR,537_houses,9,0.6229689436432615,37
BasicSR,542_pollution,0,-2.34764904812952,31
BasicSR,542_pollution,1,-5.407806166055592,37
BasicSR,542_pollution,2,0.5387189843191871,39
BasicSR,542_pollution,3,0.6179971450136891,34
BasicSR,542_pollution,4,0.530585986101477,39
BasicSR,542_pollution,5,0.39855082799317176,39
BasicSR,542_pollution,6,0.4523074621470343,37
BasicSR,542_pollution,7,-0.48585315358302017,33
BasicSR,542_pollution,8,0.241082050710274,33
BasicSR,542_pollution,9,-0.3918740289233398,36
BasicSR,547_no2,0,0.5405602018252137,34
BasicSR,547_no2,1,0.4861962197299834,33
BasicSR,547_no2,2,0.6413046931690327,36
BasicSR,547_no2,3,0.3884551155034248,40
BasicSR,547_no2,4,0.5991244473848659,40
BasicSR,547_no2,5,0.4319118584242808,36
BasicSR,547_no2,6,0.57342712737302,35
BasicSR,547_no2,7,0.47502735797578366,33
BasicSR,547_no2,8,0.5289031292866391,40
BasicSR,547_no2,9,0.6436156086909488,39
BasicSR,556_analcatdata_apnea2,0,0.9016300139084665,35
BasicSR,556_analcatdata_apnea2,1,0.8689041836645114,39
BasicSR,556_analcatdata_apnea2,2,0.8241400844484343,40
BasicSR,556_analcatdata_apnea2,3,0.8415104186842105,36
BasicSR,556_analcatdata_apnea2,4,0.6929223009725447,38
BasicSR,556_analcatdata_apnea2,5,0.9276427973829836,39
BasicSR,556_analcatdata_apnea2,6,0.8306001112902783,40
BasicSR,556_analcatdata_apnea2,7,0.8890665136491445,40
BasicSR,556_analcatdata_apnea2,8,0.8850250816365056,40
BasicSR,556_analcatdata_apnea2,9,0.8089926441500187,40
BasicSR,557_analcatdata_apnea1,0,0.8749538289807129,40
BasicSR,557_analcatdata_apnea1,1,0.8425193175596147,40
BasicSR,557_analcatdata_apnea1,2,0.8454110885352131,39
BasicSR,557_analcatdata_apnea1,3,0.8748307557549425,37
BasicSR,557_analcatdata_apnea1,4,0.891699783365403,27
BasicSR,557_analcatdata_apnea1,5,0.5289200755817223,28
BasicSR,557_analcatdata_apnea1,6,0.9036341877619876,40
BasicSR,557_analcatdata_apnea1,7,0.7690617828103099,37
BasicSR,557_analcatdata_apnea1,8,0.8576038343605469,40
BasicSR,557_analcatdata_apnea1,9,0.8662500124070034,39
BasicSR,560_bodyfat,0,0.9997616843803006,38
BasicSR,560_bodyfat,1,0.9987489164850429,30
BasicSR,560_bodyfat,2,0.9829255376212854,21
BasicSR,560_bodyfat,3,0.9770709744442803,31
BasicSR,560_bodyfat,4,0.9991729725941293,39
BasicSR,560_bodyfat,5,0.9807650347047379,15
BasicSR,560_bodyfat,6,0.9235486202986932,9
BasicSR,560_bodyfat,7,0.9905583250419993,40
BasicSR,560_bodyfat,8,0.9973393590445074,37
BasicSR,560_bodyfat,9,0.9989946384262924,25
BasicSR,561_cpu,0,0.9253977456016228,35
BasicSR,561_cpu,1,0.9369917094522247,29
BasicSR,561_cpu,2,0.9610295173935871,35
BasicSR,561_cpu,3,0.788660996913093,33
BasicSR,561_cpu,4,0.8706189965423827,39
BasicSR,561_cpu,5,0.9917760497590606,39
BasicSR,561_cpu,6,0.9479795331692858,40
BasicSR,561_cpu,7,0.7714263388481151,28
BasicSR,561_cpu,8,0.6568352116057091,26
BasicSR,561_cpu,9,0.980171391131462,37
BasicSR,562_cpu_small,0,0.9458958811091721,35
BasicSR,562_cpu_small,1,0.9540814452286441,34
BasicSR,562_cpu_small,2,0.9590739080852393,29
BasicSR,562_cpu_small,3,0.9441817691804659,30
BasicSR,562_cpu_small,4,0.9595568192603658,27
BasicSR,562_cpu_small,5,0.9553967961534331,39
BasicSR,562_cpu_small,6,0.9597628075297004,40
BasicSR,562_cpu_small,7,0.961569177799763,38
BasicSR,562_cpu_small,8,0.9423281576699082,22
BasicSR,562_cpu_small,9,0.954867098811487,40
BasicSR,564_fried,0,0.8864118271180691,35
BasicSR,564_fried,1,0.7942206238699028,21
BasicSR,564_fried,2,0.8469298945213268,25
BasicSR,564_fried,3,0.9030236129640932,35
BasicSR,564_fried,4,0.8929739416023317,40
BasicSR,564_fried,5,0.8649905655981116,33
BasicSR,564_fried,6,0.84440932988897,32
BasicSR,564_fried,7,0.9072180469000056,40
BasicSR,564_fried,8,0.9036277291216815,40
BasicSR,564_fried,9,0.8942114055952278,33
BasicSR,573_cpu_act,0,0.9468564272510168,28
BasicSR,573_cpu_act,1,0.9472461193383921,20
BasicSR,573_cpu_act,2,0.9606063191293429,30
BasicSR,573_cpu_act,3,0.9613234214533168,27
BasicSR,573_cpu_act,4,0.9528007141153875,30
BasicSR,573_cpu_act,5,0.9437872715955712,13
BasicSR,573_cpu_act,6,0.9587630291382045,38
BasicSR,573_cpu_act,7,0.9581676200240928,33
BasicSR,573_cpu_act,8,0.9535645500719142,28
BasicSR,573_cpu_act,9,0.9550697674057267,27
BasicSR,574_house_16H,0,0.25533348521018284,40
BasicSR,574_house_16H,1,0.2689113739385295,25
BasicSR,574_house_16H,2,0.2670466718632678,39
BasicSR,574_house_16H,3,0.3334628552984058,34
BasicSR,574_house_16H,4,0.34273555868813355,39
BasicSR,574_house_16H,5,0.3491056480824568,26
BasicSR,574_house_16H,6,0.3061804786420066,38
BasicSR,574_house_16H,7,0.30732699894411,29
BasicSR,574_house_16H,8,0.33186952753309507,40
BasicSR,574_house_16H,9,0.22428181230328248,23
BasicSR,579_fri_c0_250_5,0,0.8676018311856415,35
BasicSR,579_fri_c0_250_5,1,0.952433177041021,39
BasicSR,579_fri_c0_250_5,2,0.8962356965080202,39
BasicSR,579_fri_c0_250_5,3,0.9363401652119839,39
BasicSR,579_fri_c0_250_5,4,0.833454771269803,40
BasicSR,579_fri_c0_250_5,5,0.8878144520809664,36
BasicSR,579_fri_c0_250_5,6,0.906854081889706,38
BasicSR,579_fri_c0_250_5,7,0.9527838790894221,39
BasicSR,579_fri_c0_250_5,8,0.8564103811325937,38
BasicSR,579_fri_c0_250_5,9,0.885092918550971,40
BasicSR,581_fri_c3_500_25,0,0.7360382541016075,30
BasicSR,581_fri_c3_500_25,1,0.8268258147522147,29
BasicSR,581_fri_c3_500_25,2,0.8040966653731538,32
BasicSR,581_fri_c3_500_25,3,0.8124101939714424,39
BasicSR,581_fri_c3_500_25,4,0.8269876133701443,24
BasicSR,581_fri_c3_500_25,5,0.8764889885011501,34
BasicSR,581_fri_c3_500_25,6,0.693301018722442,26
BasicSR,581_fri_c3_500_25,7,0.7636726961620497,38
BasicSR,581_fri_c3_500_25,8,0.8000882354266369,38
BasicSR,581_fri_c3_500_25,9,0.811898573749972,38
BasicSR,582_fri_c1_500_25,0,0.7786874128891165,33
BasicSR,582_fri_c1_500_25,1,0.7809942676765751,40
BasicSR,582_fri_c1_500_25,2,0.7517672882419064,33
BasicSR,582_fri_c1_500_25,3,0.7858958216338221,35
BasicSR,582_fri_c1_500_25,4,0.8493883134834754,40
BasicSR,582_fri_c1_500_25,5,0.4836058662781517,33
BasicSR,582_fri_c1_500_25,6,0.5494941220628993,29
BasicSR,582_fri_c1_500_25,7,0.8248203190520051,38
BasicSR,582_fri_c1_500_25,8,0.5950955918658642,12
BasicSR,582_fri_c1_500_25,9,0.7147629434954539,29
BasicSR,583_fri_c1_1000_50,0,0.7711283536526607,30
BasicSR,583_fri_c1_1000_50,1,0.7300065817855881,25
BasicSR,583_fri_c1_1000_50,2,0.6662366577395017,25
BasicSR,583_fri_c1_1000_50,3,0.7960742753614449,37
BasicSR,583_fri_c1_1000_50,4,0.7903835778702402,36
BasicSR,583_fri_c1_1000_50,5,0.8221131148652968,19
BasicSR,583_fri_c1_1000_50,6,0.6729402963871807,28
BasicSR,583_fri_c1_1000_50,7,0.77725423015652,23
BasicSR,583_fri_c1_1000_50,8,0.8502171907291942,35
BasicSR,583_fri_c1_1000_50,9,0.7546212241838873,30
BasicSR,584_fri_c4_500_25,0,0.8023459683793255,29
BasicSR,584_fri_c4_500_25,1,0.9075218572521258,39
BasicSR,584_fri_c4_500_25,2,0.8670548007950831,27
BasicSR,584_fri_c4_500_25,3,0.7731628397610371,23
BasicSR,584_fri_c4_500_25,4,0.7895541918845739,18
BasicSR,584_fri_c4_500_25,5,0.8055977706204096,28
BasicSR,584_fri_c4_500_25,6,0.75331543370858,28
BasicSR,584_fri_c4_500_25,7,0.8405413461763818,40
BasicSR,584_fri_c4_500_25,8,0.8356343841599881,35
BasicSR,584_fri_c4_500_25,9,0.9101361501552483,33
BasicSR,586_fri_c3_1000_25,0,0.8358183266719372,26
BasicSR,586_fri_c3_1000_25,1,0.7499458137447502,34
BasicSR,586_fri_c3_1000_25,2,0.7648882301271784,40
BasicSR,586_fri_c3_1000_25,3,0.7355582304652906,30
BasicSR,586_fri_c3_1000_25,4,0.8306278697678611,27
BasicSR,586_fri_c3_1000_25,5,0.7802362201510221,24
BasicSR,586_fri_c3_1000_25,6,0.7087414735728768,14
BasicSR,586_fri_c3_1000_25,7,0.7543419620780848,21
BasicSR,586_fri_c3_1000_25,8,0.7239315163995959,32
BasicSR,586_fri_c3_1000_25,9,0.8950160467750593,40
BasicSR,588_fri_c4_1000_100,0,0.5320082237490238,20
BasicSR,588_fri_c4_1000_100,1,0.703256357234889,20
BasicSR,588_fri_c4_1000_100,2,0.6859131087279741,39
BasicSR,588_fri_c4_1000_100,3,0.6904788442511697,31
BasicSR,588_fri_c4_1000_100,4,0.6086022245801717,22
BasicSR,588_fri_c4_1000_100,5,0.5431582401129542,30
BasicSR,588_fri_c4_1000_100,6,0.642123764193026,19
BasicSR,588_fri_c4_1000_100,7,0.8240243126911178,40
BasicSR,588_fri_c4_1000_100,8,0.7231750001054755,27
BasicSR,588_fri_c4_1000_100,9,0.5858455207934931,38
BasicSR,589_fri_c2_1000_25,0,0.8770931203918921,31
BasicSR,589_fri_c2_1000_25,1,0.8378961856474865,38
BasicSR,589_fri_c2_1000_25,2,0.794787458762325,35
BasicSR,589_fri_c2_1000_25,3,0.8719149637074881,39
BasicSR,589_fri_c2_1000_25,4,0.7907525296706867,24
BasicSR,589_fri_c2_1000_25,5,0.8097574705437272,22
BasicSR,589_fri_c2_1000_25,6,0.6775139541478786,37
BasicSR,589_fri_c2_1000_25,7,0.851845302754914,39
BasicSR,589_fri_c2_1000_25,8,0.8201729846167156,32
BasicSR,589_fri_c2_1000_25,9,0.7404684703679836,28
BasicSR,590_fri_c0_1000_50,0,0.7431398534847209,16
BasicSR,590_fri_c0_1000_50,1,0.6712611156556154,10
BasicSR,590_fri_c0_1000_50,2,0.8585702734881597,36
BasicSR,590_fri_c0_1000_50,3,0.7600432978353275,28
BasicSR,590_fri_c0_1000_50,4,0.7811832391123208,20
BasicSR,590_fri_c0_1000_50,5,0.710710953044728,18
BasicSR,590_fri_c0_1000_50,6,0.6948584895952472,15
BasicSR,590_fri_c0_1000_50,7,0.7681275142493108,25
BasicSR,590_fri_c0_1000_50,8,0.7984904450778461,24
BasicSR,590_fri_c0_1000_50,9,0.7106990367592754,31
BasicSR,591_fri_c1_100_10,0,0.8859087115188437,40
BasicSR,591_fri_c1_100_10,1,0.6578272185018823,39
BasicSR,591_fri_c1_100_10,2,0.7312004950776638,32
BasicSR,591_fri_c1_100_10,3,0.7204129625889932,40
BasicSR,591_fri_c1_100_10,4,0.8981811391480606,39
BasicSR,591_fri_c1_100_10,5,0.5946887870141058,36
BasicSR,591_fri_c1_100_10,6,0.8399095454949831,38
BasicSR,591_fri_c1_100_10,7,0.24567024945472737,24
BasicSR,591_fri_c1_100_10,8,0.8566716315076636,22
BasicSR,591_fri_c1_100_10,9,0.922583655282269,40
BasicSR,592_fri_c4_1000_25,0,0.7574898414922312,40
BasicSR,592_fri_c4_1000_25,1,0.83499274118741,22
BasicSR,592_fri_c4_1000_25,2,0.6463878933838154,14
BasicSR,592_fri_c4_1000_25,3,0.6682349964023335,15
BasicSR,592_fri_c4_1000_25,4,0.8576669433496468,25
BasicSR,592_fri_c4_1000_25,5,0.8322398042204147,39
BasicSR,592_fri_c4_1000_25,6,0.550500378384425,10
BasicSR,592_fri_c4_1000_25,7,0.83008388133371,38
BasicSR,592_fri_c4_1000_25,8,0.6107745717473307,31
BasicSR,592_fri_c4_1000_25,9,0.7995866760968763,24
BasicSR,593_fri_c1_1000_10,0,0.7525086794428432,40
BasicSR,593_fri_c1_1000_10,1,0.88823510231148,33
BasicSR,593_fri_c1_1000_10,2,0.8286989030880836,40
BasicSR,593_fri_c1_1000_10,3,0.8663631300283691,40
BasicSR,593_fri_c1_1000_10,4,0.8928191658250656,24
BasicSR,593_fri_c1_1000_10,5,0.8694585419768734,37
BasicSR,593_fri_c1_1000_10,6,0.8850235776062668,29
BasicSR,593_fri_c1_1000_10,7,0.887583395798251,31
BasicSR,593_fri_c1_1000_10,8,0.873204401664032,39
BasicSR,593_fri_c1_1000_10,9,0.8497944765942369,29
BasicSR,594_fri_c2_100_5,0,0.8530393729956884,38
BasicSR,594_fri_c2_100_5,1,0.5527513281594718,40
BasicSR,594_fri_c2_100_5,2,0.862725946680569,40
BasicSR,594_fri_c2_100_5,3,0.5117427086890796,36
BasicSR,594_fri_c2_100_5,4,0.8106139190498284,40
BasicSR,594_fri_c2_100_5,5,0.877500392763754,40
BasicSR,594_fri_c2_100_5,6,0.7717342204265702,39
BasicSR,594_fri_c2_100_5,7,0.7590786423521838,31
BasicSR,594_fri_c2_100_5,8,0.6936265990219764,39
BasicSR,594_fri_c2_100_5,9,0.866208093497022,39
BasicSR,595_fri_c0_1000_10,0,0.921690261928345,40
BasicSR,595_fri_c0_1000_10,1,0.8476744977183259,22
BasicSR,595_fri_c0_1000_10,2,0.8382561357409473,29
BasicSR,595_fri_c0_1000_10,3,0.8708177480247391,31
BasicSR,595_fri_c0_1000_10,4,0.901199357297477,33
BasicSR,595_fri_c0_1000_10,5,0.8953653865810477,24
BasicSR,595_fri_c0_1000_10,6,0.8961785157970921,31
BasicSR,595_fri_c0_1000_10,7,0.9036078383412315,30
BasicSR,595_fri_c0_1000_10,8,0.8693918809181769,21
BasicSR,595_fri_c0_1000_10,9,0.8769858614002191,30
BasicSR,596_fri_c2_250_5,0,0.8612768464010988,31
BasicSR,596_fri_c2_250_5,1,0.8490193715939652,40
BasicSR,596_fri_c2_250_5,2,0.8158178532189038,40
BasicSR,596_fri_c2_250_5,3,0.9041405683225812,38
BasicSR,596_fri_c2_250_5,4,0.8877880192178584,40
BasicSR,596_fri_c2_250_5,5,0.9269557374925523,34
BasicSR,596_fri_c2_250_5,6,0.9052481499657555,23
BasicSR,596_fri_c2_250_5,7,0.918529376508499,40
BasicSR,596_fri_c2_250_5,8,0.8258052509213277,32
BasicSR,596_fri_c2_250_5,9,0.8307228820388218,36
BasicSR,597_fri_c2_500_5,0,0.9031225144148002,39
BasicSR,597_fri_c2_500_5,1,0.9079107432238778,40
BasicSR,597_fri_c2_500_5,2,0.9312120394340457,39
BasicSR,597_fri_c2_500_5,3,0.831088073342738,39
BasicSR,597_fri_c2_500_5,4,0.9007468405061989,30
BasicSR,597_fri_c2_500_5,5,0.8821988161822553,40
BasicSR,597_fri_c2_500_5,6,0.9382749256354063,40
BasicSR,597_fri_c2_500_5,7,0.8882992079142389,38
BasicSR,597_fri_c2_500_5,8,0.9513812245756853,40
BasicSR,597_fri_c2_500_5,9,0.8502386896445984,35
BasicSR,598_fri_c0_1000_25,0,0.8227573172301632,18
BasicSR,598_fri_c0_1000_25,1,0.6646664360377986,15
BasicSR,598_fri_c0_1000_25,2,0.8738356951803972,35
BasicSR,598_fri_c0_1000_25,3,0.9063878727554494,36
BasicSR,598_fri_c0_1000_25,4,0.8237913457363473,26
BasicSR,598_fri_c0_1000_25,5,0.7332669057051813,16
BasicSR,598_fri_c0_1000_25,6,0.7888657581463575,15
BasicSR,598_fri_c0_1000_25,7,0.8714778274394277,33
BasicSR,598_fri_c0_1000_25,8,0.7068956724005534,15
BasicSR,598_fri_c0_1000_25,9,0.8303068147991115,23
BasicSR,599_fri_c2_1000_5,0,0.8528762912497094,39
BasicSR,599_fri_c2_1000_5,1,0.9277522000784478,40
BasicSR,599_fri_c2_1000_5,2,0.9147919528619594,40
BasicSR,599_fri_c2_1000_5,3,0.8827557523287659,39
BasicSR,599_fri_c2_1000_5,4,0.908516523560952,38
BasicSR,599_fri_c2_1000_5,5,0.9138990250606667,38
BasicSR,599_fri_c2_1000_5,6,0.8716054403414824,38
BasicSR,599_fri_c2_1000_5,7,0.9306777179046654,32
BasicSR,599_fri_c2_1000_5,8,0.8638430664744243,36
BasicSR,599_fri_c2_1000_5,9,0.8545969252769057,40
BasicSR,601_fri_c1_250_5,0,0.8329992176741602,40
BasicSR,601_fri_c1_250_5,1,0.8694620619239924,40
BasicSR,601_fri_c1_250_5,2,0.9067892455799029,40
BasicSR,601_fri_c1_250_5,3,0.9523082549262492,40
BasicSR,601_fri_c1_250_5,4,0.8842264730347754,39
BasicSR,601_fri_c1_250_5,5,0.9626888838741003,39
BasicSR,601_fri_c1_250_5,6,0.9317782842393796,39
BasicSR,601_fri_c1_250_5,7,0.8778070301285099,39
BasicSR,601_fri_c1_250_5,8,0.9195870590117742,34
BasicSR,601_fri_c1_250_5,9,0.860558593595971,34
BasicSR,602_fri_c3_250_10,0,0.8833232915603214,28
BasicSR,602_fri_c3_250_10,1,0.7993110661181834,24
BasicSR,602_fri_c3_250_10,2,0.7723282135860602,21
BasicSR,602_fri_c3_250_10,3,0.8495872273837838,34
BasicSR,602_fri_c3_250_10,4,0.9173707523506993,40
BasicSR,602_fri_c3_250_10,5,0.8497982748505324,40
BasicSR,602_fri_c3_250_10,6,0.9240257854342006,33
BasicSR,602_fri_c3_250_10,7,0.8207313901230965,16
BasicSR,602_fri_c3_250_10,8,0.8499987307263391,29
BasicSR,602_fri_c3_250_10,9,0.8280232041839617,32
BasicSR,603_fri_c0_250_50,0,0.8017710777189677,30
BasicSR,603_fri_c0_250_50,1,0.7605241311076985,39
BasicSR,603_fri_c0_250_50,2,0.6373913295520846,14
BasicSR,603_fri_c0_250_50,3,0.5485383359089564,10
BasicSR,603_fri_c0_250_50,4,0.7088421320801818,25
BasicSR,603_fri_c0_250_50,5,0.7853547388592514,23
BasicSR,603_fri_c0_250_50,6,0.688261399867782,23
BasicSR,603_fri_c0_250_50,7,0.5442559143615876,33
BasicSR,603_fri_c0_250_50,8,0.8260882875099301,36
BasicSR,603_fri_c0_250_50,9,0.7804644786937007,22
BasicSR,604_fri_c4_500_10,0,0.87062456863299,40
BasicSR,604_fri_c4_500_10,1,0.8596905186231016,27
BasicSR,604_fri_c4_500_10,2,0.7755151134248321,40
BasicSR,604_fri_c4_500_10,3,0.8801213614316349,25
BasicSR,604_fri_c4_500_10,4,0.8486276075854663,36
BasicSR,604_fri_c4_500_10,5,0.8771025258753513,33
BasicSR,604_fri_c4_500_10,6,0.799678406974984,37
BasicSR,604_fri_c4_500_10,7,0.8608881607054897,37
BasicSR,604_fri_c4_500_10,8,0.6069429151219647,40
BasicSR,604_fri_c4_500_10,9,0.5012021924679619,21
BasicSR,605_fri_c2_250_25,0,0.7933924637721417,38
BasicSR,605_fri_c2_250_25,1,0.8139864487542569,19
BasicSR,605_fri_c2_250_25,2,0.6955616848245207,40
BasicSR,605_fri_c2_250_25,3,0.8972301007266164,31
BasicSR,605_fri_c2_250_25,4,0.8220815379958386,33
BasicSR,605_fri_c2_250_25,5,0.939948152958366,35
BasicSR,605_fri_c2_250_25,6,0.6741445734771412,35
BasicSR,605_fri_c2_250_25,7,0.6511939543682221,40
BasicSR,605_fri_c2_250_25,8,0.8383477436386609,40
BasicSR,605_fri_c2_250_25,9,0.6647030881913258,28
BasicSR,606_fri_c2_1000_10,0,0.7778350794495703,20
BasicSR,606_fri_c2_1000_10,1,0.8164861716528684,30
BasicSR,606_fri_c2_1000_10,2,0.8879730384862067,29
BasicSR,606_fri_c2_1000_10,3,0.8535571304026136,26
BasicSR,606_fri_c2_1000_10,4,0.8674430542352071,30
BasicSR,606_fri_c2_1000_10,5,0.794445510760613,20
BasicSR,606_fri_c2_1000_10,6,0.8461415272478032,32
BasicSR,606_fri_c2_1000_10,7,0.8130017639394985,22
BasicSR,606_fri_c2_1000_10,8,0.8338791364336413,34
BasicSR,606_fri_c2_1000_10,9,0.6976587609887641,33
BasicSR,607_fri_c4_1000_50,0,0.6113986130122253,27
BasicSR,607_fri_c4_1000_50,1,0.6579017638743186,35
BasicSR,607_fri_c4_1000_50,2,0.7510382617864921,23
BasicSR,607_fri_c4_1000_50,3,0.7309865264280191,40
BasicSR,607_fri_c4_1000_50,4,0.6147630923271302,29
BasicSR,607_fri_c4_1000_50,5,0.6084037193979561,40
BasicSR,607_fri_c4_1000_50,6,0.8016777328278172,40
BasicSR,607_fri_c4_1000_50,7,0.8286206163202781,33
BasicSR,607_fri_c4_1000_50,8,0.6715717833602771,28
BasicSR,607_fri_c4_1000_50,9,0.5347997463936417,27
BasicSR,608_fri_c3_1000_10,0,0.7956186203501525,38
BasicSR,608_fri_c3_1000_10,1,0.7987820381932091,38
BasicSR,608_fri_c3_1000_10,2,0.8219825971632814,16
BasicSR,608_fri_c3_1000_10,3,0.8658377441963924,34
BasicSR,608_fri_c3_1000_10,4,0.7823003692216539,25
BasicSR,608_fri_c3_1000_10,5,0.8916681008214258,40
BasicSR,608_fri_c3_1000_10,6,0.8856788234761648,25
BasicSR,608_fri_c3_1000_10,7,0.8333175609383405,25
BasicSR,608_fri_c3_1000_10,8,0.867391499757604,40
BasicSR,608_fri_c3_1000_10,9,0.8915250729108584,31
BasicSR,609_fri_c0_1000_5,0,0.8769297981134286,32
BasicSR,609_fri_c0_1000_5,1,0.9381972276816752,35
BasicSR,609_fri_c0_1000_5,2,0.8957360618263548,33
BasicSR,609_fri_c0_1000_5,3,0.9214242306072775,36
BasicSR,609_fri_c0_1000_5,4,0.9101298134744508,40
BasicSR,609_fri_c0_1000_5,5,0.8799496239257015,38
BasicSR,609_fri_c0_1000_5,6,0.9449708365789302,35
BasicSR,609_fri_c0_1000_5,7,0.9490743226312386,39
BasicSR,609_fri_c0_1000_5,8,0.8605763684186736,28
BasicSR,609_fri_c0_1000_5,9,0.8832922803638689,27
BasicSR,611_fri_c3_100_5,0,0.5295903799492145,29
BasicSR,611_fri_c3_100_5,1,0.6426808025728532,37
BasicSR,611_fri_c3_100_5,2,0.887471586146472,37
BasicSR,611_fri_c3_100_5,3,0.9209974312018379,29
BasicSR,611_fri_c3_100_5,4,0.8722944849103428,40
BasicSR,611_fri_c3_100_5,5,0.34598588886490345,32
BasicSR,611_fri_c3_100_5,6,0.9326932439160845,40
BasicSR,611_fri_c3_100_5,7,0.9186139198260314,40
BasicSR,611_fri_c3_100_5,8,0.8976882385410747,40
BasicSR,611_fri_c3_100_5,9,0.9111744447617879,18
BasicSR,612_fri_c1_1000_5,0,0.855927020838916,39
BasicSR,612_fri_c1_1000_5,1,0.9018709545401475,35
BasicSR,612_fri_c1_1000_5,2,0.9491678221490977,40
BasicSR,612_fri_c1_1000_5,3,0.8769139598182744,27
BasicSR,612_fri_c1_1000_5,4,0.8363445584019757,37
BasicSR,612_fri_c1_1000_5,5,0.9367460454817244,35
BasicSR,612_fri_c1_1000_5,6,0.9339949356237666,31
BasicSR,612_fri_c1_1000_5,7,0.8768989575895665,39
BasicSR,612_fri_c1_1000_5,8,0.9083046756172454,39
BasicSR,612_fri_c1_1000_5,9,0.9214498290971014,40
BasicSR,613_fri_c3_250_5,0,0.906563126981321,36
BasicSR,613_fri_c3_250_5,1,0.9063839476612439,32
BasicSR,613_fri_c3_250_5,2,0.8269198111099397,26
BasicSR,613_fri_c3_250_5,3,0.8508964256504902,40
BasicSR,613_fri_c3_250_5,4,0.9202289371043714,40
BasicSR,613_fri_c3_250_5,5,0.7497448335733177,38
BasicSR,613_fri_c3_250_5,6,0.9203480784933162,31
BasicSR,613_fri_c3_250_5,7,0.7603667141069522,29
BasicSR,613_fri_c3_250_5,8,0.9059691255719055,39
BasicSR,613_fri_c3_250_5,9,0.9021512577475247,38
BasicSR,615_fri_c4_250_10,0,0.6773788853113745,40
BasicSR,615_fri_c4_250_10,1,0.8152824805511831,39
BasicSR,615_fri_c4_250_10,2,0.91663890779826,36
BasicSR,615_fri_c4_250_10,3,0.8658223358422541,36
BasicSR,615_fri_c4_250_10,4,0.4815693163618239,8
BasicSR,615_fri_c4_250_10,5,0.7613250800498188,28
BasicSR,615_fri_c4_250_10,6,0.7000346676108501,25
BasicSR,615_fri_c4_250_10,7,0.5464600803833154,38
BasicSR,615_fri_c4_250_10,8,0.8060730758500889,35
BasicSR,615_fri_c4_250_10,9,0.7730415652726776,31
BasicSR,616_fri_c4_500_50,0,0.7756497077821148,40
BasicSR,616_fri_c4_500_50,1,0.8893756161903374,40
BasicSR,616_fri_c4_500_50,2,0.6961820529934165,24
BasicSR,616_fri_c4_500_50,3,0.6988194720829684,29
BasicSR,616_fri_c4_500_50,4,0.6032166072766068,30
BasicSR,616_fri_c4_500_50,5,0.6764008627662751,30
BasicSR,616_fri_c4_500_50,6,0.5576546660917772,26
BasicSR,616_fri_c4_500_50,7,0.8534100361423502,33
BasicSR,616_fri_c4_500_50,8,0.7749275910369493,33
BasicSR,616_fri_c4_500_50,9,0.8669156398755898,38
BasicSR,617_fri_c3_500_5,0,0.8941016246299329,35
BasicSR,617_fri_c3_500_5,1,0.8291813677725611,32
BasicSR,617_fri_c3_500_5,2,0.8783794362305402,40
BasicSR,617_fri_c3_500_5,3,0.8392894213619886,40
BasicSR,617_fri_c3_500_5,4,0.8940890368874997,32
BasicSR,617_fri_c3_500_5,5,0.902212166504827,36
BasicSR,617_fri_c3_500_5,6,0.9098347925913447,32
BasicSR,617_fri_c3_500_5,7,0.8914533292968883,34
BasicSR,617_fri_c3_500_5,8,0.8855818626459737,31
BasicSR,617_fri_c3_500_5,9,0.878039120799268,40
BasicSR,618_fri_c3_1000_50,0,0.771238684447109,39
BasicSR,618_fri_c3_1000_50,1,0.7842189700184675,36
BasicSR,618_fri_c3_1000_50,2,0.3983288096956593,40
BasicSR,618_fri_c3_1000_50,3,0.8631710703630132,29
BasicSR,618_fri_c3_1000_50,4,0.6080764441367392,22
BasicSR,618_fri_c3_1000_50,5,0.4256024159159073,16
BasicSR,618_fri_c3_1000_50,6,0.7944849024127701,37
BasicSR,618_fri_c3_1000_50,7,0.6180964703155551,33
BasicSR,618_fri_c3_1000_50,8,0.7117665666389743,32
BasicSR,618_fri_c3_1000_50,9,0.6666997269803636,39
BasicSR,620_fri_c1_1000_25,0,0.8492948401440245,40
BasicSR,620_fri_c1_1000_25,1,0.8071589956610504,18
BasicSR,620_fri_c1_1000_25,2,0.8538016191420432,39
BasicSR,620_fri_c1_1000_25,3,0.8210716508878705,40
BasicSR,620_fri_c1_1000_25,4,0.765439571208433,40
BasicSR,620_fri_c1_1000_25,5,0.8490698501922127,39
BasicSR,620_fri_c1_1000_25,6,0.8343337913915355,35
BasicSR,620_fri_c1_1000_25,7,0.7981043504198817,27
BasicSR,620_fri_c1_1000_25,8,0.8433180819000294,39
BasicSR,620_fri_c1_1000_25,9,0.7856809745976994,37
BasicSR,621_fri_c0_100_10,0,0.7911726619839782,30
BasicSR,621_fri_c0_100_10,1,0.8159906862754893,40
BasicSR,621_fri_c0_100_10,2,0.8266682933892971,28
BasicSR,621_fri_c0_100_10,3,0.9308368049834645,38
BasicSR,621_fri_c0_100_10,4,0.9564946017977537,40
BasicSR,621_fri_c0_100_10,5,0.7527496882068133,21
BasicSR,621_fri_c0_100_10,6,0.6852089292138139,40
BasicSR,621_fri_c0_100_10,7,0.8487144145587395,34
BasicSR,621_fri_c0_100_10,8,0.8005218322851244,40
BasicSR,621_fri_c0_100_10,9,0.6001504604769998,27
BasicSR,622_fri_c2_1000_50,0,0.7943047155296568,32
BasicSR,622_fri_c2_1000_50,1,0.8310137094500276,37
BasicSR,622_fri_c2_1000_50,2,0.77394567396183,31
BasicSR,622_fri_c2_1000_50,3,0.6625792676708959,26
BasicSR,622_fri_c2_1000_50,4,0.8005204953428698,37
BasicSR,622_fri_c2_1000_50,5,0.9013457590640053,38
BasicSR,622_fri_c2_1000_50,6,0.7018843782957095,37
BasicSR,622_fri_c2_1000_50,7,0.7569983048453018,25
BasicSR,622_fri_c2_1000_50,8,0.8224896751790928,32
BasicSR,622_fri_c2_1000_50,9,0.8295628571560447,24
BasicSR,623_fri_c4_1000_10,0,0.804793877897208,40
BasicSR,623_fri_c4_1000_10,1,0.8664711179963349,32
BasicSR,623_fri_c4_1000_10,2,0.7873281089651236,40
BasicSR,623_fri_c4_1000_10,3,0.8797011808231526,27
BasicSR,623_fri_c4_1000_10,4,0.8869530653206212,35
BasicSR,623_fri_c4_1000_10,5,0.8833271571784755,27
BasicSR,623_fri_c4_1000_10,6,0.9092274712562932,38
BasicSR,623_fri_c4_1000_10,7,0.8528862799111357,26
BasicSR,623_fri_c4_1000_10,8,0.8708518199688212,20
BasicSR,623_fri_c4_1000_10,9,0.9001879150704883,33
BasicSR,624_fri_c0_100_5,0,0.8222387303393814,38
BasicSR,624_fri_c0_100_5,1,0.778215550108738,32
BasicSR,624_fri_c0_100_5,2,0.4609450127875169,39
BasicSR,624_fri_c0_100_5,3,0.8809283784103523,37
BasicSR,624_fri_c0_100_5,4,0.8567723978970809,32
BasicSR,624_fri_c0_100_5,5,0.7982494231057675,36
BasicSR,624_fri_c0_100_5,6,0.7120289124846638,39
BasicSR,624_fri_c0_100_5,7,0.8718373982245243,35
BasicSR,624_fri_c0_100_5,8,0.8731108548707903,30
BasicSR,624_fri_c0_100_5,9,0.855050141152801,39
BasicSR,626_fri_c2_500_50,0,0.823114899687602,23
BasicSR,626_fri_c2_500_50,1,0.8174942726883845,29
BasicSR,626_fri_c2_500_50,2,0.7023034699669846,18
BasicSR,626_fri_c2_500_50,3,0.8560060514263892,33
BasicSR,626_fri_c2_500_50,4,0.6975407214335632,36
BasicSR,626_fri_c2_500_50,5,0.7254449151278352,12
BasicSR,626_fri_c2_500_50,6,0.8574694078217653,39
BasicSR,626_fri_c2_500_50,7,0.7863900731040049,26
BasicSR,626_fri_c2_500_50,8,0.8246918891034996,31
BasicSR,626_fri_c2_500_50,9,0.8273041766505617,37
BasicSR,627_fri_c2_500_10,0,0.8240675023029738,33
BasicSR,627_fri_c2_500_10,1,0.8395450981918837,33
BasicSR,627_fri_c2_500_10,2,0.7869098123368407,40
BasicSR,627_fri_c2_500_10,3,0.799404130580311,39
BasicSR,627_fri_c2_500_10,4,0.819005578941947,40
BasicSR,627_fri_c2_500_10,5,0.8039235666970463,27
BasicSR,627_fri_c2_500_10,6,0.805226653213927,40
BasicSR,627_fri_c2_500_10,7,0.7461830378527692,40
BasicSR,627_fri_c2_500_10,8,0.8093741594242139,32
BasicSR,627_fri_c2_500_10,9,0.9224515114507247,30
BasicSR,628_fri_c3_1000_5,0,0.9097758053975158,29
BasicSR,628_fri_c3_1000_5,1,0.9006659311635014,31
BasicSR,628_fri_c3_1000_5,2,0.9274539807391786,35
BasicSR,628_fri_c3_1000_5,3,0.907236216756806,40
BasicSR,628_fri_c3_1000_5,4,0.9263927510169052,38
BasicSR,628_fri_c3_1000_5,5,0.856926962888395,37
BasicSR,628_fri_c3_1000_5,6,0.8819895458672364,33
BasicSR,628_fri_c3_1000_5,7,0.9026478934403358,40
BasicSR,628_fri_c3_1000_5,8,0.9091551355015104,30
BasicSR,628_fri_c3_1000_5,9,0.8949099242087221,26
BasicSR,631_fri_c1_500_5,0,0.8377743518895618,28
BasicSR,631_fri_c1_500_5,1,0.8696143074847447,32
BasicSR,631_fri_c1_500_5,2,0.9045767272121495,40
BasicSR,631_fri_c1_500_5,3,0.8826462546954321,38
BasicSR,631_fri_c1_500_5,4,0.8712581923740732,25
BasicSR,631_fri_c1_500_5,5,0.9493949116116375,39
BasicSR,631_fri_c1_500_5,6,0.90532698149164,34
BasicSR,631_fri_c1_500_5,7,0.7987978063785107,29
BasicSR,631_fri_c1_500_5,8,0.9271984869331396,40
BasicSR,631_fri_c1_500_5,9,0.9078606253818078,31
BasicSR,633_fri_c0_500_25,0,0.8696968720955833,31
BasicSR,633_fri_c0_500_25,1,0.7088448442719759,36
BasicSR,633_fri_c0_500_25,2,0.7715752843724232,39
BasicSR,633_fri_c0_500_25,3,0.7657986656398451,14
BasicSR,633_fri_c0_500_25,4,0.6957929139775905,24
BasicSR,633_fri_c0_500_25,5,0.6202367821385231,25
BasicSR,633_fri_c0_500_25,6,0.8323930936666696,24
BasicSR,633_fri_c0_500_25,7,0.8417455062574448,38
BasicSR,633_fri_c0_500_25,8,0.7348062238730693,26
BasicSR,633_fri_c0_500_25,9,0.7091670230881468,26
BasicSR,634_fri_c2_100_10,0,0.7669355602591414,32
BasicSR,634_fri_c2_100_10,1,0.6020600404804949,40
BasicSR,634_fri_c2_100_10,2,0.451945884427728,39
BasicSR,634_fri_c2_100_10,3,0.7198340451408727,34
BasicSR,634_fri_c2_100_10,4,0.742317493141945,31
BasicSR,634_fri_c2_100_10,5,0.7357618550383107,40
BasicSR,634_fri_c2_100_10,6,0.7452865240729435,40
BasicSR,634_fri_c2_100_10,7,0.6237280775398741,37
BasicSR,634_fri_c2_100_10,8,0.7597988750466673,29
BasicSR,634_fri_c2_100_10,9,0.6131973620111575,40
BasicSR,635_fri_c0_250_10,0,0.882147627076785,32
BasicSR,635_fri_c0_250_10,1,0.8897849807709056,35
BasicSR,635_fri_c0_250_10,2,0.8600599215550165,26
BasicSR,635_fri_c0_250_10,3,0.8553399167661627,40
BasicSR,635_fri_c0_250_10,4,0.9231008548683544,35
BasicSR,635_fri_c0_250_10,5,0.8647615036407834,36
BasicSR,635_fri_c0_250_10,6,0.8897689330278103,30
BasicSR,635_fri_c0_250_10,7,0.7244290790977962,28
BasicSR,635_fri_c0_250_10,8,0.8932474952605751,29
BasicSR,635_fri_c0_250_10,9,0.7845947826520913,30
BasicSR,637_fri_c1_500_50,0,0.637891766189767,38
BasicSR,637_fri_c1_500_50,1,0.7298926355603685,33
BasicSR,637_fri_c1_500_50,2,0.5983465349421017,33
BasicSR,637_fri_c1_500_50,3,0.8469893375232509,30
BasicSR,637_fri_c1_500_50,4,0.8683243376530703,40
BasicSR,637_fri_c1_500_50,5,0.7772486138704843,40
BasicSR,637_fri_c1_500_50,6,0.6035557445762699,31
BasicSR,637_fri_c1_500_50,7,0.8133253275415271,36
BasicSR,637_fri_c1_500_50,8,0.8239458945193475,32
BasicSR,637_fri_c1_500_50,9,0.8848102568986932,32
BasicSR,641_fri_c1_500_10,0,0.8462459979771463,40
BasicSR,641_fri_c1_500_10,1,0.8301691547678307,28
BasicSR,641_fri_c1_500_10,2,0.8684459703166182,30
BasicSR,641_fri_c1_500_10,3,0.8432072443468458,40
BasicSR,641_fri_c1_500_10,4,0.8654954095146716,38
BasicSR,641_fri_c1_500_10,5,0.7444221357055445,40
BasicSR,641_fri_c1_500_10,6,0.909064125480104,39
BasicSR,641_fri_c1_500_10,7,0.8214799283378675,22
BasicSR,641_fri_c1_500_10,8,0.8676374202455427,32
BasicSR,641_fri_c1_500_10,9,0.8226158992907566,37
BasicSR,643_fri_c2_500_25,0,0.7956115502572279,37
BasicSR,643_fri_c2_500_25,1,0.6221249436699121,19
BasicSR,643_fri_c2_500_25,2,0.8205555008234675,40
BasicSR,643_fri_c2_500_25,3,0.7233095132543781,26
BasicSR,643_fri_c2_500_25,4,0.6782074124906481,17
BasicSR,643_fri_c2_500_25,5,0.844472778569014,39
BasicSR,643_fri_c2_500_25,6,0.8498075422068017,40
BasicSR,643_fri_c2_500_25,7,0.8355768849992253,31
BasicSR,643_fri_c2_500_25,8,0.8890644868222066,34
BasicSR,643_fri_c2_500_25,9,0.7199362283224753,13
BasicSR,644_fri_c4_250_25,0,0.8336861720193327,40
BasicSR,644_fri_c4_250_25,1,0.7152920988004384,30
BasicSR,644_fri_c4_250_25,2,0.8419035056413203,31
BasicSR,644_fri_c4_250_25,3,0.8402085715658066,20
BasicSR,644_fri_c4_250_25,4,0.7004104827539952,40
BasicSR,644_fri_c4_250_25,5,0.7291975758399722,36
BasicSR,644_fri_c4_250_25,6,0.4867829485325035,10
BasicSR,644_fri_c4_250_25,7,0.745838060524521,29
BasicSR,644_fri_c4_250_25,8,0.8747202488867827,35
BasicSR,644_fri_c4_250_25,9,0.5915710023096774,10
BasicSR,645_fri_c3_500_50,0,0.7839438223259709,40
BasicSR,645_fri_c3_500_50,1,0.6020291300323781,20
BasicSR,645_fri_c3_500_50,2,0.470849433060763,9
BasicSR,645_fri_c3_500_50,3,0.8682546665366644,39
BasicSR,645_fri_c3_500_50,4,0.6460798875689975,40
BasicSR,645_fri_c3_500_50,5,0.4019830962748069,40
BasicSR,645_fri_c3_500_50,6,0.6600847237249958,25
BasicSR,645_fri_c3_500_50,7,0.23898567572674478,26
BasicSR,645_fri_c3_500_50,8,0.3044140474982914,11
BasicSR,645_fri_c3_500_50,9,0.8405058057123559,30
BasicSR,646_fri_c3_500_10,0,0.7067112726533928,27
BasicSR,646_fri_c3_500_10,1,0.8656601720448122,39
BasicSR,646_fri_c3_500_10,2,0.8567209931182967,37
BasicSR,646_fri_c3_500_10,3,0.8884334520146704,34
BasicSR,646_fri_c3_500_10,4,0.9008082128529207,33
BasicSR,646_fri_c3_500_10,5,0.7645763497036477,22
BasicSR,646_fri_c3_500_10,6,0.7940100298050987,31
BasicSR,646_fri_c3_500_10,7,0.8789444672822395,32
BasicSR,646_fri_c3_500_10,8,0.8254597860022213,38
BasicSR,646_fri_c3_500_10,9,0.7664063530083822,32
BasicSR,647_fri_c1_250_10,0,0.8600568723723216,34
BasicSR,647_fri_c1_250_10,1,0.8671944896200161,34
BasicSR,647_fri_c1_250_10,2,0.803770206732119,30
BasicSR,647_fri_c1_250_10,3,0.848750106444663,33
BasicSR,647_fri_c1_250_10,4,0.7751962931666867,37
BasicSR,647_fri_c1_250_10,5,0.8702527879606192,24
BasicSR,647_fri_c1_250_10,6,0.7187886944715677,34
BasicSR,647_fri_c1_250_10,7,0.9114514879158375,37
BasicSR,647_fri_c1_250_10,8,0.8448156352759727,39
BasicSR,647_fri_c1_250_10,9,0.7231132671900439,35
BasicSR,648_fri_c1_250_50,0,0.9447142338290742,34
BasicSR,648_fri_c1_250_50,1,0.8548003439228624,29
BasicSR,648_fri_c1_250_50,2,0.8135666224399141,29
BasicSR,648_fri_c1_250_50,3,0.8559696363106579,39
BasicSR,648_fri_c1_250_50,4,0.7357443561188467,21
BasicSR,648_fri_c1_250_50,5,0.47730011826357455,10
BasicSR,648_fri_c1_250_50,6,0.6102068013541283,11
BasicSR,648_fri_c1_250_50,7,0.8236666424630996,40
BasicSR,648_fri_c1_250_50,8,0.6518080153768833,23
BasicSR,648_fri_c1_250_50,9,0.7927783765088516,20
BasicSR,649_fri_c0_500_5,0,0.9274052886683827,34
BasicSR,649_fri_c0_500_5,1,0.9167583199252218,39
BasicSR,649_fri_c0_500_5,2,0.8713691093738057,31
BasicSR,649_fri_c0_500_5,3,0.8774008807370708,28
BasicSR,649_fri_c0_500_5,4,0.8963167008465942,40
BasicSR,649_fri_c0_500_5,5,0.8685428375756381,28
BasicSR,649_fri_c0_500_5,6,0.8728640168263178,31
BasicSR,649_fri_c0_500_5,7,0.8937385511698548,39
BasicSR,649_fri_c0_500_5,8,0.8728674939419135,36
BasicSR,649_fri_c0_500_5,9,0.9026420090482747,35
BasicSR,650_fri_c0_500_50,0,0.6680851167930698,22
BasicSR,650_fri_c0_500_50,1,0.6954032275083297,14
BasicSR,650_fri_c0_500_50,2,0.8538199771419523,38
BasicSR,650_fri_c0_500_50,3,0.8583324057086843,29
BasicSR,650_fri_c0_500_50,4,0.7643405864176329,12
BasicSR,650_fri_c0_500_50,5,0.737462402100825,15
BasicSR,650_fri_c0_500_50,6,0.64788473452288,17
BasicSR,650_fri_c0_500_50,7,0.8131147094794968,21
BasicSR,650_fri_c0_500_50,8,0.7389080518957776,19
BasicSR,650_fri_c0_500_50,9,0.8211688114561144,20
BasicSR,651_fri_c0_100_25,0,0.8004503870937492,15
BasicSR,651_fri_c0_100_25,1,0.8400992125201616,22
BasicSR,651_fri_c0_100_25,2,0.6443365953548994,40
BasicSR,651_fri_c0_100_25,3,0.8845243074323341,28
BasicSR,651_fri_c0_100_25,4,0.4181354957609863,22
BasicSR,651_fri_c0_100_25,5,0.7131558321221138,40
BasicSR,651_fri_c0_100_25,6,0.605773851902943,39
BasicSR,651_fri_c0_100_25,7,0.6686947957649927,31
BasicSR,651_fri_c0_100_25,8,0.3029561552303275,34
BasicSR,651_fri_c0_100_25,9,0.7590653678888748,25
BasicSR,653_fri_c0_250_25,0,0.7748389553237389,21
BasicSR,653_fri_c0_250_25,1,0.7537683203245986,33
BasicSR,653_fri_c0_250_25,2,0.8497740313438223,37
BasicSR,653_fri_c0_250_25,3,0.8311569098684811,30
BasicSR,653_fri_c0_250_25,4,0.8754019608952104,32
BasicSR,653_fri_c0_250_25,5,0.7720995723293085,21
BasicSR,653_fri_c0_250_25,6,0.6658559506077639,23
BasicSR,653_fri_c0_250_25,7,0.817028393860352,22
BasicSR,653_fri_c0_250_25,8,0.7246434397756962,30
BasicSR,653_fri_c0_250_25,9,0.7237733925690646,20
BasicSR,654_fri_c0_500_10,0,0.820688185102511,29
BasicSR,654_fri_c0_500_10,1,0.8327138511281194,33
BasicSR,654_fri_c0_500_10,2,0.8911956013364363,34
BasicSR,654_fri_c0_500_10,3,0.8786232387706718,31
BasicSR,654_fri_c0_500_10,4,0.8490177028868411,28
BasicSR,654_fri_c0_500_10,5,0.8813961910664212,29
BasicSR,654_fri_c0_500_10,6,0.8799605392001252,32
BasicSR,654_fri_c0_500_10,7,0.7454886153848299,24
BasicSR,654_fri_c0_500_10,8,0.8884348304944583,36
BasicSR,654_fri_c0_500_10,9,0.89411939191222,34
BasicSR,656_fri_c1_100_5,0,0.8391938729387343,40
BasicSR,656_fri_c1_100_5,1,0.7413365973819388,29
BasicSR,656_fri_c1_100_5,2,0.8290846907233975,24
BasicSR,656_fri_c1_100_5,3,0.8837944734130778,39
BasicSR,656_fri_c1_100_5,4,0.9088702447404484,34
BasicSR,656_fri_c1_100_5,5,0.8486658737948009,40
BasicSR,656_fri_c1_100_5,6,0.8485327728809688,38
BasicSR,656_fri_c1_100_5,7,0.7425669110949233,40
BasicSR,656_fri_c1_100_5,8,0.9613107525954248,39
BasicSR,656_fri_c1_100_5,9,0.923882755684094,40
BasicSR,657_fri_c2_250_10,0,0.7706646218855959,31
BasicSR,657_fri_c2_250_10,1,0.8762486140834721,39
BasicSR,657_fri_c2_250_10,2,0.8663813826993569,39
BasicSR,657_fri_c2_250_10,3,0.8376166283595312,40
BasicSR,657_fri_c2_250_10,4,0.6753555544505414,35
BasicSR,657_fri_c2_250_10,5,0.7707860632987065,20
BasicSR,657_fri_c2_250_10,6,0.7212170500764008,20
BasicSR,657_fri_c2_250_10,7,0.8594911388455537,34
BasicSR,657_fri_c2_250_10,8,0.8572772442428589,40
BasicSR,657_fri_c2_250_10,9,0.7646727802469939,40
BasicSR,658_fri_c3_250_25,0,0.6843319688129801,33
BasicSR,658_fri_c3_250_25,1,0.6455340373654503,27
BasicSR,658_fri_c3_250_25,2,0.8421297014933753,39
BasicSR,658_fri_c3_250_25,3,0.7632873029466447,17
BasicSR,658_fri_c3_250_25,4,0.7905090190432248,33
BasicSR,658_fri_c3_250_25,5,0.8238716784057387,35
BasicSR,658_fri_c3_250_25,6,0.6893941220040202,35
BasicSR,658_fri_c3_250_25,7,0.8645810852489003,39
BasicSR,658_fri_c3_250_25,8,0.6147531290381922,37
BasicSR,658_fri_c3_250_25,9,0.5421076121234214,40
BasicSR,659_sleuth_ex1714,0,0.7232509579805095,39
BasicSR,659_sleuth_ex1714,1,0.39102244205373116,30
BasicSR,659_sleuth_ex1714,2,0.012530041586682694,26
BasicSR,659_sleuth_ex1714,3,0.41755417285469054,36
BasicSR,659_sleuth_ex1714,4,0.09651798723040961,27
BasicSR,659_sleuth_ex1714,5,0.4002053845778416,34
BasicSR,659_sleuth_ex1714,6,-14.312869645498626,23
BasicSR,659_sleuth_ex1714,7,0.4797788833353829,39
BasicSR,659_sleuth_ex1714,8,0.7395600760365301,34
BasicSR,659_sleuth_ex1714,9,0.2423579488312796,34
BasicSR,663_rabe_266,0,0.9558862016711909,8
BasicSR,663_rabe_266,1,0.9889896997809383,26
BasicSR,663_rabe_266,2,0.9735568308181647,31
BasicSR,663_rabe_266,3,0.9762360580638128,23
BasicSR,663_rabe_266,4,0.976938261865984,15
BasicSR,663_rabe_266,5,0.9929558484727107,30
BasicSR,663_rabe_266,6,0.994775333464846,29
BasicSR,663_rabe_266,7,0.9955125632765356,37
BasicSR,663_rabe_266,8,0.9963165812133363,40
BasicSR,663_rabe_266,9,0.9742544958122463,10
BasicSR,665_sleuth_case2002,0,0.18686303285079464,33
BasicSR,665_sleuth_case2002,1,-0.09379845578398638,40
BasicSR,665_sleuth_case2002,2,0.1738206911612562,39
BasicSR,665_sleuth_case2002,3,0.1519967371041352,38
BasicSR,665_sleuth_case2002,4,-0.11570354338012057,31
BasicSR,665_sleuth_case2002,5,-0.36719378826191895,40
BasicSR,665_sleuth_case2002,6,0.28471199593499363,37
BasicSR,665_sleuth_case2002,7,-0.027487708482753836,39
BasicSR,665_sleuth_case2002,8,0.10599376771678182,40
BasicSR,665_sleuth_case2002,9,0.1945840316291083,40
BasicSR,666_rmftsa_ladata,0,0.6241191895868805,38
BasicSR,666_rmftsa_ladata,1,0.48979182969551016,36
BasicSR,666_rmftsa_ladata,2,0.6884203131366733,8
BasicSR,666_rmftsa_ladata,3,0.5526387696236246,40
BasicSR,666_rmftsa_ladata,4,0.5864447094531662,37
BasicSR,666_rmftsa_ladata,5,0.47054367208763426,36
BasicSR,666_rmftsa_ladata,6,0.6115434269187885,27
BasicSR,666_rmftsa_ladata,7,0.7567861897518124,39
BasicSR,666_rmftsa_ladata,8,0.6034936158526089,39
BasicSR,666_rmftsa_ladata,9,0.5763950297175604,25
BasicSR,678_visualizing_environmental,0,0.11530792369294462,40
BasicSR,678_visualizing_environmental,1,0.2477295462892536,27
BasicSR,678_visualizing_environmental,2,0.4365423244630232,40
BasicSR,678_visualizing_environmental,3,-99310354613404.16,37
BasicSR,678_visualizing_environmental,4,0.27957582015676663,32
BasicSR,678_visualizing_environmental,5,0.039292183547991244,33
BasicSR,678_visualizing_environmental,6,0.5453360120907993,40
BasicSR,678_visualizing_environmental,7,0.04976101242862718,28
BasicSR,678_visualizing_environmental,8,-0.06125357325158132,38
BasicSR,678_visualizing_environmental,9,0.095818294314711,33
BasicSR,687_sleuth_ex1605,0,0.3915120560664578,40
BasicSR,687_sleuth_ex1605,1,0.45701291272993905,40
BasicSR,687_sleuth_ex1605,2,0.09672254760694654,37
BasicSR,687_sleuth_ex1605,3,-1.3091301242911593,39
BasicSR,687_sleuth_ex1605,4,0.5403166649880882,18
BasicSR,687_sleuth_ex1605,5,0.5843300144209255,20
BasicSR,687_sleuth_ex1605,6,0.5663064877793023,39
BasicSR,687_sleuth_ex1605,7,0.5857792934892279,28
BasicSR,687_sleuth_ex1605,8,0.2293753026079891,35
BasicSR,687_sleuth_ex1605,9,0.5866902485393071,16
BasicSR,690_visualizing_galaxy,0,0.964774789644713,40
BasicSR,690_visualizing_galaxy,1,0.9604298467115233,40
BasicSR,690_visualizing_galaxy,2,0.9585842624688323,27
BasicSR,690_visualizing_galaxy,3,0.9748124092438397,29
BasicSR,690_visualizing_galaxy,4,0.9616605648206382,27
BasicSR,690_visualizing_galaxy,5,0.9601261030255465,34
BasicSR,690_visualizing_galaxy,6,0.962418978273184,34
BasicSR,690_visualizing_galaxy,7,0.9405572025094151,28
BasicSR,690_visualizing_galaxy,8,0.9655208997353361,40
BasicSR,690_visualizing_galaxy,9,0.9681897810213457,29
BasicSR,695_chatfield_4,0,0.9036874335297309,12
BasicSR,695_chatfield_4,1,0.8237149330538613,40
BasicSR,695_chatfield_4,2,0.8817303352025709,32
BasicSR,695_chatfield_4,3,0.8228728653737506,39
BasicSR,695_chatfield_4,4,0.7542006068783207,40
BasicSR,695_chatfield_4,5,0.7947441573400643,37
BasicSR,695_chatfield_4,6,0.7246591089696202,40
BasicSR,695_chatfield_4,7,0.8319077960234517,25
BasicSR,695_chatfield_4,8,0.902854050294067,23
BasicSR,695_chatfield_4,9,0.8309460338355855,23
BasicSR,706_sleuth_case1202,0,0.6910304534646994,40
BasicSR,706_sleuth_case1202,1,0.8142982644985524,36
BasicSR,706_sleuth_case1202,2,0.6326053333378986,25
BasicSR,706_sleuth_case1202,3,0.5590121708261166,34
BasicSR,706_sleuth_case1202,4,0.7268532086517395,39
BasicSR,706_sleuth_case1202,5,-0.18235218545995613,38
BasicSR,706_sleuth_case1202,6,0.49875152919619914,36
BasicSR,706_sleuth_case1202,7,0.5756697251253398,40
BasicSR,706_sleuth_case1202,8,0.508042371776835,40
BasicSR,706_sleuth_case1202,9,0.5076152522331002,29
BasicSR,712_chscase_geyser1,0,0.7901607068261994,9
BasicSR,712_chscase_geyser1,1,0.7903704543256704,34
BasicSR,712_chscase_geyser1,2,0.7035653008367897,39
BasicSR,712_chscase_geyser1,3,0.8068044309606665,14
BasicSR,712_chscase_geyser1,4,0.7194040544004949,3
BasicSR,712_chscase_geyser1,5,0.7638531593046223,33
BasicSR,712_chscase_geyser1,6,0.7887231467611251,40
BasicSR,712_chscase_geyser1,7,0.7549690529187103,39
BasicSR,712_chscase_geyser1,8,0.7820216440092103,9
BasicSR,712_chscase_geyser1,9,0.750469564365536,39
BasicSR,banana,0,0.4564411774775451,23
BasicSR,banana,1,0.483350046890931,39
BasicSR,banana,2,0.4637600251148185,33
BasicSR,banana,3,0.5536888580617805,40
BasicSR,banana,4,0.5268706186175536,40
BasicSR,banana,5,0.34783004517742067,40
BasicSR,banana,6,0.5613991464094804,38
BasicSR,banana,7,0.42960424952068077,40
BasicSR,banana,8,0.5961296108099614,38
BasicSR,banana,9,0.3918193907436238,17
BasicSR,titanic,0,0.2407340603095698,40
BasicSR,titanic,1,0.2987740061077486,40
BasicSR,titanic,2,0.3236102851762057,39
BasicSR,titanic,3,0.28751041305271385,40
BasicSR,titanic,4,0.32918446139333524,26
BasicSR,titanic,5,0.3278461784687995,30
BasicSR,titanic,6,0.2758124928347965,15
BasicSR,titanic,7,0.25227132036382227,13
BasicSR,titanic,8,0.33457078974372123,29
BasicSR,titanic,9,0.3014467757188116,27
