Complexity,Loss,Equation
1,0.005069787,"0.0831684"
3,0.0018078206,"0.17145818 / x0"
4,8.2966144e-5,"exp(x0 * -1.3996341)"
5,2.4999355e-5,"-0.13820894 - (-0.39510915 / x0)"
7,2.4999339e-5,"(-0.08844884 - (-0.39510554 / x0)) + -0.04975822"
8,7.4848744e-14,"exp(((x0 * x0) / -2.0000124) + -0.91894406)"
14,7.483696e-14,"exp((x0 * (x0 / -2.0000124)) + ((-0.9257332 - (x0 - x0)) / 1.007388))"
