method,seed,frontier_index,original_complexity,post_calibration_complexity,affine_scale,affine_offset,calibrated_r2,rewritten_raw_r2,original_equation,calibrated_equation
Baseline portfolio,10000,0,1,1,0.0,0.2239176876957653,0.0,0.0,0.13175360915524184,0.2239176876957653
Baseline portfolio,10000,1,4,8,0.20695846793574163,0.1575787060012574,0.1607380148731805,0.1607380148731805,exp(x0 * -0.042039230183935274),((0.20695846793574163 * exp((x0 * -0.042039230183935274))) + 0.1575787060012574)
Baseline portfolio,10000,2,5,5,0.7680787557960874,0.048131705261267005,0.5139403061595167,0.5139403061595167,(x0 * -0.007942347667684238) - -0.5589124593465731,((x0 * -0.006100348514694867) - -0.47742049163511413)
Baseline portfolio,10000,3,6,8,0.9977856350152604,-0.004312480686574499,0.7910007454393984,0.7910007454393984,324.6144605106673 / (square(x0) + 422.6764713239764),((323.89564561577237 / (square(x0) + 422.6764713239764)) + -0.004312480686574499)
Baseline portfolio,10000,4,7,11,1.0257010602816383,-0.004571290946159073,0.7277163765734744,0.7277163765734744,exp(-0.579921154097234 - square(x0 * 0.025332640145229825)),((1.0257010602816383 * exp((-0.579921154097234 - square((x0 * 0.025332640145229825))))) + -0.004571290946159073)
Baseline portfolio,10000,5,8,8,0.971676223464751,-0.00019546199085243576,0.7661584046867295,0.7661584046867295,(623.5487211765698 / (square(x0) + 832.347959235444)) + -0.07258524199142956,((605.8874665391244 / (square(x0) + 832.347959235444)) + -0.07072481580835978)
Baseline portfolio,10000,6,9,13,0.9951468806767368,0.007786678642630468,0.9724457533257757,0.9724457533257757,exp(x0 * 0.9559498267326195) / (exp(x0) + 2.248287682734014e-5),((0.9951468806767368 * (exp((x0 * 0.9559498267326195)) / (exp(x0) + 2.248287682734014e-05))) + 0.007786678642630468)
Baseline portfolio,10000,7,10,14,1.0079752834045383,0.0023513714376060535,0.9765162502066845,0.9765162502066845,exp(x0 * 0.45595138426212883) / (sqrt(exp(x0)) - -0.009198000265264355),((1.0079752834045383 * (exp((x0 * 0.45595138426212883)) / (sqrt(exp(x0)) - -0.009198000265264355))) + 0.0023513714376060535)
Baseline portfolio,10000,8,11,13,0.9817191733149637,0.00945992557435929,0.973025085956801,0.9730250859568009,(exp(x0 * 0.9605648334820284) / (1.8588205122499663e-5 + exp(x0))) - 0.0257761135418252,(0.9817191733149637 * ((exp((x0 * 0.9605648334820284)) / (1.8588205122499663e-05 + exp(x0))) - 0.016140032438900387))
Baseline portfolio,10000,9,13,15,0.9981633194679069,0.001309645708994417,0.9775083867970907,0.9775083867970907,sqrt(exp(x0 * 0.42285631927002154) / sqrt(exp(x0) - -0.0038236245452513582)) + -0.03095037406597491,(0.9981633194679069 * (sqrt((exp((x0 * 0.42285631927002154)) / sqrt((exp(x0) - -0.0038236245452513582)))) + -0.029638318530120764))
Baseline portfolio,10000,10,14,16,0.9692293498509054,0.014963321754396325,0.9557174342030265,0.9557174342030265,-2.5758309484933646 / ((exp(cube(x0 * -0.14092033369363585)) + -2.5602621545138797) - exp(x0 * 0.06049660052642842)),((-2.4965709555340645 / ((exp(cube((x0 * -0.14092033369363585))) + -2.5602621545138797) - exp((x0 * 0.06049660052642842)))) + 0.014963321754396325)
Baseline portfolio,10000,11,15,17,0.987979970904467,0.0029610136884974936,0.9786686281522127,0.9786686281522126,(exp(x0 * 0.21137911010938892) / (sqrt(sqrt(exp(x0))) + (x0 * -0.01584491168839928))) + -0.030770298322270483,(0.987979970904467 * ((exp((x0 * 0.21137911010938892)) / (sqrt(sqrt(exp(x0))) + (x0 * -0.01584491168839928))) + -0.0277732601477144))
Baseline portfolio,10000,12,16,18,0.9663217956452291,0.014806496576645817,0.9598038018348916,0.9598038018348916,-2.561417011559323 / ((exp(cube((x0 * -0.14257406185314261) + 0.2926318944848842)) - exp(x0 * 0.06023843240821413)) + -2.5860245339231045),((-2.4751530860062414 / ((exp(cube(((x0 * -0.14257406185314261) + 0.2926318944848842))) - exp((x0 * 0.06023843240821413))) + -2.5860245339231045)) + 0.014806496576645817)
Baseline portfolio,10000,13,17,17,1.0299625585611119,-0.0020031055327117964,0.9761079972948247,0.9761079972948247,(1.225966481092391 / sqrt(sqrt(x0 + (exp(x0 * 0.1754792818293995) + exp(x0 * -0.5838275224551087))))) + -0.021799211031744804,((1.262699573576082 / sqrt(sqrt((x0 + (exp((x0 * 0.1754792818293995)) + exp((x0 * -0.5838275224551087))))))) + -0.02445547670158129)
Baseline portfolio,10000,14,18,20,1.043777142437204,-0.009767854571945983,0.9817820709942289,0.9817820709942289,exp(x0 * -0.06367818669697592) / (1.0498196342674366 - (cube(sqrt(sqrt(exp(x0 * -0.3634808131698258))) + -0.9982672851592036) * -0.7100980969030773)),((exp((x0 * -0.06367818669697592)) / (1.0057890631865376 - (cube((sqrt(sqrt(exp((x0 * -0.3634808131698258)))) + -0.9982672851592036)) * -0.6803158145856777))) + -0.009767854571945983)
Baseline portfolio,10000,15,20,22,1.0141294463280344,-0.0090634962641295,0.9916244431760124,0.9916244431760124,(2.2122507347453273 / (square((x0 * 0.1377089881965336) + -3.012817064731612) + 5.719287096594675)) + (3.9094030993588507 / (square(square(x0 * 0.15544728585711665)) + 4.848620189757748)),(((2.243508612766066 / (square(((x0 * 0.1377089881965336) + -3.012817064731612)) + 5.719287096594675)) + (3.964640800625893 / (square(square((x0 * 0.15544728585711665))) + 4.848620189757748))) + -0.0090634962641295)
Baseline portfolio,10000,16,24,26,1.0116237521354294,-0.00880001178013784,0.9916439455905638,0.9916439455905638,(2.223331169821433 / (5.722957819538292 + square((x0 * 0.13729803385278985) + -2.9782525197503964))) + (3.8579133646648605 / ((square(square(x0 * 0.1546541520513329)) + 4.586734504629207) + (x0 * 0.0860415588243629))),(((2.2491746202544114 / (5.722957819538292 + square(((x0 * 0.13729803385278985) + -2.9782525197503964)))) + (3.9027567933756853 / ((square(square((x0 * 0.1546541520513329))) + 4.586734504629207) + (x0 * 0.0860415588243629)))) + -0.00880001178013784)
Baseline portfolio,10001,0,1,1,0.0,0.2239176876957653,0.0,0.0,0.1317535672643209,0.2239176876957653
Baseline portfolio,10001,1,4,8,0.20695846796794434,0.1575787059874978,0.16073801490362005,0.16073801490362005,exp(x0 * -0.042039230179971396),((0.20695846796794434 * exp((x0 * -0.042039230179971396))) + 0.1575787059874978)
Baseline portfolio,10001,2,5,5,0.7680518554021109,0.048134702129939616,0.5139403061595167,0.5139403061595167,(x0 * -0.007942625841976587) + 0.5589281328933495,((x0 * -0.006100348514694871) + 0.47742049163511435)
Baseline portfolio,10001,3,6,8,0.9990840967524615,-0.005053455271545493,0.7907178063406224,0.7907178063406224,326.7768057808617 / (square(x0) + 426.52834018373375),((326.47750984322676 / (square(x0) + 426.52834018373375)) + -0.005053455271545493)
Baseline portfolio,10001,4,7,11,0.9840550139965742,-0.001907337014197652,0.7488211128959719,0.7488211128959719,cube(-2682.221743953654 / (-3122.9998984147724 - square(x0))),((0.9840550139965742 * cube((-2682.221743953654 / (-3122.9998984147724 - square(x0))))) + -0.001907337014197652)
Baseline portfolio,10001,5,9,13,0.9949625310890883,0.007490494929542929,0.9724975056791436,0.9724975056791436,exp(x0 * 0.9560102878042153) / (exp(x0) + 2.2343353321574007e-5),((0.9949625310890883 * (exp((x0 * 0.9560102878042153)) / (exp(x0) + 2.2343353321574007e-05))) + 0.007490494929542929)
Baseline portfolio,10001,6,10,14,1.0053997553886178,0.0029620780194483942,0.9763978721843916,0.9763978721843916,sqrt(exp(x0)) / (exp(x0 * 0.5440608402510365) - -0.00510238592620995),((1.0053997553886178 * (sqrt(exp(x0)) / (exp((x0 * 0.5440608402510365)) - -0.00510238592620995))) + 0.0029620780194483942)
Baseline portfolio,10001,7,11,13,0.9820311492537349,0.009274979444889003,0.9734672479309948,0.9734672479309948,(exp(x0 * 0.9603830566938082) / (exp(x0) - -1.6510207253296057e-5)) - 0.02502483036946312,(0.9820311492537349 * ((exp((x0 * 0.9603830566938082)) / (exp(x0) - -1.6510207253296057e-05)) - 0.015580140705660455))
Baseline portfolio,10001,8,12,14,0.9935496067141594,0.0038764915416537593,0.9789055872764248,0.9789055872764248,-0.027256336191597928 - (sqrt(exp(x0)) / (-0.004402415702234866 - exp(x0 * 0.5392094068964166))),(0.9935496067141594 * (-0.02335467741637684 - (sqrt(exp(x0)) / (-0.004402415702234866 - exp((x0 * 0.5392094068964166))))))
Baseline portfolio,10001,9,15,17,0.983822502941303,0.005203536710933071,0.9802996163518353,0.9802996163518353,(x0 * (0.42994061091168756 / (exp(x0) + 3.9535516246927043))) + (exp(x0 * -0.03840291227735491) - 0.031935547419899644),(0.983822502941303 * ((x0 * (0.42994061091168756 / (exp(x0) + 3.9535516246927043))) + (exp((x0 * -0.03840291227735491)) - 0.026646446291010824)))
Baseline portfolio,10001,10,17,19,0.995161965864764,-0.0020008388147649825,0.9763982400439735,0.9763982400439735,((exp(square(x0) * 0.01457883776641334) - -1.4704842295278016) * exp(square(x0 - 0.7103904438465382) * -0.015526389727203672)) * 0.3965577905907594,((((exp((square(x0) * 0.01457883776641334)) - -1.4704842295278016) * exp((square((x0 - 0.7103904438465382)) * -0.015526389727203672))) * 0.3946392304632875) + -0.0020008388147649825)
Baseline portfolio,10001,11,18,22,0.9789737513144998,0.006230305455692697,0.9859038787137997,0.9859038787137997,cube((x0 * 0.032642022786582944) + 0.7825682946899623) * (exp(x0 * (x0 * -0.027056094929177123)) + exp(x0 * -0.09663195061512647)),((0.9789737513144998 * (cube(((x0 * 0.032642022786582944) + 0.7825682946899623)) * (exp((x0 * (x0 * -0.027056094929177123))) + exp((x0 * -0.09663195061512647))))) + 0.006230305455692697)
Baseline portfolio,10001,12,19,21,0.971989004405121,0.005285432344978441,0.9970228525511796,0.9970228525511796,((exp(square(x0) * -0.010597709673469496) - (x0 * -0.01458325513107637)) * (exp(cube(x0 * -0.03225484728477391)) - 0.19077470974362973)) - -0.2357971812249603,(0.971989004405121 * (((exp((square(x0) * -0.010597709673469496)) - (x0 * -0.01458325513107637)) * (exp(cube((x0 * -0.03225484728477391))) - 0.19077470974362973)) - -0.24123493033634374))
Baseline portfolio,10001,13,20,24,1.006736358187712,-0.0005270992705323219,0.9978804318351999,0.9978804318351999,exp(square(x0) * -0.007606592665839242) + ((0.010497641075080145 * x0) / (exp(x0 * 0.04664246540837904) - ((0.1118706846837539 * x0) + -0.269929665158049))),((1.006736358187712 * (exp((square(x0) * -0.007606592665839242)) + ((0.010497641075080145 * x0) / (exp((x0 * 0.04664246540837904)) - ((0.1118706846837539 * x0) + -0.269929665158049))))) + -0.0005270992705323219)
Baseline portfolio,10001,14,21,23,1.002261600579945,0.0003302807228589,0.9980626880346389,0.9980626880346389,((exp((square(x0) * -0.009921633500910588) + -0.07358143773974832) - (x0 * -0.014577854100991989)) * (exp(cube(x0 * -0.03214770533257468)) - 0.18625017774329738)) - -0.2315446730365375,(1.002261600579945 * (((exp(((square(x0) * -0.009921633500910588) + -0.07358143773974832)) - (x0 * -0.014577854100991989)) * (exp(cube((x0 * -0.03214770533257468))) - 0.18625017774329738)) - -0.23187420848184218))
Baseline portfolio,10001,15,22,23,1.0035782676593357,0.0001603563368592631,0.9980530071312926,0.9980530071312926,((exp((square(x0) * -0.009921633500910588) - square(-0.2759790615015837)) - (x0 * -0.014577854100991989)) * (exp(cube(x0 * -0.03214770533257468)) - 0.18625017774329738)) - -0.2315446730365375,(1.0035782676593357 * (((exp(((square(x0) * -0.009921633500910588) - 0.07616444238729492)) - (x0 * -0.014577854100991989)) * (exp(cube((x0 * -0.03214770533257468))) - 0.18625017774329738)) - -0.23170445762138434))
Baseline portfolio,10001,16,23,25,1.0029396370402888,3.7349345511250576e-05,0.9980463098071248,0.9980463098071248,((exp((square(x0 * 0.9994548251003504) * -0.009941619518823915) + -0.0783332963460352) - (x0 * -0.014638473253671305)) * (exp(cube(x0 * -0.03222996242183865)) - 0.1865645615293043)) - -0.23282071792099993,(1.0029396370402888 * (((exp(((square((x0 * 0.9994548251003504)) * -0.009941619518823915) + -0.0783332963460352)) - (x0 * -0.014638473253671305)) * (exp(cube((x0 * -0.03222996242183865))) - 0.1865645615293043)) - -0.2328579577947988))
Baseline portfolio,10001,17,28,30,1.00112816018085,0.0009068501279354546,0.998544414541059,0.998544414541059,((exp(x0 * (x0 * -0.008978898006359183)) + (x0 * 0.017095258717916315)) * (exp(((cube(x0 * -0.00898777208274752) * x0) + (x0 * -0.012701087579010634)) - 0.07781426937314023) - 0.15969440615632868)) - -0.23454384991183913,(1.00112816018085 * (((exp((x0 * (x0 * -0.008978898006359183))) + (x0 * 0.017095258717916315)) * (exp((((cube((x0 * -0.00898777208274752)) * x0) + (x0 * -0.012701087579010634)) - 0.07781426937314023)) - 0.15969440615632868)) - -0.23544967812045892))
Baseline portfolio,10001,18,30,32,1.0039654627864956,0.0005781451215865763,0.9985535131217992,0.9985535131217992,((exp(((cube(x0 * -0.009018782985089112) * x0) + (x0 * -0.012628604063322939)) - 0.07867229575437884) - 0.15894256915799185) * ((x0 * 0.01717794667843411) + exp(((x0 + 0.19808947408395114) * -0.00900660948379327) * x0))) - -0.23461664396748946,(1.0039654627864956 * (((exp((((cube((x0 * -0.009018782985089112)) * x0) + (x0 * -0.012628604063322939)) - 0.07867229575437884)) - 0.15894256915799185) * ((x0 * 0.01717794667843411) + exp((((x0 + 0.19808947408395114) * -0.00900660948379327) * x0)))) - -0.2351925055314739))
Baseline portfolio,10002,0,1,1,0.0,0.2239176876957653,0.0,0.0,0.131753609960976,0.2239176876957653
Baseline portfolio,10002,1,4,8,0.20695846837854295,0.15757870581205694,0.1607380152917386,0.1607380152917386,exp(x0 * -0.042039230129430366),((0.20695846837854295 * exp((x0 * -0.042039230129430366))) + 0.15757870581205694)
Baseline portfolio,10002,2,5,5,0.7680622546012867,0.04813303963323001,0.5139403061595167,0.5139403061595167,(x0 * -0.007942518302584283) + 0.5589227298049351,((x0 * -0.006100348514694869) + 0.47742049163511424)
Baseline portfolio,10002,3,6,8,1.0006880296649463,-0.0048541393621664986,0.7907939331247249,0.7907939331247249,325.5577731036756 / (square(x0) + 425.49044262771065),((325.7817665092248 / (square(x0) + 425.49044262771065)) + -0.0048541393621664986)
Baseline portfolio,10002,4,7,9,1.025736378611752,-0.004585204031656798,0.7277104963378966,0.7277104963378966,0.5599245222459457 / exp(square(x0 * -0.02533129165438951)),((0.5743349517444717 / exp(square((x0 * -0.02533129165438951)))) + -0.004585204031656798)
Baseline portfolio,10002,5,8,8,0.9781470528594106,-0.0012965860225795656,0.7641912755454124,0.7641912755454124,(647.7895811724073 / (square(x0) + 871.1527294339119)) + -0.07655068031306217,((633.6334696968222 / (square(x0) + 871.1527294339119)) + -0.07617440836518423)
Baseline portfolio,10002,6,9,13,0.995106184012141,0.007657010222119953,0.9725448714556524,0.9725448714556524,exp(x0 * 0.9559574759499349) / (exp(x0) + 2.189960446668853e-5),((0.995106184012141 * (exp((x0 * 0.9559574759499349)) / (exp(x0) + 2.189960446668853e-05))) + 0.007657010222119953)
Baseline portfolio,10002,7,10,14,1.007973281502991,0.0023480423491623326,0.9765166883636788,0.9765166883636788,exp(x0 * 0.4559519954803699) / (sqrt(exp(x0)) - -0.009197165385683295),((1.007973281502991 * (exp((x0 * 0.4559519954803699)) / (sqrt(exp(x0)) - -0.009197165385683295))) + 0.0023480423491623326)
Baseline portfolio,10002,8,12,14,0.9947819956233387,0.003208008746958091,0.9790952211454598,0.9790952211454598,(exp(x0 * 0.4612501503188199) / (sqrt(exp(x0)) - -0.0072959985978107355)) + -0.029908033014573232,(0.9947819956233387 * ((exp((x0 * 0.4612501503188199)) / (sqrt(exp(x0)) - -0.0072959985978107355)) + -0.02668319705948749))
Baseline portfolio,10002,9,14,16,0.9779157978974521,0.0048910468299334375,0.9790853901510016,0.9790853901510016,(exp((x0 * 0.4607190800481765) - -0.018292391304070798) / (sqrt(exp(x0)) - -0.007556403706382283)) + -0.028791616119310075,(0.9779157978974521 * ((exp(((x0 * 0.4607190800481765) - -0.018292391304070798)) / (sqrt(exp(x0)) - -0.007556403706382283)) + -0.023790115130728713))
Baseline portfolio,10002,10,17,19,1.0372394522244115,-0.004396096705067687,0.9831757744587316,0.9831757744587316,27.799601034839664 / (((exp(x0 * -0.3568395470585122) + exp(x0 * 0.0983944003156403)) + 27.825589392513653) + (x0 * 1.5202874759427403)),((28.834842949434275 / (((exp((x0 * -0.3568395470585122)) + exp((x0 * 0.0983944003156403))) + 27.825589392513653) + (x0 * 1.5202874759427403))) + -0.004396096705067687)
Baseline portfolio,10002,11,18,20,1.0025567075841153,0.006639861593804086,0.9734294251717956,0.9734294251717956,(1.5777495573114946 / (square(x0 * 0.16829280954233394) + 0.9299636031469942)) / (square(square((x0 * -0.02664028948934688) + 1.1258825473400396)) + 0.1799946451734175),(((1.5817834015705075 / (square((x0 * 0.16829280954233394)) + 0.9299636031469942)) / (square(square(((x0 * -0.02664028948934688) + 1.1258825473400396))) + 0.1799946451734175)) + 0.006639861593804086)
Baseline portfolio,10002,12,19,21,0.9648646637773851,0.005839194771796757,0.985026140882272,0.985026140882272,3.095060709447147 / (exp(x0 * 0.06471676699025268) + (((x0 * (x0 * 0.02644030837157124)) / exp(x0 * 0.09734404659274198)) + 1.9431900523048147)),((2.9863147107913166 / (exp((x0 * 0.06471676699025268)) + (((x0 * (x0 * 0.02644030837157124)) / exp((x0 * 0.09734404659274198))) + 1.9431900523048147))) + 0.005839194771796757)
Baseline portfolio,10002,13,20,22,1.023417070543344,-0.0023000586112293664,0.996048159845045,0.996048159845045,2.116675404638249 / ((exp(cube((1.8861226030502536 + (x0 * 0.7704592786428356)) - x0) * 0.024718445515038313) + 0.946120869728804) / exp(-0.06123480701690986 * x0)),((2.166241741906024 / ((exp((cube(((1.8861226030502536 + (x0 * 0.7704592786428356)) - x0)) * 0.024718445515038313)) + 0.946120869728804) / exp((-0.06123480701690986 * x0)))) + -0.0023000586112293664)
Baseline portfolio,10003,0,1,1,0.0,0.2239176876957653,0.0,0.0,0.1317536095501828,0.2239176876957653
Baseline portfolio,10003,1,4,8,0.20695846838962836,0.15757870580732036,0.16073801530221687,0.16073801530221687,exp(x0 / -23.787305261149122),((0.20695846838962836 * exp((x0 / -23.787305261149122))) + 0.15757870580732036)
Baseline portfolio,10003,2,5,5,0.7680564135345247,0.04812974379701446,0.5139403061595167,0.5139403061595167,0.5589312715488481 - (x0 * 0.007942578705412574),(0.4774204916351143 - (x0 * 0.00610034851469487))
Baseline portfolio,10003,3,6,8,0.9976025604860737,-0.003942715825405757,0.7911418642314574,0.7911418642314574,-323.38726337017147 / (-420.76106509876945 - square(x0)),((-322.6119619666673 / (-420.76106509876945 - square(x0))) + -0.003942715825405757)
Baseline portfolio,10003,4,7,9,1.0257251475268847,-0.004573739684036737,0.7277153416967861,0.7277153416967861,exp(square(x0) * -0.0006417306313333254) * 0.5599295914323252,((exp((square(x0) * -0.0006417306313333254)) * 0.57433386277659) + -0.004573739684036737)
Baseline portfolio,10003,5,8,10,1.1428998105453996,-0.017983593929111336,0.7629029497282694,0.7629029497282696,199.0713261723186 / (square(x0 + -12.023472270103174) + 357.3495507032977),((227.5185809673644 / (square((x0 + -12.023472270103174)) + 357.3495507032977)) + -0.017983593929111336)
Baseline portfolio,10003,6,9,13,0.9950441684954375,0.0075695551053942545,0.9725447462936658,0.9725447462936658,exp(x0 * 0.9559793172469362) / (exp(x0) + 2.1969316499716317e-5),((0.9950441684954375 * (exp((x0 * 0.9559793172469362)) / (exp(x0) + 2.1969316499716317e-05))) + 0.0075695551053942545)
Baseline portfolio,10003,7,10,14,1.0079841752695435,0.002368223097121258,0.9765115620804689,0.9765115620804689,exp(x0 * 0.45594744320644914) / (sqrt(exp(x0)) + 0.009195652197993938),((1.0079841752695435 * (exp((x0 * 0.45594744320644914)) / (sqrt(exp(x0)) + 0.009195652197993938))) + 0.002368223097121258)
Baseline portfolio,10003,8,12,16,0.967390605422934,0.0063737048593731915,0.975736677539371,0.975736677539371,exp((x0 * 0.45514054699818624) + 0.04346393053026785) / (sqrt(exp(x0)) + 0.00977054188214986),((0.967390605422934 * (exp(((x0 * 0.45514054699818624) + 0.04346393053026785)) / (sqrt(exp(x0)) + 0.00977054188214986))) + 0.0063737048593731915)
Baseline portfolio,10003,9,13,15,0.9703456684583098,0.009284501271973111,0.9805346260317891,0.9805346260317891,((x0 / (exp(x0) + 9.045262220360105)) + exp(x0 * -0.039148507820957815)) + -0.028884754199509494,(0.9703456684583098 * (((x0 / (exp(x0) + 9.045262220360105)) + exp((x0 * -0.039148507820957815))) + -0.019316513134730616))
Baseline portfolio,10003,10,15,17,0.9613738038350559,0.008645110543916201,0.9817402562079445,0.9817402562079445,exp(x0 * -0.03876942251463328) + (((x0 + 0.2753702216964912) / (exp(x0) + 8.968080856398041)) + -0.029515233803340406),(0.9613738038350559 * (exp((x0 * -0.03876942251463328)) + (((x0 + 0.2753702216964912) / (exp(x0) + 8.968080856398041)) + -0.020522778933622057)))
Baseline portfolio,10003,11,17,19,1.0138329283117666,-0.0012842464644457763,0.9852348928716606,0.9852348928716606,((0.7700822762877155 / exp(square(x0 * 0.11581823501861169))) + 0.4185971239118551) / exp(square((0.032903409276196595 * x0) - 0.4939214219793585)),((((0.7807347692097656 / exp(square((x0 * 0.11581823501861169)))) + 0.42438754791843947) / exp(square(((0.032903409276196595 * x0) - 0.4939214219793585)))) + -0.0012842464644457763)
Baseline portfolio,10003,12,18,22,0.9810871058722395,0.008722157790771207,0.9841719021499661,0.9841719021499661,square((x0 * 0.03671793217468635) - -0.7081448871126077) * (exp((x0 * x0) * -0.02652731786824037) + exp(x0 * -0.08078456996606481)),((0.9810871058722395 * (square(((x0 * 0.03671793217468635) - -0.7081448871126077)) * (exp(((x0 * x0) * -0.02652731786824037)) + exp((x0 * -0.08078456996606481))))) + 0.008722157790771207)
Baseline portfolio,10003,13,19,23,0.995477093649033,0.002517462168813628,0.9938947185921675,0.9938947185921675,(exp(square(square(x0)) * -0.0001495868548212802) + (1.0870447834999317 - (x0 * -0.059997351435361224))) / (exp(x0 * 0.07147067886343454) + 1.1047822397375964),((0.995477093649033 * ((exp((square(square(x0)) * -0.0001495868548212802)) + (1.0870447834999317 - (x0 * -0.059997351435361224))) / (exp((x0 * 0.07147067886343454)) + 1.1047822397375964))) + 0.002517462168813628)
Baseline portfolio,10003,14,21,25,0.9991292081337267,0.0021653706465850353,0.9939233756901574,0.9939233756901574,(exp(square(square(x0)) * -0.0001495868548212802) + (1.0870447834999317 - (x0 * -0.059997351435361224))) / ((exp(x0 * 0.07147067886343454) - 0.1848620147950875) + 1.2993807514507274),((0.9991292081337267 * ((exp((square(square(x0)) * -0.0001495868548212802)) + (1.0870447834999317 - (x0 * -0.059997351435361224))) / ((exp((x0 * 0.07147067886343454)) - 0.1848620147950875) + 1.2993807514507274))) + 0.0021653706465850353)
Baseline portfolio,10003,15,23,25,1.0122642249029292,-0.007216645960756107,0.9919259079790688,0.9919259079790688,(0.45666403596918104 / (square((x0 * 0.0650180873793604) - 1.4828086452305356) + 1.20508034352957)) - (-1.2151970979752094 / (square((x0 * -0.013261001036776549) * (x0 + -0.5859850126961995)) + 1.4820102862531845)),(((0.4622646664113864 / (square(((x0 * 0.0650180873793604) - 1.4828086452305356)) + 1.20508034352957)) - (-1.2301005484861642 / (square(((x0 * -0.013261001036776549) * (x0 + -0.5859850126961995))) + 1.4820102862531845))) + -0.007216645960756107)
Baseline portfolio,10003,16,28,30,1.0105528065802725,-0.0060132338283568065,0.9929712919557411,0.9929712919557411,(0.44953999594189264 / (square((x0 * 0.06503054163251605) - 1.4933023067072493) + 1.2044181814717219)) - (-1.2314256994368737 / ((square(x0 * ((x0 - 0.46584239572072883) * 0.01390167988920684)) / exp(x0 * 0.013409939345639298)) + 1.4961592280041036)),(((0.4542839045691639 / (square(((x0 * 0.06503054163251605) - 1.4933023067072493)) + 1.2044181814717219)) - (-1.2444206966610079 / ((square((x0 * ((x0 - 0.46584239572072883) * 0.01390167988920684))) / exp((x0 * 0.013409939345639298))) + 1.4961592280041036))) + -0.0060132338283568065)
Baseline portfolio,10003,17,30,34,0.9996944651307783,-0.0010124142263615021,0.9941984751996662,0.9941984751996662,exp((x0 * -0.00955565316829707) * x0) + ((x0 * 0.8079352223821723) * ((exp((x0 * -0.0006823929959566012) * x0) * 0.014253795483873708) - (exp(x0 * (x0 * -0.0025369813494081892)) * (x0 * -0.0018654192908320075)))),((0.9996944651307783 * (exp(((x0 * -0.00955565316829707) * x0)) + ((x0 * 0.8079352223821723) * ((exp(((x0 * -0.0006823929959566012) * x0)) * 0.014253795483873708) - (exp((x0 * (x0 * -0.0025369813494081892))) * (x0 * -0.0018654192908320075)))))) + -0.0010124142263615021)
Baseline portfolio,10004,0,1,1,0.0,0.2239176876957653,0.0,0.0,0.13175348269889955,0.2239176876957653
Baseline portfolio,10004,1,4,8,0.20695846829666276,0.15757870584704275,0.1607380152143414,0.1607380152143414,exp(x0 / -23.78730525467413),((0.20695846829666276 * exp((x0 / -23.78730525467413))) + 0.15757870584704275)
Baseline portfolio,10004,2,5,5,0.7681035908045283,0.04811565599643125,0.5139403061595167,0.5139403061595167,0.5589152827537492 - (x0 * 0.007942090868635614),(0.4774204916351143 - (x0 * 0.00610034851469487))
Baseline portfolio,10004,3,6,8,0.9976065040746384,-0.004026604696672931,0.791109853151053,0.791109853151053,323.67763722022636 / (square(x0) + 421.19521874563463),((322.90291611440904 / (square(x0) + 421.19521874563463)) + -0.004026604696672931)
Baseline portfolio,10004,4,7,9,1.0257258075142504,-0.004569241461794105,0.7277172426995561,0.7277172426995561,exp(square(x0) * -0.000641752721751826) * 0.5599288148573645,((exp((square(x0) * -0.000641752721751826)) * 0.5743334357700673) + -0.004569241461794105)
Baseline portfolio,10004,5,8,10,1.0257121061006367,-0.0045683350978906745,0.7277176257294495,0.7277176257294495,exp((x0 * x0) * -0.0006417571729965601) / 1.7859177192977167,((exp(((x0 * x0) * -0.0006417571729965601)) / 1.74114910867835) + -0.0045683350978906745)
Baseline portfolio,10004,6,9,13,0.9951612898890689,0.00780843271409995,0.9724433508352112,0.9724433508352112,exp(x0 / 1.046085225777234) / (exp(x0) + 2.2484178935058892e-5),((0.9951612898890689 * (exp((x0 / 1.046085225777234)) / (exp(x0) + 2.2484178935058892e-05))) + 0.00780843271409995)
Baseline portfolio,10004,7,10,14,1.0053678111477573,0.0029039721765907744,0.9764091361811675,0.9764091361811675,sqrt(exp(x0)) / (exp(x0 / 1.8380700577538112) + 0.005100563825367675),((1.0053678111477573 * (sqrt(exp(x0)) / (exp((x0 / 1.8380700577538112)) + 0.005100563825367675))) + 0.0029039721765907744)
Baseline portfolio,10004,8,11,15,1.0088543199318558,0.0022064031585017907,0.9765252043863192,0.9765252043863192,exp(x0 * 0.4442430055104164) / (exp(x0 / 2.0479560489101725) - -0.010817695708527676),((1.0088543199318558 * (exp((x0 * 0.4442430055104164)) / (exp((x0 / 2.0479560489101725)) - -0.010817695708527676))) + 0.0022064031585017907)
Baseline portfolio,10004,9,12,14,0.9935798943789237,0.0038838285401215367,0.9789235809021315,0.9789235809021315,(sqrt(exp(x0)) / (exp(x0 / 1.8545628599980242) - -0.004438542744266088)) - 0.027207066142252184,(0.9935798943789237 * ((sqrt(exp(x0)) / (exp((x0 / 1.8545628599980242)) - -0.004438542744266088)) - 0.02329814189560237))
Baseline portfolio,10004,10,14,16,0.9657742246829562,0.0069000438278456755,0.9788354249049918,0.9788354249049918,(sqrt(exp(x0 - -0.0608559096969584)) / (exp(x0 / 1.8515316025422397) - -0.004679185384049632)) - 0.02560022277453726,(0.9657742246829562 * ((sqrt(exp((x0 - -0.0608559096969584))) / (exp((x0 / 1.8515316025422397)) - -0.004679185384049632)) - 0.0184556504184974))
Baseline portfolio,10004,11,15,17,0.9778775234804343,0.006185353826991147,0.9806707051252831,0.9806707051252831,((x0 * (-0.6509378392573625 / (-5.960680382821062 - exp(x0)))) + exp(x0 * -0.03860378349659423)) - 0.030648917085354575,(0.9778775234804343 * (((x0 * (-0.6509378392573625 / (-5.960680382821062 - exp(x0)))) + exp((x0 * -0.03860378349659423))) - 0.02432363229408909))
Baseline portfolio,10004,12,17,21,1.0096480909062027,0.0016627299527905148,0.9834524985302848,0.9834524985302848,exp(-0.8227082446636047 - square(-0.482606359471643 - (x0 * -0.03371414249875766))) + exp(-0.482606359471643 - square(x0 * 0.1223064126323077)),((1.0096480909062027 * (exp((-0.8227082446636047 - square((-0.482606359471643 - (x0 * -0.03371414249875766))))) + exp((-0.482606359471643 - square((x0 * 0.1223064126323077)))))) + 0.0016627299527905148)
Baseline portfolio,10004,13,18,20,0.9973142618723289,-0.002972065623371656,0.9913914099006929,0.9913914099006929,0.7764212222338889 / ((exp(cube((x0 * -0.055214546428049904) + 0.427586111282859)) + exp((x0 + 0.6703074591978632) * 0.04210387764766274)) + -1.3330515376584455),((0.7743359581542023 / ((exp(cube(((x0 * -0.055214546428049904) + 0.427586111282859))) + exp(((x0 + 0.6703074591978632) * 0.04210387764766274))) + -1.3330515376584455)) + -0.002972065623371656)
Baseline portfolio,10004,14,20,22,1.0473381874916492,-0.009870559793350608,0.9935265980339518,0.9935265980339518,0.606581029955829 / (((exp((x0 + -0.058256515432541775) * 0.03891808065406141) - 0.4756850312303551) + exp(cube((x0 * -0.05443813948085252) + 0.3767869095291836))) + -0.9575868644338379),((0.6352954764807557 / (((exp(((x0 + -0.058256515432541775) * 0.03891808065406141)) - 0.4756850312303551) + exp(cube(((x0 * -0.05443813948085252) + 0.3767869095291836)))) + -0.9575868644338379)) + -0.009870559793350608)
Baseline portfolio,10004,15,25,25,0.9770646986144949,0.0020295816024231417,0.9891637066437303,0.9891637066437303,((-1.311996981691501 / (-1.7308059584486928 - cube((x0 * x0) * 0.013153227073950651))) + 0.4207508130669863) + (-0.5123861132022189 / ((1.229772872293125 / square((x0 * 0.05202617188235135) + -1.0193924474868576)) + 1.149943954943953)),(((-1.2819059354995332 / (-1.7308059584486928 - cube(((x0 * x0) * 0.013153227073950651)))) + 0.41313034796352177) + (-0.5006343832701785 / ((1.229772872293125 / square(((x0 * 0.05202617188235135) + -1.0193924474868576))) + 1.149943954943953)))
Baseline portfolio,10004,16,26,28,1.0046612605449021,-0.003329619843268211,0.994460932643808,0.994460932643808,exp(-0.7941592991325012 - log(square(1.3393552310605792 * ((0.039321595332134036 * x0) + -0.8137541002383613)) + 1.0603994890427508)) + (exp((square(x0 * 0.22011003370570686) * -0.2057672772216956) - 0.19647133335137687) - 0.022529948439726808),(1.0046612605449021 * (exp((-0.7941592991325012 - log((square((1.3393552310605792 * ((0.039321595332134036 * x0) + -0.8137541002383613))) + 1.0603994890427508)))) + (exp(((square((x0 * 0.22011003370570686)) * -0.2057672772216956) - 0.19647133335137687)) - 0.025844120065556506)))
Baseline portfolio,10004,17,28,30,0.9991826882262346,-0.0016414300701514672,0.9950951785333624,0.9950951785333624,exp(-0.8209750920851591 - log(square(((x0 * 0.04038157463438716) + -0.8847529377530752) * 1.3815644428023115) + 1.0588880433860692)) + (exp((square((x0 - 0.4071711485815578) * 0.21735120886288523) * -0.2042910277204079) - 0.17537134945213043) - 0.018448625501401833),(0.9991826882262346 * (exp((-0.8209750920851591 - log((square((((x0 * 0.04038157463438716) + -0.8847529377530752) * 1.3815644428023115)) + 1.0588880433860692)))) + (exp(((square(((x0 - 0.4071711485815578) * 0.21735120886288523)) * -0.2042910277204079) - 0.17537134945213043)) - 0.020091398229045224)))
Baseline portfolio,10004,18,30,32,1.0015776186876624,-0.0019413888958829673,0.9951210910761816,0.9951210910761816,(exp((square(((x0 - -0.1898199397186726) + -0.5441256495965419) * 0.21735120886288523) * -0.2042910277204079) - 0.17537134945213043) - 0.018448625501401833) + exp(-0.8209750920851591 - log(square(((x0 * 0.04038157463438716) + -0.8847529377530752) * 1.3815644428023115) + 1.0588880433860692)),(1.0015776186876624 * ((exp(((square((((x0 - -0.1898199397186726) + -0.5441256495965419) * 0.21735120886288523)) * -0.2042910277204079) - 0.17537134945213043)) - 0.02038695645015717) + exp((-0.8209750920851591 - log((square((((x0 * 0.04038157463438716) + -0.8847529377530752) * 1.3815644428023115)) + 1.0588880433860692))))))
Baseline portfolio,10005,0,1,1,0.0,0.2239176876957653,0.0,0.0,0.13175354069684378,0.2239176876957653
Baseline portfolio,10005,1,4,8,0.20695846982477578,0.15757870519410955,0.16073801665879062,0.16073801665879062,exp(x0 * -0.04203922995141203),((0.20695846982477578 * exp((x0 * -0.04203922995141203))) + 0.15757870519410955)
Baseline portfolio,10005,2,5,5,0.7680512994491815,0.048139599388151155,0.5139403061595167,0.5139403061595167,0.5589221612603583 - (x0 * 0.007942631591235923),(0.47742049163511435 - (x0 * 0.006100348514694871))
Baseline portfolio,10005,3,6,8,0.9364824535327727,0.008790807735108958,0.6002512997704827,0.6002512997704827,18374.946220388294 / (cube(x0) + 34720.88774506761),((17207.814720001978 / (cube(x0) + 34720.88774506761)) + 0.008790807735108958)
Baseline portfolio,10005,4,7,11,1.0257224517919175,-0.004570792491389003,0.7277165872255013,0.7277165872255013,exp(-0.5799420917649524 - (square(x0) * 0.0006417451046150244)),((1.0257224517919175 * exp((-0.5799420917649524 - (square(x0) * 0.0006417451046150244)))) + -0.004570792491389003)
Baseline portfolio,10005,5,8,10,1.1619889864589434,-0.019797760783124757,0.7615691598236296,0.7615691598236296,198.95470242340352 / (square(12.121459547068186 - x0) + 363.59803179387893),((231.18317302021134 / (square((12.121459547068186 - x0)) + 363.59803179387893)) + -0.019797760783124757)
Baseline portfolio,10005,6,9,13,0.9950188807029507,0.00758566776659339,0.9724761103194148,0.9724761103194148,exp(x0 * 0.9559919818519086) / (exp(x0) + 2.241871860255104e-5),((0.9950188807029507 * (exp((x0 * 0.9559919818519086)) / (exp(x0) + 2.241871860255104e-05))) + 0.00758566776659339)
Baseline portfolio,10005,7,10,14,1.0079659344413603,0.002338840164850031,0.9765143300639304,0.9765143300639304,exp(x0 * 0.4559524728784858) / (sqrt(exp(x0)) + 0.00918544870688098),((1.0079659344413603 * (exp((x0 * 0.4559524728784858)) / (sqrt(exp(x0)) + 0.00918544870688098))) + 0.002338840164850031)
Baseline portfolio,10005,8,12,14,0.9967010920018874,0.0068890822367756455,0.9790488019525871,0.9790488019525871,(exp(0.4603977538068635 * x0) / (0.00769319800838359 + sqrt(exp(x0)))) - 0.028321427371747518,(0.9967010920018874 * ((exp((0.4603977538068635 * x0)) / (0.00769319800838359 + sqrt(exp(x0)))) - 0.021409543465872757))
Baseline portfolio,10005,9,14,16,0.9782547523169267,0.00488383173949028,0.9790871576055307,0.9790871576055307,(exp((x0 + 0.03883956995610793) * 0.460741532320999) / (sqrt(exp(x0)) + 0.007546700096277775)) + -0.028913083754026507,(0.9782547523169267 * ((exp(((x0 + 0.03883956995610793) * 0.460741532320999)) / (sqrt(exp(x0)) + 0.007546700096277775)) + -0.02392069120196042))
Baseline portfolio,10005,10,16,18,0.9840916187393574,0.005709922739503659,0.9800637009799179,0.9800637009799179,(exp(x0 * -0.03917356007693597) - ((x0 / (sqrt(exp(x0)) + 0.7300790217515193)) * -0.08082205309654739)) + -0.027354556857925608,(0.9840916187393574 * ((exp((x0 * -0.03917356007693597)) - ((x0 / (sqrt(exp(x0)) + 0.7300790217515193)) * -0.08082205309654739)) + -0.02155233008272129))
Baseline portfolio,10005,11,17,21,0.9733062258414805,0.008722554928319054,0.9866706500172167,0.9866706500172167,(exp(square(x0) * -0.01370366594431952) - -0.4074238406932837) * exp(square(1.0495131194078702 - (x0 * 0.06086820086488828)) * -0.3350547353880559),((0.9733062258414805 * ((exp((square(x0) * -0.01370366594431952)) - -0.4074238406932837) * exp((square((1.0495131194078702 - (x0 * 0.06086820086488828))) * -0.3350547353880559)))) + 0.008722554928319054)
Baseline portfolio,10005,12,18,20,1.0502344404234432,-0.009827242086054427,0.9809109544169486,0.9809109544169486,17.498835798126528 / (((square((x0 * (x0 + -18.83692472792115)) / 19.397280293540753) / (x0 + 19.57645245425142)) + 19.096221685887137) + x0),((18.377880022507128 / (((square(((x0 * (x0 + -18.83692472792115)) / 19.397280293540753)) / (x0 + 19.57645245425142)) + 19.096221685887137) + x0)) + -0.009827242086054427)
Baseline portfolio,10005,13,20,22,1.0278443484340558,-0.005275432041266431,0.9823704406472394,0.9823704406472394,17.519828370517804 / ((((square((x0 * (x0 - 19.374305085300765)) / -18.340297478125017) - 19.374305085300765) / (x0 + 20.549411353162665)) + x0) + 19.374305085300765),((18.007656576171357 / ((((square(((x0 * (x0 - 19.374305085300765)) / -18.340297478125017)) - 19.374305085300765) / (x0 + 20.549411353162665)) + x0) + 19.374305085300765)) + -0.005275432041266431)
Baseline portfolio,10005,14,21,23,0.9877942350041781,0.004104106632807442,0.9899441514010753,0.9899441514010753,2.484322522407473 / (2.392293061063417 - (((-0.002408644643094418 - square(square(0.4138129811397156 - (x0 * 0.008861088986670781)))) * square(x0)) * exp(x0 * 0.02430740516687612))),((2.45399946552514 / (2.392293061063417 - (((-0.002408644643094418 - square(square((0.4138129811397156 - (x0 * 0.008861088986670781))))) * square(x0)) * exp((x0 * 0.02430740516687612))))) + 0.004104106632807442)
Baseline portfolio,10005,15,23,25,0.9887285705886695,0.0005770424163612509,0.9954126954255099,0.9954126954255099,exp(x0 * ((x0 + 2.9640609744478312) * -0.007874645347188026)) + (0.03388870500385219 - ((x0 * exp(x0 * ((x0 * -0.0015329175101306497) - -0.02185326135224705))) * -0.02060878541910998)),(0.9887285705886695 * (exp((x0 * ((x0 + 2.9640609744478312) * -0.007874645347188026))) + (0.03447232565923356 - ((x0 * exp((x0 * ((x0 * -0.0015329175101306497) - -0.02185326135224705)))) * -0.02060878541910998))))
Baseline portfolio,10005,16,25,29,1.0046211443741049,0.0018198076446958866,0.9948450388261841,0.9948450388261841,((exp(-0.016050930829143634 * square(x0)) * 0.5374693194930495) + (exp((x0 * -0.08599933274667669) + -0.5309779857547604) * -0.16629143640845534)) + exp(((x0 * -0.00063139009880792) * x0) + -0.5798001110709691),((1.0046211443741049 * (((exp((-0.016050930829143634 * square(x0))) * 0.5374693194930495) + (exp(((x0 * -0.08599933274667669) + -0.5309779857547604)) * -0.16629143640845534)) + exp((((x0 * -0.00063139009880792) * x0) + -0.5798001110709691)))) + 0.0018198076446958866)
Baseline portfolio,10005,17,26,30,1.004063496584318,-0.0018553896854800467,0.9957630888157963,0.9957630888157963,((-0.005340736858610142 * (((exp((x0 * -0.0041858370482008855) * x0) * x0) - 0.3872535405766043) * exp(x0 * -0.019576214222519504))) * x0) + exp(x0 * (x0 * -0.0011184859092178145)),((1.004063496584318 * (((-0.005340736858610142 * (((exp(((x0 * -0.0041858370482008855) * x0)) * x0) - 0.3872535405766043) * exp((x0 * -0.019576214222519504)))) * x0) + exp((x0 * (x0 * -0.0011184859092178145))))) + -0.0018553896854800467)
Baseline portfolio,10005,18,27,30,1.0046054465442593,-0.0026760935821779075,0.9957243556723681,0.9957243556723681,(x0 * (-0.005340736858610142 * (exp(x0 * -0.019576214222519504) * ((exp(x0 * (-0.0041858370482008855 * x0)) * x0) - log(1.4865600063031865))))) + exp((x0 * x0) * -0.0011184859092178145),((1.0046054465442593 * ((x0 * (-0.005340736858610142 * (exp((x0 * -0.019576214222519504)) * ((exp((x0 * (-0.0041858370482008855 * x0))) * x0) - 0.3964647301509811)))) + exp(((x0 * x0) * -0.0011184859092178145)))) + -0.0026760935821779075)
Baseline portfolio,10005,19,28,32,1.0104570175343104,-0.005073145273289309,0.9961547151237348,0.9961547151237348,exp(x0 * ((x0 - -1.5287496969838774) * -0.0011320467978316187)) + (((exp((x0 * x0) * -0.00439851718764213) * x0) - 0.5049760122382223) * ((x0 * -0.005446705144116749) * exp(x0 * -0.021507906530468503))),((1.0104570175343104 * (exp((x0 * ((x0 - -1.5287496969838774) * -0.0011320467978316187))) + (((exp(((x0 * x0) * -0.00439851718764213)) * x0) - 0.5049760122382223) * ((x0 * -0.005446705144116749) * exp((x0 * -0.021507906530468503)))))) + -0.005073145273289309)
Baseline portfolio,10006,0,1,1,0.0,0.2239176876957653,0.0,0.0,0.1317534787310726,0.2239176876957653
Baseline portfolio,10006,1,4,8,0.20695846832947498,0.15757870583302272,0.1607380152453569,0.1607380152453569,exp(x0 * -0.04203923013547021),((0.20695846832947498 * exp((x0 * -0.04203923013547021))) + 0.15757870583302272)
Baseline portfolio,10006,2,5,5,0.7680614549100487,0.048131653226614834,0.5139403061595167,0.5139403061595167,(x0 * -0.00794252657218596) + 0.5589251168173457,((x0 * -0.006100348514694871) + 0.4774204916351143)
Baseline portfolio,10006,3,6,8,0.9979053777018971,-0.004401511304498423,0.7909667596196647,0.7909667596196647,324.88570961679795 / (square(x0) + 423.13833013644444),((324.20519676509963 / (square(x0) + 423.13833013644444)) + -0.004401511304498423)
Baseline portfolio,10006,4,7,9,1.0257225780386783,-0.004576731311767612,0.7277140773514693,0.7277140773514692,0.559931271033419 / exp(square(x0 * 0.025332112829871845)),((0.5743341468488724 / exp(square((x0 * 0.025332112829871845)))) + -0.004576731311767612)
Baseline portfolio,10006,5,8,8,0.9855742584448385,-0.0016326933661820475,0.7662106460553513,0.7662106460553514,(614.0197853610358 / (square(x0) + 831.3296801801873)) - 0.06995693500368198,((605.1620946276618 / (square(x0) + 831.3296801801873)) - 0.07058044770550968)
Baseline portfolio,10006,6,9,13,0.994993469026871,0.0074998787847383175,0.9725423470306742,0.9725423470306743,exp(x0 * 0.9559971982088462) / (exp(x0) - -2.2038351075136e-5),((0.994993469026871 * (exp((x0 * 0.9559971982088462)) / (exp(x0) - -2.2038351075136e-05))) + 0.0074998787847383175)
Baseline portfolio,10006,7,10,14,1.0053696918553612,0.002907511402122781,0.976408335041514,0.976408335041514,sqrt(exp(x0)) / (exp(0.5440496599850586 * x0) - -0.005100538652345515),((1.0053696918553612 * (sqrt(exp(x0)) / (exp((0.5440496599850586 * x0)) - -0.005100538652345515))) + 0.002907511402122781)
Baseline portfolio,10006,8,11,13,0.9814020967314515,0.009220264600969308,0.9730185306541772,0.9730185306541772,(exp(x0 * 0.9606817315272038) / (exp(x0) + 1.8335096173346478e-5)) + -0.026248125344346212,(0.9814020967314515 * ((exp((x0 * 0.9606817315272038)) / (exp(x0) + 1.8335096173346478e-05)) + -0.01685313359562538))
Baseline portfolio,10006,9,12,14,0.993749057827545,0.003895982648767171,0.9789178509923212,0.9789178509923212,(sqrt(exp(x0)) / (exp(x0 * 0.5392893848601527) + 0.004447983812099122)) + -0.02674366113168125,(0.993749057827545 * ((sqrt(exp(x0)) / (exp((x0 * 0.5392893848601527)) + 0.004447983812099122)) + -0.022823171730378816))
Baseline portfolio,10006,10,14,16,0.9743790454949928,0.005782468823250869,0.9788936833492922,0.9788936833492922,(sqrt(exp(x0)) / (exp((x0 * 0.5397017979506346) + -0.020634604342443644) + 0.004469088762408657)) + -0.026636901564929236,(0.9743790454949928 * ((sqrt(exp(x0)) / (exp(((x0 * 0.5397017979506346) + -0.020634604342443644)) + 0.004469088762408657)) + -0.020702384756520937))
Baseline portfolio,10006,11,15,19,0.9443783723945121,0.019241023094134474,0.9880581112195508,0.9880581112195509,(exp(square(x0) * -0.013892822611947313) + 0.41387997780644314) * exp(-0.0012952407949294975 * square(16.16649260296057 - x0)),((0.9443783723945121 * ((exp((square(x0) * -0.013892822611947313)) + 0.41387997780644314) * exp((-0.0012952407949294975 * square((16.16649260296057 - x0)))))) + 0.019241023094134474)
Baseline portfolio,10006,12,17,19,0.975087232502652,0.011172104005192529,0.9735699800653435,0.9735699800653435,(13.247988267664484 - (x0 * -0.6568772899222542)) / ((x0 + square(square(-1.4301677718457342 - (-0.0888232216304986 * x0)))) * 3.2131507595343627),(((12.917944216144564 - (x0 * -0.640512658724133)) / ((x0 + square(square((-1.4301677718457342 - (-0.0888232216304986 * x0))))) * 3.2131507595343627)) + 0.011172104005192529)
Baseline portfolio,10006,13,18,20,0.9925293296393684,0.0071048164001039915,0.9737214609125132,0.9737214609125132,square(-3.536106261852175 - (x0 * 0.09034557075343605)) / ((x0 + square(square(-1.3912030733996903 - (x0 * -0.09546928031558279)))) * 3.390471870327258),((square((-3.536106261852175 - (x0 * 0.09034557075343605))) / ((x0 + square(square((-1.3912030733996903 - (x0 * -0.09546928031558279))))) * 3.4159916176574576)) + 0.0071048164001039915)
Baseline portfolio,10006,14,20,20,0.995465968264766,0.005421058021961328,0.9742207983033243,0.9742207983033242,(square(-3.5166929744494078 - (x0 * 0.090624618367346)) / ((x0 + square(square((x0 * -0.09625218186219305) - -1.385791875957194))) * 3.4004785206577166)) - -0.0047437731339881875,((square((-3.5166929744494078 - (x0 * 0.090624618367346))) / ((x0 + square(square(((x0 * -0.09625218186219305) - -1.385791875957194)))) * 3.415966621727128)) - -0.010143322738015263)
Baseline portfolio,10006,15,21,21,0.9775696994661524,0.0012685781030009613,0.9958787644564128,0.9958787644564128,((((x0 * 0.0168727298970615) * (exp(cube(x0 * -0.03052868493699303)) - 0.16853043289218061)) + 0.2525780319608973) + exp(square(x0) * -0.008645408840611983)) / 1.2379876574176687,(((((x0 * 0.0168727298970615) * (exp(cube((x0 * -0.03052868493699303))) - 0.16853043289218061)) + 0.25418455069285384) + exp((square(x0) * -0.008645408840611983))) / 1.2663932383478433)
Baseline portfolio,10006,16,28,30,1.000513612535789,-0.000365538229550294,0.9965489578408356,0.9965489578408356,(log((exp(x0 * 0.0193566157408548) + exp(square(x0) * -0.01157643997759838)) * 1.3732184536304244) * ((exp(square(x0) * -0.0008104245176440031) + 0.018620541424380604) * 0.973491403519265)) * exp(x0 * -0.010413454600163406),(((log(((exp((x0 * 0.0193566157408548)) + exp((square(x0) * -0.01157643997759838))) * 1.3732184536304244)) * ((exp((square(x0) * -0.0008104245176440031)) + 0.018620541424380604) * 0.9739914009075953)) * exp((x0 * -0.010413454600163406))) + -0.000365538229550294)
Baseline portfolio,10007,0,1,1,0.0,0.2239176876957653,0.0,0.0,0.13175355287750026,0.2239176876957653
Baseline portfolio,10007,1,4,8,0.20695846837729226,0.1575787058125913,0.1607380152905563,0.1607380152905563,exp(x0 * -0.042039230129584326),((0.20695846837729226 * exp((x0 * -0.042039230129584326))) + 0.1575787058125913)
Baseline portfolio,10007,2,5,5,0.7680836534131392,0.048126332040610786,0.5139403061595167,0.5139403061595167,(x0 * -0.007942297024011257) + 0.5589158911100969,((x0 * -0.006100348514694869) + 0.4774204916351143)
Baseline portfolio,10007,3,6,8,0.997821636488349,-0.004348653668756086,0.7909869374151453,0.7909869374151453,324.72877097908565 / (square(x0) + 422.86409219676193),((324.02139367320154 / (square(x0) + 422.86409219676193)) + -0.004348653668756086)
Baseline portfolio,10007,4,7,9,1.0257286991340617,-0.004580609478243403,0.7277124382736924,0.7277124382736924,0.5599282887251605 / exp(square(x0 * 0.025331736949871456)),((0.5743345152024203 / exp(square((x0 * 0.025331736949871456)))) + -0.004580609478243403)
Baseline portfolio,10007,5,8,10,1.0257162279660392,-0.004572903124601346,0.7277156952433479,0.727715695243348,0.559934383110303 / exp(x0 * (x0 * 0.0006417347395099495)),((0.574333783352391 / exp((x0 * (x0 * 0.0006417347395099495)))) + -0.004572903124601346)
Baseline portfolio,10007,6,9,13,0.9950367321902226,0.0076177326397949,0.9724670003524207,0.9724670003524206,exp(x0 / 1.046040175739334) / (exp(x0) - -2.2455621643467294e-5),((0.9950367321902226 * (exp((x0 / 1.046040175739334)) / (exp(x0) - -2.2455621643467294e-05))) + 0.0076177326397949)
Baseline portfolio,10007,7,10,14,1.0034570468186692,0.003569707975138059,0.9763152469354873,0.9763152469354873,exp(x0 * 0.45595543273088124) / sqrt(exp(x0) + 0.0001260696405389917),((1.0034570468186692 * (exp((x0 * 0.45595543273088124)) / sqrt((exp(x0) + 0.0001260696405389917)))) + 0.003569707975138059)
Baseline portfolio,10007,8,11,13,0.9816709762890898,0.009667290276611812,0.972883186216676,0.972883186216676,(exp(x0 * 0.9605731860741817) / (exp(x0) - -1.907621251987282e-5)) + -0.02592526410211425,(0.9816709762890898 * ((exp((x0 * 0.9605731860741817)) / (exp(x0) - -1.907621251987282e-05)) + -0.016077473436899643))
Baseline portfolio,10007,9,13,15,0.9565533932638219,0.010630817097327355,0.9751353526141386,0.9751353526141386,(exp(x0 * -0.03995533663758036) + -0.025933600158150823) / ((2.03165748773493e-5 / exp(x0)) + 0.9680851245583643),(((exp((x0 * -0.03995533663758036)) + -0.025933600158150823) / ((2.123935268059406e-05 / exp(x0)) + 1.0120555019466246)) + 0.010630817097327355)
Baseline portfolio,10007,10,14,16,0.9565772018051847,0.0041877306299712425,0.9739270759419005,0.9739270759419005,1.5419625426404435 / ((exp(x0 * 0.051790708990505446) + (0.007853774036183243 / sqrt(exp(x0)))) + 0.5750358569678916),((1.4750062143274032 / ((exp((x0 * 0.051790708990505446)) + (0.007853774036183243 / sqrt(exp(x0)))) + 0.5750358569678916)) + 0.0041877306299712425)
Baseline portfolio,10007,11,15,17,0.9956782963448482,0.003594233372996275,0.9779404566896372,0.9779404566896372,exp(x0 * -0.03880635461986379) - (0.029094216297273913 - ((x0 * 0.014209273994351537) / (exp(x0) + 0.12931430906585997))),(0.9956782963448482 * (exp((x0 * -0.03880635461986379)) - (0.02548438229146022 - ((x0 * 0.014209273994351537) / (exp(x0) + 0.12931430906585997)))))
Baseline portfolio,10007,12,16,18,0.9474197817546963,0.016162926202969802,0.994680869119359,0.994680869119359,(2.1972420800289707 / exp(x0 * 0.06766127748306267)) / (exp(cube((x0 * -0.06844754680455467) + 0.5389849308312092)) + 0.8305746004803064),(((2.0817106119232824 / exp((x0 * 0.06766127748306267))) / (exp(cube(((x0 * -0.06844754680455467) + 0.5389849308312092))) + 0.8305746004803064)) + 0.016162926202969802)
Baseline portfolio,10007,13,21,23,1.005797215100545,-0.0009949089134959621,0.9933942900836991,0.9933942900836991,(exp((square(x0) * -0.012733529514243657) + -0.3855633382735953) + (((x0 * 0.014687489770542227) - -0.2884958067791981) * exp(square(x0) * -0.0009684374223821145))) + 0.01864287011616895,(1.005797215100545 * ((exp(((square(x0) * -0.012733529514243657) + -0.3855633382735953)) + (((x0 * 0.014687489770542227) - -0.2884958067791981) * exp((square(x0) * -0.0009684374223821145)))) + 0.017653695659768702))
Baseline portfolio,10007,14,24,24,1.004486299728682,-0.002129343429183056,0.991247391983521,0.991247391983521,(15.184345719740044 / ((x0 - log(15.184345719740044 / (x0 + square(square(x0 - 30.23592583312026))))) + square(exp((x0 * -0.10328020113081006) + 0.5087757972878129)))) + -0.1469197801636678,((15.252467245822729 / ((x0 - log((15.184345719740044 / (x0 + square(square((x0 - 30.23592583312026))))))) + square(exp(((x0 * -0.10328020113081006) + 0.5087757972878129))))) + -0.14970824976273714)
Baseline portfolio,10007,15,26,28,1.0142938272080104,-0.008188625534821997,0.993447329661904,0.993447329661904,((0.942081582714861 / ((((-0.6531290480606102 - (x0 * -0.014496277220382348)) * x0) * 0.0318628504963545) - -0.3627325100875191)) * 0.05392693228185245) - (-1.5096046798643277 / exp(((x0 * 0.008755151474414) * x0) - -0.5635004642878307)),((((0.9555475340740361 / ((((-0.6531290480606102 - (x0 * -0.014496277220382348)) * x0) * 0.0318628504963545) - -0.3627325100875191)) * 0.05392693228185245) - (-1.5311827083107123 / exp((((x0 * 0.008755151474414) * x0) - -0.5635004642878307)))) + -0.008188625534821997)
Baseline portfolio,10007,16,28,30,1.0116867872458517,-0.007361774799550941,0.9939871205346568,0.9939871205346568,((0.9434136092535583 / ((((-0.6553688743965455 - (x0 * -0.014421321809113175)) * 0.03167664798165726) * x0) - -0.36139057141301767)) * 0.05246669727386395) - (-1.49670078017962 / exp((((x0 + -0.29737149361996207) * x0) * 0.008813026498557558) - -0.5513211185813323)),((((0.9544390833897457 / ((((-0.6553688743965455 - (x0 * -0.014421321809113175)) * 0.03167664798165726) * x0) - -0.36139057141301767)) * 0.05246669727386395) - (-1.5141924037682795 / exp(((((x0 + -0.29737149361996207) * x0) * 0.008813026498557558) - -0.5513211185813323)))) + -0.007361774799550941)
Baseline portfolio,10007,17,30,30,1.0049760690107254,-0.002978947820043404,0.9947000370580599,0.9947000370580599,(0.0666768748793852 / ((((-0.6548877061746835 - ((x0 - 0.5008645669845082) * -0.015422731172558598)) * 0.028799597604883653) * x0) - -0.36292878648089044)) - (((0.5092586446061691 / exp((x0 * (x0 * 0.00954963624488736)) - -0.6078764208231893)) - 0.007081230014287712) / -0.33251397989358),((0.06700866361020452 / ((((-0.6548877061746835 - ((x0 - 0.5008645669845082) * -0.015422731172558598)) * 0.028799597604883653) * x0) - -0.36292878648089044)) - (((0.5117927507660379 / exp(((x0 * (x0 * 0.00954963624488736)) - -0.6078764208231893))) - 0.008107008499057563) / -0.33251397989358))
Baseline portfolio,10008,0,1,1,0.0,0.2239176876957653,0.0,0.0,0.1317535714572549,0.2239176876957653
Baseline portfolio,10008,1,4,8,0.2069584679248632,0.1575787060059055,0.16073801486289763,0.16073801486289763,exp(x0 * -0.04203923018527429),((0.2069584679248632 * exp((x0 * -0.04203923018527429))) + 0.1575787060059055)
Baseline portfolio,10008,2,5,5,0.7680666681561611,0.04812932800578665,0.5139403061595167,0.5139403061595167,0.5589243504862594 - (x0 * 0.00794247266235301),(0.47742049163511435 - (x0 * 0.00610034851469487))
Baseline portfolio,10008,3,6,8,0.9974549740989994,-0.003896980130155575,0.7911593152935179,0.7911593152935179,323.2761500292593 / (square(x0) + 420.5244652274089),((322.45340385425914 / (square(x0) + 420.5244652274089)) + -0.003896980130155575)
Baseline portfolio,10008,4,7,9,1.0257219116239438,-0.004569040212512809,0.7277173277479159,0.7277173277479159,exp(square(x0) * -0.000641753710102684) * 0.5599309229537046,((exp((square(x0) * -0.000641753710102684)) * 0.574333416669433) + -0.004569040212512809)
Baseline portfolio,10008,5,9,13,0.9950082826663189,0.007543258926687335,0.9725113093165708,0.9725113093165708,exp(x0 * 0.95599416909806) / (exp(x0) + 2.2219840404192575e-5),((0.9950082826663189 * (exp((x0 * 0.95599416909806)) / (exp(x0) + 2.2219840404192575e-05))) + 0.007543258926687335)
Baseline portfolio,10008,6,10,14,1.0053660616974982,0.0029017139335689723,0.976408657533069,0.976408657533069,sqrt(exp(x0)) / (exp(x0 * 0.5440486714185759) + 0.005099418454041157),((1.0053660616974982 * (sqrt(exp(x0)) / (exp((x0 * 0.5440486714185759)) + 0.005099418454041157))) + 0.0029017139335689723)
Baseline portfolio,10008,7,11,15,1.0079607111683868,0.0023332560450396445,0.9765114575187622,0.9765114575187622,sqrt(exp(x0 * 0.9119045940351652)) / (sqrt(exp(x0)) + 0.009174724825611071),((1.0079607111683868 * (sqrt(exp((x0 * 0.9119045940351652))) / (sqrt(exp(x0)) + 0.009174724825611071))) + 0.0023332560450396445)
Baseline portfolio,10008,8,12,14,0.9912699440325515,0.004205657117209716,0.9786407571765028,0.9786407571765028,sqrt(exp(x0 * 0.9216521700840673) / (exp(x0) + 7.767965635446848e-5)) + -0.027397242452761948,(0.9912699440325515 * (sqrt((exp((x0 * 0.9216521700840673)) / (exp(x0) + 7.767965635446848e-05))) + -0.023154546361220198))
Baseline portfolio,10008,9,13,15,0.994838741240574,0.0032449732751077542,0.9790958608837331,0.9790958608837331,(sqrt(exp(x0 * 0.9224480121265829)) / (sqrt(exp(x0)) - -0.007306714657521512)) + -0.02978103003546296,(0.994838741240574 * ((sqrt(exp((x0 * 0.9224480121265829))) / (sqrt(exp(x0)) - -0.007306714657521512)) + -0.02651922172363421))
Baseline portfolio,10008,10,15,17,0.9912549431518953,-7.954454819436574e-05,0.9834043169830233,0.9834043169830233,19.44693683331943 / (exp(x0 * -0.33125165687867625) + ((x0 + exp(x0 * 0.09241978090038436)) + 17.92248103443311)),((19.27687226519055 / (exp((x0 * -0.33125165687867625)) + ((x0 + exp((x0 * 0.09241978090038436))) + 17.92248103443311))) + -7.954454819436574e-05)
Baseline portfolio,10008,11,17,19,0.9667889033719784,0.013558184984099275,0.9642361965249753,0.9642361965249753,-0.8976040686612685 / ((exp(cube((x0 * -0.11322703773216669) + 0.21918009886210257)) + -1.9311183597104389) - square(square(x0 * 0.031819143925803206))),((-0.8677936532032539 / ((exp(cube(((x0 * -0.11322703773216669) + 0.21918009886210257))) + -1.9311183597104389) - square(square((x0 * 0.031819143925803206))))) + 0.013558184984099275)
Baseline portfolio,10008,12,18,22,1.017407894271958,-0.008582616923893338,0.9936814711931375,0.9936814711931375,exp(-0.15906114212189532 - (square(x0) * 0.008954569507414764)) + (0.2530159589390722 / (square((x0 * 0.04739174485217918) + -1.054727057032009) + 0.6364203497477743)),((1.017407894271958 * (exp((-0.15906114212189532 - (square(x0) * 0.008954569507414764))) + (0.2530159589390722 / (square(((x0 * 0.04739174485217918) + -1.054727057032009)) + 0.6364203497477743)))) + -0.008582616923893338)
Baseline portfolio,10008,13,20,22,1.0002968212031609,-0.0020458977424071267,0.9945292741605496,0.9945292741605496,(exp(-0.15271529282197246 - (square(x0) * 0.009379026589303651)) - 0.018011587372765765) + (0.25716099364190315 / (square((x0 * 0.04297560741070834) + -0.9452626873544141) + 0.6202320829862618)),(1.0002968212031609 * ((exp((-0.15271529282197246 - (square(x0) * 0.009379026589303651))) - 0.020056878029539336) + (0.25716099364190315 / (square(((x0 * 0.04297560741070834) + -0.9452626873544141)) + 0.6202320829862618))))
Baseline portfolio,10008,14,22,24,0.9920086084615385,-0.000998171766471212,0.9948468827650231,0.9948468827650231,(exp(-0.15271529282197246 - (square(0.1843137996060488 - x0) * 0.009379026589303651)) - 0.018011587372765765) + (0.25716099364190315 / (square(-0.9452626873544141 + (x0 * 0.04297560741070834)) + 0.6202320829862618)),(0.9920086084615385 * ((exp((-0.15271529282197246 - (square((0.1843137996060488 - x0)) * 0.009379026589303651))) - 0.019017800179748592) + (0.25716099364190315 / (square((-0.9452626873544141 + (x0 * 0.04297560741070834))) + 0.6202320829862618))))
Baseline portfolio,10008,15,24,24,0.9952369088064194,-0.0014059629649935124,0.9947586839474815,0.9947586839474815,(0.25716099364190315 / (square((x0 * 0.04297560741070834) + -0.9452626873544141) + 0.6202320829862618)) + (exp(-0.15271529282197246 - (0.009379026589303651 * square(x0 + (-0.7720021693515815 - -0.6593968454735679)))) - 0.018011587372765765),(0.9952369088064194 * ((0.25716099364190315 / (square(((x0 * 0.04297560741070834) + -0.9452626873544141)) + 0.6202320829862618)) + (exp((-0.15271529282197246 - (0.009379026589303651 * square((x0 + -0.11260532387801359))))) - 0.019424279117367233)))
Baseline portfolio,10009,0,1,1,0.0,0.2239176876957653,0.0,0.0,0.1317534525119888,0.2239176876957653
Baseline portfolio,10009,1,4,8,0.20695846832210857,0.15757870583617023,0.16073801523839404,0.16073801523839404,exp(x0 * -0.04203923013637694),((0.20695846832210857 * exp((x0 * -0.04203923013637694))) + 0.15757870583617023)
Baseline portfolio,10009,2,5,5,0.7680753397659247,0.048127468120071876,0.5139403061595167,0.5139403061595167,(x0 * -0.007942382991431523) + 0.5589204616904793,((x0 * -0.0061003485146948686) + 0.47742049163511424)
Baseline portfolio,10009,3,6,8,0.9987399010187972,-0.004609306647124695,0.7908874262915111,0.7908874262915111,325.3383508153753 / (square(x0) + 424.2173146807155),((324.92839229096666 / (square(x0) + 424.2173146807155)) + -0.004609306647124695)
Baseline portfolio,10009,4,7,9,1.02573342272156,-0.004582859626776403,0.727711487236185,0.727711487236185,0.5599259186194067 / exp(square(x0 * 0.025331518867233147)),((0.5743347289759977 / exp(square((x0 * 0.025331518867233147)))) + -0.004582859626776403)
Baseline portfolio,10009,5,8,8,0.9731139843352928,-0.001278227878258681,0.7645890578371748,0.7645890578371748,(645.304342069507 / (square(x0) + 863.2335228120064)) - 0.07583088910959707,((627.9546794201227 / (square(x0) + 863.2335228120064)) - 0.07507032651538645)
Baseline portfolio,10009,6,9,13,0.9951487834612461,0.007806697750918856,0.9724248624038805,0.9724248624038805,exp(x0 * 0.9559495719552258) / (exp(x0) + 2.2598605939349585e-5),((0.9951487834612461 * (exp((x0 * 0.9559495719552258)) / (exp(x0) + 2.2598605939349585e-05))) + 0.007806697750918856)
Baseline portfolio,10009,7,10,14,1.005422959686508,0.003004641710811523,0.9763892204956929,0.9763892204956929,sqrt(exp(x0)) / (exp(x0 * 0.5440696841725349) + 0.005103272922712497),((1.005422959686508 * (sqrt(exp(x0)) / (exp((x0 * 0.5440696841725349)) + 0.005103272922712497))) + 0.003004641710811523)
Baseline portfolio,10009,8,11,13,0.9813654993079568,0.009986540978026398,0.972677381482879,0.972677381482879,(exp(x0) / (exp(x0 / 0.9619634853444411) + 1.1345477727234593e-5)) + -0.02552829832138538,(0.9813654993079568 * ((exp(x0) / (exp((x0 / 0.9619634853444411)) + 1.1345477727234593e-05)) + -0.01535212951876419))
Baseline portfolio,10009,9,13,15,1.0101894396004418,0.0018408227617779938,0.9773593393936753,0.9773593393936753,(exp(x0 * 0.3281561346203517) / (exp(x0 * 0.36691878514042775) + 0.042465330348273725)) + -0.03168021033390241,(1.0101894396004418 * ((exp((x0 * 0.3281561346203517)) / (exp((x0 * 0.36691878514042775)) + 0.042465330348273725)) + -0.029857955329429104))
Baseline portfolio,10009,10,14,18,0.9754673953903897,0.004265017037014623,0.9785537328022619,0.9785537328022619,(exp(x0 * -0.03928788687650225) - 0.028279507648721867) / sqrt(exp(-9.384940693995071 - x0) + 0.9625864133681075),((0.9754673953903897 * ((exp((x0 * -0.03928788687650225)) - 0.028279507648721867) / sqrt((exp((-9.384940693995071 - x0)) + 0.9625864133681075)))) + 0.004265017037014623)
Baseline portfolio,10009,11,15,17,0.9933937033095634,0.0030301209371214333,0.9795126432538207,0.9795126432538207,(exp(x0 * 0.3448317894573959) / (exp(x0 * 0.38357079058466637) + (x0 * -0.0025723908073687))) + -0.02992264910034865,(0.9933937033095634 * ((exp((x0 * 0.3448317894573959)) / (exp((x0 * 0.38357079058466637)) + (x0 * -0.0025723908073687))) + -0.02687237716181475))
Baseline portfolio,10009,12,17,21,0.9685930108503911,0.009306776448139986,0.9868688954257167,0.9868688954257167,(exp(square(x0) * -0.013810794904512941) + 0.4078372754995513) / exp(square(((x0 * -0.05707065149070274) + 0.9729105644373153) * 0.6136310135493053)),((0.9685930108503911 * ((exp((square(x0) * -0.013810794904512941)) + 0.4078372754995513) / exp(square((((x0 * -0.05707065149070274) + 0.9729105644373153) * 0.6136310135493053))))) + 0.009306776448139986)
Baseline portfolio,10009,13,18,22,1.005434399589369,-0.0036597761557173036,0.9958322965183334,0.9958322965183334,exp(x0 * -0.03416138875661362) / (exp(-0.1483786013986222 - cube((x0 * 0.06168002152615674) + -0.47134046186134304)) - (x0 * -0.033534417587079486)),((1.005434399589369 * (exp((x0 * -0.03416138875661362)) / (exp((-0.1483786013986222 - cube(((x0 * 0.06168002152615674) + -0.47134046186134304)))) - (x0 * -0.033534417587079486)))) + -0.0036597761557173036)
Baseline portfolio,10009,14,20,22,1.0067455787154826,-0.002218184557022107,0.996001737927082,0.996001737927082,exp((0.2844460957847872 - x0) * 0.03502955591189672) / ((exp(cube(0.48028233076940824 - (x0 * 0.06171609660947722))) - (x0 * -0.037862756046148624)) / 1.1497853112844616),((exp(((0.2844460957847872 - x0) * 0.03502955591189672)) / ((exp(cube((0.48028233076940824 - (x0 * 0.06171609660947722)))) - (x0 * -0.037862756046148624)) / 1.1575412786076367)) + -0.002218184557022107)
Evolved portfolio,10000,0,1,5,-0.00610034851469487,0.4774204916351143,0.5139403061595167,0.5139403061595167,x0,((-0.00610034851469487 * x0) + 0.4774204916351143)
Evolved portfolio,10000,1,2,6,-7.358025462845925e-05,0.40033930401700424,0.5151081792558236,0.5151081792558236,square(x0),((-7.358025462845925e-05 * square(x0)) + 0.40033930401700424)
Evolved portfolio,10000,2,3,5,-2.805930386879398,0.47742049163511435,0.5139403061595167,0.5139403061595167,x0 * 0.002174091183167001,((x0 * -0.006100348514694871) + 0.47742049163511435)
Evolved portfolio,10000,3,4,8,-0.007885287860045663,0.5638727750130355,0.6899327468517802,0.6899327468517802,sqrt(x0 * x0),((-0.007885287860045663 * sqrt((x0 * x0))) + 0.5638727750130355)
Evolved portfolio,10000,4,5,9,-0.12494400598049024,1.0800049394445723,0.9021233610038505,0.9021233610038504,log(square(4.234759991775312 - x0)),((-0.12494400598049024 * log(square((4.234759991775312 - x0)))) + 1.0800049394445723)
Evolved portfolio,10000,5,7,11,-0.2536112603677494,1.1367434113806638,0.9323774422442813,0.9323774422442813,log(exp(x0 * -0.2817533651104349) + x0),((-0.2536112603677494 * log((exp((x0 * -0.2817533651104349)) + x0))) + 1.1367434113806638)
Evolved portfolio,10000,6,8,12,-0.13648394797312807,1.2064196095715776,0.9696030456779081,0.9696030456779081,log(exp(x0 * -0.5062368086746597) + square(x0)),((-0.13648394797312807 * log((exp((x0 * -0.5062368086746597)) + square(x0)))) + 1.2064196095715776)
Evolved portfolio,10000,7,9,13,-0.21635533885905792,0.8978033237375749,0.9824363932740531,0.9824363932740531,log((square(x0) + 13.644938036912514) / (22.78550447129922 + x0)),((-0.21635533885905792 * log(((square(x0) + 13.644938036912514) / (22.78550447129922 + x0)))) + 0.8978033237375749)
Evolved portfolio,10000,8,10,14,-0.06319958212704073,1.084596708947631,0.9833574464934964,0.9833574464934964,log(square(cube(x0) / (x0 - -16.740752124886992)) - -5.217090523541733),((-0.06319958212704073 * log((square((cube(x0) / (x0 - -16.740752124886992))) - -5.217090523541733))) + 1.084596708947631)
Evolved portfolio,10000,9,11,15,-0.2582791408787191,1.3288599133508194,0.9842339922984734,0.9842339922984734,sqrt(sqrt((x0 * x0) + 1.970384338712591)) - (x0 * 0.048056119853931184),((-0.2582791408787191 * (sqrt(sqrt(((x0 * x0) + 1.970384338712591))) - (x0 * 0.048056119853931184))) + 1.3288599133508194)
Evolved portfolio,10000,10,13,15,-6.3577444074350975,1.3288718084352291,0.984233992137641,0.984233992137641,(sqrt(sqrt((x0 * x0) + 1.9711724676842295)) - (x0 * 0.048056116588199506)) * 0.04062473811305051,(((sqrt(sqrt(((x0 * x0) + 1.9711724676842295))) - (x0 * 0.048056116588199506)) * -0.25828170154176233) + 1.3288718084352291)
Evolved portfolio,10000,11,14,18,-0.20460963650533331,1.4943843244948927,0.9861727196493333,0.9861727196493333,(x0 * -0.05856396047340209) + log(square(cube(x0 * 0.08411730202471328) + x0) + 10.469869722994385),((-0.20460963650533331 * ((x0 * -0.05856396047340209) + log((square((cube((x0 * 0.08411730202471328)) + x0)) + 10.469869722994385)))) + 1.4943843244948927)
Evolved portfolio,10000,12,16,18,3.3695674226267327,-0.2760375014727779,0.9893645191896088,0.9893645191896088,log(exp((x0 * 0.2879362077473271) + -1.5092650587399947) + 5.421467998914312) / ((square(x0) * 0.0410862172144368) + 4.527360074458166),((log((exp(((x0 * 0.2879362077473271) + -1.5092650587399947)) + 5.421467998914312)) / ((square(x0) * 0.012193320999764477) + 1.3436027556703052)) + -0.2760375014727779)
Evolved portfolio,10000,13,17,21,0.3680305792168988,0.02704504070446001,0.9924879052774653,0.9924879052774653,exp(-0.44817804222131236 * square((0.06291769389781408 * x0) + -1.2363471852113026)) + (exp(-0.010424181921543443 * square(x0)) * 2.1192785900024376),((0.3680305792168988 * (exp((-0.44817804222131236 * square(((0.06291769389781408 * x0) + -1.2363471852113026)))) + (exp((-0.010424181921543443 * square(x0))) * 2.1192785900024376))) + 0.02704504070446001)
Evolved portfolio,10000,14,18,22,0.7558171226865675,0.026523107691381137,0.9923441683121029,0.9923441683121029,square(exp(square(x0) * -0.005307035721221129)) + exp((square((x0 * 0.061971375446282354) + -1.1674328816238286) * -0.44198966471321743) + -0.7029244774912717),((0.7558171226865675 * (square(exp((square(x0) * -0.005307035721221129))) + exp(((square(((x0 * 0.061971375446282354) + -1.1674328816238286)) * -0.44198966471321743) + -0.7029244774912717)))) + 0.026523107691381137)
Evolved portfolio,10000,15,19,21,0.9695775589105282,0.028355529048693318,0.9924431825521315,0.9924431825521314,((exp(square(x0) * -0.010374542604837046) * 2.108920871249822) + exp(square((x0 * 0.08323772453942442) + -1.6356328677836072) * -0.262605721408153)) * 0.38029414886991525,((((exp((square(x0) * -0.010374542604837046)) * 2.108920871249822) + exp((square(((x0 * 0.08323772453942442) + -1.6356328677836072)) * -0.262605721408153))) * 0.36872467252924945) + 0.028355529048693318)
Evolved portfolio,10000,16,20,24,0.43609712187924976,-0.023786050202637687,0.9933856848977466,0.9933856848977466,square((exp(square(x0) * -0.004165572814337685) + -0.20875982900679024) * 1.603162764247257) + exp(square((x0 * 0.06774364966815478) + -1.036177714331073) * -0.3141759193403014),((0.43609712187924976 * (square(((exp((square(x0) * -0.004165572814337685)) + -0.20875982900679024) * 1.603162764247257)) + exp((square(((x0 * 0.06774364966815478) + -1.036177714331073)) * -0.3141759193403014)))) + -0.023786050202637687)
Evolved portfolio,10000,17,22,26,0.4449977603545773,-0.015684178365978935,0.9934269925462414,0.9934269925462414,(exp(square((x0 * 0.06730060683763461) + -1.0487102304370668) * -0.335576644656135) / 1.0328980245728796) + square((exp(square(x0) * -0.004202531791196067) + -0.20025029772241174) * 1.571924174565949),((0.4449977603545773 * ((exp((square(((x0 * 0.06730060683763461) + -1.0487102304370668)) * -0.335576644656135)) / 1.0328980245728796) + square(((exp((square(x0) * -0.004202531791196067)) + -0.20025029772241174) * 1.571924174565949)))) + -0.015684178365978935)
Evolved portfolio,10000,18,24,28,-0.5050464951063357,1.8542617673699746,0.9953420332870713,0.9953420332870713,(log(square(square(x0) + 24.79064497093687)) + (((x0 - 1.6951997710312567) / (square(x0 - 27.643498644531686) + x0)) / -0.9365168505910593)) / log(x0 + 41.37123514650263),((-0.5050464951063357 * ((log(square((square(x0) + 24.79064497093687))) + (((x0 - 1.6951997710312567) / (square((x0 - 27.643498644531686)) + x0)) / -0.9365168505910593)) / log((x0 + 41.37123514650263)))) + 1.8542617673699746)
Evolved portfolio,10000,19,27,27,1.5499085131159787,-0.17715013239640554,0.9967807087684175,0.9967807087684175,(3.898648786689669 + 5.60414944293571) / (((exp((x0 / -6.739935907762644) + 3.898648786689669) / exp(log(((x0 / -3.450185566534492) + 3.9255905400241113) + cube(x0 * 0.0669990076201404)))) + x0) - 0.08566674801586259),((14.728467874519826 / (((exp(((x0 / -6.739935907762644) + 3.898648786689669)) / exp(log((((x0 / -3.450185566534492) + 3.9255905400241113) + cube((x0 * 0.0669990076201404)))))) + x0) - 0.08566674801586259)) + -0.17715013239640554)
Evolved portfolio,10000,20,28,30,1.1423961733518746,-0.14961506558649584,0.9979229709696017,0.9979229709696017,6.464126907708008 / (((log(exp(x0 * -0.05454121491391779) + 0.2569567961988531) - ((exp((x0 * -0.00019806276192667465) * (x0 * x0)) * x0) * 0.08384223822681779)) * (x0 * -0.379736989213537)) + 6.464126907708008),((7.384593843426514 / (((log((exp((x0 * -0.05454121491391779)) + 0.2569567961988531)) - ((exp(((x0 * -0.00019806276192667465) * (x0 * x0))) * x0) * 0.08384223822681779)) * (x0 * -0.379736989213537)) + 6.464126907708008)) + -0.14961506558649584)
Evolved portfolio,10001,0,1,5,-0.00610034851469487,0.4774204916351143,0.5139403061595167,0.5139403061595167,x0,((-0.00610034851469487 * x0) + 0.4774204916351143)
Evolved portfolio,10001,1,2,6,-7.358025462845925e-05,0.40033930401700424,0.5151081792558236,0.5151081792558236,square(x0),((-7.358025462845925e-05 * square(x0)) + 0.40033930401700424)
Evolved portfolio,10001,2,3,5,-2.805930297550208,0.4774204916351143,0.5139403061595167,0.5139403061595167,x0 * 0.002174091252381052,((x0 * -0.00610034851469487) + 0.4774204916351143)
Evolved portfolio,10001,3,4,8,-0.007885287860045663,0.5638727750130355,0.6899327468517802,0.6899327468517802,sqrt(x0 * x0),((-0.007885287860045663 * sqrt((x0 * x0))) + 0.5638727750130355)
Evolved portfolio,10001,4,5,9,-0.12494400604035762,1.0800049398051186,0.9021233610038439,0.902123361003844,log(square(4.234760003650401 - x0)),((-0.12494400604035762 * log(square((4.234760003650401 - x0)))) + 1.0800049398051186)
Evolved portfolio,10001,5,7,11,-0.2536112602312974,1.1367434112104222,0.932377442244324,0.932377442244324,log(exp(x0 * -0.28175336635044324) + x0),((-0.2536112602312974 * log((exp((x0 * -0.28175336635044324)) + x0))) + 1.1367434112104222)
Evolved portfolio,10001,6,8,12,-0.13648394797311877,1.2064196095715385,0.9696030456779081,0.9696030456779081,log(exp(x0 * -0.5062368086749537) + square(x0)),((-0.13648394797311877 * log((exp((x0 * -0.5062368086749537)) + square(x0)))) + 1.2064196095715385)
Evolved portfolio,10001,7,9,13,-0.21657811471296348,0.8985616964821617,0.9824372531368452,0.9824372531368452,log((square(x0) + 13.779808672383423) / (x0 + 22.792179137959522)),((-0.21657811471296348 * log(((square(x0) + 13.779808672383423) / (x0 + 22.792179137959522)))) + 0.8985616964821617)
Evolved portfolio,10001,8,10,14,-0.06319958110670239,1.084596693631732,0.9833574464934883,0.9833574464934883,log(square(cube(x0) / (x0 + 16.740752363074733)) + 5.217088091282976),((-0.06319958110670239 * log((square((cube(x0) / (x0 + 16.740752363074733))) + 5.217088091282976))) + 1.084596693631732)
Evolved portfolio,10001,9,11,15,-0.2582791382943549,1.3288599041500695,0.9842339922985743,0.9842339922985744,sqrt(sqrt((x0 * x0) - -1.9703839274767445)) - (x0 * 0.04805611963704793),((-0.2582791382943549 * (sqrt(sqrt(((x0 * x0) - -1.9703839274767445))) - (x0 * 0.04805611963704793))) + 1.3288599041500695)
Evolved portfolio,10001,10,13,17,-0.012421609874812755,1.2892014919603436,0.9848947260236841,0.9848947260236841,exp((log(cube(square(x0)) - -8.407123399646434) * 0.08534455921957135) - -2.96540232401891) - x0,((-0.012421609874812755 * (exp(((log((cube(square(x0)) - -8.407123399646434)) * 0.08534455921957135) - -2.96540232401891)) - x0)) + 1.2892014919603436)
Evolved portfolio,10001,11,15,19,-0.11051336937041394,1.276375376346687,0.9896396606332716,0.9896396606332716,(x0 * -0.06947640140741973) + log((square(cube(x0 + -6.378399278953446)) * 0.00014783863668237258) + cube(x0)),((-0.11051336937041394 * ((x0 * -0.06947640140741973) + log(((square(cube((x0 + -6.378399278953446))) * 0.00014783863668237258) + cube(x0))))) + 1.276375376346687)
Evolved portfolio,10001,12,16,18,1.1344187118289057,-0.03756210408037092,0.9975113536000779,0.9975113536000779,0.9176902113706372 / (square(x0 * 0.05358585434990437) + exp(square(x0) * (0.0047983951718407105 - (x0 * 0.00021656763195670745)))),((1.0410449474410746 / (square((x0 * 0.05358585434990437)) + exp((square(x0) * (0.0047983951718407105 - (x0 * 0.00021656763195670745)))))) + -0.03756210408037092)
Evolved portfolio,10001,13,17,19,1.0956699673026886,-0.03840259786924116,0.997522096106689,0.9975220961066888,0.9492666012809843 / (exp(x0 * ((0.0047607800673627205 - (x0 * 0.0002147078091442392)) * x0)) + square(x0 * 0.05341807866396205)),((1.0400829059870704 / (exp((x0 * ((0.0047607800673627205 - (x0 * 0.0002147078091442392)) * x0))) + square((x0 * 0.05341807866396205)))) + -0.03840259786924116)
Evolved portfolio,10001,14,18,20,1.1464155593962952,-0.0399745187801116,0.9978866243274801,0.9978866243274801,0.9176902113706372 / (square(x0 * 0.05358585434990437) + exp(square(-0.419492412220761 - x0) * (0.0047983951718407105 - (x0 * 0.00021656763195670745)))),((1.0520543370209734 / (square((x0 * 0.05358585434990437)) + exp((square((-0.419492412220761 - x0)) * (0.0047983951718407105 - (x0 * 0.00021656763195670745)))))) + -0.0399745187801116)
Evolved portfolio,10001,15,19,21,1.0785527566651743,-0.03831699392365112,0.9979049961390468,0.9979049961390468,0.9763481788496217 / (exp(x0 * ((0.004902291933107114 - (x0 * 0.00022269004085798564)) * (x0 - -0.89282310304878))) + square(x0 * 0.05392008601034932)),((1.053043019763282 / (exp((x0 * ((0.004902291933107114 - (x0 * 0.00022269004085798564)) * (x0 - -0.89282310304878)))) + square((x0 * 0.05392008601034932)))) + -0.03831699392365112)
Evolved portfolio,10001,16,22,24,1.163209661534477,-0.05051578771842291,0.9979594701499569,0.9979594701499569,0.9658457939330927 / (sqrt(exp(((0.009659369328109072 - (x0 * 0.0004300937942626461)) * x0) * x0) + 0.09724870515477703) + square(-0.09391373979268997 - (x0 * 0.049890818204717996))),((1.1234811590554108 / (sqrt((exp((((0.009659369328109072 - (x0 * 0.0004300937942626461)) * x0) * x0)) + 0.09724870515477703)) + square((-0.09391373979268997 - (x0 * 0.049890818204717996))))) + -0.05051578771842291)
Evolved portfolio,10001,17,23,27,1.0852246201759987,-0.07011329070415939,0.9981148001410841,0.9981148001410841,exp(square(x0 * 0.008313613202719667)) / (exp(x0 * ((x0 + 1.19175046471606) * (0.004569656953410194 - (x0 * 0.00020999720213603376)))) + square(x0 * 0.054150430383774165)),((1.0852246201759987 * (exp(square((x0 * 0.008313613202719667))) / (exp((x0 * ((x0 + 1.19175046471606) * (0.004569656953410194 - (x0 * 0.00020999720213603376))))) + square((x0 * 0.054150430383774165))))) + -0.07011329070415939)
Evolved portfolio,10001,18,25,27,1.2434037062514416,-0.0701132907041595,0.9981148001410841,0.9981148001410841,(exp(square(0.008313613202719667 * x0)) / (exp(((0.004569656953410194 - (0.00020999720213603376 * x0)) * (x0 + 1.19175046471606)) * x0) + square(x0 * 0.054150430383774165))) / 1.1457570010250868,(((exp(square((0.008313613202719667 * x0))) / (exp((((0.004569656953410194 - (0.00020999720213603376 * x0)) * (x0 + 1.19175046471606)) * x0)) + square((x0 * 0.054150430383774165)))) / 0.9214682208719357) + -0.0701132907041595)
Evolved portfolio,10001,19,26,28,0.9674652162393002,-0.04352590759043856,0.9982202856120358,0.9982202856120358,1.4862051171665398 / (square((x0 - square(x0 * 0.0020363081450947484)) * 0.06025670962664024) + (exp((0.005906743168565687 - (x0 * 0.0002567368461749066)) * ((x0 + 1.0349653374512036) * x0)) + 0.3696802800700854)),((1.4378517550554808 / (square(((x0 - square((x0 * 0.0020363081450947484))) * 0.06025670962664024)) + (exp(((0.005906743168565687 - (x0 * 0.0002567368461749066)) * ((x0 + 1.0349653374512036) * x0))) + 0.3696802800700854))) + -0.04352590759043856)
Evolved portfolio,10001,20,28,32,1.8110180892593166,-0.02953434193094162,0.9984887750062933,0.9984887750062933,exp(x0 * -0.005206748520324203) / ((exp(((x0 - -0.9303635302544928) * (0.00713222468349866 - (x0 * 0.00030370745241272866))) * x0) + square((0.05867607442550029 - (x0 / 1.0298203934972459)) * 0.06320322408176973)) - -0.7335526146474916),((1.8110180892593166 * (exp((x0 * -0.005206748520324203)) / ((exp((((x0 - -0.9303635302544928) * (0.00713222468349866 - (x0 * 0.00030370745241272866))) * x0)) + square(((0.05867607442550029 - (x0 / 1.0298203934972459)) * 0.06320322408176973))) - -0.7335526146474916))) + -0.02953434193094162)
Evolved portfolio,10001,21,29,31,1.781402699782114,-0.04983664717329078,0.9985784280863736,0.9985784280863736,1.4041619129924816 / (square(x0 * 0.045708254918124004) + ((exp(((x0 * (x0 + 1.7516497169615108)) + x0) * (0.008490536028517794 - (x0 * 0.0003564163459990599))) + 1.3502598969813842) - ((x0 * x0) * -0.0036044469787899942))),((2.5013778227360244 / (square((x0 * 0.045708254918124004)) + ((exp((((x0 * (x0 + 1.7516497169615108)) + x0) * (0.008490536028517794 - (x0 * 0.0003564163459990599)))) + 1.3502598969813842) - ((x0 * x0) * -0.0036044469787899942)))) + -0.04983664717329078)
Evolved portfolio,10002,0,1,5,-0.00610034851469487,0.4774204916351143,0.5139403061595167,0.5139403061595167,x0,((-0.00610034851469487 * x0) + 0.4774204916351143)
Evolved portfolio,10002,1,2,6,-7.358025462845925e-05,0.40033930401700424,0.5151081792558236,0.5151081792558236,square(x0),((-7.358025462845925e-05 * square(x0)) + 0.40033930401700424)
Evolved portfolio,10002,2,3,5,-2.8059301540265404,0.47742049163511424,0.5139403061595167,0.5139403061595167,x0 * 0.002174091363586083,((x0 * -0.006100348514694869) + 0.47742049163511424)
Evolved portfolio,10002,3,4,8,-0.007885287860045663,0.5638727750130355,0.6899327468517802,0.6899327468517802,sqrt(x0 * x0),((-0.007885287860045663 * sqrt((x0 * x0))) + 0.5638727750130355)
Evolved portfolio,10002,4,5,9,-0.12494400604110958,1.080004939809647,0.9021233610038439,0.9021233610038439,log(square(4.23476000379955 - x0)),((-0.12494400604110958 * log(square((4.23476000379955 - x0)))) + 1.080004939809647)
Evolved portfolio,10002,5,7,11,-0.253611260221956,1.136743411198768,0.932377442244327,0.932377442244327,log(x0 + exp(x0 * -0.2817533664353345)),((-0.253611260221956 * log((x0 + exp((x0 * -0.2817533664353345))))) + 1.136743411198768)
Evolved portfolio,10002,6,8,12,-0.13648394797311872,1.206419609571538,0.9696030456779081,0.9696030456779081,log(exp(x0 * -0.5062368086749542) + square(x0)),((-0.13648394797311872 * log((exp((x0 * -0.5062368086749542)) + square(x0)))) + 1.206419609571538)
Evolved portfolio,10002,7,9,13,-0.21657811217972936,0.898561690984347,0.9824372531371441,0.9824372531371441,log((square(x0) + 13.77980686287626) / (x0 + 22.792178412376686)),((-0.21657811217972936 * log(((square(x0) + 13.77980686287626) / (x0 + 22.792178412376686)))) + 0.898561690984347)
Evolved portfolio,10002,8,10,14,-0.06320016876370325,1.0846053440420245,0.9833574463825823,0.9833574463825823,log(square(cube(x0) / (x0 + 16.740719929334546)) - -5.218638107138598),((-0.06320016876370325 * log((square((cube(x0) / (x0 + 16.740719929334546))) - -5.218638107138598))) + 1.0846053440420245)
Evolved portfolio,10002,9,11,15,-0.25827914443306715,1.3288599226873719,0.9842339922981966,0.9842339922981966,(x0 / -20.809003960630235) + sqrt(sqrt((x0 * x0) + 1.9703844499077756)),((-0.25827914443306715 * ((x0 / -20.809003960630235) + sqrt(sqrt(((x0 * x0) + 1.9703844499077756))))) + 1.3288599226873719)
Evolved portfolio,10002,10,12,16,-0.18322865909922595,1.5553571676066835,0.988017063445506,0.988017063445506,log(square(x0) + 6.259527807970697) + cube((x0 * -0.02122078141518049) + 0.9991132850242204),((-0.18322865909922595 * (log((square(x0) + 6.259527807970697)) + cube(((x0 * -0.02122078141518049) + 0.9991132850242204)))) + 1.5553571676066835)
Evolved portfolio,10002,11,14,16,-2.2233124149407955,1.555357167606683,0.988017063445506,0.988017063445506,(cube(0.9991132850242204 + (-0.02122078141518049 * x0)) + log(square(x0) + 6.259527807970697)) * 0.08241246613292767,(((cube((0.9991132850242204 + (-0.02122078141518049 * x0))) + log((square(x0) + 6.259527807970697))) * -0.18322865909922595) + 1.555357167606683)
Evolved portfolio,10002,12,15,19,-0.11070368334186595,0.980122460306978,0.9893084120707132,0.9893084120707132,log(square(x0 - exp(x0 * -0.2684207709420279))) - exp(cube(cube(x0) * -1.910973855160717e-5)),((-0.11070368334186595 * (log(square((x0 - exp((x0 * -0.2684207709420279))))) - exp(cube((cube(x0) * -1.910973855160717e-05))))) + 0.980122460306978)
Evolved portfolio,10002,13,17,21,0.7831506075517077,0.027174341735902524,0.9924873975178949,0.9924873975178949,exp((x0 * x0) * -0.010400488492129493) + (exp(x0 * (0.07063954626441755 - (x0 * 0.0017874070551998648))) * 0.23338248912296944),((0.7831506075517077 * (exp(((x0 * x0) * -0.010400488492129493)) + (exp((x0 * (0.07063954626441755 - (x0 * 0.0017874070551998648)))) * 0.23338248912296944))) + 0.027174341735902524)
Evolved portfolio,10002,14,19,21,0.9331213231104878,0.024796194702127683,0.9924437707417271,0.9924437707417271,((exp((0.06491049619447625 - (x0 * 0.0016880927990864378)) * x0) * 0.26036437137828217) + exp((x0 * -0.010547927730214889) * x0)) * 0.8209385878880865,((((exp(((0.06491049619447625 - (x0 * 0.0016880927990864378)) * x0)) * 0.26036437137828217) + exp(((x0 * -0.010547927730214889) * x0))) * 0.7660353013225867) + 0.024796194702127683)
Evolved portfolio,10002,15,21,25,0.9742527553082938,0.030918432429990372,0.9958084434488047,0.9958084434488047,(x0 * (0.021298099388478577 * exp((0.020567980241708944 - (x0 * 0.0014971253898163736)) * x0))) + exp(x0 * ((-3.1014467648415143 - x0) * 0.007508855074868873)),((0.9742527553082938 * ((x0 * (0.021298099388478577 * exp(((0.020567980241708944 - (x0 * 0.0014971253898163736)) * x0)))) + exp((x0 * ((-3.1014467648415143 - x0) * 0.007508855074868873))))) + 0.030918432429990372)
Evolved portfolio,10002,16,23,25,0.888342684415328,0.030950391622986267,0.9958508301698076,0.9958508301698076,(((x0 * exp((0.019563560562006296 - (x0 * 0.0014836594464233562)) * x0)) * 0.021650497220920998) + exp(((-3.249674537267889 - x0) * x0) * 0.007476620059792604)) / 0.9113813518058085,(((((x0 * exp(((0.019563560562006296 - (x0 * 0.0014836594464233562)) * x0))) * 0.021650497220920998) + exp((((-3.249674537267889 - x0) * x0) * 0.007476620059792604))) / 1.0259344370079928) + 0.030950391622986267)
Evolved portfolio,10002,17,25,29,0.8723791801194142,0.12538565080183828,0.9960120595959594,0.9960120595959594,(((exp((0.016178706328463202 - (x0 * 0.001547326356849106)) * x0) * x0) * 0.02261647855647852) + exp((-1.5528495634112967 - x0) * (x0 * 0.009026492398148612))) - (x0 * 0.0015096867756608367),((0.8723791801194142 * ((((exp(((0.016178706328463202 - (x0 * 0.001547326356849106)) * x0)) * x0) * 0.02261647855647852) + exp(((-1.5528495634112967 - x0) * (x0 * 0.009026492398148612)))) - (x0 * 0.0015096867756608367))) + 0.12538565080183828)
Evolved portfolio,10002,18,26,30,0.7797949421138026,0.22372515854359024,0.9984578657453244,0.9984578657453244,(((exp((1.449921429873959 - square(x0)) * (x0 * 3.328878392219655e-5)) * 0.019021303578275247) * x0) + exp((x0 * 0.009277111950291404) * (-1.4451943716478828 - x0))) - (x0 * 0.003321358956707296),((0.7797949421138026 * ((((exp(((1.449921429873959 - square(x0)) * (x0 * 3.328878392219655e-05))) * 0.019021303578275247) * x0) + exp(((x0 * 0.009277111950291404) * (-1.4451943716478828 - x0)))) - (x0 * 0.003321358956707296))) + 0.22372515854359024)
Evolved portfolio,10002,19,28,30,0.7819501696427401,0.025642776060920885,0.9984445159916872,0.9984445159916872,0.24939098169582902 + ((exp((x0 * 0.009274781884858684) * (-1.445194339158266 - x0)) - (x0 * 0.0032602438960998973)) + ((x0 * exp(0.003260238789271246 - ((square(x0) * x0) * 3.271128119083902e-5))) * 0.019015653583969713)),(0.7819501696427401 * (0.2821843450793764 + ((exp(((x0 * 0.009274781884858684) * (-1.445194339158266 - x0))) - (x0 * 0.0032602438960998973)) + ((x0 * exp((0.003260238789271246 - ((square(x0) * x0) * 3.271128119083902e-05)))) * 0.019015653583969713))))
Evolved portfolio,10003,0,1,5,-0.00610034851469487,0.4774204916351143,0.5139403061595167,0.5139403061595167,x0,((-0.00610034851469487 * x0) + 0.4774204916351143)
Evolved portfolio,10003,1,2,6,-7.358025462845925e-05,0.40033930401700424,0.5151081792558236,0.5151081792558236,square(x0),((-7.358025462845925e-05 * square(x0)) + 0.40033930401700424)
Evolved portfolio,10003,2,3,5,-2.805929187293179,0.47742049163511424,0.5139403061595167,0.5139403061595167,x0 * 0.002174092112630878,((x0 * -0.00610034851469487) + 0.47742049163511424)
Evolved portfolio,10003,3,4,8,-0.007885287860045663,0.5638727750130355,0.6899327468517802,0.6899327468517802,sqrt(x0 * x0),((-0.007885287860045663 * sqrt((x0 * x0))) + 0.5638727750130355)
Evolved portfolio,10003,4,5,9,-0.12494400594748373,1.080004939245793,0.9021233610038539,0.9021233610038539,log(square(x0 + -4.2347599852282505)),((-0.12494400594748373 * log(square((x0 + -4.2347599852282505)))) + 1.080004939245793)
Evolved portfolio,10003,5,7,11,-0.2536112602254287,1.1367434112031,0.9323774422443258,0.9323774422443258,log(exp(x0 * -0.2817533664037748) + x0),((-0.2536112602254287 * log((exp((x0 * -0.2817533664037748)) + x0))) + 1.1367434112031)
Evolved portfolio,10003,6,8,12,-0.13648394796780444,1.2064196095491697,0.9696030456779089,0.9696030456779089,log(exp(x0 / -1.9753601131562644) + square(x0)),((-0.13648394796780444 * log((exp((x0 / -1.9753601131562644)) + square(x0)))) + 1.2064196095491697)
Evolved portfolio,10003,7,9,13,-0.21663055765912312,0.8987789829209558,0.9824371649681953,0.9824371649681953,log((square(x0) + 13.80834407722977) / (x0 + 22.785713041055168)),((-0.21663055765912312 * log(((square(x0) + 13.80834407722977) / (x0 + 22.785713041055168)))) + 0.8987789829209558)
Evolved portfolio,10003,8,10,14,-0.06319958198157186,1.0845967068337934,0.9833574464934965,0.9833574464934965,log(square(cube(x0) / (x0 + 16.740752116047407)) + 5.21709011591595),((-0.06319958198157186 * log((square((cube(x0) / (x0 + 16.740752116047407))) + 5.21709011591595))) + 1.0845967068337934)
Evolved portfolio,10003,9,11,15,-0.2582791416815885,1.3288599126017768,0.9842339922982921,0.9842339922982921,sqrt(sqrt((x0 * x0) + 1.9703839723743442)) - (x0 * 0.04805612020453315),((-0.2582791416815885 * (sqrt(sqrt(((x0 * x0) + 1.9703839723743442))) - (x0 * 0.04805612020453315))) + 1.3288599126017768)
Evolved portfolio,10003,10,13,15,-6.309657962891718,1.3267558601129548,0.9842311315318578,0.9842311315318578,(sqrt(sqrt((x0 * x0) + 1.8852460475855348)) + (x0 / -20.83444105492711)) * 0.040836355705672234,(((sqrt(sqrt(((x0 * x0) + 1.8852460475855348))) + (x0 / -20.83444105492711)) * -0.2576634369537735) + 1.3267558601129548)
Evolved portfolio,10003,11,15,19,-0.10912667332868649,1.2653135084320477,0.9889403719784877,0.9889403719784877,log(square(cube((-0.22989219772493094 * x0) + 1.3806510939338996)) + cube(x0)) + (x0 * -0.06946975654188133),((-0.10912667332868649 * (log((square(cube(((-0.22989219772493094 * x0) + 1.3806510939338996))) + cube(x0))) + (x0 * -0.06946975654188133))) + 1.2653135084320477)
Evolved portfolio,10003,12,17,21,-0.11602865250489051,1.3132688984326972,0.9908953407798815,0.9908953407798815,log((cube(square((x0 * -0.2252821258269722) + 1.4124243708827886)) + cube(x0)) + 4.320064808677942) + (x0 * -0.07104126867928541),((-0.11602865250489051 * (log(((cube(square(((x0 * -0.2252821258269722) + 1.4124243708827886))) + cube(x0)) + 4.320064808677942)) + (x0 * -0.07104126867928541))) + 1.3132688984326972)
Evolved portfolio,10003,13,19,23,-0.20261071454345592,0.8321537173496538,0.9914620861001406,0.9914620861001406,(log(square(x0) + 10.55388723780703) - (16.784321557720318 / (square(x0 - 25.293817604461182) + 40.95058432206346))) - log(x0 + 23.42614447952605),((-0.20261071454345592 * ((log((square(x0) + 10.55388723780703)) - (16.784321557720318 / (square((x0 - 25.293817604461182)) + 40.95058432206346))) - log((x0 + 23.42614447952605)))) + 0.8321537173496538)
Evolved portfolio,10003,14,20,24,-0.37871338856206604,2.522997876125402,0.9942905168328153,0.9942905168328153,exp(cube(4.3807995818486285 + x0) * -7.089828559055889e-5) + ((log(square(x0) + 37.57173198201992) + -0.5865052471076893) * exp(x0 * -0.0026371854753003106)),((-0.37871338856206604 * (exp((cube((4.3807995818486285 + x0)) * -7.089828559055889e-05)) + ((log((square(x0) + 37.57173198201992)) + -0.5865052471076893) * exp((x0 * -0.0026371854753003106))))) + 2.522997876125402)
Evolved portfolio,10003,15,21,25,-0.39575794448077684,2.531832831032931,0.997731177372842,0.997731177372842,(log((square(x0) * 0.46252185424761116) + 20.348417156537614) + exp(cube((cube(x0) * -5.587052524375853e-5) + -0.5505336609487409))) * exp(x0 * -0.00288617007348346),((-0.39575794448077684 * ((log(((square(x0) * 0.46252185424761116) + 20.348417156537614)) + exp(cube(((cube(x0) * -5.587052524375853e-05) + -0.5505336609487409)))) * exp((x0 * -0.00288617007348346)))) + 2.531832831032931)
Evolved portfolio,10003,16,23,27,-0.3941807545661584,2.3594799406894666,0.9978559751157094,0.9978559751157094,(log(13.959029070343464 + ((square(x0) - x0) * 0.309322381419152)) * exp(x0 * -0.0030544560045739824)) + exp(cube((cube(x0) * -5.543021275431964e-5) + -0.5497179748958947)),((-0.3941807545661584 * ((log((13.959029070343464 + ((square(x0) - x0) * 0.309322381419152))) * exp((x0 * -0.0030544560045739824))) + exp(cube(((cube(x0) * -5.543021275431964e-05) + -0.5497179748958947))))) + 2.3594799406894666)
Evolved portfolio,10003,17,25,27,-1.98144060404715,2.2855628773774557,0.997998348950852,0.997998348950852,exp(x0 * -0.002865045229240401) * ((log(square(0.2868162962171066 - (x0 * 0.6098121915390232)) + 13.95008096905423) + exp(cube((cube(x0) * -5.838641450491257e-5) - 0.5254574367378863))) * 0.18535584867794552),((exp((x0 * -0.002865045229240401)) * ((log((square((0.2868162962171066 - (x0 * 0.6098121915390232))) + 13.95008096905423)) + exp(cube(((cube(x0) * -5.838641450491257e-05) - 0.5254574367378863)))) * -0.3672716047681005)) + 2.2855628773774557)
Evolved portfolio,10003,18,27,29,-10.73933615876402,2.401296856696335,0.9979905720639535,0.9979905720639535,(exp(x0 * -0.002744048007643747) * 0.0342285720703904) * ((log(square((x0 * 0.6102001760310799) + -0.2746585927447308) + 13.950928144483386) + exp(cube((cube(x0) * -5.794207928796894e-5) - 0.5254895229865051))) + 0.3107806069950063),(((exp((x0 * -0.002744048007643747)) * -0.3675921416984039) * ((log((square(((x0 * 0.6102001760310799) + -0.2746585927447308)) + 13.950928144483386)) + exp(cube(((cube(x0) * -5.794207928796894e-05) - 0.5254895229865051)))) + 0.3107806069950063)) + 2.401296856696335)
Evolved portfolio,10004,0,1,5,-0.00610034851469487,0.4774204916351143,0.5139403061595167,0.5139403061595167,x0,((-0.00610034851469487 * x0) + 0.4774204916351143)
Evolved portfolio,10004,1,2,6,-7.358025462845925e-05,0.40033930401700424,0.5151081792558236,0.5151081792558236,square(x0),((-7.358025462845925e-05 * square(x0)) + 0.40033930401700424)
Evolved portfolio,10004,2,3,5,-2.805930118421003,0.4774204916351142,0.5139403061595167,0.5139403061595167,x0 * 0.0021740913911739725,((x0 * -0.006100348514694868) + 0.4774204916351142)
Evolved portfolio,10004,3,4,8,-0.007885287860045663,0.5638727750130355,0.6899327468517802,0.6899327468517802,sqrt(x0 * x0),((-0.007885287860045663 * sqrt((x0 * x0))) + 0.5638727750130355)
Evolved portfolio,10004,4,5,9,-0.12494400602298016,1.0800049397004643,0.9021233610038459,0.9021233610038459,log(square(4.2347600002034715 - x0)),((-0.12494400602298016 * log(square((4.2347600002034715 - x0)))) + 1.0800049397004643)
Evolved portfolio,10004,5,7,11,-0.25361126023862834,1.1367434112195687,0.9323774422443216,0.9323774422443217,log(exp(x0 * -0.28175336628382347) + x0),((-0.25361126023862834 * log((exp((x0 * -0.28175336628382347)) + x0))) + 1.1367434112195687)
Evolved portfolio,10004,6,8,12,-0.13648394797311694,1.2064196095715307,0.9696030456779081,0.9696030456779081,log(exp(x0 * -0.506236808675013) + square(x0)),((-0.13648394797311694 * log((exp((x0 * -0.506236808675013)) + square(x0)))) + 1.2064196095715307)
Evolved portfolio,10004,7,9,13,-0.21672236684188298,0.8990033514524467,0.9824367317185122,0.9824367317185122,log((square(x0) + 13.871967492693742) / (x0 - -22.80680516099423)),((-0.21672236684188298 * log(((square(x0) + 13.871967492693742) / (x0 - -22.80680516099423)))) + 0.8990033514524467)
Evolved portfolio,10004,8,10,14,-0.0631995820973696,1.0845967085073949,0.9833574464934963,0.9833574464934963,log(square(cube(x0) / (-16.740752128655515 - x0)) + 5.217090448321767),((-0.0631995820973696 * log((square((cube(x0) / (-16.740752128655515 - x0))) + 5.217090448321767))) + 1.0845967085073949)
Evolved portfolio,10004,9,11,15,-0.25827913792210366,1.328859904198509,0.984233992298646,0.984233992298646,sqrt(sqrt((x0 * x0) + 1.970384056396481)) - (x0 * 0.04805611949795471),((-0.25827913792210366 * (sqrt(sqrt(((x0 * x0) + 1.970384056396481))) - (x0 * 0.04805611949795471))) + 1.328859904198509)
Evolved portfolio,10004,10,12,16,-0.1840963425049809,1.5622540631851267,0.9880607847369346,0.9880607847369346,log(square(x0) - -6.660006079121625) - cube((x0 * 0.021215104499147926) - 1.0002493402491466),((-0.1840963425049809 * (log((square(x0) - -6.660006079121625)) - cube(((x0 * 0.021215104499147926) - 1.0002493402491466)))) + 1.5622540631851267)
Evolved portfolio,10004,11,13,17,-0.1842612859330572,1.5636233760272513,0.9880623862441372,0.9880623862441372,cube((x0 + -47.18322441478618) * -0.02120549972102336) + log((x0 * x0) + 6.745161385738334),((-0.1842612859330572 * (cube(((x0 + -47.18322441478618) * -0.02120549972102336)) + log(((x0 * x0) + 6.745161385738334)))) + 1.5636233760272513)
Evolved portfolio,10004,12,14,16,-15.609609776490748,1.5493572821532298,0.9879203759709009,0.9879203759709009,(log(square(x0) - -5.803252492989451) - cube((x0 * 0.021175274172634897) - 1.0033818492227136)) * 0.011680883357194645,(((log((square(x0) - -5.803252492989451)) - cube(((x0 * 0.021175274172634897) - 1.0033818492227136))) * -0.1823340310505136) + 1.5493572821532298)
Evolved portfolio,10004,13,15,17,-7.327950262148957,1.5648084468163825,0.9880614197300787,0.9880614197300787,(cube((x0 + -47.153865215510116) * -0.02121116042030178) + log((x0 * x0) + 6.829631439736806)) * 0.02516744500809821,(((cube(((x0 + -47.153865215510116) * -0.02121116042030178)) + log(((x0 * x0) + 6.829631439736806))) * -0.18442578524471273) + 1.5648084468163825)
Evolved portfolio,10004,14,16,18,-5.352547916984549,1.5243174299143583,0.9880779010125635,0.9880779010125635,0.03352053366720199 * (log(square(0.3564462581702622 - x0) - -5.710326990654403) - cube((0.021130309989537653 * x0) - 1.000698400154821)),((-0.17942026265659247 * (log((square((0.3564462581702622 - x0)) - -5.710326990654403)) - cube(((0.021130309989537653 * x0) - 1.000698400154821)))) + 1.5243174299143583)
Evolved portfolio,10004,15,18,22,-4.450519672041147,1.0297091823333626,0.9903126087521529,0.9903126087521529,(square(x0) / (square(x0 + x0) + 316.8285485498699)) - (x0 / (square(x0 + -16.09334701458077) + 242.90733366985543)),((-4.450519672041147 * ((square(x0) / (square((x0 + x0)) + 316.8285485498699)) - (x0 / (square((x0 + -16.09334701458077)) + 242.90733366985543)))) + 1.0297091823333626)
Evolved portfolio,10004,16,20,24,-3.782381614161891,1.0034348999216252,0.9924125848512532,0.9924125848512532,(square(x0) / (square((x0 + 0.5478315745121262) * 1.8589953964588095) + 316.8463680042724)) - (x0 / (square(x0 + -17.124214471448212) + 251.2093069476985)),((-3.782381614161891 * ((square(x0) / (square(((x0 + 0.5478315745121262) * 1.8589953964588095)) + 316.8463680042724)) - (x0 / (square((x0 + -17.124214471448212)) + 251.2093069476985)))) + 1.0034348999216252)
Evolved portfolio,10004,17,22,26,-3.546645913632279,1.000648806749151,0.9933886801878922,0.9933886801878922,(square(x0) / (square((x0 + 0.7290687405398848) * 1.7974053936453431) + 316.8726510171036)) - (x0 / ((square(x0 + -18.665387597634933) + x0) + 243.0284091040657)),((-3.546645913632279 * ((square(x0) / (square(((x0 + 0.7290687405398848) * 1.7974053936453431)) + 316.8726510171036)) - (x0 / ((square((x0 + -18.665387597634933)) + x0) + 243.0284091040657)))) + 1.000648806749151)
Evolved portfolio,10004,18,24,28,-3.5508027831828834,1.0077771125906665,0.9941276158576974,0.9941276158576974,(square(x0) / (square((x0 + 0.924871804314976) * 1.78574887008453) + 316.8252753437172)) - (x0 / ((x0 + (square(x0 + -19.915854797085707) + x0)) + 246.11385287306246)),((-3.5508027831828834 * ((square(x0) / (square(((x0 + 0.924871804314976) * 1.78574887008453)) + 316.8252753437172)) - (x0 / ((x0 + (square((x0 + -19.915854797085707)) + x0)) + 246.11385287306246)))) + 1.0077771125906665)
Evolved portfolio,10004,19,26,30,-3.5862756522789447,1.0339332635875926,0.9945092198616952,0.9945092198616952,(square(x0) / (square((x0 + 0.9986961734886165) * -1.7736891038300333) + 316.87126242519554)) + ((2.6944369295156227 - (x0 / 1.020417313516245)) / ((square(x0 + -19.749347402968752) + 243.04039843022895) + x0)),((-3.5862756522789447 * ((square(x0) / (square(((x0 + 0.9986961734886165) * -1.7736891038300333)) + 316.87126242519554)) + ((2.6944369295156227 - (x0 / 1.020417313516245)) / ((square((x0 + -19.749347402968752)) + 243.04039843022895) + x0)))) + 1.0339332635875926)
Evolved portfolio,10004,20,28,32,-3.5534522481472246,1.0261585009094283,0.9945559552571563,0.9945559552571563,(((2.71037181154425 - x0) / 1.0242817635811319) / (x0 + (square(x0 + -19.803422905347215) + 243.040811470394))) + ((-0.8082900434809657 + square(x0)) / (square((x0 + 1.0143273386290192) * -1.7722588496963594) + 316.8710644015375)),((-3.5534522481472246 * ((((2.71037181154425 - x0) / 1.0242817635811319) / (x0 + (square((x0 + -19.803422905347215)) + 243.040811470394))) + ((-0.8082900434809657 + square(x0)) / (square(((x0 + 1.0143273386290192) * -1.7722588496963594)) + 316.8710644015375)))) + 1.0261585009094283)
Evolved portfolio,10004,21,30,32,-3.3182834125053247,1.0177437893440964,0.9947247679914843,0.9947247679914843,((((2.7222669747741484 - x0) / 1.0238277921751062) / (x0 + (square(x0 + -19.841788957323864) + 243.03961188229323))) + ((square(x0) + -0.8065780996999881) / (square((x0 + 1.1354405243907715) * -1.733576661025228) + 316.8712024515658))) * 1.0169091477347374,((((((2.7222669747741484 - x0) / 1.0238277921751062) / (x0 + (square((x0 + -19.841788957323864)) + 243.03961188229323))) + ((square(x0) + -0.8065780996999881) / (square(((x0 + 1.1354405243907715) * -1.733576661025228)) + 316.8712024515658))) * -3.374392756953106) + 1.0177437893440964)
Evolved portfolio,10005,0,1,5,-0.00610034851469487,0.4774204916351143,0.5139403061595167,0.5139403061595167,x0,((-0.00610034851469487 * x0) + 0.4774204916351143)
Evolved portfolio,10005,1,2,6,-7.358025462845925e-05,0.40033930401700424,0.5151081792558236,0.5151081792558236,square(x0),((-7.358025462845925e-05 * square(x0)) + 0.40033930401700424)
Evolved portfolio,10005,2,3,5,-2.805929687223417,0.4774204916351143,0.5139403061595167,0.5139403061595167,x0 * 0.0021740917252746324,((x0 * -0.0061003485146948686) + 0.4774204916351143)
Evolved portfolio,10005,3,4,8,-0.007885287860045663,0.5638727750130355,0.6899327468517802,0.6899327468517802,sqrt(x0 * x0),((-0.007885287860045663 * sqrt((x0 * x0))) + 0.5638727750130355)
Evolved portfolio,10005,4,5,9,-0.12494400604037159,1.0800049398052027,0.9021233610038439,0.9021233610038439,log(square(4.234760003653152 - x0)),((-0.12494400604037159 * log(square((4.234760003653152 - x0)))) + 1.0800049398052027)
Evolved portfolio,10005,5,7,11,-0.2536112602697503,1.136743411258397,0.932377442244312,0.932377442244312,log(exp(x0 * -0.28175336600100187) + x0),((-0.2536112602697503 * log((exp((x0 * -0.28175336600100187)) + x0))) + 1.136743411258397)
Evolved portfolio,10005,6,8,12,-0.1364839479731206,1.206419609571546,0.9696030456779081,0.9696030456779081,log(exp(x0 * -0.5062368086748945) + square(x0)),((-0.1364839479731206 * log((exp((x0 * -0.5062368086748945)) + square(x0)))) + 1.206419609571546)
Evolved portfolio,10005,7,9,13,-0.21657810416934606,0.8985616627756823,0.9824372531371576,0.9824372531371576,log((square(x0) + 13.779802077716562) / (x0 + 22.79217836635762)),((-0.21657810416934606 * log(((square(x0) + 13.779802077716562) / (x0 + 22.79217836635762)))) + 0.8985616627756823)
Evolved portfolio,10005,8,10,14,-0.06322248510471261,1.0849360351182953,0.9833572702196276,0.9833572702196276,log(square(cube(x0) / (-16.738157435980952 - x0)) + 5.275913160143428),((-0.06322248510471261 * log((square((cube(x0) / (-16.738157435980952 - x0))) + 5.275913160143428))) + 1.0849360351182953)
Evolved portfolio,10005,9,11,15,-0.25827913775868,1.3288599034962305,0.9842339922986474,0.9842339922986474,sqrt(sqrt((x0 * x0) + 1.9703840138921453)) - (x0 * 0.04805611949369789),((-0.25827913775868 * (sqrt(sqrt(((x0 * x0) + 1.9703840138921453))) - (x0 * 0.04805611949369789))) + 1.3288599034962305)
Evolved portfolio,10005,10,13,15,-6.356029381744445,1.3288720597159394,0.9842339921305319,0.9842339921305319,((x0 * 0.04805612656727504) - sqrt(sqrt((x0 * x0) + 1.9711800340498355))) * -0.040635712607711774,((((x0 * 0.04805612656727504) - sqrt(sqrt(((x0 * x0) + 1.9711800340498355)))) * 0.2582817832827392) + 1.3288720597159394)
Evolved portfolio,10005,11,14,18,0.2026470654861528,0.18442386382969886,0.987029599735667,0.987029599735667,(x0 * 0.05986501233025748) - log(cube(square(x0 * -0.029930693746932708) + 0.7919262855406488) + -0.48000056346334974),((0.2026470654861528 * ((x0 * 0.05986501233025748) - log((cube((square((x0 * -0.029930693746932708)) + 0.7919262855406488)) + -0.48000056346334974)))) + 0.18442386382969886)
Evolved portfolio,10005,12,16,20,0.7372239522588061,0.016689558504980995,0.9886313262297975,0.9886313262297975,(cube(x0 * 0.041759388388537336) + 0.5469573935455607) / (exp((square(x0) * 0.0013686232055188405) + 0.9096224875919134) - 2.083555587126059),((0.7372239522588061 * ((cube((x0 * 0.041759388388537336)) + 0.5469573935455607) / (exp(((square(x0) * 0.0013686232055188405) + 0.9096224875919134)) - 2.083555587126059))) + 0.016689558504980995)
Evolved portfolio,10005,13,18,22,-0.0019002065839426774,0.9221162175267863,0.990760599447993,0.990760599447993,cube(log(square(x0 + -0.2516265681719542)) + 1.5748592454734998) + ((log(square(x0 - 12.37273208896303)) + x0) * -7.068868320862811),((-0.0019002065839426774 * (cube((log(square((x0 + -0.2516265681719542))) + 1.5748592454734998)) + ((log(square((x0 - 12.37273208896303))) + x0) * -7.068868320862811))) + 0.9221162175267863)
Evolved portfolio,10005,14,19,23,15.08376644028553,0.004823848908927675,0.9924297938783624,0.9924297938783624,exp(x0 * -0.06615168402793248) / (exp(cube(x0 * -0.04380838489523306) + 2.093547612222485) + (exp(x0 * -0.38167871727221475) + 5.562050546546366)),((15.08376644028553 * (exp((x0 * -0.06615168402793248)) / (exp((cube((x0 * -0.04380838489523306)) + 2.093547612222485)) + (exp((x0 * -0.38167871727221475)) + 5.562050546546366)))) + 0.004823848908927675)
Evolved portfolio,10005,15,20,24,10.796913462260179,0.0006412607796764946,0.994074564067696,0.994074564067696,exp(x0 * -0.05826696417151391) / ((exp(cube(cube(x0 * -0.04336724231604929)) + 1.40183601051043) + exp(x0 * -0.3495083988544263)) + 5.637149157904044),((10.796913462260179 * (exp((x0 * -0.05826696417151391)) / ((exp((cube(cube((x0 * -0.04336724231604929))) + 1.40183601051043)) + exp((x0 * -0.3495083988544263))) + 5.637149157904044))) + 0.0006412607796764946)
Evolved portfolio,10005,16,21,25,13.287099330421947,-0.11407765272324305,0.9945629213809669,0.9945629213809669,(0.04772127753270512 + exp(x0 * -0.06522759162475543)) / (exp(-0.33188004846941804 * x0) + (5.198498551710166 + exp(cube(x0 * -0.04542998278300484) + 1.7736717970718783))),((13.287099330421947 * ((0.04772127753270512 + exp((x0 * -0.06522759162475543))) / (exp((-0.33188004846941804 * x0)) + (5.198498551710166 + exp((cube((x0 * -0.04542998278300484)) + 1.7736717970718783)))))) + -0.11407765272324305)
Evolved portfolio,10005,17,22,24,-0.15717902970806397,2.0177865280162925,0.9969425484976869,0.9969425484976869,log(square((27.40377590334852 - 1.7877876880644075) + square(x0))) - (x0 * (0.6700811014608121 / (log(square(26.323518398427215 - x0) + 27.40377590334852) + 3.138806976701055))),((-0.15717902970806397 * (log(square((25.615988215284112 + square(x0)))) - (x0 * (0.6700811014608121 / (log((square((26.323518398427215 - x0)) + 27.40377590334852)) + 3.138806976701055))))) + 2.0177865280162925)
Evolved portfolio,10005,18,24,26,-0.15472084517567702,1.6106954518533596,0.9971098878831777,0.9971098878831777,(log(square((square(x0) - 3.19045082617648) + 27.409509894779003)) - 2.4367436047895215) - (0.6486928949587724 * (x0 / (log(27.381711086626527 + square(26.32464317549377 - x0)) + 2.828886138273831))),(-0.15472084517567702 * ((log(square(((square(x0) - 3.19045082617648) + 27.409509894779003))) - 12.847076162270728) - (0.6486928949587724 * (x0 / (log((27.381711086626527 + square((26.32464317549377 - x0)))) + 2.828886138273831)))))
Evolved portfolio,10005,19,26,30,-0.15284424114302944,1.9875654659036268,0.9971658332900446,0.9971658332900446,log(square((((square(x0) - 3.1176895240791525) + 27.4822711968625) * -1.0794538960603308) + 1.6208774773479555)) - ((x0 / (log(square(26.288535794082758 - x0) + 27.372692811753762) + 2.676250353631595)) * 0.6390951955064922),((-0.15284424114302944 * (log(square(((((square(x0) - 3.1176895240791525) + 27.4822711968625) * -1.0794538960603308) + 1.6208774773479555))) - ((x0 / (log((square((26.288535794082758 - x0)) + 27.372692811753762)) + 2.676250353631595)) * 0.6390951955064922))) + 1.9875654659036268)
Evolved portfolio,10005,20,27,31,-0.15861530368610416,2.032269624729919,0.9972339583211284,0.9972339583211284,log((cube(x0) + square(square(x0) + 26.319324965370285)) - (x0 + 26.32349040843839)) - ((x0 / (log(square(x0 - 26.45878883715501) + x0) + 2.885892023638633)) * 0.6602656242534971),((-0.15861530368610416 * (log(((cube(x0) + square((square(x0) + 26.319324965370285))) - (x0 + 26.32349040843839))) - ((x0 / (log((square((x0 - 26.45878883715501)) + x0)) + 2.885892023638633)) * 0.6602656242534971))) + 2.032269624729919)
Evolved portfolio,10005,21,29,31,-0.24698382899195936,2.0315666427691736,0.997242492968268,0.997242492968268,(log((cube(x0) + square(square(x0) + 26.296453653850072)) - (x0 + 26.323751778836915)) - ((x0 * 0.6603746509161377) / (log(square(x0 - 26.521829443637756) + x0) + 2.91186173499076))) * 0.6415620587132103,(((log(((cube(x0) + square((square(x0) + 26.296453653850072))) - (x0 + 26.323751778836915))) - ((x0 * 0.6603746509161377) / (log((square((x0 - 26.521829443637756)) + x0)) + 2.91186173499076))) * -0.15845545379695292) + 2.0315666427691736)
Evolved portfolio,10005,22,30,31,-11.704606951234437,3.0374181814261076,0.9970671312827758,0.9970671312827758,(log(square(((25.615988215284112 + square(x0)) * 26.323518398427215) + square(x0 - -0.7027747771028475))) - ((x0 * 0.6700811014608121) / (3.138806976701055 + log(square(x0 - 26.323518398427215) + 25.615988215284112)))) * square(0.11549014301812195),(((log(square((((25.615988215284112 + square(x0)) * 26.323518398427215) + square((x0 - -0.7027747771028475))))) - ((x0 * 0.6700811014608121) / (3.138806976701055 + log((square((x0 - 26.323518398427215)) + 25.615988215284112))))) * -0.15611573306364743) + 3.0374181814261076)
Evolved portfolio,10006,0,1,5,-0.00610034851469487,0.4774204916351143,0.5139403061595167,0.5139403061595167,x0,((-0.00610034851469487 * x0) + 0.4774204916351143)
Evolved portfolio,10006,1,2,6,-7.358025462845925e-05,0.40033930401700424,0.5151081792558236,0.5151081792558236,square(x0),((-7.358025462845925e-05 * square(x0)) + 0.40033930401700424)
Evolved portfolio,10006,2,3,5,-2.805930341894104,0.47742049163511424,0.5139403061595167,0.5139403061595167,x0 * 0.0021740912180225097,((x0 * -0.00610034851469487) + 0.47742049163511424)
Evolved portfolio,10006,3,4,8,-0.007885287860045663,0.5638727750130355,0.6899327468517802,0.6899327468517802,sqrt(x0 * x0),((-0.007885287860045663 * sqrt((x0 * x0))) + 0.5638727750130355)
Evolved portfolio,10006,4,5,9,-0.12494400602587284,1.080004939717885,0.9021233610038456,0.9021233610038456,log(square(4.234760000777238 - x0)),((-0.12494400602587284 * log(square((4.234760000777238 - x0)))) + 1.080004939717885)
Evolved portfolio,10006,5,7,11,-0.25361126022290487,1.1367434111999515,0.9323774422443266,0.9323774422443266,log(exp(x0 * -0.2817533664267101) + x0),((-0.25361126022290487 * log((exp((x0 * -0.2817533664267101)) + x0))) + 1.1367434111999515)
Evolved portfolio,10006,6,8,12,-0.13648394797311508,1.2064196095715232,0.9696030456779081,0.9696030456779081,log(exp(x0 * -0.5062368086750721) + square(x0)),((-0.13648394797311508 * log((exp((x0 * -0.5062368086750721)) + square(x0)))) + 1.2064196095715232)
Evolved portfolio,10006,7,9,13,-0.2165780993506056,0.8985616484508765,0.9824372531373914,0.9824372531373914,log((square(x0) + 13.779798970295046) / (x0 + 22.792177789366505)),((-0.2165780993506056 * log(((square(x0) + 13.779798970295046) / (x0 + 22.792177789366505)))) + 0.8985616484508765)
Evolved portfolio,10006,8,10,14,-0.06319958211051312,1.084596708704274,0.9833574464934964,0.9833574464934964,log(square(cube(x0) / (x0 + 16.740752125840718)) + 5.217090480013317),((-0.06319958211051312 * log((square((cube(x0) / (x0 + 16.740752125840718))) + 5.217090480013317))) + 1.084596708704274)
Evolved portfolio,10006,9,11,15,-0.25827913891997967,1.328859908296833,0.9842339922986297,0.9842339922986297,sqrt(sqrt((x0 * x0) + 1.9703842899298163)) - (x0 * 0.048056119538851604),((-0.25827913891997967 * (sqrt(sqrt(((x0 * x0) + 1.9703842899298163))) - (x0 * 0.048056119538851604))) + 1.328859908296833)
Evolved portfolio,10006,10,13,15,-6.3560293033278175,1.3288720596349277,0.9842339921305342,0.9842339921305342,(sqrt(sqrt((x0 * x0) + 1.9711800348139215)) - (x0 * 0.048056126560514535)) * 0.0406357131033692,(((sqrt(sqrt(((x0 * x0) + 1.9711800348139215))) - (x0 * 0.048056126560514535)) * -0.2582817832466368) + 1.3288720596349277)
Evolved portfolio,10006,11,14,16,-1378.2791549377782,0.8075206019557042,0.9844826566163378,0.9844826566163378,2.2132803112922005e-5 / (0.024966415077411153 - (log(exp(x0) - -63.51970490141275) / (23.399095318056922 - square(x0)))),((-0.03050518117088237 / (0.024966415077411153 - (log((exp(x0) - -63.51970490141275)) / (23.399095318056922 - square(x0))))) + 0.8075206019557042)
Evolved portfolio,10006,12,15,19,-0.2204965913061416,0.9099862812381074,0.9852702137799696,0.9852702137799696,(-0.3136057729075119 / (x0 + -15.61490586242907)) - log((x0 + 22.920842873419698) / (square(x0) + 14.240191083991247)),((-0.2204965913061416 * ((-0.3136057729075119 / (x0 + -15.61490586242907)) - log(((x0 + 22.920842873419698) / (square(x0) + 14.240191083991247))))) + 0.9099862812381074)
Evolved portfolio,10006,13,16,20,-0.0644138702245184,1.100120396432751,0.9865771760092085,0.9865771760092085,log(square((cube(x0) / (x0 + 16.7129246722711)) + 2.1664207575739503)) + (-1.1349214304872925 / (x0 + -20.54790218755807)),((-0.0644138702245184 * (log(square(((cube(x0) / (x0 + 16.7129246722711)) + 2.1664207575739503))) + (-1.1349214304872925 / (x0 + -20.54790218755807)))) + 1.100120396432751)
Evolved portfolio,10006,14,17,21,-0.2011463101123988,0.8895828564862445,0.9888956086013094,0.9888956086013094,(log(square(x0 - 26.3801279037143)) / 25.307896990658023) + log((square(x0) - -9.075969111514963) / (x0 + 23.32354970435884)),((-0.2011463101123988 * ((log(square((x0 - 26.3801279037143))) / 25.307896990658023) + log(((square(x0) - -9.075969111514963) / (x0 + 23.32354970435884))))) + 0.8895828564862445)
Evolved portfolio,10006,15,18,22,-0.015492143696001826,0.9516863839543726,0.9903799305212196,0.9903799305212196,((cube(log(square(x0 * 2.068647032628236) + 12.533440122552634)) * 0.1390395212264357) - x0) - log(square(x0 - 12.533440122552634)),((-0.015492143696001826 * (((cube(log((square((x0 * 2.068647032628236)) + 12.533440122552634))) * 0.1390395212264357) - x0) - log(square((x0 - 12.533440122552634))))) + 0.9516863839543726)
Evolved portfolio,10006,16,19,23,-0.013687826789412038,0.8608018525714904,0.9916188115200061,0.9916188115200061,((cube(log(square(x0 - (1.7731283163570504 - x0)))) / 6.525254770696108) - x0) - log(square(square(12.41162438062579 - x0))),((-0.013687826789412038 * (((cube(log(square((x0 - (1.7731283163570504 - x0))))) / 6.525254770696108) - x0) - log(square(square((12.41162438062579 - x0)))))) + 0.8608018525714904)
Evolved portfolio,10006,17,20,24,-0.0760882828593506,2.148435028422359,0.9924161843055369,0.9924161843055369,(x0 / -10.464446681894717) + (log(cube(square(x0) + 9.616209799382846)) + log((square(x0 + -24.69858156272749) * 3.8704678040953424) + 561.2226822402627)),((-0.0760882828593506 * ((x0 / -10.464446681894717) + (log(cube((square(x0) + 9.616209799382846))) + log(((square((x0 + -24.69858156272749)) * 3.8704678040953424) + 561.2226822402627))))) + 2.148435028422359)
Evolved portfolio,10006,18,21,23,7.054005864209411,-0.02566534313147842,0.992997386520817,0.992997386520817,(1.0954155908552947 / (square((x0 / 4.421473642144503) - 4.902045593338702) + 18.621832838684462)) + (9.448894164582292 / (square(x0 * (x0 * -0.10735793312999349)) + 82.90977737282489)),(((7.727068001639665 / (square(((x0 / 4.421473642144503) - 4.902045593338702)) + 18.621832838684462)) + (66.65255484725756 / (square((x0 * (x0 * -0.10735793312999349))) + 82.90977737282489))) + -0.02566534313147842)
Evolved portfolio,10006,19,22,26,-0.8636728362852378,1.7598458554670842,0.9940102458350579,0.9940102458350579,((log(square(x0 - 27.05269244962119) - -6.6480807923120775) / 3.5652225324778044) + log(square(square(x0) + 10.403504487530741))) / log(square(x0 + 47.73872960705193)),((-0.8636728362852378 * (((log((square((x0 - 27.05269244962119)) - -6.6480807923120775)) / 3.5652225324778044) + log(square((square(x0) + 10.403504487530741)))) / log(square((x0 + 47.73872960705193))))) + 1.7598458554670842)
Evolved portfolio,10006,20,23,27,-0.42552346988096756,1.7029707442396635,0.9949787874813464,0.9949787874813464,(log(square(square(x0 + -0.6286566954734257) + 10.61702612629451)) + (log(square(x0 - 27.255544845479296) - -3.023150303049708) / 4.210187468196853)) / log(48.38289222004045 + x0),((-0.42552346988096756 * ((log(square((square((x0 + -0.6286566954734257)) + 10.61702612629451))) + (log((square((x0 - 27.255544845479296)) - -3.023150303049708)) / 4.210187468196853)) / log((48.38289222004045 + x0)))) + 1.7029707442396635)
Evolved portfolio,10006,21,24,28,0.002023056936890022,1.0004391538496524,0.9953945146625165,0.9953945146625165,((x0 - (x0 / square(-1.102734422143949 - square((x0 - 12.3886275337553) * 0.14851897669413588)))) / 0.14496546348678604) - cube(log(square((x0 + -0.5293361168966204) + x0))),((0.002023056936890022 * (((x0 - (x0 / square((-1.102734422143949 - square(((x0 - 12.3886275337553) * 0.14851897669413588)))))) / 0.14496546348678604) - cube(log(square(((x0 + -0.5293361168966204) + x0)))))) + 1.0004391538496524)
Evolved portfolio,10006,22,25,29,-0.462825036378147,1.9715078493177338,0.9954066020351479,0.9954066020351479,(log(square(square(x0) + 10.623125208012707) + 75.64852524985294) + (log(square((x0 - 27.247355939267532) * -30.737057561887834) + 2396.5577094576915) / 4.78322824521585)) / log(x0 + 48.786480622689645),((-0.462825036378147 * ((log((square((square(x0) + 10.623125208012707)) + 75.64852524985294)) + (log((square(((x0 - 27.247355939267532) * -30.737057561887834)) + 2396.5577094576915)) / 4.78322824521585)) / log((x0 + 48.786480622689645)))) + 1.9715078493177338)
Evolved portfolio,10006,23,27,29,-0.46283286238708066,1.2314368908535076,0.9954065694365128,0.9954065694365128,((log(square(square(x0) + 10.622658959237267) + 75.64853299804358) + (log(square((x0 - 27.249521347939606) * -30.737017529139067) + 2396.5577095061003) / 4.784218284859703)) / log(x0 + 48.78593887858989)) + -1.5989459391094323,(-0.46283286238708066 * (((log((square((square(x0) + 10.622658959237267)) + 75.64853299804358)) + (log((square(((x0 - 27.249521347939606) * -30.737017529139067)) + 2396.5577095061003)) / 4.784218284859703)) / log((x0 + 48.78593887858989))) + -4.259597312268888))
Evolved portfolio,10006,24,28,30,1.061991403045939,-0.023547494816813147,0.9958159062223045,0.9958159062223045,((0.9680109611168749 / (exp(x0 / -3.386340434397026) + (square((x0 / 4.465786735503323) - 4.914091334907527) + 18.630458729390593))) + (1.1588469579970395 / (square(x0 * (x0 * -0.037272748898357806)) + 11.194569771823712))) / 0.1363194277458037,((((1.028019318760358 / (exp((x0 / -3.386340434397026)) + (square(((x0 / 4.465786735503323) - 4.914091334907527)) + 18.630458729390593))) + (1.2306855068387943 / (square((x0 * (x0 * -0.037272748898357806))) + 11.194569771823712))) / 0.1363194277458037) + -0.023547494816813147)
Evolved portfolio,10007,0,1,5,-0.00610034851469487,0.4774204916351143,0.5139403061595167,0.5139403061595167,x0,((-0.00610034851469487 * x0) + 0.4774204916351143)
Evolved portfolio,10007,1,2,6,-7.358025462845925e-05,0.40033930401700424,0.5151081792558236,0.5151081792558236,square(x0),((-7.358025462845925e-05 * square(x0)) + 0.40033930401700424)
Evolved portfolio,10007,2,3,5,-2.8059297682489137,0.47742049163511413,0.5139403061595167,0.5139403061595167,x0 * 0.002174091662494421,((x0 * -0.006100348514694866) + 0.47742049163511413)
Evolved portfolio,10007,3,4,8,-0.007885287860045663,0.5638727750130355,0.6899327468517802,0.6899327468517802,sqrt(x0 * x0),((-0.007885287860045663 * sqrt((x0 * x0))) + 0.5638727750130355)
Evolved portfolio,10007,4,5,9,-0.12494400598959182,1.0800049394993858,0.9021233610038495,0.9021233610038495,log(square(4.234759993580652 - x0)),((-0.12494400598959182 * log(square((4.234759993580652 - x0)))) + 1.0800049394993858)
Evolved portfolio,10007,5,7,11,-0.2536112602233522,1.1367434112005093,0.9323774422443265,0.9323774422443265,log(exp(x0 * -0.2817533664226443) + x0),((-0.2536112602233522 * log((exp((x0 * -0.2817533664226443)) + x0))) + 1.1367434112005093)
Evolved portfolio,10007,6,8,12,-0.1364839479731321,1.2064196095715944,0.9696030456779081,0.9696030456779081,log(exp(x0 * -0.506236808674532) + square(x0)),((-0.1364839479731321 * log((exp((x0 * -0.506236808674532)) + square(x0)))) + 1.2064196095715944)
Evolved portfolio,10007,7,9,13,-0.2165781324517147,0.8985617553534588,0.9824372531364961,0.9824372531364961,log((square(x0) + 13.779819580175895) / (x0 - -22.792179986819725)),((-0.2165781324517147 * log(((square(x0) + 13.779819580175895) / (x0 - -22.792179986819725)))) + 0.8985617553534588)
Evolved portfolio,10007,8,10,14,-0.06319958368773625,1.0845967318643546,0.9833574464934988,0.9833574464934988,log(square(cube(x0) / (x0 + 16.740752073700413)) + 5.2170946891954015),((-0.06319958368773625 * log((square((cube(x0) / (x0 + 16.740752073700413))) + 5.2170946891954015))) + 1.0845967318643546)
Evolved portfolio,10007,9,11,15,-0.2582791375579389,1.3288599017132814,0.9842339922986109,0.9842339922986109,sqrt(sqrt((x0 * x0) + 1.970383835629849)) - (x0 * 0.04805611956072444),((-0.2582791375579389 * (sqrt(sqrt(((x0 * x0) + 1.970383835629849))) - (x0 * 0.04805611956072444))) + 1.3288599017132814)
Evolved portfolio,10007,10,12,16,-0.1834756090578646,1.5582721876398646,0.9880347631942317,0.9880347631942317,cube((x0 * -0.02110590861303756) + 1.0018217140291048) + log(square(x0) + 6.429425940899914),((-0.1834756090578646 * (cube(((x0 * -0.02110590861303756) + 1.0018217140291048)) + log((square(x0) + 6.429425940899914)))) + 1.5582721876398646)
Evolved portfolio,10007,11,14,16,-2.5962799089808826,1.5582721876398646,0.9880347631942317,0.9880347631942317,0.07066865495634647 * (cube(1.0018217140291048 + (-0.02110590861303756 * x0)) + log(square(x0) + 6.429425940899914)),((-0.1834756090578646 * (cube((1.0018217140291048 + (-0.02110590861303756 * x0))) + log((square(x0) + 6.429425940899914)))) + 1.5582721876398646)
Evolved portfolio,10007,12,15,19,-0.09034802333345626,1.18856040123608,0.9889541797811136,0.9889541797811136,cube((x0 * -0.026679304508191618) + 1.2698207118210367) + log(square(square(x0 * -0.3820306073044929)) + 1.1579122468954428),((-0.09034802333345626 * (cube(((x0 * -0.026679304508191618) + 1.2698207118210367)) + log((square(square((x0 * -0.3820306073044929))) + 1.1579122468954428)))) + 1.18856040123608)
Evolved portfolio,10007,13,17,19,-10.8403809228378,1.53069116490678,0.9889505158518117,0.9889505158518117,(cube((x0 / 20.838441350561) + -2.2875524033557872) - (log(cube(square(x0)) + 433.1014601771633) / 0.2571948122742065)) * -0.0014230295372213648,(((cube(((x0 / 20.838441350561) + -2.2875524033557872)) - (log((cube(square(x0)) + 433.1014601771633)) / 0.2571948122742065)) * 0.015426182247929186) + 1.53069116490678)
Evolved portfolio,10007,14,19,19,1.0971945267241892,0.03494036017079011,0.9888165269366163,0.9888165269366164,((cube((x0 / 20.811777928870377) + -2.28340491656125) - (log(square(cube(x0) + 18.511887588631573)) / 0.2586588119679987)) * 0.014247304800318597) + 1.372561352524335,(((cube(((x0 / 20.811777928870377) + -2.28340491656125)) - (log(square((cube(x0) + 18.511887588631573))) / 0.2586588119679987)) * 0.01563206484748083) + 1.5409071637536407)
Evolved portfolio,10007,15,20,22,-0.008251651483342351,0.8272109439914825,0.9931860992830729,0.9931860992830729,(log((square(x0) + 8.594825501289803) / (x0 + 22.881850515947527)) * 24.29633170015778) + (-303.31912014557474 / (square(x0 - 26.94887079596464) + 26.79969759711945)),(((log(((square(x0) + 8.594825501289803) / (x0 + 22.881850515947527))) * -0.2004848615133847) + (2.5028836676753285 / (square((x0 - 26.94887079596464)) + 26.79969759711945))) + 0.8272109439914825)
Evolved portfolio,10007,16,22,24,-0.008277947442162625,0.5143554113417885,0.9932506370663436,0.9932506370663436,(log(((square(x0) + 8.535491422137136) * 0.21070355462762047) / (x0 + 23.009212050460683)) * 24.229437506226255) + (-303.3244473004666 / (square(x0 - 27.45612731023823) + 26.771609367309836)),(((log((((square(x0) + 8.535491422137136) * 0.21070355462762047) / (x0 + 23.009212050460683))) * -0.2005700102297048) + (2.5109038326762896 / (square((x0 - 27.45612731023823)) + 26.771609367309836))) + 0.5143554113417885)
Evolved portfolio,10007,17,24,28,-0.10348230997013626,2.0719545051056367,0.9940963221189514,0.9940963221189514,log(cube(square(x0) + 22.94767205187481)) - (log(square(exp(x0 * 1.0709463919806992) / -5088.476532074972)) / log(square(cube(x0 + -24.12253003572444) + 542.5482012353766))),((-0.10348230997013626 * (log(cube((square(x0) + 22.94767205187481))) - (log(square((exp((x0 * 1.0709463919806992)) / -5088.476532074972))) / log(square((cube((x0 + -24.12253003572444)) + 542.5482012353766)))))) + 2.0719545051056367)
Evolved portfolio,10007,18,26,30,-0.11350291857026139,2.1273253571601125,0.9942237367635092,0.9942237367635092,(log(cube(square(x0) + 23.493949964690053)) * 0.9300866527858639) - (log(square((exp(x0) / -522.7517505824211) / -24.416729602554373)) / log(square(cube(x0 + -24.092730239719117) + 526.1177724621107))),((-0.11350291857026139 * ((log(cube((square(x0) + 23.493949964690053))) * 0.9300866527858639) - (log(square(((exp(x0) / -522.7517505824211) / -24.416729602554373))) / log(square((cube((x0 + -24.092730239719117)) + 526.1177724621107)))))) + 2.1273253571601125)
Evolved portfolio,10007,19,28,30,-2.5730151813740094,2.1273253571601125,0.9942237367635092,0.9942237367635092,0.0441128056266073 * ((log(cube(square(x0) + 23.493949964690053)) * 0.9300866527858639) - (log(square((exp(x0) / -522.7517505824211) / -24.416729602554373)) / log(square(cube(x0 + -24.092730239719117) + 526.1177724621107)))),((-0.1135029185702614 * ((log(cube((square(x0) + 23.493949964690053))) * 0.9300866527858639) - (log(square(((exp(x0) / -522.7517505824211) / -24.416729602554373))) / log(square((cube((x0 + -24.092730239719117)) + 526.1177724621107)))))) + 2.1273253571601125)
Evolved portfolio,10007,20,30,32,-0.10388661024277339,2.0756138351296434,0.9944175972342354,0.9944175972342354,log(cube((23.493949964690053 + square(x0)) * 0.9300866527858639)) - (log(square((exp(x0) / square(-24.092730239719117)) / -24.416729602554373)) / (log(square(526.1177724621107 + cube(-24.092730239719117 + x0))) - sqrt(1.725375434407904))),((-0.10388661024277339 * (log(cube(((23.493949964690053 + square(x0)) * 0.9300866527858639))) - (log(square(((exp(x0) / 580.459650403876) / -24.416729602554373))) / (log(square((526.1177724621107 + cube((-24.092730239719117 + x0))))) - 1.3135354713169736)))) + 2.0756138351296434)
Evolved portfolio,10008,0,1,5,-0.00610034851469487,0.4774204916351143,0.5139403061595167,0.5139403061595167,x0,((-0.00610034851469487 * x0) + 0.4774204916351143)
Evolved portfolio,10008,1,2,6,-7.358025462845925e-05,0.40033930401700424,0.5151081792558236,0.5151081792558236,square(x0),((-7.358025462845925e-05 * square(x0)) + 0.40033930401700424)
Evolved portfolio,10008,2,3,5,-2.805929139933043,0.47742049163511413,0.5139403061595167,0.5139403061595167,x0 * 0.0021740921493264933,((x0 * -0.006100348514694868) + 0.47742049163511413)
Evolved portfolio,10008,3,4,8,-0.007885287860045663,0.5638727750130355,0.6899327468517802,0.6899327468517802,sqrt(x0 * x0),((-0.007885287860045663 * sqrt((x0 * x0))) + 0.5638727750130355)
Evolved portfolio,10008,4,5,9,-0.12494400598813887,1.0800049394906353,0.9021233610038496,0.9021233610038496,log(square(4.234759993292467 - x0)),((-0.12494400598813887 * log(square((4.234759993292467 - x0)))) + 1.0800049394906353)
Evolved portfolio,10008,5,7,11,-0.2536112602387918,1.1367434112197725,0.9323774422443216,0.9323774422443216,log(exp(x0 * -0.28175336628233727) + x0),((-0.2536112602387918 * log((exp((x0 * -0.28175336628233727)) + x0))) + 1.1367434112197725)
Evolved portfolio,10008,6,8,12,-0.13648394797311503,1.2064196095715227,0.9696030456779081,0.9696030456779081,log(exp(x0 * -0.5062368086750733) + square(x0)),((-0.13648394797311503 * log((exp((x0 * -0.5062368086750733)) + square(x0)))) + 1.2064196095715227)
Evolved portfolio,10008,7,9,13,-0.216537313891634,0.8983890218900243,0.9824371877621921,0.9824371877621921,log((square(x0) + 13.757963699820756) / (x0 + 22.797971628332224)),((-0.216537313891634 * log(((square(x0) + 13.757963699820756) / (x0 + 22.797971628332224)))) + 0.8983890218900243)
Evolved portfolio,10008,8,10,14,-0.06319958209762103,1.0845967085052541,0.9833574464934962,0.9833574464934962,log(square(cube(x0) / (x0 + 16.740752132226696)) + 5.217090454082927),((-0.06319958209762103 * log((square((cube(x0) / (x0 + 16.740752132226696))) + 5.217090454082927))) + 1.0845967085052541)
Evolved portfolio,10008,9,12,16,-0.1841802591265455,1.5630619319354768,0.9880610611825744,0.9880610611825744,cube((x0 * -0.021215912063708146) + 1.0013103966927097) + log(square(x0) + 6.6776620322680085),((-0.1841802591265455 * (cube(((x0 * -0.021215912063708146) + 1.0013103966927097)) + log((square(x0) + 6.6776620322680085)))) + 1.5630619319354768)
Evolved portfolio,10008,10,13,17,-0.05976067626744229,1.523330618576367,0.988206766501526,0.988206766501526,(cube(x0 - 46.56835457351807) / -32618.087430443375) + log(cube(square(x0)) + 288.51418392208586),((-0.05976067626744229 * ((cube((x0 - 46.56835457351807)) / -32618.087430443375) + log((cube(square(x0)) + 288.51418392208586)))) + 1.523330618576367)
Evolved portfolio,10008,11,14,16,-7.462128187860762,1.5601925689276868,0.9880525116736755,0.9880525116736755,(log(square(x0) + 6.609088926158586) + cube((x0 * -0.021174361539915205) + 0.9985580259630918)) * 0.024635767922422353,(((log((square(x0) + 6.609088926158586)) + cube(((x0 * -0.021174361539915205) + 0.9985580259630918))) * -0.1838352582435038) + 1.5601925689276868)
Evolved portfolio,10008,12,15,17,-2493052.58514682,1.5311024737067787,0.9888775193319056,0.9888775193319056,((cube(x0 - 48.210084252476854) / 36326.395070512546) - log(square(cube(x0)) + 461.45520849161943)) * -2.4045460989207797e-8,((((cube((x0 - 48.210084252476854)) / 36326.395070512546) - log((square(cube(x0)) + 461.45520849161943))) * 0.05994659868019151) + 1.5311024737067787)
Evolved portfolio,10008,13,16,20,-0.11197943441202994,1.5563756017076866,0.9920542448874622,0.9920542448874622,log(square(square(x0)) + exp((x0 * 0.34178180444717543) + 4.7650871881071595)) * exp(x0 * -0.010586106313383086),((-0.11197943441202994 * (log((square(square(x0)) + exp(((x0 * 0.34178180444717543) + 4.7650871881071595)))) * exp((x0 * -0.010586106313383086)))) + 1.5563756017076866)
Evolved portfolio,10008,14,17,21,0.3804778465396389,0.026281575296657617,0.9924832884626409,0.9924832884626409,exp(0.7151299352604291 - square(x0 * 0.10249464252412836)) + exp(-0.030804399876480665 - square((x0 * 0.04174142831195699) + -0.8156627275674451)),((0.3804778465396389 * (exp((0.7151299352604291 - square((x0 * 0.10249464252412836)))) + exp((-0.030804399876480665 - square(((x0 * 0.04174142831195699) + -0.8156627275674451)))))) + 0.026281575296657617)
Evolved portfolio,10008,15,18,22,0.402347256138335,0.027711770616610842,0.9924802996004995,0.9924802996004995,square(exp(-0.04557565645542165 - square((x0 * 0.02983762727862027) + -0.5849855555773676))) + exp(0.6628380077879553 - square(x0 * 0.10214896737145876)),((0.402347256138335 * (square(exp((-0.04557565645542165 - square(((x0 * 0.02983762727862027) + -0.5849855555773676))))) + exp((0.6628380077879553 - square((x0 * 0.10214896737145876)))))) + 0.027711770616610842)
Evolved portfolio,10008,16,19,21,0.6193131381575582,0.026281575296657617,0.9924832884626409,0.9924832884626409,(exp(-0.030804399876480665 - square((x0 * 0.04174142831195699) + -0.8156627275674451)) + exp(0.7151299352604291 - square(x0 * 0.10249464252412836))) / 1.6277245673830238,(((exp((-0.030804399876480665 - square(((x0 * 0.04174142831195699) + -0.8156627275674451)))) + exp((0.7151299352604291 - square((x0 * 0.10249464252412836))))) / 2.6282739168516036) + 0.026281575296657617)
Evolved portfolio,10008,17,20,22,0.9867094415404631,0.02613915291610522,0.992465883487352,0.992465883487352,(exp(0.6654730128670193 - square(x0 * 0.10207824304757777)) + square(exp(-0.040787452882025406 - square((x0 * 0.029396689140473605) + -0.5729083332084575)))) * 0.40453750835958,(((exp((0.6654730128670193 - square((x0 * 0.10207824304757777)))) + square(exp((-0.040787452882025406 - square(((x0 * 0.029396689140473605) + -0.5729083332084575)))))) * 0.39916097895565167) + 0.02613915291610522)
Evolved portfolio,10008,18,21,21,0.957947314899955,0.020320895315556503,0.9924813747469745,0.9924813747469745,(exp(0.7180700268314473 - square(x0 * 0.10250074992382747)) + (exp(-0.026811104927299247 - square((x0 * 0.04167147610429688) + -0.8136568121484816)) + 0.015246376378465966)) * 0.395734786037391,((exp((0.7180700268314473 - square((x0 * 0.10250074992382747)))) + (exp((-0.026811104927299247 - square(((x0 * 0.04167147610429688) + -0.8136568121484816)))) + 0.068850350226295)) * 0.3790930756970269)
Evolved portfolio,10008,19,22,26,0.4357924818788966,-0.010658969572086757,0.9929720959369744,0.9929720959369744,square(exp(-0.0492955994100518 - square((x0 * 0.02724940912737447) + -0.5053344721875229))) + (exp(0.5619334362282218 - square(x0 * 0.10173532944055165)) + (x0 * 0.0010475754283838933)),((0.4357924818788966 * (square(exp((-0.0492955994100518 - square(((x0 * 0.02724940912737447) + -0.5053344721875229))))) + (exp((0.5619334362282218 - square((x0 * 0.10173532944055165)))) + (x0 * 0.0010475754283838933)))) + -0.010658969572086757)
Evolved portfolio,10008,20,23,27,0.77296005426251,-0.08004414631014523,0.9937664105519713,0.9937664105519713,((x0 * 0.0016634672849947581) + exp(-0.03281504876512478 - ((x0 + square(x0)) * 0.010071601139212521))) + exp(-0.5260883426971318 - square((x0 * 0.034430199919671355) + -0.5678734711564227)),((0.77296005426251 * (((x0 * 0.0016634672849947581) + exp((-0.03281504876512478 - ((x0 + square(x0)) * 0.010071601139212521)))) + exp((-0.5260883426971318 - square(((x0 * 0.034430199919671355) + -0.5678734711564227)))))) + -0.08004414631014523)
Evolved portfolio,10008,21,25,29,1.90359956933626,-0.11512633092043378,0.9939055180979199,0.9939055180979199,(x0 * 0.0008988677786064726) + ((exp(-0.01599940933417418 - square((x0 * 0.03337645126801309) + -0.536887099041242)) * 0.25879799010468835) + exp(-0.9170674201627894 - square((0.0983621106679627 * x0) + 0.0839918662948885))),((1.90359956933626 * ((x0 * 0.0008988677786064726) + ((exp((-0.01599940933417418 - square(((x0 * 0.03337645126801309) + -0.536887099041242)))) * 0.25879799010468835) + exp((-0.9170674201627894 - square(((0.0983621106679627 * x0) + 0.0839918662948885))))))) + -0.11512633092043378)
Evolved portfolio,10008,22,27,29,1.3800145163686348,-0.11512633092043378,0.9939055180979199,0.9939055180979199,((x0 * 0.0008988677786064726) + ((exp(-0.01599940933417418 - square((x0 * 0.03337645126801309) + -0.536887099041242)) * 0.25879799010468835) + exp(-0.9170674201627894 - square((0.0983621106679627 * x0) + 0.0839918662948885)))) * 1.3794054676652134,((((x0 * 0.0008988677786064726) + ((exp((-0.01599940933417418 - square(((x0 * 0.03337645126801309) + -0.536887099041242)))) * 0.25879799010468835) + exp((-0.9170674201627894 - square(((0.0983621106679627 * x0) + 0.0839918662948885)))))) * 1.90359956933626) + -0.11512633092043378)
Evolved portfolio,10008,23,29,33,-13141.42056509213,2.9263263720496964,0.9987106308004279,0.9987106308004279,(cube(exp(square(x0 * 0.051410785681658605))) / cube((exp(square(x0 * 0.0513891758965237)) + cube(x0 * 0.021917224601393573)) / 0.0596469945837671)) - cube(0.040349499729192405 / exp(square(x0 * 0.049599164367374105))),((-13141.42056509213 * ((cube(exp(square((x0 * 0.051410785681658605)))) / cube(((exp(square((x0 * 0.0513891758965237))) + cube((x0 * 0.021917224601393573))) / 0.0596469945837671))) - cube((0.040349499729192405 / exp(square((x0 * 0.049599164367374105))))))) + 2.9263263720496964)
Evolved portfolio,10009,0,1,5,-0.00610034851469487,0.4774204916351143,0.5139403061595167,0.5139403061595167,x0,((-0.00610034851469487 * x0) + 0.4774204916351143)
Evolved portfolio,10009,1,2,6,-7.358025462845925e-05,0.40033930401700424,0.5151081792558236,0.5151081792558236,square(x0),((-7.358025462845925e-05 * square(x0)) + 0.40033930401700424)
Evolved portfolio,10009,2,3,5,-2.8059301641389767,0.4774204916351144,0.5139403061595167,0.5139403061595167,x0 * 0.0021740913557507643,((x0 * -0.006100348514694872) + 0.4774204916351144)
Evolved portfolio,10009,3,4,8,-0.007885287860045663,0.5638727750130355,0.6899327468517802,0.6899327468517802,sqrt(x0 * x0),((-0.007885287860045663 * sqrt((x0 * x0))) + 0.5638727750130355)
Evolved portfolio,10009,4,5,9,-0.12494400604011478,1.080004939803656,0.902123361003844,0.902123361003844,log(square(4.234760003602217 - x0)),((-0.12494400604011478 * log(square((4.234760003602217 - x0)))) + 1.080004939803656)
Evolved portfolio,10009,5,7,11,-0.25361126023694014,1.1367434112174624,0.9323774422443223,0.9323774422443222,log(exp(x0 * -0.28175336629916464) + x0),((-0.25361126023694014 * log((exp((x0 * -0.28175336629916464)) + x0))) + 1.1367434112174624)
Evolved portfolio,10009,6,8,12,-0.13648394797311378,1.2064196095715176,0.9696030456779081,0.9696030456779081,log(exp(x0 * -0.5062368086751114) + square(x0)),((-0.13648394797311378 * log((exp((x0 * -0.5062368086751114)) + square(x0)))) + 1.2064196095715176)
Evolved portfolio,10009,7,9,13,-0.21657406134553683,0.8985470425125173,0.9824372528254987,0.9824372528254987,log((square(x0) + 13.777420345026322) / (x0 + 22.79223479640028)),((-0.21657406134553683 * log(((square(x0) + 13.777420345026322) / (x0 + 22.79223479640028)))) + 0.8985470425125173)
Evolved portfolio,10009,8,10,14,-0.06319947161880525,1.084595134857916,0.9833574464844013,0.9833574464844013,log(square(cube(x0) / (x0 + 16.740725939935928)) + 5.216753187349993),((-0.06319947161880525 * log((square((cube(x0) / (x0 + 16.740725939935928))) + 5.216753187349993))) + 1.084595134857916)
Evolved portfolio,10009,9,11,15,-0.25827913791195356,1.3288599041611147,0.9842339922986464,0.9842339922986464,(x0 * -0.04805611949720171) + sqrt(sqrt((x0 * x0) + 1.9703840546090057)),((-0.25827913791195356 * ((x0 * -0.04805611949720171) + sqrt(sqrt(((x0 * x0) + 1.9703840546090057))))) + 1.3288599041611147)
Evolved portfolio,10009,10,12,16,-0.18426369544527424,1.5636155043779685,0.9880622222939714,0.9880622222939714,cube(1.000664291091916 - (x0 * 0.0212140693310544)) + log(square(x0) - -6.735032481575648),((-0.18426369544527424 * (cube((1.000664291091916 - (x0 * 0.0212140693310544))) + log((square(x0) - -6.735032481575648)))) + 1.5636155043779685)
Evolved portfolio,10009,11,14,16,-9.100417917087423,1.5644705194860542,0.9880618120721822,0.9880618120721822,(log(square(x0) - -6.80919284772977) + cube(1.000165482752073 - (x0 * 0.021209941052981282))) * 0.02026078816330741,(((log((square(x0) - -6.80919284772977)) + cube((1.000165482752073 - (x0 * 0.021209941052981282)))) * -0.18438163961567555) + 1.5644705194860542)
Evolved portfolio,10009,12,16,20,-0.09043279072387726,1.5034470274137828,0.9889535330233797,0.9889535330233797,cube((47.59407342352871 - x0) * 0.026686987168893395) + log(((x0 * cube(x0)) + 55.62936048653996) * 0.6853576879283064),((-0.09043279072387726 * (cube(((47.59407342352871 - x0) * 0.026686987168893395)) + log((((x0 * cube(x0)) + 55.62936048653996) * 0.6853576879283064)))) + 1.5034470274137828)
Evolved portfolio,10009,13,18,22,2.3542096824358305,0.0034349598616052746,0.9938730977553631,0.9938730977553631,(cube(x0 * 0.05714771159132355) + 0.9762721573677837) / (exp(x0 * 0.11970389490966137) * (exp(x0 * -0.24670687672814717) + 1.2756369326234833)),((2.3542096824358305 * ((cube((x0 * 0.05714771159132355)) + 0.9762721573677837) / (exp((x0 * 0.11970389490966137)) * (exp((x0 * -0.24670687672814717)) + 1.2756369326234833)))) + 0.0034349598616052746)
Evolved portfolio,10009,14,20,24,0.08054191331663951,1.92231802823638,0.9956432381154502,0.9956432381154502,(x0 * 0.0929012810806705) - ((log(square(-29.094722536907952 + x0) + x0) * 0.5996626209537342) + log(square(cube(x0)) + 1999.674147288299)),((0.08054191331663951 * ((x0 * 0.0929012810806705) - ((log((square((-29.094722536907952 + x0)) + x0)) * 0.5996626209537342) + log((square(cube(x0)) + 1999.674147288299))))) + 1.92231802823638)
Evolved portfolio,10009,15,22,26,-0.07932887682193186,1.9022431322606361,0.996067438923693,0.996067438923693,(log(cube(square(x0)) + 1999.6750020227933) + (log(x0 + (square(x0 + -28.084154831660424) + -1.3259756520310564)) * 0.6122786465150365)) - (x0 * 0.09318088212444062),((-0.07932887682193186 * ((log((cube(square(x0)) + 1999.6750020227933)) + (log((x0 + (square((x0 + -28.084154831660424)) + -1.3259756520310564))) * 0.6122786465150365)) - (x0 * 0.09318088212444062))) + 1.9022431322606361)
Evolved portfolio,10009,16,23,27,0.7943966411544013,0.021939115325793707,0.9962952645271587,0.9962952645271587,exp((x0 * -0.008907189303256138) * (x0 - -3.607610344137071)) - ((-0.920096317710589 - (x0 * 0.08929474958113956)) / exp(1.3141607995692006 - (x0 * (x0 * -0.00104235052767863)))),((0.7943966411544013 * (exp(((x0 * -0.008907189303256138) * (x0 - -3.607610344137071))) - ((-0.920096317710589 - (x0 * 0.08929474958113956)) / exp((1.3141607995692006 - (x0 * (x0 * -0.00104235052767863))))))) + 0.021939115325793707)
Evolved portfolio,10009,17,25,27,-0.034569001860328866,1.000507453712733,0.997854466109089,0.997854466109089,log((x0 * 4.543763674231898) + square(x0 + -26.07398267189243)) / (((x0 * 0.0010834501339127118) - -0.19384535478483) - ((-27.570801204962574 / (0.8312653709266665 - x0)) / (-0.19306982498610287 - x0))),((log(((x0 * 4.543763674231898) + square((x0 + -26.07398267189243)))) / (((x0 * -0.03134166668422299) - 5.6074906521175985) - ((797.5584981122241 / (0.8312653709266665 - x0)) / (-0.19306982498610287 - x0)))) + 1.000507453712733)
Evolved portfolio,10009,18,27,31,-35.510736900083074,1.0085952248418397,0.9977609133401377,0.9977609133401377,log((square(25.36624243918777 - x0) + 49.07695796674782) * 63.378782336511506) / (((square(x0) + 120.80098603817642) * square(63.3803402108122 / ((x0 + (x0 * 2.4180687922283672)) + -2.2757860605378473))) + x0),((-35.510736900083074 * (log(((square((25.36624243918777 - x0)) + 49.07695796674782) * 63.378782336511506)) / (((square(x0) + 120.80098603817642) * square((63.3803402108122 / ((x0 + (x0 * 2.4180687922283672)) + -2.2757860605378473)))) + x0))) + 1.0085952248418397)
Evolved portfolio,10009,19,29,31,-35.52392291320733,8.322707900262705,0.9977641205771711,0.9977641205771711,(log((square(25.36992067706206 - x0) + 49.02312689595033) * 63.36757427891822) / (((square(x0) + 120.82203282801369) * square(63.3801886543393 / ((x0 + (x0 * 2.4169783997713212)) + -2.2824297813547694))) + x0)) - -0.20590030360484748,(-35.52392291320733 * ((log(((square((25.36992067706206 - x0)) + 49.02312689595033) * 63.36757427891822)) / (((square(x0) + 120.82203282801369) * square((63.3801886543393 / ((x0 + (x0 * 2.4169783997713212)) + -2.2824297813547694)))) + x0)) - 0.028384291612772228))
